#
# A fatal error has been detected by the Java Runtime Environment:
#
#  SIGSEGV (0xb) at pc=0x00007fe19861b84d, pid=1008045, tid=1008126
#
# JRE version: OpenJDK Runtime Environment (17.0.19+10) (build 17.0.19+10)
# Java VM: OpenJDK 64-Bit Server VM (17.0.19+10, mixed mode, tiered, compressed oops, compressed class ptrs, g1 gc, linux-amd64)
# Problematic frame:
# C  [libHSzstd-0.1.3.0-203b259d81b55151fd2c9ecb432bfa701dfd8529080fb68640d12b8cbccbb2c4-ghc9.6.3.so+0xdb84d]  ZSTD_freeDDict+0xd
#
# Core dump will be written. Default location: Core dumps may be processed with "/usr/lib/systemd/systemd-coredump %P %u %g %s %t %c %h %d %F %I" (or dumping to /home/mleku/s/cipherkeys/core.1008045)
#
# If you would like to submit a bug report, please visit:
#   https://bugreport.java.com/bugreport/crash.jsp
# The crash happened outside the Java Virtual Machine in native code.
# See problematic frame for where to report the bug.
#

---------------  S U M M A R Y ------------

Command Line: -Djpackage.app-version=6.5.6 -Dcompose.application.resources.dir=/opt/simplex/lib/app/resources -Dcompose.application.configure.swing.globals=true -Dskiko.library.path=/opt/simplex/lib/app -Djpackage.app-path=/opt/simplex/bin/simplex chat.simplex.desktop.MainKt

Host: AMD Ryzen 5 7520U with Radeon Graphics, 8 cores, 14G, Garuda Linux Broadwing
Time: Wed Jul 22 14:45:21 2026 +04 elapsed time: 5.124866 seconds (0d 0h 0m 5s)

---------------  T H R E A D  ---------------

Current thread (0x00007fe1c4e28370):  JavaThread "AWT-EventQueue-0" [_thread_in_native, id=1008126, stack(0x00007fe13cb94000,0x00007fe13cc94000)]

Stack: [0x00007fe13cb94000,0x00007fe13cc94000],  sp=0x00007fe13cc8e370,  free space=1000k
Native frames: (J=compiled Java code, j=interpreted, Vv=VM code, C=native code)
C  [libHSzstd-0.1.3.0-203b259d81b55151fd2c9ecb432bfa701dfd8529080fb68640d12b8cbccbb2c4-ghc9.6.3.so+0xdb84d]  ZSTD_freeDDict+0xd
C  [libgallium-26.1.4-arch1.1.so+0x612c00]
C  [libgallium-26.1.4-arch1.1.so+0x5cce26]
C  [libgallium-26.1.4-arch1.1.so+0x5cd90e]
C  [libgallium-26.1.4-arch1.1.so+0x5cc60b]
C  [libgallium-26.1.4-arch1.1.so+0x10bab6c]
C  [libgallium-26.1.4-arch1.1.so+0xbb7152]
C  [libgallium-26.1.4-arch1.1.so+0x10aafcd]
C  [libgallium-26.1.4-arch1.1.so+0xba1a2f]
C  [libgallium-26.1.4-arch1.1.so+0x8512ef]
C  [libgallium-26.1.4-arch1.1.so+0x8566ba]
C  [libgallium-26.1.4-arch1.1.so+0x10a3d06]
C  [libgallium-26.1.4-arch1.1.so+0x10a6d02]
C  [libgallium-26.1.4-arch1.1.so+0x10a7aa2]
C  [libgallium-26.1.4-arch1.1.so+0xb7e692]
C  [libgallium-26.1.4-arch1.1.so+0x86fded]
C  [libgallium-26.1.4-arch1.1.so+0x871579]
C  [libgallium-26.1.4-arch1.1.so+0x8720bc]
C  [libgallium-26.1.4-arch1.1.so+0x14479a]
C  [libgallium-26.1.4-arch1.1.so+0x15f9c7]
C  [libgallium-26.1.4-arch1.1.so+0xbb782]  dri_flush+0x102
C  [libgallium-26.1.4-arch1.1.so+0xc0ca6]  loader_dri3_swap_buffers_msc+0x66
C  [libGLX_mesa.so.0+0x29cb6]
C  [libGLX_mesa.so.0+0x1ae9f]
j  org.jetbrains.skiko.redrawer.LinuxOpenGLRedrawerKt.swapBuffers(JJ)V+0
j  org.jetbrains.skiko.redrawer.LinuxOpenGLRedrawerKt.swapBuffers(Lorg/jetbrains/skiko/LinuxDrawingSurface;)V+8
j  org.jetbrains.skiko.redrawer.LinuxOpenGLRedrawerKt.access$swapBuffers(Lorg/jetbrains/skiko/LinuxDrawingSurface;)V+1
j  org.jetbrains.skiko.redrawer.LinuxOpenGLRedrawer.redrawImmediately()V+291
j  org.jetbrains.skiko.SkiaLayer.tryRedrawImmediately()V+35
j  org.jetbrains.skiko.SkiaLayer.paint(Ljava/awt/Graphics;)V+68
j  androidx.compose.ui.scene.skia.WindowSkiaLayerComponent$contentComponent$1.paint(Ljava/awt/Graphics;)V+21
j  javax.swing.JComponent.paintChildren(Ljava/awt/Graphics;)V+523 java.desktop@17.0.19
j  javax.swing.JComponent.paint(Ljava/awt/Graphics;)V+318 java.desktop@17.0.19
j  javax.swing.JLayeredPane.paint(Ljava/awt/Graphics;)V+73 java.desktop@17.0.19
j  androidx.compose.ui.awt.JLayeredPaneWithTransparencyHack.paint(Ljava/awt/Graphics;)V+74
j  javax.swing.JComponent.paintChildren(Ljava/awt/Graphics;)V+523 java.desktop@17.0.19
j  javax.swing.JComponent.paint(Ljava/awt/Graphics;)V+318 java.desktop@17.0.19
j  androidx.compose.ui.window.Window_desktopKt.Window$lambda$40$lambda$39(Landroidx/compose/ui/unit/LayoutDirection;Lkotlin/jvm/functions/Function1;Landroidx/compose/runtime/State;Landroidx/compose/runtime/State;Landroidx/compose/ui/awt/ComposeWindow;)Lkotlin/Unit;+87
j  androidx.compose.ui.window.Window_desktopKt$$Lambda$300+0x0000000800397190.invoke(Ljava/lang/Object;)Ljava/lang/Object;+20
j  androidx.compose.ui.window.AwtWindow_desktopKt.AwtWindow$lambda$7$lambda$6(Lkotlin/jvm/functions/Function1;Landroidx/compose/ui/node/Ref;)Lkotlin/Unit;+7
j  androidx.compose.ui.window.AwtWindow_desktopKt$$Lambda$302+0x0000000800395800.invoke()Ljava/lang/Object;+8
j  androidx.compose.ui.util.UpdateEffect_desktopKt.UpdateEffect$lambda$8$lambda$7$performUpdate$lambda$4(Landroidx/compose/runtime/State;)Lkotlin/Unit;+4
j  androidx.compose.ui.util.UpdateEffect_desktopKt$$Lambda$393+0x00000008003fcc48.invoke()Ljava/lang/Object;+4
j  androidx.compose.runtime.snapshots.Snapshot$Companion.observe(Lkotlin/jvm/functions/Function1;Lkotlin/jvm/functions/Function1;Lkotlin/jvm/functions/Function0;)Ljava/lang/Object;+269
j  androidx.compose.runtime.snapshots.SnapshotStateObserver$ObservedScopeMap.observe(Ljava/lang/Object;Lkotlin/jvm/functions/Function1;Lkotlin/jvm/functions/Function0;)V+109
j  androidx.compose.runtime.snapshots.SnapshotStateObserver.observeReads(Ljava/lang/Object;Lkotlin/jvm/functions/Function1;Lkotlin/jvm/functions/Function0;)V+166
j  androidx.compose.ui.util.UpdateEffect_desktopKt.UpdateEffect$lambda$8$lambda$7$performUpdate(Landroidx/compose/runtime/snapshots/SnapshotStateObserver;Lkotlin/jvm/internal/Ref$ObjectRef;Landroidx/compose/runtime/State;)V+33
j  androidx.compose.ui.util.UpdateEffect_desktopKt.UpdateEffect$lambda$8$lambda$7(Lkotlinx/coroutines/channels/Channel;Landroidx/compose/runtime/State;Landroidx/compose/runtime/DisposableEffectScope;)Landroidx/compose/runtime/DisposableEffectResult;+52
j  androidx.compose.ui.util.UpdateEffect_desktopKt$$Lambda$303+0x0000000800398000.invoke(Ljava/lang/Object;)Ljava/lang/Object;+12
j  androidx.compose.runtime.DisposableEffectImpl.onRemembered()V+8
j  androidx.compose.runtime.internal.RememberEventDispatcher.dispatchRememberList(Landroidx/compose/runtime/collection/MutableVector;)V+60
j  androidx.compose.runtime.internal.RememberEventDispatcher.dispatchRememberObservers()V+248
j  androidx.compose.runtime.CompositionImpl.applyChangesInLocked(Landroidx/compose/runtime/changelist/ChangeList;)V+242
j  androidx.compose.runtime.CompositionImpl.applyChanges()V+41
j  androidx.compose.runtime.Recomposer.composeInitial$runtime(Landroidx/compose/runtime/ControlledComposition;Lkotlin/jvm/functions/Function2;)V+261
j  androidx.compose.runtime.CompositionImpl.composeInitial(Lkotlin/jvm/functions/Function2;)V+46
j  androidx.compose.runtime.CompositionImpl.setContent(Lkotlin/jvm/functions/Function2;)V+38
j  androidx.compose.ui.window.Application_desktopKt$awaitApplication$2$1$2.invokeSuspend(Ljava/lang/Object;)Ljava/lang/Object;+89
j  kotlin.coroutines.jvm.internal.BaseContinuationImpl.resumeWith(Ljava/lang/Object;)V+40
j  kotlinx.coroutines.DispatchedTask.run()V+317
j  java.awt.event.InvocationEvent.dispatch()V+47 java.desktop@17.0.19
j  java.awt.EventQueue.dispatchEventImpl(Ljava/awt/AWTEvent;Ljava/lang/Object;)V+21 java.desktop@17.0.19
j  java.awt.EventQueue$4.run()Ljava/lang/Void;+32 java.desktop@17.0.19
j  java.awt.EventQueue$4.run()Ljava/lang/Object;+1 java.desktop@17.0.19
J 1146 c1 java.security.AccessController.executePrivileged(Ljava/security/PrivilegedAction;Ljava/security/AccessControlContext;Ljava/lang/Class;)Ljava/lang/Object; java.base@17.0.19 (65 bytes) @ 0x00007fe1b23eccb4 [0x00007fe1b23ecb60+0x0000000000000154]
j  java.security.AccessController.doPrivileged(Ljava/security/PrivilegedAction;Ljava/security/AccessControlContext;)Ljava/lang/Object;+13 java.base@17.0.19
j  java.security.ProtectionDomain$JavaSecurityAccessImpl.doIntersectionPrivilege(Ljava/security/PrivilegedAction;Ljava/security/AccessControlContext;Ljava/security/AccessControlContext;)Ljava/lang/Object;+18 java.base@17.0.19
j  java.awt.EventQueue.dispatchEvent(Ljava/awt/AWTEvent;)V+46 java.desktop@17.0.19
j  java.awt.EventDispatchThread.pumpOneEventForFilters(I)V+81 java.desktop@17.0.19
j  java.awt.EventDispatchThread.pumpEventsForFilter(ILjava/awt/Conditional;Ljava/awt/EventFilter;)V+35 java.desktop@17.0.19
j  java.awt.EventDispatchThread.pumpEventsForHierarchy(ILjava/awt/Conditional;Ljava/awt/Component;)V+11 java.desktop@17.0.19
j  java.awt.EventDispatchThread.pumpEvents(ILjava/awt/Conditional;)V+4 java.desktop@17.0.19
j  java.awt.EventDispatchThread.pumpEvents(Ljava/awt/Conditional;)V+3 java.desktop@17.0.19
j  java.awt.EventDispatchThread.run()V+9 java.desktop@17.0.19
v  ~StubRoutines::call_stub
V  [libjvm.so+0x62b29a]  JavaCalls::call_helper(JavaValue*, methodHandle const&, JavaCallArguments*, JavaThread*)+0x31a
V  [libjvm.so+0x62cc61]  JavaCalls::call_virtual(JavaValue*, Handle, Klass*, Symbol*, Symbol*, JavaThread*)+0x1b1
V  [libjvm.so+0x6fc6ab]  thread_entry(JavaThread*, JavaThread*)+0xab
V  [libjvm.so+0xcc9f5e]  JavaThread::thread_main_inner()+0xee
V  [libjvm.so+0xccdcc2]  Thread::call_run()+0xb2
V  [libjvm.so+0xa67880]  thread_native_entry(Thread*)+0xf0
C  [libc.so.6+0x97739]

Java frames: (J=compiled Java code, j=interpreted, Vv=VM code)
j  org.jetbrains.skiko.redrawer.LinuxOpenGLRedrawerKt.swapBuffers(JJ)V+0
j  org.jetbrains.skiko.redrawer.LinuxOpenGLRedrawerKt.swapBuffers(Lorg/jetbrains/skiko/LinuxDrawingSurface;)V+8
j  org.jetbrains.skiko.redrawer.LinuxOpenGLRedrawerKt.access$swapBuffers(Lorg/jetbrains/skiko/LinuxDrawingSurface;)V+1
j  org.jetbrains.skiko.redrawer.LinuxOpenGLRedrawer.redrawImmediately()V+291
j  org.jetbrains.skiko.SkiaLayer.tryRedrawImmediately()V+35
j  org.jetbrains.skiko.SkiaLayer.paint(Ljava/awt/Graphics;)V+68
j  androidx.compose.ui.scene.skia.WindowSkiaLayerComponent$contentComponent$1.paint(Ljava/awt/Graphics;)V+21
j  javax.swing.JComponent.paintChildren(Ljava/awt/Graphics;)V+523 java.desktop@17.0.19
j  javax.swing.JComponent.paint(Ljava/awt/Graphics;)V+318 java.desktop@17.0.19
j  javax.swing.JLayeredPane.paint(Ljava/awt/Graphics;)V+73 java.desktop@17.0.19
j  androidx.compose.ui.awt.JLayeredPaneWithTransparencyHack.paint(Ljava/awt/Graphics;)V+74
j  javax.swing.JComponent.paintChildren(Ljava/awt/Graphics;)V+523 java.desktop@17.0.19
j  javax.swing.JComponent.paint(Ljava/awt/Graphics;)V+318 java.desktop@17.0.19
j  androidx.compose.ui.window.Window_desktopKt.Window$lambda$40$lambda$39(Landroidx/compose/ui/unit/LayoutDirection;Lkotlin/jvm/functions/Function1;Landroidx/compose/runtime/State;Landroidx/compose/runtime/State;Landroidx/compose/ui/awt/ComposeWindow;)Lkotlin/Unit;+87
j  androidx.compose.ui.window.Window_desktopKt$$Lambda$300+0x0000000800397190.invoke(Ljava/lang/Object;)Ljava/lang/Object;+20
j  androidx.compose.ui.window.AwtWindow_desktopKt.AwtWindow$lambda$7$lambda$6(Lkotlin/jvm/functions/Function1;Landroidx/compose/ui/node/Ref;)Lkotlin/Unit;+7
j  androidx.compose.ui.window.AwtWindow_desktopKt$$Lambda$302+0x0000000800395800.invoke()Ljava/lang/Object;+8
j  androidx.compose.ui.util.UpdateEffect_desktopKt.UpdateEffect$lambda$8$lambda$7$performUpdate$lambda$4(Landroidx/compose/runtime/State;)Lkotlin/Unit;+4
j  androidx.compose.ui.util.UpdateEffect_desktopKt$$Lambda$393+0x00000008003fcc48.invoke()Ljava/lang/Object;+4
j  androidx.compose.runtime.snapshots.Snapshot$Companion.observe(Lkotlin/jvm/functions/Function1;Lkotlin/jvm/functions/Function1;Lkotlin/jvm/functions/Function0;)Ljava/lang/Object;+269
j  androidx.compose.runtime.snapshots.SnapshotStateObserver$ObservedScopeMap.observe(Ljava/lang/Object;Lkotlin/jvm/functions/Function1;Lkotlin/jvm/functions/Function0;)V+109
j  androidx.compose.runtime.snapshots.SnapshotStateObserver.observeReads(Ljava/lang/Object;Lkotlin/jvm/functions/Function1;Lkotlin/jvm/functions/Function0;)V+166
j  androidx.compose.ui.util.UpdateEffect_desktopKt.UpdateEffect$lambda$8$lambda$7$performUpdate(Landroidx/compose/runtime/snapshots/SnapshotStateObserver;Lkotlin/jvm/internal/Ref$ObjectRef;Landroidx/compose/runtime/State;)V+33
j  androidx.compose.ui.util.UpdateEffect_desktopKt.UpdateEffect$lambda$8$lambda$7(Lkotlinx/coroutines/channels/Channel;Landroidx/compose/runtime/State;Landroidx/compose/runtime/DisposableEffectScope;)Landroidx/compose/runtime/DisposableEffectResult;+52
j  androidx.compose.ui.util.UpdateEffect_desktopKt$$Lambda$303+0x0000000800398000.invoke(Ljava/lang/Object;)Ljava/lang/Object;+12
j  androidx.compose.runtime.DisposableEffectImpl.onRemembered()V+8
j  androidx.compose.runtime.internal.RememberEventDispatcher.dispatchRememberList(Landroidx/compose/runtime/collection/MutableVector;)V+60
j  androidx.compose.runtime.internal.RememberEventDispatcher.dispatchRememberObservers()V+248
j  androidx.compose.runtime.CompositionImpl.applyChangesInLocked(Landroidx/compose/runtime/changelist/ChangeList;)V+242
j  androidx.compose.runtime.CompositionImpl.applyChanges()V+41
j  androidx.compose.runtime.Recomposer.composeInitial$runtime(Landroidx/compose/runtime/ControlledComposition;Lkotlin/jvm/functions/Function2;)V+261
j  androidx.compose.runtime.CompositionImpl.composeInitial(Lkotlin/jvm/functions/Function2;)V+46
j  androidx.compose.runtime.CompositionImpl.setContent(Lkotlin/jvm/functions/Function2;)V+38
j  androidx.compose.ui.window.Application_desktopKt$awaitApplication$2$1$2.invokeSuspend(Ljava/lang/Object;)Ljava/lang/Object;+89
j  kotlin.coroutines.jvm.internal.BaseContinuationImpl.resumeWith(Ljava/lang/Object;)V+40
j  kotlinx.coroutines.DispatchedTask.run()V+317
j  java.awt.event.InvocationEvent.dispatch()V+47 java.desktop@17.0.19
j  java.awt.EventQueue.dispatchEventImpl(Ljava/awt/AWTEvent;Ljava/lang/Object;)V+21 java.desktop@17.0.19
j  java.awt.EventQueue$4.run()Ljava/lang/Void;+32 java.desktop@17.0.19
j  java.awt.EventQueue$4.run()Ljava/lang/Object;+1 java.desktop@17.0.19
J 1146 c1 java.security.AccessController.executePrivileged(Ljava/security/PrivilegedAction;Ljava/security/AccessControlContext;Ljava/lang/Class;)Ljava/lang/Object; java.base@17.0.19 (65 bytes) @ 0x00007fe1b23eccb4 [0x00007fe1b23ecb60+0x0000000000000154]
j  java.security.AccessController.doPrivileged(Ljava/security/PrivilegedAction;Ljava/security/AccessControlContext;)Ljava/lang/Object;+13 java.base@17.0.19
j  java.security.ProtectionDomain$JavaSecurityAccessImpl.doIntersectionPrivilege(Ljava/security/PrivilegedAction;Ljava/security/AccessControlContext;Ljava/security/AccessControlContext;)Ljava/lang/Object;+18 java.base@17.0.19
j  java.awt.EventQueue.dispatchEvent(Ljava/awt/AWTEvent;)V+46 java.desktop@17.0.19
j  java.awt.EventDispatchThread.pumpOneEventForFilters(I)V+81 java.desktop@17.0.19
j  java.awt.EventDispatchThread.pumpEventsForFilter(ILjava/awt/Conditional;Ljava/awt/EventFilter;)V+35 java.desktop@17.0.19
j  java.awt.EventDispatchThread.pumpEventsForHierarchy(ILjava/awt/Conditional;Ljava/awt/Component;)V+11 java.desktop@17.0.19
j  java.awt.EventDispatchThread.pumpEvents(ILjava/awt/Conditional;)V+4 java.desktop@17.0.19
j  java.awt.EventDispatchThread.pumpEvents(Ljava/awt/Conditional;)V+3 java.desktop@17.0.19
j  java.awt.EventDispatchThread.run()V+9 java.desktop@17.0.19
v  ~StubRoutines::call_stub

siginfo: si_signo: 11 (SIGSEGV), si_code: 1 (SEGV_MAPERR), si_addr: 0x0000000100006ad1

Registers:
RAX=0x000000006829bba0, RBX=0x0000000100000001, RCX=0x00007fe10c24808c, RDX=0x00000000000002c0
RSP=0x00007fe13cc8e370, RBP=0x00007fe13cc8e430, RSI=0x00007fe10c248180, RDI=0x0000000100000001
R8 =0x00000000000000eb, R9 =0x000000000000ce50, R10=0x00007fe10c98af70, R11=0x00007fe10c000038
R12=0x00007fe10c248180, R13=0x00000000000002c0, R14=0x00007fe10c24808c, R15=0x00000000000000eb
RIP=0x00007fe19861b84d, EFLAGS=0x0000000000010202, CSGSFS=0x002b000000000033, ERR=0x0000000000000004
  TRAPNO=0x000000000000000e

XMM[0]=0x0000000000000000 0x0000000000000000
XMM[1]=0xffffffffffffffff 0xffffffffffffffff
XMM[2]=0xffffffffffffffff 0xffffffffffffffff
XMM[3]=0x3238613163303939 0x6432323962662f38
XMM[4]=0x11942c3034303212 0x3e81c81a41987434
XMM[5]=0x35d0436d46b61163 0x9ec1cf811c7f7f5c
XMM[6]=0x000044000000f400 0x0000000000000400
XMM[7]=0x0000053900000000 0x0000000000000000
XMM[8]=0x000044000000f400 0x0000000000000400
XMM[9]=0x0000f30000000000 0x25e0423900000000
XMM[10]=0x0000000000000000 0x0000000000000000
XMM[11]=0x00463abe01032936 0x01f9969301da4c83
XMM[12]=0xc4eb6000c4870000 0x44eb600000000000
XMM[13]=0x0000000000000000 0x000000003f800000
XMM[14]=0x0c0f0e0d080b0a09 0x0407060500030201
XMM[15]=0x0d0c0f0e09080b0a 0x0504070601000302
  MXCSR=0x00001fa4


Register to memory mapping:

RAX=0x000000006829bba0 is an unknown value
RBX=0x0000000100000001 is an unknown value
RCX=0x00007fe10c24808c points into unknown readable memory: 28 b5 2f fd
RDX=0x00000000000002c0 is an unknown value
RSP=0x00007fe13cc8e370 is pointing into the stack for thread: 0x00007fe1c4e28370
RBP=0x00007fe13cc8e430 is pointing into the stack for thread: 0x00007fe1c4e28370
RSI=0x00007fe10c248180 points into unknown readable memory: 0x00007fe10c000038 | 38 00 00 0c e1 7f 00 00
RDI=0x0000000100000001 is an unknown value
R8 =0x00000000000000eb is an unknown value
R9 =0x000000000000ce50 is an unknown value
R10=0x00007fe10c98af70 points into unknown readable memory: 0x00007fe10c0007d8 | d8 07 00 0c e1 7f 00 00
R11=0x00007fe10c000038 points into unknown readable memory: 0x00007fe10cc1ecb0 | b0 ec c1 0c e1 7f 00 00
R12=0x00007fe10c248180 points into unknown readable memory: 0x00007fe10c000038 | 38 00 00 0c e1 7f 00 00
R13=0x00000000000002c0 is an unknown value
R14=0x00007fe10c24808c points into unknown readable memory: 28 b5 2f fd
R15=0x00000000000000eb is an unknown value


Top of Stack: (sp=0x00007fe13cc8e370)
0x00007fe13cc8e370:   00007fe10c24808c 00000000000000eb
0x00007fe13cc8e380:   00007fe13cc8e3b0 00007fe1c98a714e
0x00007fe13cc8e390:   3162376232363762 3863646561353539
0x00007fe13cc8e3a0:   00007fe10c540f60 00007fe10c248180
0x00007fe13cc8e3b0:   00007fe10c98af70 00007fe198622fec
0x00007fe13cc8e3c0:   ebd1b07746a9fc0d 00007fe10c98af70
0x00007fe13cc8e3d0:   00007fe10c248180 00000000000002c0
0x00007fe13cc8e3e0:   00007fe10c24808c 00000000000000eb
0x00007fe13cc8e3f0:   0000000000000000 00007fe144ee843f
0x00007fe13cc8e400:   00007fe10c24808c 00007fe10c540f60
0x00007fe13cc8e410:   00000000000000eb 00000000b3235bb2
0x00007fe13cc8e420:   00007fe10c24808c 00007fe10c248084
0x00007fe13cc8e430:   00007fe13cc8e440 00007fe0a5012c00
0x00007fe13cc8e440:   00007fe13cc8e4c0 00007fe0a4fcce26
0x00007fe13cc8e450:   00007fe10c248180 00007fe13cc8e618
0x00007fe13cc8e460:   00007fe10c248020 00007fe10c248177
0x00007fe13cc8e470:   00007fe10c248177 00007fe13cc93600
0x00007fe13cc8e480:   00007fe13cc8e4a0 b67e25ff503dc200
0x00007fe13cc8e490:   0000000000000000 00000000000000ba
0x00007fe13cc8e4a0:   00007fe10c248020 00007fe10c247fb0
0x00007fe13cc8e4b0:   0000000000000157 0000000000000157
0x00007fe13cc8e4c0:   00007fe13cc8e5b0 00007fe0a4fcd90e
0x00007fe13cc8e4d0:   00007fe13cc8e618 00007fe10c540f60
0x00007fe13cc8e4e0:   0000000000000023 0000000002668a01
0x00007fe13cc8e4f0:   0000000000000001 000003e8000081a4
0x00007fe13cc8e500:   00000000000003e8 0000000000000000
0x00007fe13cc8e510:   0000000000000157 0000000000001000
0x00007fe13cc8e520:   0000000000000008 000000006a55b76c
0x00007fe13cc8e530:   000000002a1a6fbc 000000006a55b76c
0x00007fe13cc8e540:   000000002a29b1f6 000000006a55b76c
0x00007fe13cc8e550:   000000002a29b1f6 0000000000000000
0x00007fe13cc8e560:   0000000000000000 0000000000000000 

Instructions: (pc=0x00007fe19861b84d)
0x00007fe19861b74d:   48 89 47 08 48 8d 86 20 10 00 00 48 89 47 10 48
0x00007fe19861b75d:   8d 86 30 28 00 00 48 89 47 18 8b 86 34 68 00 00
0x00007fe19861b76d:   89 87 3c 68 00 00 8b 86 38 68 00 00 89 87 40 68
0x00007fe19861b77d:   00 00 8b 86 3c 68 00 00 89 87 44 68 00 00 c3 0f
0x00007fe19861b78d:   1f 40 00 48 c7 87 28 75 00 00 00 00 00 00 c3 0f
0x00007fe19861b79d:   1f 40 00 53 48 89 fb 48 89 f0 48 89 d6 48 89 ca
0x00007fe19861b7ad:   48 83 ec 10 83 e7 07 0f 95 c1 41 83 f8 01 74 63
0x00007fe19861b7bd:   48 8d ba d8 6a 00 00 48 39 f8 72 63 84 c9 75 5f
0x00007fe19861b7cd:   45 85 c0 75 21 48 8d bb d8 6a 00 00 44 89 4c 24
0x00007fe19861b7dd:   0c 48 89 14 24 e8 59 48 f5 ff 44 8b 4c 24 0c 48
0x00007fe19861b7ed:   8b 14 24 48 89 c6 48 89 df 45 89 c8 b9 01 00 00
0x00007fe19861b7fd:   00 e8 0d fd ff ff 48 83 f8 88 b8 00 00 00 00 48
0x00007fe19861b80d:   0f 46 c3 48 83 c4 10 5b c3 66 2e 0f 1f 84 00 00
0x00007fe19861b81d:   00 00 00 48 3d d7 6a 00 00 76 04 84 c9 74 c7 48
0x00007fe19861b82d:   83 c4 10 31 c0 5b c3 90 66 66 2e 0f 1f 84 00 00
0x00007fe19861b83d:   00 00 00 48 85 ff 74 5b 53 48 89 fb 48 83 ec 40
0x00007fe19861b84d:   48 8b 87 d0 6a 00 00 f3 0f 6f 87 c0 6a 00 00 48
0x00007fe19861b85d:   8b 3f 48 89 44 24 30 48 89 44 24 10 0f 29 44 24
0x00007fe19861b86d:   20 0f 11 04 24 e8 39 ca f6 ff 48 8b 44 24 30 66
0x00007fe19861b87d:   0f 6f 44 24 20 48 89 df 48 89 44 24 10 0f 11 04
0x00007fe19861b88d:   24 e8 1d ca f6 ff 48 83 c4 40 31 c0 5b c3 0f 1f
0x00007fe19861b89d:   44 00 00 31 c0 c3 66 90 66 66 2e 0f 1f 84 00 00
0x00007fe19861b8ad:   00 00 00 48 83 ec 28 41 89 d1 48 83 7c 24 30 00
0x00007fe19861b8bd:   0f 94 c2 48 83 7c 24 38 00 0f 94 c0 38 c2 0f 85
0x00007fe19861b8cd:   b3 00 00 00 89 4c 24 08 48 89 5c 24 10 48 89 fb
0x00007fe19861b8dd:   bf d8 6a 00 00 4c 89 74 24 18 49 89 f6 4c 89 7c
0x00007fe19861b8ed:   24 20 48 83 ec 20 45 89 cf 48 8b 44 24 60 f3 0f
0x00007fe19861b8fd:   6f 44 24 50 48 89 44 24 10 0f 11 04 24 e8 41 c9
0x00007fe19861b90d:   f6 ff 48 83 c4 20 48 89 c7 48 85 c0 74 3c f3 0f
0x00007fe19861b91d:   6f 44 24 30 44 89 f9 4c 89 f2 48 89 de 44 8b 44
0x00007fe19861b92d:   24 08 48 89 7c 24 08 0f 11 80 c0 6a 00 00 48 8b
0x00007fe19861b93d:   44 24 40 48 89 87 d0 6a 00 00 e8 c4 fb ff ff 48 


Stack slot to memory mapping:
stack at sp + 0 slots: 0x00007fe10c24808c points into unknown readable memory: 28 b5 2f fd
stack at sp + 1 slots: 0x00000000000000eb is an unknown value
stack at sp + 2 slots: 0x00007fe13cc8e3b0 is pointing into the stack for thread: 0x00007fe1c4e28370
stack at sp + 3 slots: 0x00007fe1c98a714e: <offset 0x00000000000a714e> in /usr/lib/libc.so.6 at 0x00007fe1c9800000
stack at sp + 4 slots: 0x3162376232363762 is an unknown value
stack at sp + 5 slots: 0x3863646561353539 is an unknown value
stack at sp + 6 slots: 0x00007fe10c540f60 points into unknown readable memory: 0x00007fe10c515fc0 | c0 5f 51 0c e1 7f 00 00
stack at sp + 7 slots: 0x00007fe10c248180 points into unknown readable memory: 0x00007fe10c000038 | 38 00 00 0c e1 7f 00 00


Compiled method (c1) 5154 1146       3       java.security.AccessController::executePrivileged (65 bytes)
 total in heap  [0x00007fe1b23ec990,0x00007fe1b23ecf68] = 1496
 relocation     [0x00007fe1b23ecaf0,0x00007fe1b23ecb50] = 96
 main code      [0x00007fe1b23ecb60,0x00007fe1b23ece00] = 672
 stub code      [0x00007fe1b23ece00,0x00007fe1b23ece50] = 80
 metadata       [0x00007fe1b23ece50,0x00007fe1b23ece60] = 16
 scopes data    [0x00007fe1b23ece60,0x00007fe1b23eced0] = 112
 scopes pcs     [0x00007fe1b23eced0,0x00007fe1b23ecf50] = 128
 dependencies   [0x00007fe1b23ecf50,0x00007fe1b23ecf58] = 8
 nul chk table  [0x00007fe1b23ecf58,0x00007fe1b23ecf68] = 16

[Constant Pool (empty)]

[MachCode]
[Verified Entry Point]
  # {method} {0x00007fe188030e70} 'executePrivileged' '(Ljava/security/PrivilegedAction;Ljava/security/AccessControlContext;Ljava/lang/Class;)Ljava/lang/Object;' in 'java/security/AccessController'
  # parm0:    rsi:rsi   = 'java/security/PrivilegedAction'
  # parm1:    rdx:rdx   = 'java/security/AccessControlContext'
  # parm2:    rcx:rcx   = 'java/lang/Class'
  #           [sp+0x50]  (sp of caller)
  0x00007fe1b23ecb60: 8984 2400 | c0fe ff55 | 4883 ec40 | 4889 5424 

  0x00007fe1b23ecb70: ;   {metadata(method data for {method} {0x00007fe188030e70} 'executePrivileged' '(Ljava/security/PrivilegedAction;Ljava/security/AccessControlContext;Ljava/lang/Class;)Ljava/lang/Object;' in 'java/security/AccessController')}
  0x00007fe1b23ecb70: 3048 bff0 | a55c 88e1 | 7f00 008b | 9ff4 0000 | 0083 c302 | 899f f400 | 0000 81e3 | fe07 0000 
  0x00007fe1b23ecb90: 83fb 000f | 84b7 0100 | 0048 83fa 

  0x00007fe1b23ecb9c: ;   {metadata(method data for {method} {0x00007fe188030e70} 'executePrivileged' '(Ljava/security/PrivilegedAction;Ljava/security/AccessControlContext;Ljava/lang/Class;)Ljava/lang/Object;' in 'java/security/AccessController')}
  0x00007fe1b23ecb9c: 0048 bff0 | a55c 88e1 | 7f00 0048 | c7c3 3801 | 0000 0f84 | 0700 0000 | 48c7 c348 | 0100 0048 
  0x00007fe1b23ecbbc: 8b04 1f48 | 8d40 0148 | 8904 1f48 | 894c 2428 | 4889 7424 | 200f 841d 

  0x00007fe1b23ecbd4: ;   {metadata(method data for {method} {0x00007fe188030e70} 'executePrivileged' '(Ljava/security/PrivilegedAction;Ljava/security/AccessControlContext;Ljava/lang/Class;)Ljava/lang/Object;' in 'java/security/AccessController')}
  0x00007fe1b23ecbd4: 0000 0048 | bff0 a55c | 88e1 7f00 | 0048 8387 | 5801 0000 | 0148 8bf2 

  0x00007fe1b23ecbec: ;   {static_call}
  0x00007fe1b23ecbec: 6666 90e8 

  0x00007fe1b23ecbf0: ; ImmutableOopMap {[32]=Oop [40]=Oop [48]=Oop }
                      ;*invokestatic ensureMaterializedForStackWalk {reexecute=0 rethrow=0 return_oop=0}
                      ; - java.security.AccessController::executePrivileged@5
  0x00007fe1b23ecbf0: 1102 0000 

  0x00007fe1b23ecbf4: ;   {metadata(method data for {method} {0x00007fe188030e70} 'executePrivileged' '(Ljava/security/PrivilegedAction;Ljava/security/AccessControlContext;Ljava/lang/Class;)Ljava/lang/Object;' in 'java/security/AccessController')}
  0x00007fe1b23ecbf4: 48be f0a5 | 5c88 e17f | 0000 ff86 | 6801 0000 | 488b 7424 | 2048 3b06 

  0x00007fe1b23ecc0c: ;   {metadata(method data for {method} {0x00007fe188030e70} 'executePrivileged' '(Ljava/security/PrivilegedAction;Ljava/security/AccessControlContext;Ljava/lang/Class;)Ljava/lang/Object;' in 'java/security/AccessController')}
  0x00007fe1b23ecc0c: 488b fe48 | bbf0 a55c | 88e1 7f00 | 008b 7f08 | 49ba 0000 | 0000 0800 | 0000 4903 | fa48 3bbb 
  0x00007fe1b23ecc2c: d801 0000 | 750d 4883 | 83e0 0100 | 0001 e966 | 0000 0048 | 3bbb e801 | 0000 750d | 4883 83f0 
  0x00007fe1b23ecc4c: 0100 0001 | e950 0000 | 0048 81bb | d801 0000 | 0000 0000 | 7517 4889 | bbd8 0100 | 0048 c783 
  0x00007fe1b23ecc6c: e001 0000 | 0100 0000 | e92c 0000 | 0048 81bb | e801 0000 | 0000 0000 | 7517 4889 | bbe8 0100 
  0x00007fe1b23ecc8c: 0048 c783 | f001 0000 | 0100 0000 | e908 0000 | 0048 8383 | c801 0000 | 0148 b870 | b808 40e1 
  0x00007fe1b23eccac: ;   {virtual_call}
  0x00007fe1b23eccac: 7f00 00e8 

  0x00007fe1b23eccb0: ; ImmutableOopMap {[40]=Oop [48]=Oop }
                      ;*invokeinterface run {reexecute=0 rethrow=0 return_oop=0}
                      ; - java.security.AccessController::executePrivileged@29
  0x00007fe1b23eccb0: 4c2a 4407 

  0x00007fe1b23eccb4: ;   {metadata(method data for {method} {0x00007fe188030e70} 'executePrivileged' '(Ljava/security/PrivilegedAction;Ljava/security/AccessControlContext;Ljava/lang/Class;)Ljava/lang/Object;' in 'java/security/AccessController')}
  0x00007fe1b23eccb4: 48be f0a5 | 5c88 e17f | 0000 ff86 | 0002 0000 | 488b 4c24 

  0x00007fe1b23eccc8: ;   {metadata(method data for {method} {0x00007fe188030e70} 'executePrivileged' '(Ljava/security/PrivilegedAction;Ljava/security/AccessControlContext;Ljava/lang/Class;)Ljava/lang/Object;' in 'java/security/AccessController')}
  0x00007fe1b23eccc8: 2848 bef0 | a55c 88e1 | 7f00 0048 | 8386 6002 

  0x00007fe1b23eccd8: ;   {metadata(method data for {method} {0x00007fe188035d20} 'reachabilityFence' '(Ljava/lang/Object;)V' in 'java/lang/ref/Reference')}
  0x00007fe1b23eccd8: 0000 0148 | beb8 8b38 | 88e1 7f00 | 008b bef4 | 0000 0083 | c702 89be | f400 0000 | 81e7 feff 
  0x00007fe1b23eccf8: 1f00 83ff | 000f 8473 

  0x00007fe1b23ecd00: ;   {metadata(method data for {method} {0x00007fe188030e70} 'executePrivileged' '(Ljava/security/PrivilegedAction;Ljava/security/AccessControlContext;Ljava/lang/Class;)Ljava/lang/Object;' in 'java/security/AccessController')}
  0x00007fe1b23ecd00: 0000 0048 | bef0 a55c | 88e1 7f00 | 0048 8386 | 7002 0000 

  0x00007fe1b23ecd14: ;   {metadata(method data for {method} {0x00007fe188035d20} 'reachabilityFence' '(Ljava/lang/Object;)V' in 'java/lang/ref/Reference')}
  0x00007fe1b23ecd14: 0148 beb8 | 8b38 88e1 | 7f00 008b | bef4 0000 | 0083 c702 | 89be f400 | 0000 81e7 | feff 1f00 
  0x00007fe1b23ecd34: 83ff 000f | 845a 0000 | 0048 83c4 

  0x00007fe1b23ecd40: ;   {poll_return}
  0x00007fe1b23ecd40: 405d 493b | a740 0300 | 000f 8766 | 0000 00c3 

  0x00007fe1b23ecd50: ;   {metadata({method} {0x00007fe188030e70} 'executePrivileged' '(Ljava/security/PrivilegedAction;Ljava/security/AccessControlContext;Ljava/lang/Class;)Ljava/lang/Object;' in 'java/security/AccessController')}
  0x00007fe1b23ecd50: 49ba 700e | 0388 e17f | 0000 4c89 | 5424 0848 | c704 24ff 

  0x00007fe1b23ecd64: ;   {runtime_call counter_overflow Runtime1 stub}
  0x00007fe1b23ecd64: ffff ffe8 

  0x00007fe1b23ecd68: ; ImmutableOopMap {rsi=Oop rdx=Oop [48]=Oop rcx=Oop }
                      ;*synchronization entry
                      ; - java.security.AccessController::executePrivileged@-1
  0x00007fe1b23ecd68: 1419 4407 | e928 feff 

  0x00007fe1b23ecd70: ;   {runtime_call throw_null_pointer_exception Runtime1 stub}
  0x00007fe1b23ecd70: ffe8 2ac8 

  0x00007fe1b23ecd74: ; ImmutableOopMap {[40]=Oop [48]=Oop rsi=Oop }
                      ;*invokeinterface run {reexecute=0 rethrow=0 return_oop=0}
                      ; - java.security.AccessController::executePrivileged@29
                      ;   {metadata({method} {0x00007fe188035d20} 'reachabilityFence' '(Ljava/lang/Object;)V' in 'java/lang/ref/Reference')}
  0x00007fe1b23ecd74: 4307 49ba | 205d 0388 | e17f 0000 | 4c89 5424 | 0848 c704 | 24ff ffff 

  0x00007fe1b23ecd8c: ;   {runtime_call counter_overflow Runtime1 stub}
  0x00007fe1b23ecd8c: ffe8 ee18 

  0x00007fe1b23ecd90: ; ImmutableOopMap {rax=Oop rcx=Oop }
                      ;*synchronization entry
                      ; - java.lang.ref.Reference::reachabilityFence@-1
                      ; - java.security.AccessController::executePrivileged@56
  0x00007fe1b23ecd90: 4407 e96c 

  0x00007fe1b23ecd94: ;   {metadata({method} {0x00007fe188035d20} 'reachabilityFence' '(Ljava/lang/Object;)V' in 'java/lang/ref/Reference')}
  0x00007fe1b23ecd94: ffff ff49 | ba20 5d03 | 88e1 7f00 | 004c 8954 | 2408 48c7 | 0424 ffff 

  0x00007fe1b23ecdac: ;   {runtime_call counter_overflow Runtime1 stub}
  0x00007fe1b23ecdac: ffff e8cd 

  0x00007fe1b23ecdb0: ; ImmutableOopMap {rax=Oop }
                      ;*synchronization entry
                      ; - java.lang.ref.Reference::reachabilityFence@-1
                      ; - java.security.AccessController::executePrivileged@60
  0x00007fe1b23ecdb0: 1844 07eb 

  0x00007fe1b23ecdb4: ;   {internal_word}
  0x00007fe1b23ecdb4: 8849 ba42 | cd3e b2e1 | 7f00 004d | 8997 5803 

  0x00007fe1b23ecdc4: ;   {runtime_call SafepointBlob}
  0x00007fe1b23ecdc4: 0000 e935 | 193a 0790 | 9049 8b87 | d003 0000 | 49c7 87d0 | 0300 0000 | 0000 0049 | c787 d803 
  0x00007fe1b23ecde4: 0000 0000 | 0000 4883 

  0x00007fe1b23ecdec: ;   {runtime_call unwind_exception Runtime1 stub}
  0x00007fe1b23ecdec: c440 5de9 | 0ceb 3a07 | f4f4 f4f4 | f4f4 f4f4 | f4f4 f4f4 
[Stub Code]
  0x00007fe1b23ece00: ;   {no_reloc}
  0x00007fe1b23ece00: 0f1f 4400 

  0x00007fe1b23ece04: ;   {static_stub}
  0x00007fe1b23ece04: 0048 bbd8 | 0c03 88e1 

  0x00007fe1b23ece0c: ;   {runtime_call I2C/C2I adapters}
  0x00007fe1b23ece0c: 7f00 00e9 | 45fc 3907 

  0x00007fe1b23ece14: ;   {static_stub}
  0x00007fe1b23ece14: 9048 bb00 | 0000 0000 

  0x00007fe1b23ece1c: ;   {runtime_call}
  0x00007fe1b23ece1c: 0000 00e9 | fbff ffff 
[Exception Handler]
  0x00007fe1b23ece24: ;   {runtime_call handle_exception_from_callee Runtime1 stub}
  0x00007fe1b23ece24: e857 e543 

  0x00007fe1b23ece28: ;   {external_word}
  0x00007fe1b23ece28: 0748 bf3e | 403e c9e1 | 7f00 0048 

  0x00007fe1b23ece34: ;   {runtime_call MacroAssembler::debug64(char*, long, long*)}
  0x00007fe1b23ece34: 83e4 f0e8 | c42c b416 

  0x00007fe1b23ece3c: ;   {section_word}
  0x00007fe1b23ece3c: f449 ba3d | ce3e b2e1 | 7f00 0041 

  0x00007fe1b23ece48: ;   {runtime_call DeoptimizationBlob}
  0x00007fe1b23ece48: 52e9 520b | 3a07 f4f4 
[/MachCode]


---------------  P R O C E S S  ---------------

Threads class SMR info:
_java_thread_list=0x00007fe088001580, length=32, elements={
0x00007fe1c401a010, 0x00007fe1c41c80b0, 0x00007fe1c41c9670, 0x00007fe1c41eb600,
0x00007fe1c41ec9c0, 0x00007fe1c41efef0, 0x00007fe1c41f18d0, 0x00007fe1c41f2e10,
0x00007fe1c41fc280, 0x00007fe1c4240b70, 0x00007fe1c424fa30, 0x00007fe1c45cb1e0,
0x00007fe1c45d1b10, 0x00007fe1c4578630, 0x00007fe1c45793e0, 0x00007fe1c4ba3e50,
0x00007fe1c4de1400, 0x00007fe1c4de2e40, 0x00007fe1c4e26830, 0x00007fe1c4e28370,
0x00007fe140187680, 0x00007fe140188980, 0x00007fe0e0000db0, 0x00007fe14018d590,
0x00007fe0d4000f50, 0x00007fe138093f40, 0x00007fe138097100, 0x00007fe1c555e0b0,
0x00007fe10c1cda90, 0x00007fe10c962780, 0x00007fe10c9f3390, 0x00007fe080002090
}

Java Threads: ( => current thread )
  0x00007fe1c401a010 JavaThread "main" [_thread_blocked, id=1008066, stack(0x00007fe1c8500000,0x00007fe1c8600000)]
  0x00007fe1c41c80b0 JavaThread "Reference Handler" daemon [_thread_blocked, id=1008073, stack(0x00007fe199c7d000,0x00007fe199d7d000)]
  0x00007fe1c41c9670 JavaThread "Finalizer" daemon [_thread_blocked, id=1008074, stack(0x00007fe199b7c000,0x00007fe199c7c000)]
  0x00007fe1c41eb600 JavaThread "Signal Dispatcher" daemon [_thread_blocked, id=1008076, stack(0x00007fe199a7b000,0x00007fe199b7b000)]
  0x00007fe1c41ec9c0 JavaThread "Service Thread" daemon [_thread_blocked, id=1008077, stack(0x00007fe199300000,0x00007fe199400000)]
  0x00007fe1c41efef0 JavaThread "Monitor Deflation Thread" daemon [_thread_blocked, id=1008078, stack(0x00007fe1991ff000,0x00007fe1992ff000)]
  0x00007fe1c41f18d0 JavaThread "C2 CompilerThread0" daemon [_thread_in_native, id=1008079, stack(0x00007fe1990fe000,0x00007fe1991fe000)]
  0x00007fe1c41f2e10 JavaThread "C1 CompilerThread0" daemon [_thread_blocked, id=1008080, stack(0x00007fe198ffd000,0x00007fe1990fd000)]
  0x00007fe1c41fc280 JavaThread "Sweeper thread" daemon [_thread_blocked, id=1008081, stack(0x00007fe198efc000,0x00007fe198ffc000)]
  0x00007fe1c4240b70 JavaThread "Notification Thread" daemon [_thread_blocked, id=1008082, stack(0x00007fe198dfb000,0x00007fe198efb000)]
  0x00007fe1c424fa30 JavaThread "Common-Cleaner" daemon [_thread_blocked, id=1008084, stack(0x00007fe198bf9000,0x00007fe198cf9000)]
  0x00007fe1c45cb1e0 JavaThread "FileSystemWatchService" daemon [_thread_in_native, id=1008086, stack(0x00007fe1989f7000,0x00007fe198af7000)]
  0x00007fe1c45d1b10 JavaThread "simplex-single-instance" daemon [_thread_blocked, id=1008087, stack(0x00007fe1988f6000,0x00007fe1989f6000)]
  0x00007fe1c4578630 JavaThread "DefaultDispatcher-worker-1" daemon [_thread_blocked, id=1008096, stack(0x00007fe144500000,0x00007fe144600000)]
  0x00007fe1c45793e0 JavaThread "DefaultDispatcher-worker-2" daemon [_thread_blocked, id=1008097, stack(0x00007fe1443ff000,0x00007fe1444ff000)]
  0x00007fe1c4ba3e50 JavaThread "process reaper" daemon [_thread_blocked, id=1008107, stack(0x00007fe1465de000,0x00007fe146600000)]
  0x00007fe1c4de1400 JavaThread "Java2D Disposer" daemon [_thread_blocked, id=1008120, stack(0x00007fe13c68f000,0x00007fe13c78f000)]
  0x00007fe1c4de2e40 JavaThread "AWT-XAWT" daemon [_thread_blocked, id=1008121, stack(0x00007fe13c58e000,0x00007fe13c68e000)]
  0x00007fe1c4e26830 JavaThread "AWT-Shutdown" [_thread_blocked, id=1008125, stack(0x00007fe198af8000,0x00007fe198bf8000)]
=>0x00007fe1c4e28370 JavaThread "AWT-EventQueue-0" [_thread_in_native, id=1008126, stack(0x00007fe13cb94000,0x00007fe13cc94000)]
  0x00007fe140187680 JavaThread "OkHttp api.github.com" daemon [_thread_in_native, id=1008151, stack(0x00007fe13c302000,0x00007fe13c402000)]
  0x00007fe140188980 JavaThread "OkHttp TaskRunner" daemon [_thread_blocked, id=1008152, stack(0x00007fe0f0347000,0x00007fe0f0447000)]
  0x00007fe0e0000db0 JavaThread "OkHttp TaskRunner" daemon [_thread_blocked, id=1008153, stack(0x00007fe0f0246000,0x00007fe0f0346000)]
  0x00007fe14018d590 JavaThread "Okio Watchdog" daemon [_thread_blocked, id=1008154, stack(0x00007fe0f0145000,0x00007fe0f0245000)]
  0x00007fe0d4000f50 JavaThread "OkHttp TaskRunner" daemon [_thread_blocked, id=1008155, stack(0x00007fe0f0448000,0x00007fe0f0548000)]
  0x00007fe138093f40 JavaThread "DefaultDispatcher-worker-3" daemon [_thread_blocked, id=1008160, stack(0x00007fe13c403000,0x00007fe13c503000)]
  0x00007fe138097100 JavaThread "kotlinx.coroutines.DefaultExecutor" daemon [_thread_blocked, id=1008161, stack(0x00007fe0e84b6000,0x00007fe0e85b6000)]
  0x00007fe1c555e0b0 JavaThread "Reference Cleaner" daemon [_thread_blocked, id=1008162, stack(0x00007fe0e83b5000,0x00007fe0e84b5000)]
  0x00007fe10c1cda90 JavaThread "TimerQueue" daemon [_thread_blocked, id=1008171, stack(0x00007fe0e81b3000,0x00007fe0e82b3000)]
  0x00007fe10c962780 JavaThread "pool-2-thread-1" daemon [_thread_blocked, id=1008186, stack(0x00007fe0e82b4000,0x00007fe0e83b4000)]
  0x00007fe10c9f3390 JavaThread "GTK Theme Detector Thread" daemon [_thread_in_native, id=1008191, stack(0x00007fe0e80b2000,0x00007fe0e81b2000)]
  0x00007fe080002090 JavaThread "process reaper (pid 1008193)" daemon [_thread_in_native, id=1008194, stack(0x00007fe0f001a000,0x00007fe0f003c000)]

Other Threads:
  0x00007fe1c41b88f0 VMThread "VM Thread" [stack: 0x00007fe199d7e000,0x00007fe199e7e000] [id=1008072]
  0x00007fe1c4242500 WatcherThread [stack: 0x00007fe198cfa000,0x00007fe198dfa000] [id=1008083]
  0x00007fe1c40825a0 GCTaskThread "GC Thread#0" [stack: 0x00007fe1a8b6f000,0x00007fe1a8c6f000] [id=1008067]
  0x00007fe190005c80 GCTaskThread "GC Thread#1" [stack: 0x00007fe1440fd000,0x00007fe1441fd000] [id=1008102]
  0x00007fe190006670 GCTaskThread "GC Thread#2" [stack: 0x00007fe13dcfb000,0x00007fe13ddfb000] [id=1008103]
  0x00007fe1900070a0 GCTaskThread "GC Thread#3" [stack: 0x00007fe13dbfa000,0x00007fe13dcfa000] [id=1008104]
  0x00007fe190007ad0 GCTaskThread "GC Thread#4" [stack: 0x00007fe13daf9000,0x00007fe13dbf9000] [id=1008105]
  0x00007fe19000e100 GCTaskThread "GC Thread#5" [stack: 0x00007fe13ca93000,0x00007fe13cb93000] [id=1008116]
  0x00007fe19000e910 GCTaskThread "GC Thread#6" [stack: 0x00007fe13c992000,0x00007fe13ca92000] [id=1008117]
  0x00007fe19000f340 GCTaskThread "GC Thread#7" [stack: 0x00007fe13c891000,0x00007fe13c991000] [id=1008118]
  0x00007fe1c4092a10 ConcurrentGCThread "G1 Main Marker" [stack: 0x00007fe1a8a6e000,0x00007fe1a8b6e000] [id=1008068]
  0x00007fe1c4093990 ConcurrentGCThread "G1 Conc#0" [stack: 0x00007fe1a896d000,0x00007fe1a8a6d000] [id=1008069]
  0x00007fe19c000e10 ConcurrentGCThread "G1 Conc#1" [stack: 0x00007fe13c790000,0x00007fe13c890000] [id=1008119]
  0x00007fe1c41428c0 ConcurrentGCThread "G1 Refine#0" [stack: 0x00007fe1a8064000,0x00007fe1a8164000] [id=1008070]
  0x00007fe1c41437d0 ConcurrentGCThread "G1 Service" [stack: 0x00007fe199f00000,0x00007fe19a000000] [id=1008071]

Threads with active compile tasks:
C2 CompilerThread0  5177 2696       4       jdk.internal.org.objectweb.asm.Frame::execute (2318 bytes)

VM state: not at safepoint (normal execution)

VM Mutex/Monitor currently owned by a thread: None

Heap address: 0x0000000711a00000, size: 3814 MB, Compressed Oops mode: Zero based, Oop shift amount: 3

CDS archive(s) not mapped
Compressed class space mapped at: 0x0000000800000000-0x0000000840000000, reserved size: 1073741824
Narrow klass base: 0x0000000800000000, Narrow klass shift: 0, Narrow klass range: 0x40000000

GC Precious Log:
 CPUs: 8 total, 8 available
 Memory: 15252M
 Large Page Support: Disabled
 NUMA Support: Disabled
 Compressed Oops: Enabled (Zero based)
 Heap Region Size: 2M
 Heap Min Capacity: 8M
 Heap Initial Capacity: 240M
 Heap Max Capacity: 3814M
 Pre-touch: Disabled
 Parallel Workers: 8
 Concurrent Workers: 2
 Concurrent Refinement Workers: 8
 Periodic GC: Disabled

Heap:
 garbage-first heap   total 55296K, used 28644K [0x0000000711a00000, 0x0000000800000000)
  region size 2048K, 9 young (18432K), 1 survivors (2048K)
 Metaspace       used 41955K, committed 42368K, reserved 1114112K
  class space    used 4368K, committed 4544K, reserved 1048576K

Heap Regions: E=young(eden), S=young(survivor), O=old, HS=humongous(starts), HC=humongous(continues), CS=collection set, F=free, OA=open archive, CA=closed archive, TAMS=top-at-mark-start (previous, next)
|   0|0x0000000711a00000, 0x0000000711c00000, 0x0000000711c00000|100%|HS|  |TAMS 0x0000000711c00000, 0x0000000711a00000| Complete 
|   1|0x0000000711c00000, 0x0000000711e00000, 0x0000000711e00000|100%| O|  |TAMS 0x0000000711e00000, 0x0000000711c00000| Untracked 
|   2|0x0000000711e00000, 0x0000000712000000, 0x0000000712000000|100%| O|  |TAMS 0x0000000712000000, 0x0000000711e00000| Untracked 
|   3|0x0000000712000000, 0x0000000712200000, 0x0000000712200000|100%| O|  |TAMS 0x0000000712200000, 0x0000000712000000| Untracked 
|   4|0x0000000712200000, 0x0000000712200000, 0x0000000712400000|  0%| F|  |TAMS 0x0000000712200000, 0x0000000712200000| Untracked 
|   5|0x0000000712400000, 0x0000000712600000, 0x0000000712600000|100%| O|  |TAMS 0x0000000712600000, 0x0000000712400000| Untracked 
|   6|0x0000000712600000, 0x0000000712800000, 0x0000000712800000|100%| O|  |TAMS 0x0000000712800000, 0x0000000712600000| Untracked 
|   7|0x0000000712800000, 0x0000000712a00000, 0x0000000712a00000|100%| O|  |TAMS 0x0000000712a00000, 0x0000000712800000| Untracked 
|   8|0x0000000712a00000, 0x0000000712ae1400, 0x0000000712c00000| 43%| O|  |TAMS 0x0000000712ae1400, 0x0000000712a00000| Untracked 
|   9|0x0000000712c00000, 0x0000000712c00000, 0x0000000712e00000|  0%| F|  |TAMS 0x0000000712c00000, 0x0000000712c00000| Untracked 
|  10|0x0000000712e00000, 0x0000000712e00000, 0x0000000713000000|  0%| F|  |TAMS 0x0000000712e00000, 0x0000000712e00000| Untracked 
|  11|0x0000000713000000, 0x0000000713000000, 0x0000000713200000|  0%| F|  |TAMS 0x0000000713000000, 0x0000000713000000| Untracked 
|  12|0x0000000713200000, 0x0000000713200000, 0x0000000713400000|  0%| F|  |TAMS 0x0000000713200000, 0x0000000713200000| Untracked 
|  13|0x0000000713400000, 0x0000000713400000, 0x0000000713600000|  0%| F|  |TAMS 0x0000000713400000, 0x0000000713400000| Untracked 
|  14|0x0000000713600000, 0x0000000713600000, 0x0000000713800000|  0%| F|  |TAMS 0x0000000713600000, 0x0000000713600000| Untracked 
|  15|0x0000000713800000, 0x0000000713800000, 0x0000000713a00000|  0%| F|  |TAMS 0x0000000713800000, 0x0000000713800000| Untracked 
|  16|0x0000000713a00000, 0x0000000713b17c00, 0x0000000713c00000| 54%| S|CS|TAMS 0x0000000713a00000, 0x0000000713a00000| Complete 
|  17|0x0000000713c00000, 0x0000000713c00000, 0x0000000713e00000|  0%| F|  |TAMS 0x0000000713c00000, 0x0000000713c00000| Untracked 
|  18|0x0000000713e00000, 0x0000000713e00000, 0x0000000714000000|  0%| F|  |TAMS 0x0000000713e00000, 0x0000000713e00000| Untracked 
|  19|0x0000000714000000, 0x00000007141bab98, 0x0000000714200000| 86%| E|  |TAMS 0x0000000714000000, 0x0000000714000000| Complete 
|  20|0x0000000714200000, 0x0000000714400000, 0x0000000714400000|100%| E|CS|TAMS 0x0000000714200000, 0x0000000714200000| Complete 
|  21|0x0000000714400000, 0x0000000714600000, 0x0000000714600000|100%| E|CS|TAMS 0x0000000714400000, 0x0000000714400000| Complete 
|  22|0x0000000714600000, 0x0000000714800000, 0x0000000714800000|100%| E|CS|TAMS 0x0000000714600000, 0x0000000714600000| Complete 
|  23|0x0000000714800000, 0x0000000714a00000, 0x0000000714a00000|100%| E|  |TAMS 0x0000000714800000, 0x0000000714800000| Complete 
| 104|0x000000071ea00000, 0x000000071ec00000, 0x000000071ec00000|100%| E|CS|TAMS 0x000000071ea00000, 0x000000071ea00000| Complete 
| 105|0x000000071ec00000, 0x000000071ee00000, 0x000000071ee00000|100%| E|CS|TAMS 0x000000071ec00000, 0x000000071ec00000| Complete 
| 119|0x0000000720800000, 0x0000000720a00000, 0x0000000720a00000|100%| E|CS|TAMS 0x0000000720800000, 0x0000000720800000| Complete 

Card table byte_map: [0x00007fe1b0b12000,0x00007fe1b1285000] _byte_map_base: 0x00007fe1ad285000

Marking Bits (Prev, Next): (CMBitMap*) 0x00007fe1c4083040, (CMBitMap*) 0x00007fe1c4083080
 Prev Bits: [0x00007fe1ac807000, 0x00007fe1b039f000)
 Next Bits: [0x00007fe1a8c6f000, 0x00007fe1ac807000)

Polling page: 0x00007fe1c9be6000

Metaspace:

Usage:
  Non-class:     36,71 MB used.
      Class:      4,27 MB used.
       Both:     40,97 MB used.

Virtual space:
  Non-class space:       64,00 MB reserved,      36,94 MB ( 58%) committed,  1 nodes.
      Class space:        1,00 GB reserved,       4,44 MB ( <1%) committed,  1 nodes.
             Both:        1,06 GB reserved,      41,38 MB (  4%) committed. 

Chunk freelists:
   Non-Class:  11,05 MB
       Class:  11,60 MB
        Both:  22,64 MB

MaxMetaspaceSize: unlimited
CompressedClassSpaceSize: 1,00 GB
Initial GC threshold: 21,00 MB
Current GC threshold: 58,88 MB
CDS: off
MetaspaceReclaimPolicy: balanced
 - commit_granule_bytes: 65536.
 - commit_granule_words: 8192.
 - virtual_space_node_default_size: 8388608.
 - enlarge_chunks_in_place: 1.
 - new_chunks_are_fully_committed: 0.
 - uncommit_free_chunks: 1.
 - use_allocation_guard: 0.
 - handle_deallocations: 1.


Internal statistics:

num_allocs_failed_limit: 6.
num_arena_births: 398.
num_arena_deaths: 0.
num_vsnodes_births: 2.
num_vsnodes_deaths: 0.
num_space_committed: 659.
num_space_uncommitted: 0.
num_chunks_returned_to_freelist: 6.
num_chunks_taken_from_freelist: 1265.
num_chunk_merges: 3.
num_chunk_splits: 902.
num_chunks_enlarged: 722.
num_inconsistent_stats: 0.

CodeHeap 'non-profiled nmethods': size=120028Kb used=1287Kb max_used=1287Kb free=118740Kb
 bounds [0x00007fe1b9cc9000, 0x00007fe1b9f39000, 0x00007fe1c1200000]
CodeHeap 'profiled nmethods': size=120028Kb used=5158Kb max_used=5158Kb free=114870Kb
 bounds [0x00007fe1b2200000, 0x00007fe1b2710000, 0x00007fe1b9737000]
CodeHeap 'non-nmethods': size=5704Kb used=1803Kb max_used=1803Kb free=3901Kb
 bounds [0x00007fe1b9737000, 0x00007fe1b99a7000, 0x00007fe1b9cc9000]
 total_blobs=4045 nmethods=2787 adapters=1171
 compilation: enabled
              stopped_count=0, restarted_count=0
 full_count=0

Compilation events (20 events):
Event: 5,097 Thread 0x00007fe1c41f2e10 2776       3       java.util.concurrent.ConcurrentHashMap$Traverser::<init> (36 bytes)
Event: 5,097 Thread 0x00007fe1c41f2e10 nmethod 2776 0x00007fe1b2707890 code [0x00007fe1b2707a40, 0x00007fe1b2707c50]
Event: 5,097 Thread 0x00007fe1c41f2e10 2777       3       androidx.compose.ui.node.MeasurePassDelegate::getLayoutNode (8 bytes)
Event: 5,098 Thread 0x00007fe1c41f2e10 nmethod 2777 0x00007fe1b2707d10 code [0x00007fe1b2707ea0, 0x00007fe1b2707fd0]
Event: 5,099 Thread 0x00007fe1c41f2e10 2778       1       androidx.compose.ui.node.LayoutNodeLayoutDelegate::getMeasurePassDelegate$ui (5 bytes)
Event: 5,099 Thread 0x00007fe1c41f2e10 nmethod 2778 0x00007fe1b9e09190 code [0x00007fe1b9e09320, 0x00007fe1b9e093f0]
Event: 5,099 Thread 0x00007fe1c41f2e10 2779       1       androidx.compose.ui.node.NodeChain::getInnerCoordinator$ui (5 bytes)
Event: 5,099 Thread 0x00007fe1c41f2e10 nmethod 2779 0x00007fe1b9e09490 code [0x00007fe1b9e09620, 0x00007fe1b9e096f0]
Event: 5,101 Thread 0x00007fe1c41f2e10 2780       1       androidx.compose.ui.Modifier$Node::getAggregateChildKindSet$ui (5 bytes)
Event: 5,101 Thread 0x00007fe1c41f2e10 nmethod 2780 0x00007fe1b9e09790 code [0x00007fe1b9e09920, 0x00007fe1b9e099f0]
Event: 5,104 Thread 0x00007fe1c41f2e10 2781       3       kotlin.coroutines.jvm.internal.ContinuationImpl::getContext (9 bytes)
Event: 5,104 Thread 0x00007fe1c41f2e10 nmethod 2781 0x00007fe1b2708090 code [0x00007fe1b2708280, 0x00007fe1b27087c0]
Event: 5,105 Thread 0x00007fe1c41f2e10 2783       3       jdk.internal.org.objectweb.asm.MethodWriter::visitFrameStart (55 bytes)
Event: 5,106 Thread 0x00007fe1c41f2e10 nmethod 2783 0x00007fe1b2708a10 code [0x00007fe1b2708bc0, 0x00007fe1b2708ed0]
Event: 5,106 Thread 0x00007fe1c41f2e10 2784       3       jdk.internal.org.objectweb.asm.MethodWriter::visitFrameEnd (53 bytes)
Event: 5,106 Thread 0x00007fe1c41f2e10 nmethod 2784 0x00007fe1b2709010 code [0x00007fe1b27091e0, 0x00007fe1b27096e0]
Event: 5,108 Thread 0x00007fe1c41f2e10 2788       1       androidx.compose.runtime.snapshots.SnapshotStateObserver$ObservedScopeMap::getOnChanged (5 bytes)
Event: 5,108 Thread 0x00007fe1c41f2e10 nmethod 2788 0x00007fe1b9e0a690 code [0x00007fe1b9e0a820, 0x00007fe1b9e0a8f0]
Event: 5,109 Thread 0x00007fe1c41f2e10 2789       1       org.jetbrains.skia.impl.Native::get_ptr$skiko (5 bytes)
Event: 5,109 Thread 0x00007fe1c41f2e10 nmethod 2789 0x00007fe1b9e0a990 code [0x00007fe1b9e0ab20, 0x00007fe1b9e0abf0]

GC Heap History (12 events):
Event: 0,653 GC heap before
{Heap before GC invocations=0 (full 0):
 garbage-first heap   total 245760K, used 22528K [0x0000000711a00000, 0x0000000800000000)
  region size 2048K, 11 young (22528K), 0 survivors (0K)
 Metaspace       used 9504K, committed 9664K, reserved 1114112K
  class space    used 839K, committed 896K, reserved 1048576K
}
Event: 0,656 GC heap after
{Heap after GC invocations=1 (full 0):
 garbage-first heap   total 245760K, used 9649K [0x0000000711a00000, 0x0000000800000000)
  region size 2048K, 2 young (4096K), 2 survivors (4096K)
 Metaspace       used 9504K, committed 9664K, reserved 1114112K
  class space    used 839K, committed 896K, reserved 1048576K
}
Event: 1,246 GC heap before
{Heap before GC invocations=1 (full 0):
 garbage-first heap   total 245760K, used 30129K [0x0000000711a00000, 0x0000000800000000)
  region size 2048K, 14 young (28672K), 2 survivors (4096K)
 Metaspace       used 21312K, committed 21504K, reserved 1114112K
  class space    used 2025K, committed 2112K, reserved 1048576K
}
Event: 1,255 GC heap after
{Heap after GC invocations=2 (full 0):
 garbage-first heap   total 245760K, used 11800K [0x0000000711a00000, 0x0000000800000000)
  region size 2048K, 2 young (4096K), 2 survivors (4096K)
 Metaspace       used 21312K, committed 21504K, reserved 1114112K
  class space    used 2025K, committed 2112K, reserved 1048576K
}
Event: 2,440 GC heap before
{Heap before GC invocations=3 (full 0):
 garbage-first heap   total 55296K, used 32280K [0x0000000711a00000, 0x0000000800000000)
  region size 2048K, 14 young (28672K), 2 survivors (4096K)
 Metaspace       used 33080K, committed 33344K, reserved 1114112K
  class space    used 3355K, committed 3456K, reserved 1048576K
}
Event: 2,446 GC heap after
{Heap after GC invocations=4 (full 0):
 garbage-first heap   total 55296K, used 15207K [0x0000000711a00000, 0x0000000800000000)
  region size 2048K, 2 young (4096K), 2 survivors (4096K)
 Metaspace       used 33080K, committed 33344K, reserved 1114112K
  class space    used 3355K, committed 3456K, reserved 1048576K
}
Event: 2,494 GC heap before
{Heap before GC invocations=4 (full 0):
 garbage-first heap   total 55296K, used 15207K [0x0000000711a00000, 0x0000000800000000)
  region size 2048K, 3 young (6144K), 2 survivors (4096K)
 Metaspace       used 33550K, committed 33792K, reserved 1114112K
  class space    used 3404K, committed 3520K, reserved 1048576K
}
Event: 2,499 GC heap after
{Heap after GC invocations=5 (full 0):
 garbage-first heap   total 55296K, used 15713K [0x0000000711a00000, 0x0000000800000000)
  region size 2048K, 1 young (2048K), 1 survivors (2048K)
 Metaspace       used 33550K, committed 33792K, reserved 1114112K
  class space    used 3404K, committed 3520K, reserved 1048576K
}
Event: 2,694 GC heap before
{Heap before GC invocations=5 (full 0):
 garbage-first heap   total 55296K, used 28001K [0x0000000711a00000, 0x0000000800000000)
  region size 2048K, 6 young (12288K), 1 survivors (2048K)
 Metaspace       used 35691K, committed 35968K, reserved 1114112K
  class space    used 3693K, committed 3840K, reserved 1048576K
}
Event: 2,697 GC heap after
{Heap after GC invocations=6 (full 0):
 garbage-first heap   total 55296K, used 17856K [0x0000000711a00000, 0x0000000800000000)
  region size 2048K, 1 young (2048K), 1 survivors (2048K)
 Metaspace       used 35691K, committed 35968K, reserved 1114112K
  class space    used 3693K, committed 3840K, reserved 1048576K
}
Event: 3,275 GC heap before
{Heap before GC invocations=7 (full 0):
 garbage-first heap   total 55296K, used 34240K [0x0000000711a00000, 0x0000000800000000)
  region size 2048K, 10 young (20480K), 1 survivors (2048K)
 Metaspace       used 39612K, committed 39936K, reserved 1114112K
  class space    used 4104K, committed 4288K, reserved 1048576K
}
Event: 3,278 GC heap after
{Heap after GC invocations=8 (full 0):
 garbage-first heap   total 55296K, used 16356K [0x0000000711a00000, 0x0000000800000000)
  region size 2048K, 1 young (2048K), 1 survivors (2048K)
 Metaspace       used 39612K, committed 39936K, reserved 1114112K
  class space    used 4104K, committed 4288K, reserved 1048576K
}

Dll operation events (10 events):
Event: 0,002 Loaded shared library /opt/simplex/lib/runtime/lib/libjava.so
Event: 0,059 Loaded shared library /opt/simplex/lib/runtime/lib/libnio.so
Event: 0,063 Loaded shared library /opt/simplex/lib/runtime/lib/libzip.so
Event: 0,197 Loaded shared library /opt/simplex/lib/runtime/lib/libnet.so
Event: 0,430 Loaded shared library /opt/simplex/lib/app/resources/libapp-lib.so
Event: 0,707 Loaded shared library /opt/simplex/lib/runtime/lib/libjimage.so
Event: 1,142 Loaded shared library /opt/simplex/lib/runtime/lib/libawt.so
Event: 1,152 Loaded shared library /opt/simplex/lib/runtime/lib/libawt_xawt.so
Event: 1,186 Loaded shared library /opt/simplex/lib/runtime/lib/libfontmanager.so
Event: 1,651 Loaded shared library /opt/simplex/lib/app/libskiko-linux-x64.so

Deoptimization events (20 events):
Event: 2,634 Thread 0x00007fe140187680 DEOPT PACKING pc=0x00007fe1b25cf9c7 sp=0x00007fe13c3ff540
Event: 2,634 Thread 0x00007fe140187680 DEOPT UNPACKING pc=0x00007fe1b978de2f sp=0x00007fe13c3fea50 mode 0
Event: 2,635 Thread 0x00007fe140187680 DEOPT PACKING pc=0x00007fe1b25cf9c7 sp=0x00007fe13c3ff540
Event: 2,635 Thread 0x00007fe140187680 DEOPT UNPACKING pc=0x00007fe1b978de2f sp=0x00007fe13c3fea50 mode 0
Event: 2,636 Thread 0x00007fe140187680 DEOPT PACKING pc=0x00007fe1b25cf9c7 sp=0x00007fe13c3ff540
Event: 2,636 Thread 0x00007fe140187680 DEOPT UNPACKING pc=0x00007fe1b978de2f sp=0x00007fe13c3fea50 mode 0
Event: 2,684 Thread 0x00007fe1c4578630 DEOPT PACKING pc=0x00007fe1b231e364 sp=0x00007fe1445fdcb0
Event: 2,684 Thread 0x00007fe1c4578630 DEOPT UNPACKING pc=0x00007fe1b978de2f sp=0x00007fe1445fd168 mode 0
Event: 2,732 Thread 0x00007fe1c4578630 Uncommon trap: trap_request=0xffffff76 fr.pc=0x00007fe1b9da568c relative=0x000000000000006c
Event: 2,732 Thread 0x00007fe1c4578630 Uncommon trap: reason=predicate action=maybe_recompile pc=0x00007fe1b9da568c method=kotlinx.serialization.json.internal.AbstractJsonLexer.peekNextToken()B @ 19 c2
Event: 2,732 Thread 0x00007fe1c4578630 DEOPT PACKING pc=0x00007fe1b9da568c sp=0x00007fe1445fcd70
Event: 2,732 Thread 0x00007fe1c4578630 DEOPT UNPACKING pc=0x00007fe1b978d699 sp=0x00007fe1445fcd18 mode 2
Event: 2,732 Thread 0x00007fe1c4578630 Uncommon trap: trap_request=0xffffff45 fr.pc=0x00007fe1b9da4b50 relative=0x00000000000007f0
Event: 2,732 Thread 0x00007fe1c4578630 Uncommon trap: reason=unstable_if action=reinterpret pc=0x00007fe1b9da4b50 method=kotlinx.serialization.json.internal.StringJsonLexer.consumeKeyString()Ljava/lang/String; @ 70 c2
Event: 2,732 Thread 0x00007fe1c4578630 DEOPT PACKING pc=0x00007fe1b9da4b50 sp=0x00007fe1445fd750
Event: 2,732 Thread 0x00007fe1c4578630 DEOPT UNPACKING pc=0x00007fe1b978d699 sp=0x00007fe1445fd708 mode 2
Event: 2,743 Thread 0x00007fe1c4578630 Uncommon trap: trap_request=0xffffff6e fr.pc=0x00007fe1b9da751c relative=0x000000000000025c
Event: 2,743 Thread 0x00007fe1c4578630 Uncommon trap: reason=loop_limit_check action=maybe_recompile pc=0x00007fe1b9da751c method=kotlinx.serialization.json.internal.AbstractJsonLexer.peekNextToken()B @ 19 c2
Event: 2,743 Thread 0x00007fe1c4578630 DEOPT PACKING pc=0x00007fe1b9da751c sp=0x00007fe1445fcd90
Event: 2,743 Thread 0x00007fe1c4578630 DEOPT UNPACKING pc=0x00007fe1b978d699 sp=0x00007fe1445fcd38 mode 2

Classes loaded (20 events):
Event: 5,035 Loading class java/awt/DefaultKeyboardFocusManager$TypeAheadMarker
Event: 5,035 Loading class java/awt/DefaultKeyboardFocusManager$TypeAheadMarker done
Event: 5,035 Loading class java/awt/KeyboardFocusManager$HeavyweightFocusRequest
Event: 5,035 Loading class java/awt/KeyboardFocusManager$HeavyweightFocusRequest done
Event: 5,035 Loading class java/awt/KeyboardFocusManager$LightweightFocusRequest
Event: 5,035 Loading class java/awt/KeyboardFocusManager$LightweightFocusRequest done
Event: 5,043 Loading class com/sun/java/swing/plaf/gtk/GTKPainter
Event: 5,043 Loading class javax/swing/plaf/synth/SynthPainter
Event: 5,044 Loading class javax/swing/plaf/synth/SynthPainter done
Event: 5,044 Loading class com/sun/java/swing/plaf/gtk/GTKPainter done
Event: 5,044 Loading class javax/swing/plaf/synth/SynthPainter$1
Event: 5,044 Loading class javax/swing/plaf/synth/SynthPainter$1 done
Event: 5,044 Loading class com/sun/java/swing/plaf/gtk/GTKConstants$PositionType
Event: 5,044 Loading class com/sun/java/swing/plaf/gtk/GTKConstants$PositionType done
Event: 5,044 Loading class com/sun/java/swing/plaf/gtk/GTKConstants$ShadowType
Event: 5,044 Loading class com/sun/java/swing/plaf/gtk/GTKConstants$ShadowType done
Event: 5,044 Loading class javax/swing/CellRendererPane
Event: 5,044 Loading class javax/swing/CellRendererPane done
Event: 5,071 Loading class java/io/NotSerializableException
Event: 5,071 Loading class java/io/NotSerializableException done

Classes unloaded (0 events):
No events

Classes redefined (0 events):
No events

Internal exceptions (20 events):
Event: 2,551 Thread 0x00007fe1c4e28370 Exception <a 'java/lang/NoSuchMethodError'{0x00000007209ff428}: 'java.lang.Object java.lang.invoke.DirectMethodHandle$Holder.newInvokeSpecial(java.lang.Object, int, java.lang.Object)'> (0x00000007209ff428) 
thrown [/usr/src/debug/java17-openjdk/jdk17u-jdk-17.0.19-10/src/hotspot/share/interpreter/linkResolver.cpp, line 758]
Event: 2,602 Thread 0x00007fe1c4e28370 Exception <a 'java/lang/NoSuchMethodError'{0x000000071ebdc628}: 'void java.lang.invoke.DirectMethodHandle$Holder.invokeStatic(java.lang.Object, java.lang.Object, java.lang.Object)'> (0x000000071ebdc628) 
thrown [/usr/src/debug/java17-openjdk/jdk17u-jdk-17.0.19-10/src/hotspot/share/interpreter/linkResolver.cpp, line 758]
Event: 2,958 Thread 0x00007fe1c4e28370 Exception <a 'java/lang/NoSuchMethodError'{0x0000000714082a58}: 'java.lang.Object java.lang.invoke.DirectMethodHandle$Holder.invokeStaticInit(java.lang.Object, java.lang.Object, float)'> (0x0000000714082a58) 
thrown [/usr/src/debug/java17-openjdk/jdk17u-jdk-17.0.19-10/src/hotspot/share/interpreter/linkResolver.cpp, line 758]
Event: 2,975 Thread 0x00007fe1c4e28370 Exception <a 'java/lang/NoSuchMethodError'{0x000000071410ec10}: 'void java.lang.invoke.DirectMethodHandle$Holder.invokeStatic(java.lang.Object, java.lang.Object, java.lang.Object, java.lang.Object)'> (0x000000071410ec10) 
thrown [/usr/src/debug/java17-openjdk/jdk17u-jdk-17.0.19-10/src/hotspot/share/interpreter/linkResolver.cpp, line 758]
Event: 2,982 Thread 0x00007fe1c4e28370 Exception <a 'java/lang/NoSuchMethodError'{0x00000007141487a8}: 'java.lang.Object java.lang.invoke.DirectMethodHandle$Holder.newInvokeSpecial(java.lang.Object, java.lang.Object, java.lang.Object, java.lang.Object, java.lang.Object, java.lang.Object, java.lang.Object, java.lang.Object, java.lang.Object, java.lang.Object)'> (0x00000007141487a8) 
thrown [/usr/src/debug/java17-openjdk/jdk17u-jdk-17.0.19-10/src/hotspot/share/interpreter/linkResolver.cpp, line 758]
Event: 2,983 Thread 0x00007fe1c4e28370 Exception <a 'java/lang/NoSuchMethodError'{0x000000071414d740}: 'java.lang.Object java.lang.invoke.DirectMethodHandle$Holder.invokeSpecial(java.lang.Object, java.lang.Object, java.lang.Object, java.lang.Object, java.lang.Object, java.lang.Object, java.lang.Object, java.lang.Object, java.lang.Object, java.lang.Object, java.lang.Object)'> (0x000000071414d740) 
thrown [/usr/src/debug/java17-openjdk/jdk17u-jdk-17.0.19-10/src/hotspot/share/interpreter/linkResolver.cpp, line 758]
Event: 2,984 Thread 0x00007fe1c4e28370 Exception <a 'java/lang/NoSuchMethodError'{0x0000000714151b58}: 'java.lang.Object java.lang.invoke.Invokers$Holder.linkToTargetMethod(java.lang.Object, java.lang.Object, java.lang.Object, java.lang.Object, java.lang.Object, java.lang.Object, java.lang.Object, java.lang.Object, java.lang.Object, java.lang.Object)'> (0x0000000714151b58) 
thrown [/usr/src/debug/java17-openjdk/jdk17u-jdk-17.0.19-10/src/hotspot/share/interpreter/linkResolver.cpp, line 758]
Event: 3,175 Thread 0x00007fe1c4e28370 Exception <a 'java/lang/NoSuchMethodError'{0x0000000713c3afe8}: 'java.lang.Object java.lang.invoke.DirectMethodHandle$Holder.invokeStaticInit(java.lang.Object, java.lang.Object, int)'> (0x0000000713c3afe8) 
thrown [/usr/src/debug/java17-openjdk/jdk17u-jdk-17.0.19-10/src/hotspot/share/interpreter/linkResolver.cpp, line 758]
Event: 3,195 Thread 0x00007fe1c4e28370 Exception <a 'java/lang/NoSuchMethodError'{0x0000000713d350c8}: 'void java.lang.invoke.DirectMethodHandle$Holder.invokeStatic(java.lang.Object, int)'> (0x0000000713d350c8) 
thrown [/usr/src/debug/java17-openjdk/jdk17u-jdk-17.0.19-10/src/hotspot/share/interpreter/linkResolver.cpp, line 758]
Event: 4,906 Thread 0x00007fe1c4e28370 Exception <a 'java/lang/NoSuchMethodError'{0x00000007146fa8f0}: 'float java.lang.invoke.DirectMethodHandle$Holder.invokeStatic(java.lang.Object)'> (0x00000007146fa8f0) 
thrown [/usr/src/debug/java17-openjdk/jdk17u-jdk-17.0.19-10/src/hotspot/share/interpreter/linkResolver.cpp, line 758]
Event: 4,907 Thread 0x00007fe1c4e28370 Exception <a 'java/lang/NoSuchMethodError'{0x00000007146fe840}: 'float java.lang.invoke.DirectMethodHandle$Holder.invokeStaticInit(java.lang.Object)'> (0x00000007146fe840) 
thrown [/usr/src/debug/java17-openjdk/jdk17u-jdk-17.0.19-10/src/hotspot/share/interpreter/linkResolver.cpp, line 758]
Event: 4,966 Thread 0x00007fe1c4e28370 Exception <a 'java/lang/NoSuchMethodError'{0x00000007145542a0}: 'java.lang.Object java.lang.invoke.DirectMethodHandle$Holder.newInvokeSpecial(java.lang.Object, java.lang.Object, java.lang.Object, java.lang.Object, int)'> (0x00000007145542a0) 
thrown [/usr/src/debug/java17-openjdk/jdk17u-jdk-17.0.19-10/src/hotspot/share/interpreter/linkResolver.cpp, line 758]
Event: 4,967 Thread 0x00007fe1c4e28370 Exception <a 'java/lang/NoSuchMethodError'{0x0000000714559320}: 'java.lang.Object java.lang.invoke.DirectMethodHandle$Holder.invokeSpecial(java.lang.Object, java.lang.Object, java.lang.Object, java.lang.Object, java.lang.Object, int)'> (0x0000000714559320) 
thrown [/usr/src/debug/java17-openjdk/jdk17u-jdk-17.0.19-10/src/hotspot/share/interpreter/linkResolver.cpp, line 758]
Event: 4,968 Thread 0x00007fe1c4e28370 Exception <a 'java/lang/NoSuchMethodError'{0x000000071455dd50}: 'java.lang.Object java.lang.invoke.Invokers$Holder.linkToTargetMethod(java.lang.Object, java.lang.Object, java.lang.Object, int, java.lang.Object)'> (0x000000071455dd50) 
thrown [/usr/src/debug/java17-openjdk/jdk17u-jdk-17.0.19-10/src/hotspot/share/interpreter/linkResolver.cpp, line 758]
Event: 4,996 Thread 0x00007fe1c4e28370 Exception <a 'java/lang/NoSuchMethodError'{0x000000071424b6c0}: 'java.lang.Object java.lang.invoke.DirectMethodHandle$Holder.invokeSpecial(java.lang.Object, java.lang.Object, java.lang.Object, java.lang.Object, int, int)'> (0x000000071424b6c0) 
thrown [/usr/src/debug/java17-openjdk/jdk17u-jdk-17.0.19-10/src/hotspot/share/interpreter/linkResolver.cpp, line 758]
Event: 5,045 Thread 0x00007fe1c4e28370 Exception <a 'java/lang/NoSuchMethodError'{0x0000000714393098}: 'java.lang.Object java.lang.invoke.DirectMethodHandle$Holder.invokeStatic(java.lang.Object, java.lang.Object, java.lang.Object, long)'> (0x0000000714393098) 
thrown [/usr/src/debug/java17-openjdk/jdk17u-jdk-17.0.19-10/src/hotspot/share/interpreter/linkResolver.cpp, line 758]
Event: 5,046 Thread 0x00007fe1c4e28370 Exception <a 'java/lang/NoSuchMethodError'{0x000000071439a700}: 'java.lang.Object java.lang.invoke.DirectMethodHandle$Holder.newInvokeSpecial(java.lang.Object, java.lang.Object, java.lang.Object, long)'> (0x000000071439a700) 
thrown [/usr/src/debug/java17-openjdk/jdk17u-jdk-17.0.19-10/src/hotspot/share/interpreter/linkResolver.cpp, line 758]
Event: 5,047 Thread 0x00007fe1c4e28370 Exception <a 'java/lang/NoSuchMethodError'{0x000000071439eac0}: 'java.lang.Object java.lang.invoke.DirectMethodHandle$Holder.invokeSpecial(java.lang.Object, java.lang.Object, java.lang.Object, java.lang.Object, long)'> (0x000000071439eac0) 
thrown [/usr/src/debug/java17-openjdk/jdk17u-jdk-17.0.19-10/src/hotspot/share/interpreter/linkResolver.cpp, line 758]
Event: 5,047 Thread 0x00007fe1c4e28370 Exception <a 'java/lang/NoSuchMethodError'{0x00000007143a2938}: 'java.lang.Object java.lang.invoke.Invokers$Holder.linkToTargetMethod(java.lang.Object, java.lang.Object, long, java.lang.Object)'> (0x00000007143a2938) 
thrown [/usr/src/debug/java17-openjdk/jdk17u-jdk-17.0.19-10/src/hotspot/share/interpreter/linkResolver.cpp, line 758]
Event: 5,076 Thread 0x00007fe1c4e28370 Exception <a 'java/lang/NoSuchMethodError'{0x0000000714069608}: 'java.lang.Object java.lang.invoke.DirectMethodHandle$Holder.newInvokeSpecial(java.lang.Object, java.lang.Object, java.lang.Object, java.lang.Object, int, int, java.lang.Object)'> (0x0000000714069608) 
thrown [/usr/src/debug/java17-openjdk/jdk17u-jdk-17.0.19-10/src/hotspot/share/interpreter/linkResolver.cpp, line 758]

VM Operations (20 events):
Event: 1,692 Executing VM operation: HandshakeAllThreads
Event: 1,692 Executing VM operation: HandshakeAllThreads done
Event: 1,979 Executing VM operation: ICBufferFull
Event: 1,979 Executing VM operation: ICBufferFull done
Event: 2,440 Executing VM operation: G1CollectForAllocation
Event: 2,446 Executing VM operation: G1CollectForAllocation done
Event: 2,494 Executing VM operation: G1CollectForAllocation
Event: 2,499 Executing VM operation: G1CollectForAllocation done
Event: 2,694 Executing VM operation: CollectForMetadataAllocation
Event: 2,697 Executing VM operation: CollectForMetadataAllocation done
Event: 2,709 Executing VM operation: G1PauseRemark
Event: 2,713 Executing VM operation: G1PauseRemark done
Event: 2,722 Executing VM operation: G1PauseCleanup
Event: 2,722 Executing VM operation: G1PauseCleanup done
Event: 3,275 Executing VM operation: G1CollectForAllocation
Event: 3,279 Executing VM operation: G1CollectForAllocation done
Event: 4,279 Executing VM operation: Cleanup
Event: 4,279 Executing VM operation: Cleanup done
Event: 5,071 Executing VM operation: HandshakeAllThreads
Event: 5,071 Executing VM operation: HandshakeAllThreads done

Memory protections (20 events):
Event: 1,587 Protecting memory [0x00007fe198af8000,0x00007fe198afc000] with protection modes 0
Event: 1,591 Protecting memory [0x00007fe13cb94000,0x00007fe13cb98000] with protection modes 0
Event: 1,603 Protecting memory [0x00007fe13c403000,0x00007fe13c407000] with protection modes 0
Event: 1,633 Protecting memory [0x00007fe13c302000,0x00007fe13c306000] with protection modes 0
Event: 1,799 Protecting memory [0x00007fe13c302000,0x00007fe13c306000] with protection modes 0
Event: 1,799 Protecting memory [0x00007fe0f0347000,0x00007fe0f034b000] with protection modes 0
Event: 1,799 Protecting memory [0x00007fe0f0246000,0x00007fe0f024a000] with protection modes 0
Event: 1,812 Protecting memory [0x00007fe0f0145000,0x00007fe0f0149000] with protection modes 0
Event: 1,921 Protecting memory [0x00007fe0f0448000,0x00007fe0f044c000] with protection modes 0
Event: 2,231 Protecting memory [0x00007fe13c403000,0x00007fe13c407000] with protection modes 0
Event: 2,233 Protecting memory [0x00007fe0e84b6000,0x00007fe0e84ba000] with protection modes 0
Event: 2,234 Protecting memory [0x00007fe0e83b5000,0x00007fe0e83b9000] with protection modes 0
Event: 2,577 Protecting memory [0x00007fe0e82b4000,0x00007fe0e82b8000] with protection modes 0
Event: 2,681 Protecting memory [0x00007fe0e81b3000,0x00007fe0e81b7000] with protection modes 0
Event: 2,735 Protecting memory [0x00007fe0e80b2000,0x00007fe0e80b6000] with protection modes 0
Event: 3,151 Protecting memory [0x00007fe0e82b4000,0x00007fe0e82b8000] with protection modes 0
Event: 3,205 Protecting memory [0x00007fe0e80b2000,0x00007fe0e80b6000] with protection modes 0
Event: 3,210 Protecting memory [0x00007fe0f001a000,0x00007fe0f001e000] with protection modes 0
Event: 4,763 Protecting memory [0x00007fe0c9c86000,0x00007fe0c9c8a000] with protection modes 0
Event: 4,763 Protecting memory [0x00007fe0c80fd000,0x00007fe0c8101000] with protection modes 0

Nmethod flushes (0 events):
No events

Events (20 events):
Event: 1,799 Thread 0x00007fe1c4578630 Thread added: 0x00007fe140188980
Event: 1,799 Thread 0x00007fe140187680 Thread added: 0x00007fe0e0000db0
Event: 1,812 Thread 0x00007fe1c4578630 Thread added: 0x00007fe14018d590
Event: 1,921 Thread 0x00007fe140188980 Thread added: 0x00007fe0d4000f50
Event: 2,214 Thread 0x00007fe1681fc010 Thread exited: 0x00007fe1681fc010
Event: 2,231 Thread 0x00007fe1c45793e0 Thread added: 0x00007fe138093f40
Event: 2,233 Thread 0x00007fe1c45793e0 Thread added: 0x00007fe138097100
Event: 2,234 Thread 0x00007fe1c401a010 Thread added: 0x00007fe1c555e0b0
Event: 2,577 Thread 0x00007fe1c41f2e10 Thread added: 0x00007fe16822c370
Event: 2,681 Thread 0x00007fe1c4e28370 Thread added: 0x00007fe10c1cda90
Event: 2,735 Thread 0x00007fe1c41f2e10 Thread added: 0x00007fe168245b70
Event: 2,958 Thread 0x00007fe168245b70 Thread exited: 0x00007fe168245b70
Event: 2,958 Thread 0x00007fe16822c370 Thread exited: 0x00007fe16822c370
Event: 3,151 Thread 0x00007fe1c4e28370 Thread added: 0x00007fe10c962780
Event: 3,205 Thread 0x00007fe1c4e28370 Thread added: 0x00007fe10c9f3390
Event: 3,209 Thread 0x00007fe10c9f3390 Thread added: 0x00007fe080002090
Event: 4,763 Thread 0x00007fe1c41f2e10 Thread added: 0x00007fe1683e1790
Event: 4,763 Thread 0x00007fe1c41f2e10 Thread added: 0x00007fe1683e2a60
Event: 4,895 Thread 0x00007fe1683e2a60 Thread exited: 0x00007fe1683e2a60
Event: 4,896 Thread 0x00007fe1683e1790 Thread exited: 0x00007fe1683e1790


Dynamic libraries:
711a00000-714a00000 rw-p 00000000 00:00 0 
714a00000-71ea00000 ---p 00000000 00:00 0 
71ea00000-71ee00000 rw-p 00000000 00:00 0 
71ee00000-720800000 ---p 00000000 00:00 0 
720800000-720a00000 rw-p 00000000 00:00 0 
720a00000-800000000 ---p 00000000 00:00 0 
800000000-800020000 rw-p 00000000 00:00 0 
800020000-800040000 rw-p 00000000 00:00 0 
800040000-8000c0000 rw-p 00000000 00:00 0 
8000c0000-800100000 rw-p 00000000 00:00 0 
800100000-800140000 rw-p 00000000 00:00 0 
800140000-800180000 rw-p 00000000 00:00 0 
800180000-800240000 rw-p 00000000 00:00 0 
800240000-8002c0000 rw-p 00000000 00:00 0 
8002c0000-8002e0000 rw-p 00000000 00:00 0 
8002e0000-800340000 rw-p 00000000 00:00 0 
800340000-800380000 rw-p 00000000 00:00 0 
800380000-800470000 rw-p 00000000 00:00 0 
800470000-840000000 ---p 00000000 00:00 0 
4200000000-4204300000 rw-p 00000000 00:00 0 
4204300000-14200100000 ---p 00000000 00:00 0 
56170fcd9000-56170fcda000 r--p 00000000 00:22 10705945                   /opt/simplex/bin/simplex
56170fcda000-56170fcdb000 r-xp 00001000 00:22 10705945                   /opt/simplex/bin/simplex
56170fcdb000-56170fcdc000 r--p 00002000 00:22 10705945                   /opt/simplex/bin/simplex
56170fcdc000-56170fcdd000 r--p 00002000 00:22 10705945                   /opt/simplex/bin/simplex
56170fcdd000-56170fcde000 rw-p 00003000 00:22 10705945                   /opt/simplex/bin/simplex
561737eef000-561737f3b000 rw-p 00000000 00:00 0                          [heap]
7fe076dff000-7fe077600000 rw-p 00000000 00:00 0 
7fe078000000-7fe078021000 rw-p 00000000 00:00 0 
7fe078021000-7fe07c000000 ---p 00000000 00:00 0 
7fe07effe000-7fe080000000 rw-p 00000000 00:00 0 
7fe080000000-7fe080021000 rw-p 00000000 00:00 0 
7fe080021000-7fe084000000 ---p 00000000 00:00 0 
7fe084000000-7fe084021000 rw-p 00000000 00:00 0 
7fe084021000-7fe088000000 ---p 00000000 00:00 0 
7fe088000000-7fe088098000 rw-p 00000000 00:00 0 
7fe088098000-7fe08c000000 ---p 00000000 00:00 0 
7fe08c000000-7fe08c021000 rw-p 00000000 00:00 0 
7fe08c021000-7fe090000000 ---p 00000000 00:00 0 
7fe090000000-7fe09007a000 rw-p 00000000 00:00 0 
7fe09007a000-7fe094000000 ---p 00000000 00:00 0 
7fe0941fd000-7fe095a00000 rw-p 00000000 00:00 0 
7fe095a00000-7fe095f5b000 r--p 00000000 00:22 10407070                   /usr/lib/libLLVM.so.22.1
7fe095f5b000-7fe09bc0a000 r-xp 0055b000 00:22 10407070                   /usr/lib/libLLVM.so.22.1
7fe09bc0a000-7fe09fb58000 r--p 0620a000 00:22 10407070                   /usr/lib/libLLVM.so.22.1
7fe09fb58000-7fe09fd74000 r--p 0a158000 00:22 10407070                   /usr/lib/libLLVM.so.22.1
7fe09fd74000-7fe09fd7e000 rw-p 0a374000 00:22 10407070                   /usr/lib/libLLVM.so.22.1
7fe09fd7e000-7fe09fe4e000 rw-p 00000000 00:00 0 
7fe0a0000000-7fe0a0381000 rw-p 00000000 00:00 0 
7fe0a0381000-7fe0a4000000 ---p 00000000 00:00 0 
7fe0a4372000-7fe0a4600000 rw-p 00000000 00:00 0 
7fe0a4600000-7fe0a4800000 rw-s 123d2b000 00:07 806                       /dev/dri/renderD128
7fe0a4800000-7fe0a4a00000 rw-s 125d33000 00:07 806                       /dev/dri/renderD128
7fe0a4a00000-7fe0a4a1a000 r--p 00000000 00:22 10096457                   /usr/lib/libgallium-26.1.4-arch1.1.so
7fe0a4a1a000-7fe0a69eb000 r-xp 0001a000 00:22 10096457                   /usr/lib/libgallium-26.1.4-arch1.1.so
7fe0a69eb000-7fe0a7bdd000 r--p 01feb000 00:22 10096457                   /usr/lib/libgallium-26.1.4-arch1.1.so
7fe0a7bdd000-7fe0a7d51000 r--p 031dc000 00:22 10096457                   /usr/lib/libgallium-26.1.4-arch1.1.so
7fe0a7d51000-7fe0a7d87000 rw-p 03350000 00:22 10096457                   /usr/lib/libgallium-26.1.4-arch1.1.so
7fe0a7d87000-7fe0a7f54000 rw-p 00000000 00:00 0 
7fe0a8000000-7fe0a82a6000 rw-p 00000000 00:00 0 
7fe0a82a6000-7fe0ac000000 ---p 00000000 00:00 0 
7fe0ac000000-7fe0ac021000 rw-p 00000000 00:00 0 
7fe0ac021000-7fe0b0000000 ---p 00000000 00:00 0 
7fe0b0000000-7fe0b0021000 rw-p 00000000 00:00 0 
7fe0b0021000-7fe0b4000000 ---p 00000000 00:00 0 
7fe0b4000000-7fe0b4021000 rw-p 00000000 00:00 0 
7fe0b4021000-7fe0b8000000 ---p 00000000 00:00 0 
7fe0b8000000-7fe0b8021000 rw-p 00000000 00:00 0 
7fe0b8021000-7fe0bc000000 ---p 00000000 00:00 0 
7fe0bc000000-7fe0bc021000 rw-p 00000000 00:00 0 
7fe0bc021000-7fe0c0000000 ---p 00000000 00:00 0 
7fe0c0000000-7fe0c0021000 rw-p 00000000 00:00 0 
7fe0c0021000-7fe0c4000000 ---p 00000000 00:00 0 
7fe0c4000000-7fe0c4021000 rw-p 00000000 00:00 0 
7fe0c4021000-7fe0c8000000 ---p 00000000 00:00 0 
7fe0c80fc000-7fe0c80fd000 rw-p 00000000 00:00 0 
7fe0c80fd000-7fe0c8101000 ---p 00000000 00:00 0 
7fe0c8101000-7fe0c9a00000 rw-p 00000000 00:00 0 
7fe0c9a00000-7fe0c9c01000 rw-s 00000000 00:22 3041                       /home/mleku/.cache/mesa_shader_cache/index
7fe0c9c85000-7fe0c9c86000 rw-p 00000000 00:00 0 
7fe0c9c86000-7fe0c9c8a000 ---p 00000000 00:00 0 
7fe0c9c8a000-7fe0ca587000 rw-p 00000000 00:00 0 
7fe0ca587000-7fe0ca594000 r--p 00000000 00:22 6914745                    /usr/lib/libncursesw.so.6.6
7fe0ca594000-7fe0ca5dc000 r-xp 0000d000 00:22 6914745                    /usr/lib/libncursesw.so.6.6
7fe0ca5dc000-7fe0ca5f2000 r--p 00055000 00:22 6914745                    /usr/lib/libncursesw.so.6.6
7fe0ca5f2000-7fe0ca5f7000 r--p 0006a000 00:22 6914745                    /usr/lib/libncursesw.so.6.6
7fe0ca5f7000-7fe0ca5f8000 rw-p 0006f000 00:22 6914745                    /usr/lib/libncursesw.so.6.6
7fe0ca5f8000-7fe0ca5fe000 r--p 00000000 00:22 9263247                    /usr/lib/libedit.so.0.0.78
7fe0ca5fe000-7fe0ca620000 r-xp 00006000 00:22 9263247                    /usr/lib/libedit.so.0.0.78
7fe0ca620000-7fe0ca62d000 r--p 00028000 00:22 9263247                    /usr/lib/libedit.so.0.0.78
7fe0ca62d000-7fe0ca630000 r--p 00034000 00:22 9263247                    /usr/lib/libedit.so.0.0.78
7fe0ca630000-7fe0ca631000 rw-p 00037000 00:22 9263247                    /usr/lib/libedit.so.0.0.78
7fe0ca631000-7fe0ca634000 rw-p 00000000 00:00 0 
7fe0ca634000-7fe0ca64b000 r--p 00000000 00:22 9645241                    /usr/lib/libSPIRV-Tools.so
7fe0ca64b000-7fe0ca777000 r-xp 00017000 00:22 9645241                    /usr/lib/libSPIRV-Tools.so
7fe0ca777000-7fe0ca7f9000 r--p 00143000 00:22 9645241                    /usr/lib/libSPIRV-Tools.so
7fe0ca7f9000-7fe0ca7fc000 r--p 001c5000 00:22 9645241                    /usr/lib/libSPIRV-Tools.so
7fe0ca7fc000-7fe0ca7fd000 rw-p 001c8000 00:22 9645241                    /usr/lib/libSPIRV-Tools.so
7fe0ca7fd000-7fe0cc000000 rw-p 00000000 00:00 0 
7fe0cc000000-7fe0cc021000 rw-p 00000000 00:00 0 
7fe0cc021000-7fe0d0000000 ---p 00000000 00:00 0 
7fe0d0000000-7fe0d0021000 rw-p 00000000 00:00 0 
7fe0d0021000-7fe0d4000000 ---p 00000000 00:00 0 
7fe0d4000000-7fe0d4021000 rw-p 00000000 00:00 0 
7fe0d4021000-7fe0d8000000 ---p 00000000 00:00 0 
7fe0d8000000-7fe0d8021000 rw-p 00000000 00:00 0 
7fe0d8021000-7fe0dc000000 ---p 00000000 00:00 0 
7fe0dc000000-7fe0dc021000 rw-p 00000000 00:00 0 
7fe0dc021000-7fe0e0000000 ---p 00000000 00:00 0 
7fe0e0000000-7fe0e0021000 rw-p 00000000 00:00 0 
7fe0e0021000-7fe0e4000000 ---p 00000000 00:00 0 
7fe0e4000000-7fe0e4021000 rw-p 00000000 00:00 0 
7fe0e4021000-7fe0e8000000 ---p 00000000 00:00 0 
7fe0e8009000-7fe0e800b000 r--p 00000000 00:22 6746945                    /usr/lib/libpciaccess.so.0.11.1
7fe0e800b000-7fe0e8010000 r-xp 00002000 00:22 6746945                    /usr/lib/libpciaccess.so.0.11.1
7fe0e8010000-7fe0e8012000 r--p 00007000 00:22 6746945                    /usr/lib/libpciaccess.so.0.11.1
7fe0e8012000-7fe0e8013000 r--p 00008000 00:22 6746945                    /usr/lib/libpciaccess.so.0.11.1
7fe0e8013000-7fe0e8014000 rw-p 00009000 00:22 6746945                    /usr/lib/libpciaccess.so.0.11.1
7fe0e8014000-7fe0e8017000 r--p 00000000 00:22 9645161                    /usr/lib/libdrm_intel.so.1.134.0
7fe0e8017000-7fe0e802e000 r-xp 00003000 00:22 9645161                    /usr/lib/libdrm_intel.so.1.134.0
7fe0e802e000-7fe0e8038000 r--p 0001a000 00:22 9645161                    /usr/lib/libdrm_intel.so.1.134.0
7fe0e8038000-7fe0e8039000 r--p 00023000 00:22 9645161                    /usr/lib/libdrm_intel.so.1.134.0
7fe0e8039000-7fe0e803a000 rw-p 00024000 00:22 9645161                    /usr/lib/libdrm_intel.so.1.134.0
7fe0e803a000-7fe0e803d000 r--p 00000000 00:22 9645158                    /usr/lib/libdrm_amdgpu.so.1.134.0
7fe0e803d000-7fe0e8043000 r-xp 00003000 00:22 9645158                    /usr/lib/libdrm_amdgpu.so.1.134.0
7fe0e8043000-7fe0e8045000 r--p 00009000 00:22 9645158                    /usr/lib/libdrm_amdgpu.so.1.134.0
7fe0e8045000-7fe0e8046000 r--p 0000a000 00:22 9645158                    /usr/lib/libdrm_amdgpu.so.1.134.0
7fe0e8046000-7fe0e8047000 rw-p 0000b000 00:22 9645158                    /usr/lib/libdrm_amdgpu.so.1.134.0
7fe0e8047000-7fe0e804a000 r--p 00000000 00:22 9103650                    /usr/lib/libelf-0.195.so
7fe0e804a000-7fe0e805e000 r-xp 00003000 00:22 9103650                    /usr/lib/libelf-0.195.so
7fe0e805e000-7fe0e8062000 r--p 00017000 00:22 9103650                    /usr/lib/libelf-0.195.so
7fe0e8062000-7fe0e8063000 r--p 0001b000 00:22 9103650                    /usr/lib/libelf-0.195.so
7fe0e8063000-7fe0e8064000 rw-p 0001c000 00:22 9103650                    /usr/lib/libelf-0.195.so
7fe0e8064000-7fe0e8065000 r--p 00000000 00:22 117573                     /usr/lib/libxshmfence.so.1.0.0
7fe0e8065000-7fe0e8066000 r-xp 00001000 00:22 117573                     /usr/lib/libxshmfence.so.1.0.0
7fe0e8066000-7fe0e8067000 r--p 00002000 00:22 117573                     /usr/lib/libxshmfence.so.1.0.0
7fe0e8067000-7fe0e8068000 r--p 00002000 00:22 117573                     /usr/lib/libxshmfence.so.1.0.0
7fe0e8068000-7fe0e8069000 rw-p 00003000 00:22 117573                     /usr/lib/libxshmfence.so.1.0.0
7fe0e8069000-7fe0e806c000 r--p 00000000 00:22 10257                      /usr/lib/libxcb-sync.so.1.0.0
7fe0e806c000-7fe0e806f000 r-xp 00003000 00:22 10257                      /usr/lib/libxcb-sync.so.1.0.0
7fe0e806f000-7fe0e8070000 r--p 00006000 00:22 10257                      /usr/lib/libxcb-sync.so.1.0.0
7fe0e8070000-7fe0e8071000 r--p 00007000 00:22 10257                      /usr/lib/libxcb-sync.so.1.0.0
7fe0e8071000-7fe0e8072000 rw-p 00008000 00:22 10257                      /usr/lib/libxcb-sync.so.1.0.0
7fe0e8072000-7fe0e8079000 r--p 00000000 00:22 10250                      /usr/lib/libxcb-randr.so.0.1.0
7fe0e8079000-7fe0e807f000 r-xp 00007000 00:22 10250                      /usr/lib/libxcb-randr.so.0.1.0
7fe0e807f000-7fe0e8082000 r--p 0000d000 00:22 10250                      /usr/lib/libxcb-randr.so.0.1.0
7fe0e8082000-7fe0e8083000 r--p 00010000 00:22 10250                      /usr/lib/libxcb-randr.so.0.1.0
7fe0e8083000-7fe0e8084000 rw-p 00011000 00:22 10250                      /usr/lib/libxcb-randr.so.0.1.0
7fe0e8084000-7fe0e8086000 r--p 00000000 00:22 309095                     /usr/lib/libsensors.so.5.0.0
7fe0e8086000-7fe0e808e000 r-xp 00002000 00:22 309095                     /usr/lib/libsensors.so.5.0.0
7fe0e808e000-7fe0e8092000 r--p 0000a000 00:22 309095                     /usr/lib/libsensors.so.5.0.0
7fe0e8092000-7fe0e8093000 r--p 0000e000 00:22 309095                     /usr/lib/libsensors.so.5.0.0
7fe0e8093000-7fe0e8094000 rw-p 0000f000 00:22 309095                     /usr/lib/libsensors.so.5.0.0
7fe0e8094000-7fe0e80a0000 r--p 00000000 00:22 10248                      /usr/lib/libxcb-glx.so.0.0.0
7fe0e80a0000-7fe0e80a9000 r-xp 0000c000 00:22 10248                      /usr/lib/libxcb-glx.so.0.0.0
7fe0e80a9000-7fe0e80ae000 r--p 00015000 00:22 10248                      /usr/lib/libxcb-glx.so.0.0.0
7fe0e80ae000-7fe0e80b0000 r--p 0001a000 00:22 10248                      /usr/lib/libxcb-glx.so.0.0.0
7fe0e80b0000-7fe0e80b1000 rw-p 0001c000 00:22 10248                      /usr/lib/libxcb-glx.so.0.0.0
7fe0e80b1000-7fe0e80b2000 rw-p 00000000 00:00 0 
7fe0e80b2000-7fe0e80b6000 ---p 00000000 00:00 0 
7fe0e80b6000-7fe0e81b3000 rw-p 00000000 00:00 0 
7fe0e81b3000-7fe0e81b7000 ---p 00000000 00:00 0 
7fe0e81b7000-7fe0e82b4000 rw-p 00000000 00:00 0 
7fe0e82b4000-7fe0e82b8000 ---p 00000000 00:00 0 
7fe0e82b8000-7fe0e83b5000 rw-p 00000000 00:00 0 
7fe0e83b5000-7fe0e83b9000 ---p 00000000 00:00 0 
7fe0e83b9000-7fe0e84b6000 rw-p 00000000 00:00 0 
7fe0e84b6000-7fe0e84ba000 ---p 00000000 00:00 0 
7fe0e84ba000-7fe0e85b6000 rw-p 00000000 00:00 0 
7fe0e85b6000-7fe0e85c5000 r--p 00000000 00:22 9189652                    /usr/lib/libibus-1.0.so.5.0.534
7fe0e85c5000-7fe0e85fc000 r-xp 0000f000 00:22 9189652                    /usr/lib/libibus-1.0.so.5.0.534
7fe0e85fc000-7fe0e8637000 r--p 00046000 00:22 9189652                    /usr/lib/libibus-1.0.so.5.0.534
7fe0e8637000-7fe0e863a000 r--p 00080000 00:22 9189652                    /usr/lib/libibus-1.0.so.5.0.534
7fe0e863a000-7fe0e863b000 rw-p 00083000 00:22 9189652                    /usr/lib/libibus-1.0.so.5.0.534
7fe0e863b000-7fe0e86cd000 r--p 00000000 00:22 10097834                   /usr/share/fonts/noto/NotoSansMono-Regular.ttf
7fe0e86cd000-7fe0e8765000 r--p 00000000 00:22 10097593                   /usr/share/fonts/noto/NotoSans-Regular.ttf
7fe0e8765000-7fe0e87fd000 r--p 00000000 00:22 10097593                   /usr/share/fonts/noto/NotoSans-Regular.ttf
7fe0e87fd000-7fe0ea000000 rw-p 00000000 00:00 0 
7fe0ea000000-7fe0ebf94000 r--p 00000000 00:22 6744665                    /usr/lib/libicudata.so.78.3
7fe0ebf94000-7fe0ebf95000 r--p 01f93000 00:22 6744665                    /usr/lib/libicudata.so.78.3
7fe0ebf98000-7fe0ebf9b000 r--p 00000000 00:22 10259                      /usr/lib/libxcb-xfixes.so.0.0.0
7fe0ebf9b000-7fe0ebf9e000 r-xp 00003000 00:22 10259                      /usr/lib/libxcb-xfixes.so.0.0.0
7fe0ebf9e000-7fe0ebf9f000 r--p 00006000 00:22 10259                      /usr/lib/libxcb-xfixes.so.0.0.0
7fe0ebf9f000-7fe0ebfa0000 r--p 00007000 00:22 10259                      /usr/lib/libxcb-xfixes.so.0.0.0
7fe0ebfa0000-7fe0ebfa1000 rw-p 00008000 00:22 10259                      /usr/lib/libxcb-xfixes.so.0.0.0
7fe0ebfa1000-7fe0ebfa2000 r--p 00000000 00:22 10249                      /usr/lib/libxcb-present.so.0.0.0
7fe0ebfa2000-7fe0ebfa3000 r-xp 00001000 00:22 10249                      /usr/lib/libxcb-present.so.0.0.0
7fe0ebfa3000-7fe0ebfa4000 r--p 00002000 00:22 10249                      /usr/lib/libxcb-present.so.0.0.0
7fe0ebfa4000-7fe0ebfa5000 r--p 00002000 00:22 10249                      /usr/lib/libxcb-present.so.0.0.0
7fe0ebfa5000-7fe0ebfa6000 rw-p 00003000 00:22 10249                      /usr/lib/libxcb-present.so.0.0.0
7fe0ebfa6000-7fe0ebfab000 r--p 00000000 00:22 10096456                   /usr/lib/libGLX_mesa.so.0.0.0
7fe0ebfab000-7fe0ebfeb000 r-xp 00005000 00:22 10096456                   /usr/lib/libGLX_mesa.so.0.0.0
7fe0ebfeb000-7fe0ebffb000 r--p 00045000 00:22 10096456                   /usr/lib/libGLX_mesa.so.0.0.0
7fe0ebffb000-7fe0ebfff000 r--p 00054000 00:22 10096456                   /usr/lib/libGLX_mesa.so.0.0.0
7fe0ebfff000-7fe0ec000000 rw-p 00058000 00:22 10096456                   /usr/lib/libGLX_mesa.so.0.0.0
7fe0ec000000-7fe0ec0a2000 rw-p 00000000 00:00 0 
7fe0ec0a2000-7fe0f0000000 ---p 00000000 00:00 0 
7fe0f0019000-7fe0f001a000 rw-p 00000000 00:00 0 
7fe0f001a000-7fe0f001e000 ---p 00000000 00:00 0 
7fe0f001e000-7fe0f003c000 rw-p 00000000 00:00 0 
7fe0f003c000-7fe0f0043000 r--s 00000000 00:22 10088609                   /usr/lib/gconv/gconv-modules.cache
7fe0f0043000-7fe0f0119000 rw-p 00000000 00:00 0 
7fe0f011a000-7fe0f011c000 r--p 00000000 00:22 10247                      /usr/lib/libxcb-dri3.so.0.1.0
7fe0f011c000-7fe0f011e000 r-xp 00002000 00:22 10247                      /usr/lib/libxcb-dri3.so.0.1.0
7fe0f011e000-7fe0f011f000 r--p 00004000 00:22 10247                      /usr/lib/libxcb-dri3.so.0.1.0
7fe0f011f000-7fe0f0120000 r--p 00004000 00:22 10247                      /usr/lib/libxcb-dri3.so.0.1.0
7fe0f0120000-7fe0f0121000 rw-p 00005000 00:22 10247                      /usr/lib/libxcb-dri3.so.0.1.0
7fe0f0121000-7fe0f0122000 r--p 00000000 00:22 1663804                    /usr/lib/libXxf86vm.so.1.0.0
7fe0f0122000-7fe0f0125000 r-xp 00001000 00:22 1663804                    /usr/lib/libXxf86vm.so.1.0.0
7fe0f0125000-7fe0f0126000 r--p 00004000 00:22 1663804                    /usr/lib/libXxf86vm.so.1.0.0
7fe0f0126000-7fe0f0127000 r--p 00004000 00:22 1663804                    /usr/lib/libXxf86vm.so.1.0.0
7fe0f0127000-7fe0f0128000 rw-p 00005000 00:22 1663804                    /usr/lib/libXxf86vm.so.1.0.0
7fe0f0128000-7fe0f0129000 r--p 00000000 00:22 5529099                    /usr/lib/libX11-xcb.so.1.0.0
7fe0f0129000-7fe0f012a000 r-xp 00001000 00:22 5529099                    /usr/lib/libX11-xcb.so.1.0.0
7fe0f012a000-7fe0f012b000 r--p 00002000 00:22 5529099                    /usr/lib/libX11-xcb.so.1.0.0
7fe0f012b000-7fe0f012c000 r--p 00002000 00:22 5529099                    /usr/lib/libX11-xcb.so.1.0.0
7fe0f012c000-7fe0f012d000 rw-p 00003000 00:22 5529099                    /usr/lib/libX11-xcb.so.1.0.0
7fe0f012d000-7fe0f0132000 r--p 00000000 00:22 9645155                    /usr/lib/libdrm.so.2.134.0
7fe0f0132000-7fe0f013e000 r-xp 00005000 00:22 9645155                    /usr/lib/libdrm.so.2.134.0
7fe0f013e000-7fe0f0142000 r--p 00011000 00:22 9645155                    /usr/lib/libdrm.so.2.134.0
7fe0f0142000-7fe0f0143000 r--p 00015000 00:22 9645155                    /usr/lib/libdrm.so.2.134.0
7fe0f0143000-7fe0f0144000 rw-p 00016000 00:22 9645155                    /usr/lib/libdrm.so.2.134.0
7fe0f0144000-7fe0f0145000 rw-p 00000000 00:00 0 
7fe0f0145000-7fe0f0149000 ---p 00000000 00:00 0 
7fe0f0149000-7fe0f0246000 rw-p 00000000 00:00 0 
7fe0f0246000-7fe0f024a000 ---p 00000000 00:00 0 
7fe0f024a000-7fe0f0347000 rw-p 00000000 00:00 0 
7fe0f0347000-7fe0f034b000 ---p 00000000 00:00 0 
7fe0f034b000-7fe0f0448000 rw-p 00000000 00:00 0 
7fe0f0448000-7fe0f044c000 ---p 00000000 00:00 0 
7fe0f044c000-7fe0f0548000 rw-p 00000000 00:00 0 
7fe0f0548000-7fe0f0556000 r--p 00000000 00:22 10164432                   /usr/lib/gvfs/libgvfscommon.so
7fe0f0556000-7fe0f0571000 r-xp 0000e000 00:22 10164432                   /usr/lib/gvfs/libgvfscommon.so
7fe0f0571000-7fe0f057d000 r--p 00029000 00:22 10164432                   /usr/lib/gvfs/libgvfscommon.so
7fe0f057d000-7fe0f0583000 r--p 00035000 00:22 10164432                   /usr/lib/gvfs/libgvfscommon.so
7fe0f0583000-7fe0f0584000 rw-p 0003b000 00:22 10164432                   /usr/lib/gvfs/libgvfscommon.so
7fe0f0584000-7fe0f0586000 r--p 00000000 00:22 329580                     /usr/lib/libogg.so.0.8.6
7fe0f0586000-7fe0f0589000 r-xp 00002000 00:22 329580                     /usr/lib/libogg.so.0.8.6
7fe0f0589000-7fe0f058c000 r--p 00005000 00:22 329580                     /usr/lib/libogg.so.0.8.6
7fe0f058c000-7fe0f058d000 r--p 00008000 00:22 329580                     /usr/lib/libogg.so.0.8.6
7fe0f058d000-7fe0f058e000 rw-p 00009000 00:22 329580                     /usr/lib/libogg.so.0.8.6
7fe0f058e000-7fe0f0591000 r--p 00000000 00:22 117519                     /usr/lib/libvorbis.so.0.4.9
7fe0f0591000-7fe0f05a9000 r-xp 00003000 00:22 117519                     /usr/lib/libvorbis.so.0.4.9
7fe0f05a9000-7fe0f05ba000 r--p 0001b000 00:22 117519                     /usr/lib/libvorbis.so.0.4.9
7fe0f05ba000-7fe0f05bb000 r--p 0002b000 00:22 117519                     /usr/lib/libvorbis.so.0.4.9
7fe0f05bb000-7fe0f05bc000 rw-p 0002c000 00:22 117519                     /usr/lib/libvorbis.so.0.4.9
7fe0f05bc000-7fe0f05be000 r--p 00000000 00:22 10098408                   /usr/lib/libltdl.so.7.3.6
7fe0f05be000-7fe0f05c3000 r-xp 00002000 00:22 10098408                   /usr/lib/libltdl.so.7.3.6
7fe0f05c3000-7fe0f05c5000 r--p 00007000 00:22 10098408                   /usr/lib/libltdl.so.7.3.6
7fe0f05c5000-7fe0f05c6000 r--p 00009000 00:22 10098408                   /usr/lib/libltdl.so.7.3.6
7fe0f05c6000-7fe0f05c7000 rw-p 0000a000 00:22 10098408                   /usr/lib/libltdl.so.7.3.6
7fe0f05c7000-7fe0f05cb000 r--p 00000000 00:22 1664640                    /usr/lib/libtdb.so.1.4.15
7fe0f05cb000-7fe0f05d9000 r-xp 00004000 00:22 1664640                    /usr/lib/libtdb.so.1.4.15
7fe0f05d9000-7fe0f05de000 r--p 00012000 00:22 1664640                    /usr/lib/libtdb.so.1.4.15
7fe0f05de000-7fe0f05df000 r--p 00016000 00:22 1664640                    /usr/lib/libtdb.so.1.4.15
7fe0f05df000-7fe0f05e0000 rw-p 00017000 00:22 1664640                    /usr/lib/libtdb.so.1.4.15
7fe0f05e0000-7fe0f05e2000 r--p 00000000 00:22 117521                     /usr/lib/libvorbisfile.so.3.3.8
7fe0f05e2000-7fe0f05e7000 r-xp 00002000 00:22 117521                     /usr/lib/libvorbisfile.so.3.3.8
7fe0f05e7000-7fe0f05e8000 r--p 00007000 00:22 117521                     /usr/lib/libvorbisfile.so.3.3.8
7fe0f05e8000-7fe0f05e9000 r--p 00007000 00:22 117521                     /usr/lib/libvorbisfile.so.3.3.8
7fe0f05e9000-7fe0f05ea000 rw-p 00008000 00:22 117521                     /usr/lib/libvorbisfile.so.3.3.8
7fe0f05ea000-7fe0f0613000 r--s 00000000 00:22 19811                      /var/cache/fontconfig/f2e43df3287529323e79e7929dc44cc9-le64.cache-11
7fe0f0613000-7fe0f072b000 r--s 00000000 00:22 21833                      /var/cache/fontconfig/923e285e415b1073c8df160bee08820f-le64.cache-11
7fe0f072b000-7fe0f079b000 r--s 00000000 00:22 19795                      /var/cache/fontconfig/f6b893a7224233d96cb72fd88691c0b4-le64.cache-11
7fe0f079b000-7fe0f0800000 r--s 00000000 00:22 28524892                   /home/mleku/.cache/fontconfig/5ced086c378f87cc8519016917c034bd-le64.cache-11
7fe0f0800000-7fe0f0848000 r--p 00000000 00:22 6744680                    /usr/lib/libicuuc.so.78.3
7fe0f0848000-7fe0f0965000 r-xp 00048000 00:22 6744680                    /usr/lib/libicuuc.so.78.3
7fe0f0965000-7fe0f09f8000 r--p 00165000 00:22 6744680                    /usr/lib/libicuuc.so.78.3
7fe0f09f8000-7fe0f0a0b000 r--p 001f8000 00:22 6744680                    /usr/lib/libicuuc.so.78.3
7fe0f0a0b000-7fe0f0a0c000 rw-p 0020b000 00:22 6744680                    /usr/lib/libicuuc.so.78.3
7fe0f0a0c000-7fe0f0a0e000 rw-p 00000000 00:00 0 
7fe0f0a12000-7fe0f0a15000 r--p 00000000 00:22 333741                     /usr/lib/libcanberra.so.0.2.5
7fe0f0a15000-7fe0f0a1f000 r-xp 00003000 00:22 333741                     /usr/lib/libcanberra.so.0.2.5
7fe0f0a1f000-7fe0f0a22000 r--p 0000d000 00:22 333741                     /usr/lib/libcanberra.so.0.2.5
7fe0f0a22000-7fe0f0a23000 r--p 00010000 00:22 333741                     /usr/lib/libcanberra.so.0.2.5
7fe0f0a23000-7fe0f0a24000 rw-p 00011000 00:22 333741                     /usr/lib/libcanberra.so.0.2.5
7fe0f0a24000-7fe0f0a26000 r--p 00000000 00:22 333738                     /usr/lib/libcanberra-gtk3.so.0.1.9
7fe0f0a26000-7fe0f0a28000 r-xp 00002000 00:22 333738                     /usr/lib/libcanberra-gtk3.so.0.1.9
7fe0f0a28000-7fe0f0a29000 r--p 00004000 00:22 333738                     /usr/lib/libcanberra-gtk3.so.0.1.9
7fe0f0a29000-7fe0f0a2a000 r--p 00004000 00:22 333738                     /usr/lib/libcanberra-gtk3.so.0.1.9
7fe0f0a2a000-7fe0f0a2b000 rw-p 00005000 00:22 333738                     /usr/lib/libcanberra-gtk3.so.0.1.9
7fe0f0a2b000-7fe0f0a2f000 r--p 00000000 00:22 1665341                    /usr/lib/libxkbfile.so.1.0.2
7fe0f0a2f000-7fe0f0a4a000 r-xp 00004000 00:22 1665341                    /usr/lib/libxkbfile.so.1.0.2
7fe0f0a4a000-7fe0f0a50000 r--p 0001f000 00:22 1665341                    /usr/lib/libxkbfile.so.1.0.2
7fe0f0a50000-7fe0f0a51000 r--p 00025000 00:22 1665341                    /usr/lib/libxkbfile.so.1.0.2
7fe0f0a51000-7fe0f0a52000 rw-p 00026000 00:22 1665341                    /usr/lib/libxkbfile.so.1.0.2
7fe0f0a52000-7fe0f0a62000 r--s 00000000 00:22 19807                      /var/cache/fontconfig/8d4af663993b81a124ee82e610bb31f9-le64.cache-11
7fe0f0a62000-7fe0f0a72000 r--s 00000000 00:22 19803                      /var/cache/fontconfig/491f45a0a771fef1c10b9b647a97fb82-le64.cache-11
7fe0f0a72000-7fe0f0a78000 r--p 00000000 00:22 336386                     /usr/lib/libxklavier.so.16.4.0
7fe0f0a78000-7fe0f0a84000 r-xp 00006000 00:22 336386                     /usr/lib/libxklavier.so.16.4.0
7fe0f0a84000-7fe0f0a8b000 r--p 00012000 00:22 336386                     /usr/lib/libxklavier.so.16.4.0
7fe0f0a8b000-7fe0f0a8c000 r--p 00018000 00:22 336386                     /usr/lib/libxklavier.so.16.4.0
7fe0f0a8c000-7fe0f0a8d000 rw-p 00019000 00:22 336386                     /usr/lib/libxklavier.so.16.4.0
7fe0f0a8d000-7fe0f0a9e000 r--p 00000000 00:22 336436                     /usr/lib/libxapp.so.3.2.2
7fe0f0a9e000-7fe0f0ab9000 r-xp 00011000 00:22 336436                     /usr/lib/libxapp.so.3.2.2
7fe0f0ab9000-7fe0f0ac5000 r--p 0002c000 00:22 336436                     /usr/lib/libxapp.so.3.2.2
7fe0f0ac5000-7fe0f0ac8000 r--p 00037000 00:22 336436                     /usr/lib/libxapp.so.3.2.2
7fe0f0ac8000-7fe0f0ac9000 rw-p 0003a000 00:22 336436                     /usr/lib/libxapp.so.3.2.2
7fe0f0aca000-7fe0f0ace000 r--p 00000000 00:22 9189671                    /usr/lib/gtk-3.0/3.0.0/immodules/im-ibus.so
7fe0f0ace000-7fe0f0ad2000 r-xp 00004000 00:22 9189671                    /usr/lib/gtk-3.0/3.0.0/immodules/im-ibus.so
7fe0f0ad2000-7fe0f0ad4000 r--p 00008000 00:22 9189671                    /usr/lib/gtk-3.0/3.0.0/immodules/im-ibus.so
7fe0f0ad4000-7fe0f0ad5000 r--p 00009000 00:22 9189671                    /usr/lib/gtk-3.0/3.0.0/immodules/im-ibus.so
7fe0f0ad5000-7fe0f0ad6000 rw-p 0000a000 00:22 9189671                    /usr/lib/gtk-3.0/3.0.0/immodules/im-ibus.so
7fe0f0ad6000-7fe0f0ae0000 r--p 00000000 00:22 10164430                   /usr/lib/gio/modules/libgvfsdbus.so
7fe0f0ae0000-7fe0f0afc000 r-xp 0000a000 00:22 10164430                   /usr/lib/gio/modules/libgvfsdbus.so
7fe0f0afc000-7fe0f0b05000 r--p 00026000 00:22 10164430                   /usr/lib/gio/modules/libgvfsdbus.so
7fe0f0b05000-7fe0f0b07000 r--p 0002f000 00:22 10164430                   /usr/lib/gio/modules/libgvfsdbus.so
7fe0f0b07000-7fe0f0b08000 rw-p 00031000 00:22 10164430                   /usr/lib/gio/modules/libgvfsdbus.so
7fe0f0b08000-7fe0f0b0a000 r--p 00000000 00:22 265340                     /usr/lib/libseccomp.so.2.6.0
7fe0f0b0a000-7fe0f0b1a000 r-xp 00002000 00:22 265340                     /usr/lib/libseccomp.so.2.6.0
7fe0f0b1a000-7fe0f0b33000 r--p 00012000 00:22 265340                     /usr/lib/libseccomp.so.2.6.0
7fe0f0b33000-7fe0f0b34000 r--p 0002b000 00:22 265340                     /usr/lib/libseccomp.so.2.6.0
7fe0f0b34000-7fe0f0b35000 rw-p 0002c000 00:22 265340                     /usr/lib/libseccomp.so.2.6.0
7fe0f0b35000-7fe0f0b3e000 r--p 00000000 00:22 9102852                    /usr/lib/liblcms2.so.2.0.19
7fe0f0b3e000-7fe0f0b85000 r-xp 00009000 00:22 9102852                    /usr/lib/liblcms2.so.2.0.19
7fe0f0b85000-7fe0f0b9a000 r--p 00050000 00:22 9102852                    /usr/lib/liblcms2.so.2.0.19
7fe0f0b9a000-7fe0f0b9d000 r--p 00064000 00:22 9102852                    /usr/lib/liblcms2.so.2.0.19
7fe0f0b9d000-7fe0f0ba0000 rw-p 00067000 00:22 9102852                    /usr/lib/liblcms2.so.2.0.19
7fe0f0ba0000-7fe0f0ba1000 rw-p 00000000 00:00 0 
7fe0f0ba1000-7fe0f0ba3000 r--p 00000000 00:22 288663                     /usr/lib/libdatrie.so.1.4.1
7fe0f0ba3000-7fe0f0ba7000 r-xp 00002000 00:22 288663                     /usr/lib/libdatrie.so.1.4.1
7fe0f0ba7000-7fe0f0ba8000 r--p 00006000 00:22 288663                     /usr/lib/libdatrie.so.1.4.1
7fe0f0ba8000-7fe0f0ba9000 r--p 00006000 00:22 288663                     /usr/lib/libdatrie.so.1.4.1
7fe0f0ba9000-7fe0f0baa000 rw-p 00007000 00:22 288663                     /usr/lib/libdatrie.so.1.4.1
7fe0f0baa000-7fe0f0bbf000 r--p 00000000 00:22 10089244                   /usr/lib/libsystemd.so.0.44.0
7fe0f0bbf000-7fe0f0c97000 r-xp 00015000 00:22 10089244                   /usr/lib/libsystemd.so.0.44.0
7fe0f0c97000-7fe0f0ce6000 r--p 000ed000 00:22 10089244                   /usr/lib/libsystemd.so.0.44.0
7fe0f0ce6000-7fe0f0cef000 r--p 0013b000 00:22 10089244                   /usr/lib/libsystemd.so.0.44.0
7fe0f0cef000-7fe0f0cf0000 rw-p 00144000 00:22 10089244                   /usr/lib/libsystemd.so.0.44.0
7fe0f0cf0000-7fe0f0cf1000 rw-p 00000000 00:00 0 
7fe0f0cf1000-7fe0f0cf6000 r--p 00000000 00:22 9612533                    /usr/lib/libblkid.so.1.1.0
7fe0f0cf6000-7fe0f0d1f000 r-xp 00005000 00:22 9612533                    /usr/lib/libblkid.so.1.1.0
7fe0f0d1f000-7fe0f0d2a000 r--p 0002e000 00:22 9612533                    /usr/lib/libblkid.so.1.1.0
7fe0f0d2a000-7fe0f0d30000 r--p 00038000 00:22 9612533                    /usr/lib/libblkid.so.1.1.0
7fe0f0d30000-7fe0f0d31000 rw-p 0003e000 00:22 9612533                    /usr/lib/libblkid.so.1.1.0
7fe0f0d31000-7fe0f0d3b000 r--p 00000000 00:22 10088679                   /usr/lib/libsqlite3.so.3.53.3
7fe0f0d3b000-7fe0f0e8a000 r-xp 0000a000 00:22 10088679                   /usr/lib/libsqlite3.so.3.53.3
7fe0f0e8a000-7fe0f0ec1000 r--p 00159000 00:22 10088679                   /usr/lib/libsqlite3.so.3.53.3
7fe0f0ec1000-7fe0f0ec5000 r--p 00190000 00:22 10088679                   /usr/lib/libsqlite3.so.3.53.3
7fe0f0ec5000-7fe0f0eca000 rw-p 00194000 00:22 10088679                   /usr/lib/libsqlite3.so.3.53.3
7fe0f0eca000-7fe0f0ee4000 r--p 00000000 00:22 8968455                    /usr/lib/libxml2.so.16.1.3
7fe0f0ee4000-7fe0f0fb8000 r-xp 0001a000 00:22 8968455                    /usr/lib/libxml2.so.16.1.3
7fe0f0fb8000-7fe0f0ff5000 r--p 000ee000 00:22 8968455                    /usr/lib/libxml2.so.16.1.3
7fe0f0ff5000-7fe0f0ffe000 r--p 0012b000 00:22 8968455                    /usr/lib/libxml2.so.16.1.3
7fe0f0ffe000-7fe0f0fff000 rw-p 00134000 00:22 8968455                    /usr/lib/libxml2.so.16.1.3
7fe0f0fff000-7fe0f1000000 rw-p 00000000 00:00 0 
7fe0f1000000-7fe0f10c3000 r--p 00000000 00:22 10407137                   /usr/lib/libglycin-2.so.0
7fe0f10c3000-7fe0f13e0000 r-xp 000c2000 00:22 10407137                   /usr/lib/libglycin-2.so.0
7fe0f13e0000-7fe0f13f9000 r--p 003de000 00:22 10407137                   /usr/lib/libglycin-2.so.0
7fe0f13f9000-7fe0f13fd000 rw-p 003f6000 00:22 10407137                   /usr/lib/libglycin-2.so.0
7fe0f13ff000-7fe0f1408000 r--p 00000000 00:22 309824                     /usr/lib/libjson-glib-1.0.so.0.1000.8
7fe0f1408000-7fe0f141e000 r-xp 00009000 00:22 309824                     /usr/lib/libjson-glib-1.0.so.0.1000.8
7fe0f141e000-7fe0f1427000 r--p 0001f000 00:22 309824                     /usr/lib/libjson-glib-1.0.so.0.1000.8
7fe0f1427000-7fe0f1428000 r--p 00028000 00:22 309824                     /usr/lib/libjson-glib-1.0.so.0.1000.8
7fe0f1428000-7fe0f1429000 rw-p 00029000 00:22 309824                     /usr/lib/libjson-glib-1.0.so.0.1000.8
7fe0f1429000-7fe0f1437000 r--p 00000000 00:22 9909                       /usr/lib/libdbus-1.so.3.38.3
7fe0f1437000-7fe0f1468000 r-xp 0000e000 00:22 9909                       /usr/lib/libdbus-1.so.3.38.3
7fe0f1468000-7fe0f1479000 r--p 0003f000 00:22 9909                       /usr/lib/libdbus-1.so.3.38.3
7fe0f1479000-7fe0f147b000 r--p 0004f000 00:22 9909                       /usr/lib/libdbus-1.so.3.38.3
7fe0f147b000-7fe0f147c000 rw-p 00051000 00:22 9909                       /usr/lib/libdbus-1.so.3.38.3
7fe0f147c000-7fe0f148a000 r--p 00000000 00:22 10094198                   /usr/lib/libatspi.so.0.0.1
7fe0f148a000-7fe0f14a5000 r-xp 0000e000 00:22 10094198                   /usr/lib/libatspi.so.0.0.1
7fe0f14a5000-7fe0f14b3000 r--p 00029000 00:22 10094198                   /usr/lib/libatspi.so.0.0.1
7fe0f14b3000-7fe0f14b7000 r--p 00037000 00:22 10094198                   /usr/lib/libatspi.so.0.0.1
7fe0f14b7000-7fe0f14b8000 rw-p 0003b000 00:22 10094198                   /usr/lib/libatspi.so.0.0.1
7fe0f14b8000-7fe0f14bd000 r--p 00000000 00:22 287982                     /usr/lib/libpixman-1.so.0.46.4
7fe0f14bd000-7fe0f154e000 r-xp 00005000 00:22 287982                     /usr/lib/libpixman-1.so.0.46.4
7fe0f154e000-7fe0f155e000 r--p 00096000 00:22 287982                     /usr/lib/libpixman-1.so.0.46.4
7fe0f155e000-7fe0f1566000 r--p 000a6000 00:22 287982                     /usr/lib/libpixman-1.so.0.46.4
7fe0f1566000-7fe0f1567000 rw-p 000ae000 00:22 287982                     /usr/lib/libpixman-1.so.0.46.4
7fe0f1567000-7fe0f156d000 r--p 00000000 00:22 10252                      /usr/lib/libxcb-render.so.0.0.0
7fe0f156d000-7fe0f1572000 r-xp 00006000 00:22 10252                      /usr/lib/libxcb-render.so.0.0.0
7fe0f1572000-7fe0f1574000 r--p 0000b000 00:22 10252                      /usr/lib/libxcb-render.so.0.0.0
7fe0f1574000-7fe0f1575000 r--p 0000d000 00:22 10252                      /usr/lib/libxcb-render.so.0.0.0
7fe0f1575000-7fe0f1576000 rw-p 0000e000 00:22 10252                      /usr/lib/libxcb-render.so.0.0.0
7fe0f1576000-7fe0f1580000 r--p 00000000 00:22 9612542                    /usr/lib/libmount.so.1.1.0
7fe0f1580000-7fe0f15be000 r-xp 0000a000 00:22 9612542                    /usr/lib/libmount.so.1.1.0
7fe0f15be000-7fe0f15cf000 r--p 00048000 00:22 9612542                    /usr/lib/libmount.so.1.1.0
7fe0f15cf000-7fe0f15d1000 r--p 00059000 00:22 9612542                    /usr/lib/libmount.so.1.1.0
7fe0f15d1000-7fe0f15d2000 rw-p 0005b000 00:22 9612542                    /usr/lib/libmount.so.1.1.0
7fe0f15d2000-7fe0f15d6000 r--p 00000000 00:22 9645073                    /usr/lib/libxkbcommon.so.0.13.2
7fe0f15d6000-7fe0f1605000 r-xp 00004000 00:22 9645073                    /usr/lib/libxkbcommon.so.0.13.2
7fe0f1605000-7fe0f162e000 r--p 00033000 00:22 9645073                    /usr/lib/libxkbcommon.so.0.13.2
7fe0f162e000-7fe0f1630000 r--p 0005b000 00:22 9645073                    /usr/lib/libxkbcommon.so.0.13.2
7fe0f1630000-7fe0f1631000 rw-p 0005d000 00:22 9645073                    /usr/lib/libxkbcommon.so.0.13.2
7fe0f1631000-7fe0f1641000 r--p 00000000 00:22 8971165                    /usr/lib/libtinysparql-3.0.so.0.1101.0
7fe0f1641000-7fe0f16c0000 r-xp 00010000 00:22 8971165                    /usr/lib/libtinysparql-3.0.so.0.1101.0
7fe0f16c0000-7fe0f16f5000 r--p 0008f000 00:22 8971165                    /usr/lib/libtinysparql-3.0.so.0.1101.0
7fe0f16f5000-7fe0f1704000 r--p 000c3000 00:22 8971165                    /usr/lib/libtinysparql-3.0.so.0.1101.0
7fe0f1704000-7fe0f1705000 rw-p 000d2000 00:22 8971165                    /usr/lib/libtinysparql-3.0.so.0.1101.0
7fe0f1705000-7fe0f174f000 r--p 00000000 00:22 117087                     /usr/lib/libepoxy.so.0.0.0
7fe0f174f000-7fe0f17b5000 r-xp 0004a000 00:22 117087                     /usr/lib/libepoxy.so.0.0.0
7fe0f17b5000-7fe0f1803000 r--p 000b0000 00:22 117087                     /usr/lib/libepoxy.so.0.0.0
7fe0f1803000-7fe0f180b000 r--p 000fd000 00:22 117087                     /usr/lib/libepoxy.so.0.0.0
7fe0f180b000-7fe0f1812000 rw-p 00105000 00:22 117087                     /usr/lib/libepoxy.so.0.0.0
7fe0f1812000-7fe0f1844000 r--p 00000000 00:22 10089022                   /usr/lib/libgio-2.0.so.0.8800.2
7fe0f1844000-7fe0f1973000 r-xp 00032000 00:22 10089022                   /usr/lib/libgio-2.0.so.0.8800.2
7fe0f1973000-7fe0f19f4000 r--p 00161000 00:22 10089022                   /usr/lib/libgio-2.0.so.0.8800.2
7fe0f19f4000-7fe0f19fd000 r--p 001e1000 00:22 10089022                   /usr/lib/libgio-2.0.so.0.8800.2
7fe0f19fd000-7fe0f19fe000 rw-p 001ea000 00:22 10089022                   /usr/lib/libgio-2.0.so.0.8800.2
7fe0f19fe000-7fe0f1a00000 rw-p 00000000 00:00 0 
7fe0f1a00000-7fe0f1a70000 r--p 00000000 00:22 6931863                    /usr/lib/libgtk-3.so.0.2420.32
7fe0f1a70000-7fe0f1e27000 r-xp 00070000 00:22 6931863                    /usr/lib/libgtk-3.so.0.2420.32
7fe0f1e27000-7fe0f20e5000 r--p 00427000 00:22 6931863                    /usr/lib/libgtk-3.so.0.2420.32
7fe0f20e5000-7fe0f20f7000 r--p 006e5000 00:22 6931863                    /usr/lib/libgtk-3.so.0.2420.32
7fe0f20f7000-7fe0f20f9000 rw-p 006f7000 00:22 6931863                    /usr/lib/libgtk-3.so.0.2420.32
7fe0f20f9000-7fe0f20fe000 rw-p 00000000 00:00 0 
7fe0f20ff000-7fe0f2100000 r--p 00000000 00:22 10706333                   /opt/simplex/lib/runtime/lib/libjawt.so
7fe0f2100000-7fe0f2101000 r-xp 00001000 00:22 10706333                   /opt/simplex/lib/runtime/lib/libjawt.so
7fe0f2101000-7fe0f2102000 r--p 00002000 00:22 10706333                   /opt/simplex/lib/runtime/lib/libjawt.so
7fe0f2102000-7fe0f2103000 r--p 00002000 00:22 10706333                   /opt/simplex/lib/runtime/lib/libjawt.so
7fe0f2103000-7fe0f2104000 rw-p 00003000 00:22 10706333                   /opt/simplex/lib/runtime/lib/libjawt.so
7fe0f2104000-7fe0f2105000 r--p 00000000 00:22 10256                      /usr/lib/libxcb-shm.so.0.0.0
7fe0f2105000-7fe0f2106000 r-xp 00001000 00:22 10256                      /usr/lib/libxcb-shm.so.0.0.0
7fe0f2106000-7fe0f2107000 r--p 00002000 00:22 10256                      /usr/lib/libxcb-shm.so.0.0.0
7fe0f2107000-7fe0f2108000 r--p 00002000 00:22 10256                      /usr/lib/libxcb-shm.so.0.0.0
7fe0f2108000-7fe0f2109000 rw-p 00003000 00:22 10256                      /usr/lib/libxcb-shm.so.0.0.0
7fe0f2109000-7fe0f210b000 r--p 00000000 00:22 288717                     /usr/lib/libthai.so.0.3.2
7fe0f210b000-7fe0f210f000 r-xp 00002000 00:22 288717                     /usr/lib/libthai.so.0.3.2
7fe0f210f000-7fe0f2112000 r--p 00006000 00:22 288717                     /usr/lib/libthai.so.0.3.2
7fe0f2112000-7fe0f2113000 r--p 00008000 00:22 288717                     /usr/lib/libthai.so.0.3.2
7fe0f2113000-7fe0f2114000 rw-p 00009000 00:22 288717                     /usr/lib/libthai.so.0.3.2
7fe0f2114000-7fe0f2116000 r--p 00000000 00:22 1663735                    /usr/lib/libXrandr.so.2.2.0
7fe0f2116000-7fe0f211d000 r-xp 00002000 00:22 1663735                    /usr/lib/libXrandr.so.2.2.0
7fe0f211d000-7fe0f211f000 r--p 00009000 00:22 1663735                    /usr/lib/libXrandr.so.2.2.0
7fe0f211f000-7fe0f2120000 r--p 0000a000 00:22 1663735                    /usr/lib/libXrandr.so.2.2.0
7fe0f2120000-7fe0f2121000 rw-p 0000b000 00:22 1663735                    /usr/lib/libXrandr.so.2.2.0
7fe0f2121000-7fe0f2122000 r--p 00000000 00:22 1663760                    /usr/lib/libXcomposite.so.1.0.0
7fe0f2122000-7fe0f2123000 r-xp 00001000 00:22 1663760                    /usr/lib/libXcomposite.so.1.0.0
7fe0f2123000-7fe0f2124000 r--p 00002000 00:22 1663760                    /usr/lib/libXcomposite.so.1.0.0
7fe0f2124000-7fe0f2125000 r--p 00002000 00:22 1663760                    /usr/lib/libXcomposite.so.1.0.0
7fe0f2125000-7fe0f2126000 rw-p 00003000 00:22 1663760                    /usr/lib/libXcomposite.so.1.0.0
7fe0f2126000-7fe0f2127000 r--p 00000000 00:22 1663709                    /usr/lib/libXdamage.so.1.1.0
7fe0f2127000-7fe0f2128000 r-xp 00001000 00:22 1663709                    /usr/lib/libXdamage.so.1.1.0
7fe0f2128000-7fe0f2129000 r--p 00002000 00:22 1663709                    /usr/lib/libXdamage.so.1.1.0
7fe0f2129000-7fe0f212a000 r--p 00002000 00:22 1663709                    /usr/lib/libXdamage.so.1.1.0
7fe0f212a000-7fe0f212b000 rw-p 00003000 00:22 1663709                    /usr/lib/libXdamage.so.1.1.0
7fe0f212b000-7fe0f2132000 r--p 00000000 00:22 308910                     /usr/lib/libcloudproviders.so.0.4.0
7fe0f2132000-7fe0f213c000 r-xp 00007000 00:22 308910                     /usr/lib/libcloudproviders.so.0.4.0
7fe0f213c000-7fe0f2141000 r--p 00011000 00:22 308910                     /usr/lib/libcloudproviders.so.0.4.0
7fe0f2141000-7fe0f2142000 r--p 00016000 00:22 308910                     /usr/lib/libcloudproviders.so.0.4.0
7fe0f2142000-7fe0f2143000 rw-p 00017000 00:22 308910                     /usr/lib/libcloudproviders.so.0.4.0
7fe0f2143000-7fe0f214e000 r--p 00000000 00:22 10094195                   /usr/lib/libatk-bridge-2.0.so.0.0.0
7fe0f214e000-7fe0f2167000 r-xp 0000b000 00:22 10094195                   /usr/lib/libatk-bridge-2.0.so.0.0.0
7fe0f2167000-7fe0f217b000 r--p 00024000 00:22 10094195                   /usr/lib/libatk-bridge-2.0.so.0.0.0
7fe0f217b000-7fe0f217d000 r--p 00037000 00:22 10094195                   /usr/lib/libatk-bridge-2.0.so.0.0.0
7fe0f217d000-7fe0f217f000 rw-p 00039000 00:22 10094195                   /usr/lib/libatk-bridge-2.0.so.0.0.0
7fe0f217f000-7fe0f2187000 r--p 00000000 00:22 10094192                   /usr/lib/libatk-1.0.so.0.26014.1
7fe0f2187000-7fe0f2197000 r-xp 00008000 00:22 10094192                   /usr/lib/libatk-1.0.so.0.26014.1
7fe0f2197000-7fe0f21a2000 r--p 00018000 00:22 10094192                   /usr/lib/libatk-1.0.so.0.26014.1
7fe0f21a2000-7fe0f21a5000 r--p 00023000 00:22 10094192                   /usr/lib/libatk-1.0.so.0.26014.1
7fe0f21a5000-7fe0f21a6000 rw-p 00026000 00:22 10094192                   /usr/lib/libatk-1.0.so.0.26014.1
7fe0f21a6000-7fe0f21ad000 r--p 00000000 00:22 10096258                   /usr/lib/libgdk_pixbuf-2.0.so.0.4400.7
7fe0f21ad000-7fe0f21cf000 r-xp 00007000 00:22 10096258                   /usr/lib/libgdk_pixbuf-2.0.so.0.4400.7
7fe0f21cf000-7fe0f21dd000 r--p 00029000 00:22 10096258                   /usr/lib/libgdk_pixbuf-2.0.so.0.4400.7
7fe0f21dd000-7fe0f21df000 r--p 00036000 00:22 10096258                   /usr/lib/libgdk_pixbuf-2.0.so.0.4400.7
7fe0f21df000-7fe0f21e0000 rw-p 00038000 00:22 10096258                   /usr/lib/libgdk_pixbuf-2.0.so.0.4400.7
7fe0f21e0000-7fe0f21e2000 r--p 00000000 00:22 288618                     /usr/lib/libfribidi.so.0.4.0
7fe0f21e2000-7fe0f21e7000 r-xp 00002000 00:22 288618                     /usr/lib/libfribidi.so.0.4.0
7fe0f21e7000-7fe0f21fe000 r--p 00007000 00:22 288618                     /usr/lib/libfribidi.so.0.4.0
7fe0f21fe000-7fe0f21ff000 r--p 0001d000 00:22 288618                     /usr/lib/libfribidi.so.0.4.0
7fe0f21ff000-7fe0f2200000 rw-p 0001e000 00:22 288618                     /usr/lib/libfribidi.so.0.4.0
7fe0f2200000-7fe0f3bd8000 r-xp 00000000 00:22 10706028                   /opt/simplex/lib/app/libskiko-linux-x64.so
7fe0f3bd8000-7fe0f3dd8000 ---p 019d8000 00:22 10706028                   /opt/simplex/lib/app/libskiko-linux-x64.so
7fe0f3dd8000-7fe0f3e16000 r--p 019d8000 00:22 10706028                   /opt/simplex/lib/app/libskiko-linux-x64.so
7fe0f3e16000-7fe0f3e19000 rw-p 01a16000 00:22 10706028                   /opt/simplex/lib/app/libskiko-linux-x64.so
7fe0f3e19000-7fe0f3e25000 rw-p 00000000 00:00 0 
7fe0f3e26000-7fe0f3e29000 r--p 00000000 00:22 8971013                    /usr/lib/libwayland-client.so.0.25.0
7fe0f3e29000-7fe0f3e30000 r-xp 00003000 00:22 8971013                    /usr/lib/libwayland-client.so.0.25.0
7fe0f3e30000-7fe0f3e33000 r--p 0000a000 00:22 8971013                    /usr/lib/libwayland-client.so.0.25.0
7fe0f3e33000-7fe0f3e35000 r--p 0000c000 00:22 8971013                    /usr/lib/libwayland-client.so.0.25.0
7fe0f3e35000-7fe0f3e36000 rw-p 0000e000 00:22 8971013                    /usr/lib/libwayland-client.so.0.25.0
7fe0f3e36000-7fe0f3e3e000 r--p 00000000 00:22 10096096                   /usr/lib/libpangoft2-1.0.so.0.5800.0
7fe0f3e3e000-7fe0f3e4d000 r-xp 00008000 00:22 10096096                   /usr/lib/libpangoft2-1.0.so.0.5800.0
7fe0f3e4d000-7fe0f3e52000 r--p 00017000 00:22 10096096                   /usr/lib/libpangoft2-1.0.so.0.5800.0
7fe0f3e52000-7fe0f3e53000 r--p 0001c000 00:22 10096096                   /usr/lib/libpangoft2-1.0.so.0.5800.0
7fe0f3e53000-7fe0f3e54000 rw-p 0001d000 00:22 10096096                   /usr/lib/libpangoft2-1.0.so.0.5800.0
7fe0f3e54000-7fe0f3e62000 r--p 00000000 00:22 288015                     /usr/lib/libcairo.so.2.11804.4
7fe0f3e62000-7fe0f3f55000 r-xp 0000e000 00:22 288015                     /usr/lib/libcairo.so.2.11804.4
7fe0f3f55000-7fe0f3f8a000 r--p 00101000 00:22 288015                     /usr/lib/libcairo.so.2.11804.4
7fe0f3f8a000-7fe0f3f8e000 r--p 00136000 00:22 288015                     /usr/lib/libcairo.so.2.11804.4
7fe0f3f8e000-7fe0f3f90000 rw-p 0013a000 00:22 288015                     /usr/lib/libcairo.so.2.11804.4
7fe0f3f90000-7fe0f3f91000 rw-p 00000000 00:00 0 
7fe0f3f91000-7fe0f3f9f000 r--p 00000000 00:22 10096090                   /usr/lib/libpango-1.0.so.0.5800.0
7fe0f3f9f000-7fe0f3fdf000 r-xp 0000e000 00:22 10096090                   /usr/lib/libpango-1.0.so.0.5800.0
7fe0f3fdf000-7fe0f3ffb000 r--p 0004e000 00:22 10096090                   /usr/lib/libpango-1.0.so.0.5800.0
7fe0f3ffb000-7fe0f3fff000 r--p 00069000 00:22 10096090                   /usr/lib/libpango-1.0.so.0.5800.0
7fe0f3fff000-7fe0f4000000 rw-p 0006d000 00:22 10096090                   /usr/lib/libpango-1.0.so.0.5800.0
7fe0f4000000-7fe0f4021000 rw-p 00000000 00:00 0 
7fe0f4021000-7fe0f8000000 ---p 00000000 00:00 0 
7fe0f8000000-7fe0f80fe000 rw-p 00000000 00:00 0 
7fe0f80fe000-7fe0fc000000 ---p 00000000 00:00 0 
7fe0fc000000-7fe0fc021000 rw-p 00000000 00:00 0 
7fe0fc021000-7fe100000000 ---p 00000000 00:00 0 
7fe100000000-7fe100021000 rw-p 00000000 00:00 0 
7fe100021000-7fe104000000 ---p 00000000 00:00 0 
7fe104000000-7fe104021000 rw-p 00000000 00:00 0 
7fe104021000-7fe108000000 ---p 00000000 00:00 0 
7fe108000000-7fe108021000 rw-p 00000000 00:00 0 
7fe108021000-7fe10c000000 ---p 00000000 00:00 0 
7fe10c000000-7fe10cc1f000 rw-p 00000000 00:00 0 
7fe10cc1f000-7fe110000000 ---p 00000000 00:00 0 
7fe110000000-7fe110021000 rw-p 00000000 00:00 0 
7fe110021000-7fe114000000 ---p 00000000 00:00 0 
7fe114000000-7fe114021000 rw-p 00000000 00:00 0 
7fe114021000-7fe118000000 ---p 00000000 00:00 0 
7fe118000000-7fe118021000 rw-p 00000000 00:00 0 
7fe118021000-7fe11c000000 ---p 00000000 00:00 0 
7fe11c000000-7fe11c021000 rw-p 00000000 00:00 0 
7fe11c021000-7fe120000000 ---p 00000000 00:00 0 
7fe120000000-7fe120021000 rw-p 00000000 00:00 0 
7fe120021000-7fe124000000 ---p 00000000 00:00 0 
7fe124000000-7fe124021000 rw-p 00000000 00:00 0 
7fe124021000-7fe128000000 ---p 00000000 00:00 0 
7fe128000000-7fe128021000 rw-p 00000000 00:00 0 
7fe128021000-7fe12c000000 ---p 00000000 00:00 0 
7fe12c000000-7fe12c021000 rw-p 00000000 00:00 0 
7fe12c021000-7fe130000000 ---p 00000000 00:00 0 
7fe130000000-7fe130021000 rw-p 00000000 00:00 0 
7fe130021000-7fe134000000 ---p 00000000 00:00 0 
7fe134000000-7fe134021000 rw-p 00000000 00:00 0 
7fe134021000-7fe138000000 ---p 00000000 00:00 0 
7fe138000000-7fe13809c000 rw-p 00000000 00:00 0 
7fe13809c000-7fe13c000000 ---p 00000000 00:00 0 
7fe13c001000-7fe13c002000 r--p 00000000 00:22 8971016                    /usr/lib/libwayland-cursor.so.0.25.0
7fe13c002000-7fe13c004000 r-xp 00001000 00:22 8971016                    /usr/lib/libwayland-cursor.so.0.25.0
7fe13c004000-7fe13c005000 r--p 00003000 00:22 8971016                    /usr/lib/libwayland-cursor.so.0.25.0
7fe13c005000-7fe13c006000 r--p 00003000 00:22 8971016                    /usr/lib/libwayland-cursor.so.0.25.0
7fe13c006000-7fe13c00a000 rw-p 00004000 00:22 8971016                    /usr/lib/libwayland-cursor.so.0.25.0
7fe13c00a000-7fe13c016000 r--p 00000000 00:22 10089038                   /usr/lib/libgobject-2.0.so.0.8800.2
7fe13c016000-7fe13c04f000 r-xp 0000c000 00:22 10089038                   /usr/lib/libgobject-2.0.so.0.8800.2
7fe13c04f000-7fe13c069000 r--p 00045000 00:22 10089038                   /usr/lib/libgobject-2.0.so.0.8800.2
7fe13c069000-7fe13c06c000 r--p 0005e000 00:22 10089038                   /usr/lib/libgobject-2.0.so.0.8800.2
7fe13c06c000-7fe13c06d000 rw-p 00061000 00:22 10089038                   /usr/lib/libgobject-2.0.so.0.8800.2
7fe13c06d000-7fe13c08a000 r--p 00000000 00:22 6931860                    /usr/lib/libgdk-3.so.0.2420.32
7fe13c08a000-7fe13c10c000 r-xp 0001d000 00:22 6931860                    /usr/lib/libgdk-3.so.0.2420.32
7fe13c10c000-7fe13c14e000 r--p 0009f000 00:22 6931860                    /usr/lib/libgdk-3.so.0.2420.32
7fe13c14e000-7fe13c158000 r--p 000e0000 00:22 6931860                    /usr/lib/libgdk-3.so.0.2420.32
7fe13c158000-7fe13c15a000 rw-p 000ea000 00:22 6931860                    /usr/lib/libgdk-3.so.0.2420.32
7fe13c15a000-7fe13c15c000 r--p 00000000 00:22 10090289                   /usr/lib/libexpat.so.1.12.2
7fe13c15c000-7fe13c17c000 r-xp 00002000 00:22 10090289                   /usr/lib/libexpat.so.1.12.2
7fe13c17c000-7fe13c185000 r--p 00022000 00:22 10090289                   /usr/lib/libexpat.so.1.12.2
7fe13c185000-7fe13c187000 r--p 0002a000 00:22 10090289                   /usr/lib/libexpat.so.1.12.2
7fe13c187000-7fe13c188000 rw-p 0002c000 00:22 10090289                   /usr/lib/libexpat.so.1.12.2
7fe13c188000-7fe13c18a000 r--p 00000000 00:22 309330                     /usr/lib/libGLX.so.0.0.0
7fe13c18a000-7fe13c1a4000 r-xp 00002000 00:22 309330                     /usr/lib/libGLX.so.0.0.0
7fe13c1a4000-7fe13c1a7000 r--p 0001c000 00:22 309330                     /usr/lib/libGLX.so.0.0.0
7fe13c1a7000-7fe13c1a8000 r--p 0001f000 00:22 309330                     /usr/lib/libGLX.so.0.0.0
7fe13c1a8000-7fe13c1a9000 rw-p 00020000 00:22 309330                     /usr/lib/libGLX.so.0.0.0
7fe13c1a9000-7fe13c1b9000 rw-p 00000000 00:00 0 
7fe13c1b9000-7fe13c1bb000 r--p 00000000 00:22 309333                     /usr/lib/libGLdispatch.so.0.0.0
7fe13c1bb000-7fe13c1fa000 r-xp 00002000 00:22 309333                     /usr/lib/libGLdispatch.so.0.0.0
7fe13c1fa000-7fe13c20d000 r--p 00041000 00:22 309333                     /usr/lib/libGLdispatch.so.0.0.0
7fe13c20d000-7fe13c229000 r--p 00054000 00:22 309333                     /usr/lib/libGLdispatch.so.0.0.0
7fe13c229000-7fe13c22a000 rw-p 00070000 00:22 309333                     /usr/lib/libGLdispatch.so.0.0.0
7fe13c22a000-7fe13c232000 rw-p 00000000 00:00 0 
7fe13c232000-7fe13c238000 r--p 00000000 00:22 9623971                    /usr/lib/libfontconfig.so.1.17.0
7fe13c238000-7fe13c26c000 r-xp 00006000 00:22 9623971                    /usr/lib/libfontconfig.so.1.17.0
7fe13c26c000-7fe13c285000 r--p 0003a000 00:22 9623971                    /usr/lib/libfontconfig.so.1.17.0
7fe13c285000-7fe13c28e000 r--p 00053000 00:22 9623971                    /usr/lib/libfontconfig.so.1.17.0
7fe13c28e000-7fe13c28f000 rw-p 0005c000 00:22 9623971                    /usr/lib/libfontconfig.so.1.17.0
7fe13c28f000-7fe13c2be000 r--p 00000000 00:22 309324                     /usr/lib/libGL.so.1.7.0
7fe13c2be000-7fe13c2dd000 r-xp 0002f000 00:22 309324                     /usr/lib/libGL.so.1.7.0
7fe13c2dd000-7fe13c2f1000 r--p 0004e000 00:22 309324                     /usr/lib/libGL.so.1.7.0
7fe13c2f1000-7fe13c2ff000 r--p 00062000 00:22 309324                     /usr/lib/libGL.so.1.7.0
7fe13c2ff000-7fe13c300000 rw-p 00070000 00:22 309324                     /usr/lib/libGL.so.1.7.0
7fe13c300000-7fe13c301000 rw-p 00000000 00:00 0 
7fe13c301000-7fe13c302000 rw-p 00000000 00:00 0 
7fe13c302000-7fe13c306000 ---p 00000000 00:00 0 
7fe13c306000-7fe13c403000 rw-p 00000000 00:00 0 
7fe13c403000-7fe13c407000 ---p 00000000 00:00 0 
7fe13c407000-7fe13c503000 rw-p 00000000 00:00 0 
7fe13c503000-7fe13c506000 r--p 00000000 00:22 10089238                   /usr/lib/libnss_myhostname.so.2
7fe13c506000-7fe13c521000 r-xp 00003000 00:22 10089238                   /usr/lib/libnss_myhostname.so.2
7fe13c521000-7fe13c531000 r--p 0001e000 00:22 10089238                   /usr/lib/libnss_myhostname.so.2
7fe13c531000-7fe13c536000 r--p 0002e000 00:22 10089238                   /usr/lib/libnss_myhostname.so.2
7fe13c536000-7fe13c537000 rw-p 00033000 00:22 10089238                   /usr/lib/libnss_myhostname.so.2
7fe13c537000-7fe13c53a000 r--p 00000000 00:22 10089240                   /usr/lib/libnss_resolve.so.2
7fe13c53a000-7fe13c56d000 r-xp 00003000 00:22 10089240                   /usr/lib/libnss_resolve.so.2
7fe13c56d000-7fe13c585000 r--p 00036000 00:22 10089240                   /usr/lib/libnss_resolve.so.2
7fe13c585000-7fe13c58c000 r--p 0004e000 00:22 10089240                   /usr/lib/libnss_resolve.so.2
7fe13c58c000-7fe13c58d000 rw-p 00055000 00:22 10089240                   /usr/lib/libnss_resolve.so.2
7fe13c58d000-7fe13c58e000 rw-p 00000000 00:00 0 
7fe13c58e000-7fe13c592000 ---p 00000000 00:00 0 
7fe13c592000-7fe13c68f000 rw-p 00000000 00:00 0 
7fe13c68f000-7fe13c693000 ---p 00000000 00:00 0 
7fe13c693000-7fe13cb94000 rw-p 00000000 00:00 0 
7fe13cb94000-7fe13cb98000 ---p 00000000 00:00 0 
7fe13cb98000-7fe13cc94000 rw-p 00000000 00:00 0 
7fe13cc94000-7fe13cc97000 r--p 00000000 00:22 265592                     /usr/lib/libpcre2-8.so.0.15.0
7fe13cc97000-7fe13cd15000 r-xp 00003000 00:22 265592                     /usr/lib/libpcre2-8.so.0.15.0
7fe13cd15000-7fe13cd40000 r--p 00081000 00:22 265592                     /usr/lib/libpcre2-8.so.0.15.0
7fe13cd40000-7fe13cd41000 r--p 000ab000 00:22 265592                     /usr/lib/libpcre2-8.so.0.15.0
7fe13cd41000-7fe13cd42000 rw-p 000ac000 00:22 265592                     /usr/lib/libpcre2-8.so.0.15.0
7fe13cd42000-7fe13cd60000 r--p 00000000 00:22 10089030                   /usr/lib/libglib-2.0.so.0.8800.2
7fe13cd60000-7fe13ce0e000 r-xp 0001e000 00:22 10089030                   /usr/lib/libglib-2.0.so.0.8800.2
7fe13ce0e000-7fe13cea2000 r--p 000cc000 00:22 10089030                   /usr/lib/libglib-2.0.so.0.8800.2
7fe13cea2000-7fe13cea3000 r--p 00160000 00:22 10089030                   /usr/lib/libglib-2.0.so.0.8800.2
7fe13cea3000-7fe13cea4000 rw-p 00161000 00:22 10089030                   /usr/lib/libglib-2.0.so.0.8800.2
7fe13cea4000-7fe13cea5000 rw-p 00000000 00:00 0 
7fe13cea5000-7fe13ceab000 r--p 00000000 00:22 6923027                    /usr/lib/libfreetype.so.6.20.6
7fe13ceab000-7fe13cf43000 r-xp 00006000 00:22 6923027                    /usr/lib/libfreetype.so.6.20.6
7fe13cf43000-7fe13cf6c000 r--p 0009e000 00:22 6923027                    /usr/lib/libfreetype.so.6.20.6
7fe13cf6c000-7fe13cf74000 r--p 000c6000 00:22 6923027                    /usr/lib/libfreetype.so.6.20.6
7fe13cf74000-7fe13cf75000 rw-p 000ce000 00:22 6923027                    /usr/lib/libfreetype.so.6.20.6
7fe13cf75000-7fe13cf82000 r--p 00000000 00:22 9624374                    /usr/lib/libharfbuzz.so.0.61421.0
7fe13cf82000-7fe13d078000 r-xp 0000d000 00:22 9624374                    /usr/lib/libharfbuzz.so.0.61421.0
7fe13d078000-7fe13d0ac000 r--p 00103000 00:22 9624374                    /usr/lib/libharfbuzz.so.0.61421.0
7fe13d0ac000-7fe13d0ae000 r--p 00136000 00:22 9624374                    /usr/lib/libharfbuzz.so.0.61421.0
7fe13d0ae000-7fe13d0af000 rw-p 00138000 00:22 9624374                    /usr/lib/libharfbuzz.so.0.61421.0
7fe13d0af000-7fe13d0c6000 r--p 00000000 00:22 5529102                    /usr/lib/libX11.so.6.4.0
7fe13d0c6000-7fe13d15b000 r-xp 00017000 00:22 5529102                    /usr/lib/libX11.so.6.4.0
7fe13d15b000-7fe13d1ea000 r--p 000ac000 00:22 5529102                    /usr/lib/libX11.so.6.4.0
7fe13d1ea000-7fe13d1ed000 r--p 0013a000 00:22 5529102                    /usr/lib/libX11.so.6.4.0
7fe13d1ed000-7fe13d1f1000 rw-p 0013d000 00:22 5529102                    /usr/lib/libX11.so.6.4.0
7fe13d1f1000-7fe13d21c000 r--p 00000000 00:22 10706327                   /opt/simplex/lib/runtime/lib/libawt.so
7fe13d21c000-7fe13d2b9000 r-xp 0002b000 00:22 10706327                   /opt/simplex/lib/runtime/lib/libawt.so
7fe13d2b9000-7fe13d2c6000 r--p 000c8000 00:22 10706327                   /opt/simplex/lib/runtime/lib/libawt.so
7fe13d2c6000-7fe13d2c7000 r--p 000d4000 00:22 10706327                   /opt/simplex/lib/runtime/lib/libawt.so
7fe13d2c7000-7fe13d2d2000 rw-p 000d5000 00:22 10706327                   /opt/simplex/lib/runtime/lib/libawt.so
7fe13d2d2000-7fe13d2f7000 rw-p 00000000 00:00 0 
7fe13d2f7000-7fe13fdff000 rw-p 00000000 00:00 0 
7fe13fdff000-7fe1401ad000 rw-p 00000000 00:00 0 
7fe1401ad000-7fe144000000 ---p 00000000 00:00 0 
7fe144001000-7fe144002000 r--p 00000000 00:22 8971019                    /usr/lib/libwayland-egl.so.1.25.0
7fe144002000-7fe144003000 r-xp 00001000 00:22 8971019                    /usr/lib/libwayland-egl.so.1.25.0
7fe144003000-7fe144004000 r--p 00002000 00:22 8971019                    /usr/lib/libwayland-egl.so.1.25.0
7fe144004000-7fe144005000 r--p 00002000 00:22 8971019                    /usr/lib/libwayland-egl.so.1.25.0
7fe144005000-7fe144006000 rw-p 00003000 00:22 8971019                    /usr/lib/libwayland-egl.so.1.25.0
7fe144006000-7fe14400b000 r--p 00000000 00:22 10096093                   /usr/lib/libpangocairo-1.0.so.0.5800.0
7fe14400b000-7fe144014000 r-xp 00005000 00:22 10096093                   /usr/lib/libpangocairo-1.0.so.0.5800.0
7fe144014000-7fe144016000 r--p 0000e000 00:22 10096093                   /usr/lib/libpangocairo-1.0.so.0.5800.0
7fe144016000-7fe144017000 r--p 00010000 00:22 10096093                   /usr/lib/libpangocairo-1.0.so.0.5800.0
7fe144017000-7fe144018000 rw-p 00011000 00:22 10096093                   /usr/lib/libpangocairo-1.0.so.0.5800.0
7fe144018000-7fe14401c000 r--p 00000000 00:22 10089239                   /usr/lib/libnss_mymachines.so.2
7fe14401c000-7fe14406d000 r-xp 00004000 00:22 10089239                   /usr/lib/libnss_mymachines.so.2
7fe14406d000-7fe144087000 r--p 00055000 00:22 10089239                   /usr/lib/libnss_mymachines.so.2
7fe144087000-7fe14408a000 r--p 0006f000 00:22 10089239                   /usr/lib/libnss_mymachines.so.2
7fe14408a000-7fe14408b000 rw-p 00072000 00:22 10089239                   /usr/lib/libnss_mymachines.so.2
7fe14408b000-7fe144099000 r--p 00000000 00:22 10706329                   /opt/simplex/lib/runtime/lib/libawt_xawt.so
7fe144099000-7fe1440e2000 r-xp 0000e000 00:22 10706329                   /opt/simplex/lib/runtime/lib/libawt_xawt.so
7fe1440e2000-7fe1440f6000 r--p 00057000 00:22 10706329                   /opt/simplex/lib/runtime/lib/libawt_xawt.so
7fe1440f6000-7fe1440f8000 r--p 0006b000 00:22 10706329                   /opt/simplex/lib/runtime/lib/libawt_xawt.so
7fe1440f8000-7fe1440fa000 rw-p 0006d000 00:22 10706329                   /opt/simplex/lib/runtime/lib/libawt_xawt.so
7fe1440fa000-7fe1440fc000 rw-p 00000000 00:00 0 
7fe1440fc000-7fe1441fd000 rw-p 00000000 00:00 0 
7fe1441fd000-7fe1443fe000 rw-p 00000000 00:00 0 
7fe1443fe000-7fe1443ff000 rw-p 00000000 00:00 0 
7fe1443ff000-7fe144403000 ---p 00000000 00:00 0 
7fe144403000-7fe144500000 rw-p 00000000 00:00 0 
7fe144500000-7fe144504000 ---p 00000000 00:00 0 
7fe144504000-7fe144600000 rw-p 00000000 00:00 0 
7fe144600000-7fe144653000 r--p 00000000 00:22 9605042                    /usr/lib/libcrypto.so.3
7fe144653000-7fe1449ff000 r-xp 00053000 00:22 9605042                    /usr/lib/libcrypto.so.3
7fe1449ff000-7fe144b25000 r--p 003ff000 00:22 9605042                    /usr/lib/libcrypto.so.3
7fe144b25000-7fe144ba3000 r--p 00525000 00:22 9605042                    /usr/lib/libcrypto.so.3
7fe144ba3000-7fe144ba6000 rw-p 005a3000 00:22 9605042                    /usr/lib/libcrypto.so.3
7fe144ba6000-7fe144ba9000 rw-p 00000000 00:00 0 
7fe144bad000-7fe144baf000 r--p 00000000 00:22 288009                     /usr/lib/libcairo-gobject.so.2.11804.4
7fe144baf000-7fe144bb1000 r-xp 00002000 00:22 288009                     /usr/lib/libcairo-gobject.so.2.11804.4
7fe144bb1000-7fe144bb3000 r--p 00004000 00:22 288009                     /usr/lib/libcairo-gobject.so.2.11804.4
7fe144bb3000-7fe144bb5000 r--p 00006000 00:22 288009                     /usr/lib/libcairo-gobject.so.2.11804.4
7fe144bb5000-7fe144bb6000 rw-p 00008000 00:22 288009                     /usr/lib/libcairo-gobject.so.2.11804.4
7fe144bb6000-7fe144bb8000 r--p 00000000 00:22 10089034                   /usr/lib/libgmodule-2.0.so.0.8800.2
7fe144bb8000-7fe144bba000 r-xp 00002000 00:22 10089034                   /usr/lib/libgmodule-2.0.so.0.8800.2
7fe144bba000-7fe144bbb000 r--p 00004000 00:22 10089034                   /usr/lib/libgmodule-2.0.so.0.8800.2
7fe144bbb000-7fe144bbc000 r--p 00004000 00:22 10089034                   /usr/lib/libgmodule-2.0.so.0.8800.2
7fe144bbc000-7fe144bbd000 rw-p 00005000 00:22 10089034                   /usr/lib/libgmodule-2.0.so.0.8800.2
7fe144bbd000-7fe144bbe000 r--p 00000000 00:22 10119                      /usr/lib/libnss_mdns_minimal.so.2
7fe144bbe000-7fe144bc0000 r-xp 00001000 00:22 10119                      /usr/lib/libnss_mdns_minimal.so.2
7fe144bc0000-7fe144bc1000 r--p 00003000 00:22 10119                      /usr/lib/libnss_mdns_minimal.so.2
7fe144bc1000-7fe144bc2000 r--p 00003000 00:22 10119                      /usr/lib/libnss_mdns_minimal.so.2
7fe144bc2000-7fe144bc3000 rw-p 00004000 00:22 10119                      /usr/lib/libnss_mdns_minimal.so.2
7fe144bc3000-7fe144bc9000 r--p 00000000 00:22 10093585                   /usr/lib/libpng16.so.16.58.0
7fe144bc9000-7fe144bf4000 r-xp 00006000 00:22 10093585                   /usr/lib/libpng16.so.16.58.0
7fe144bf4000-7fe144bfe000 r--p 00031000 00:22 10093585                   /usr/lib/libpng16.so.16.58.0
7fe144bfe000-7fe144bff000 r--p 0003a000 00:22 10093585                   /usr/lib/libpng16.so.16.58.0
7fe144bff000-7fe144c00000 rw-p 0003b000 00:22 10093585                   /usr/lib/libpng16.so.16.58.0
7fe144c00000-7fe144c12000 r-xp 00000000 00:22 41421157                   /home/mleku/.ghcup/ghc/9.6.3/lib/ghc-9.6.3/lib/x86_64-linux-ghc-9.6.3/libffi.so.8
7fe144c12000-7fe144e11000 ---p 00012000 00:22 41421157                   /home/mleku/.ghcup/ghc/9.6.3/lib/ghc-9.6.3/lib/x86_64-linux-ghc-9.6.3/libffi.so.8
7fe144e11000-7fe144e12000 r--p 00011000 00:22 41421157                   /home/mleku/.ghcup/ghc/9.6.3/lib/ghc-9.6.3/lib/x86_64-linux-ghc-9.6.3/libffi.so.8
7fe144e12000-7fe144e13000 rw-p 00012000 00:22 41421157                   /home/mleku/.ghcup/ghc/9.6.3/lib/ghc-9.6.3/lib/x86_64-linux-ghc-9.6.3/libffi.so.8
7fe144e14000-7fe144e16000 r--p 00000000 00:22 290724                     /usr/lib/libXfixes.so.3.1.0
7fe144e16000-7fe144e19000 r-xp 00002000 00:22 290724                     /usr/lib/libXfixes.so.3.1.0
7fe144e19000-7fe144e1a000 r--p 00005000 00:22 290724                     /usr/lib/libXfixes.so.3.1.0
7fe144e1a000-7fe144e1b000 r--p 00005000 00:22 290724                     /usr/lib/libXfixes.so.3.1.0
7fe144e1b000-7fe144e1c000 rw-p 00006000 00:22 290724                     /usr/lib/libXfixes.so.3.1.0
7fe144e1c000-7fe144e1e000 r--p 00000000 00:22 9884                       /usr/lib/libbz2.so.1.0.8
7fe144e1e000-7fe144e2b000 r-xp 00002000 00:22 9884                       /usr/lib/libbz2.so.1.0.8
7fe144e2b000-7fe144e2d000 r--p 0000f000 00:22 9884                       /usr/lib/libbz2.so.1.0.8
7fe144e2d000-7fe144e2e000 r--p 00010000 00:22 9884                       /usr/lib/libbz2.so.1.0.8
7fe144e2e000-7fe144e2f000 rw-p 00011000 00:22 9884                       /usr/lib/libbz2.so.1.0.8
7fe144e2f000-7fe144e3b000 r--p 00000000 00:22 10266                      /usr/lib/libxcb.so.1.1.0
7fe144e3b000-7fe144e4f000 r-xp 0000c000 00:22 10266                      /usr/lib/libxcb.so.1.1.0
7fe144e4f000-7fe144e58000 r--p 00020000 00:22 10266                      /usr/lib/libxcb.so.1.1.0
7fe144e58000-7fe144e59000 r--p 00028000 00:22 10266                      /usr/lib/libxcb.so.1.1.0
7fe144e59000-7fe144e5a000 rw-p 00029000 00:22 10266                      /usr/lib/libxcb.so.1.1.0
7fe144e5a000-7fe144e66000 r--p 00000000 00:22 5932547                    /usr/lib/libzstd.so.1.5.7
7fe144e66000-7fe144f2d000 r-xp 0000c000 00:22 5932547                    /usr/lib/libzstd.so.1.5.7
7fe144f2d000-7fe144f3e000 r--p 000d3000 00:22 5932547                    /usr/lib/libzstd.so.1.5.7
7fe144f3e000-7fe144f3f000 r--p 000e4000 00:22 5932547                    /usr/lib/libzstd.so.1.5.7
7fe144f3f000-7fe144f40000 rw-p 000e5000 00:22 5932547                    /usr/lib/libzstd.so.1.5.7
7fe144f40000-7fe144f41000 r--p 00000000 00:22 268364                     /usr/lib/libbrotlienc.so.1.2.0
7fe144f41000-7fe144fae000 r-xp 00001000 00:22 268364                     /usr/lib/libbrotlienc.so.1.2.0
7fe144fae000-7fe144ffe000 r--p 0006e000 00:22 268364                     /usr/lib/libbrotlienc.so.1.2.0
7fe144ffe000-7fe144fff000 r--p 000bd000 00:22 268364                     /usr/lib/libbrotlienc.so.1.2.0
7fe144fff000-7fe145000000 rw-p 000be000 00:22 268364                     /usr/lib/libbrotlienc.so.1.2.0
7fe145000000-7fe145416000 r-xp 00000000 00:22 41420774                   /home/mleku/.ghcup/ghc/9.6.3/lib/ghc-9.6.3/lib/x86_64-linux-ghc-9.6.3/libHSghc-prim-0.10.0-ghc9.6.3.so
7fe145416000-7fe145417000 ---p 00416000 00:22 41420774                   /home/mleku/.ghcup/ghc/9.6.3/lib/ghc-9.6.3/lib/x86_64-linux-ghc-9.6.3/libHSghc-prim-0.10.0-ghc9.6.3.so
7fe145417000-7fe145418000 r--p 00416000 00:22 41420774                   /home/mleku/.ghcup/ghc/9.6.3/lib/ghc-9.6.3/lib/x86_64-linux-ghc-9.6.3/libHSghc-prim-0.10.0-ghc9.6.3.so
7fe145418000-7fe1454f7000 rw-p 00417000 00:22 41420774                   /home/mleku/.ghcup/ghc/9.6.3/lib/ghc-9.6.3/lib/x86_64-linux-ghc-9.6.3/libHSghc-prim-0.10.0-ghc9.6.3.so
7fe1454f7000-7fe1454f9000 r--p 00000000 00:22 9624303                    /usr/lib/libgraphite2.so.3.3.1
7fe1454f9000-7fe145512000 r-xp 00002000 00:22 9624303                    /usr/lib/libgraphite2.so.3.3.1
7fe145512000-7fe145517000 r--p 0001b000 00:22 9624303                    /usr/lib/libgraphite2.so.3.3.1
7fe145517000-7fe145519000 r--p 0001f000 00:22 9624303                    /usr/lib/libgraphite2.so.3.3.1
7fe145519000-7fe14551a000 rw-p 00021000 00:22 9624303                    /usr/lib/libgraphite2.so.3.3.1
7fe14551a000-7fe14551c000 r--p 00000000 00:22 333727                     /usr/lib/gtk-3.0/modules/libcanberra-gtk3-module.so
7fe14551c000-7fe14551f000 r-xp 00002000 00:22 333727                     /usr/lib/gtk-3.0/modules/libcanberra-gtk3-module.so
7fe14551f000-7fe145520000 r--p 00005000 00:22 333727                     /usr/lib/gtk-3.0/modules/libcanberra-gtk3-module.so
7fe145520000-7fe145521000 r--p 00005000 00:22 333727                     /usr/lib/gtk-3.0/modules/libcanberra-gtk3-module.so
7fe145521000-7fe145522000 rw-p 00006000 00:22 333727                     /usr/lib/gtk-3.0/modules/libcanberra-gtk3-module.so
7fe145522000-7fe145528000 r--s 00000000 00:22 19805                      /var/cache/fontconfig/b67b32625a2bb51b023d3814a918f351-le64.cache-11
7fe145528000-7fe145534000 r--s 00000000 00:22 19793                      /var/cache/fontconfig/4b31aef11cb0687b6d280d34cbe23592-le64.cache-11
7fe145534000-7fe145537000 r--p 00000000 00:22 1675018                    /usr/lib/libgnomekbd.so.8.0.0
7fe145537000-7fe14553a000 r-xp 00003000 00:22 1675018                    /usr/lib/libgnomekbd.so.8.0.0
7fe14553a000-7fe14553b000 r--p 00006000 00:22 1675018                    /usr/lib/libgnomekbd.so.8.0.0
7fe14553b000-7fe14553c000 r--p 00007000 00:22 1675018                    /usr/lib/libgnomekbd.so.8.0.0
7fe14553c000-7fe14553d000 rw-p 00008000 00:22 1675018                    /usr/lib/libgnomekbd.so.8.0.0
7fe14553d000-7fe145545000 r--p 00000000 00:22 1675021                    /usr/lib/libgnomekbdui.so.8.0.0
7fe145545000-7fe14554e000 r-xp 00008000 00:22 1675021                    /usr/lib/libgnomekbdui.so.8.0.0
7fe14554e000-7fe145552000 r--p 00011000 00:22 1675021                    /usr/lib/libgnomekbdui.so.8.0.0
7fe145552000-7fe145553000 r--p 00015000 00:22 1675021                    /usr/lib/libgnomekbdui.so.8.0.0
7fe145553000-7fe145554000 rw-p 00016000 00:22 1675021                    /usr/lib/libgnomekbdui.so.8.0.0
7fe145554000-7fe145555000 r--p 00000000 00:22 336433                     /usr/lib/gtk-3.0/modules/libxapp-gtk3-module.so
7fe145555000-7fe145556000 r-xp 00001000 00:22 336433                     /usr/lib/gtk-3.0/modules/libxapp-gtk3-module.so
7fe145556000-7fe145557000 r--p 00002000 00:22 336433                     /usr/lib/gtk-3.0/modules/libxapp-gtk3-module.so
7fe145557000-7fe145558000 r--p 00002000 00:22 336433                     /usr/lib/gtk-3.0/modules/libxapp-gtk3-module.so
7fe145558000-7fe145559000 rw-p 00003000 00:22 336433                     /usr/lib/gtk-3.0/modules/libxapp-gtk3-module.so
7fe145559000-7fe14556a000 r--p 00000000 00:22 5932587                    /usr/lib/libgmp.so.10.5.0
7fe14556a000-7fe1455e8000 r-xp 00011000 00:22 5932587                    /usr/lib/libgmp.so.10.5.0
7fe1455e8000-7fe1455fd000 r--p 0008f000 00:22 5932587                    /usr/lib/libgmp.so.10.5.0
7fe1455fd000-7fe1455ff000 r--p 000a3000 00:22 5932587                    /usr/lib/libgmp.so.10.5.0
7fe1455ff000-7fe145600000 rw-p 000a5000 00:22 5932587                    /usr/lib/libgmp.so.10.5.0
7fe145600000-7fe146119000 r-xp 00000000 00:22 41419366                   /home/mleku/.ghcup/ghc/9.6.3/lib/ghc-9.6.3/lib/x86_64-linux-ghc-9.6.3/libHSbase-4.18.1.0-ghc9.6.3.so
7fe146119000-7fe14611a000 ---p 00b19000 00:22 41419366                   /home/mleku/.ghcup/ghc/9.6.3/lib/ghc-9.6.3/lib/x86_64-linux-ghc-9.6.3/libHSbase-4.18.1.0-ghc9.6.3.so
7fe14611a000-7fe14611c000 r--p 00b19000 00:22 41419366                   /home/mleku/.ghcup/ghc/9.6.3/lib/ghc-9.6.3/lib/x86_64-linux-ghc-9.6.3/libHSbase-4.18.1.0-ghc9.6.3.so
7fe14611c000-7fe1461c7000 rw-p 00b1b000 00:22 41419366                   /home/mleku/.ghcup/ghc/9.6.3/lib/ghc-9.6.3/lib/x86_64-linux-ghc-9.6.3/libHSbase-4.18.1.0-ghc9.6.3.so
7fe1461ca000-7fe1461cd000 r--p 00000000 00:22 116796                     /usr/lib/libXcursor.so.1.0.2
7fe1461cd000-7fe1461d3000 r-xp 00003000 00:22 116796                     /usr/lib/libXcursor.so.1.0.2
7fe1461d3000-7fe1461d5000 r--p 00009000 00:22 116796                     /usr/lib/libXcursor.so.1.0.2
7fe1461d5000-7fe1461d6000 r--p 0000a000 00:22 116796                     /usr/lib/libXcursor.so.1.0.2
7fe1461d6000-7fe1461d7000 rw-p 0000b000 00:22 116796                     /usr/lib/libXcursor.so.1.0.2
7fe1461d7000-7fe1461da000 r--p 00000000 00:22 10706330                   /opt/simplex/lib/runtime/lib/libfontmanager.so
7fe1461da000-7fe1461e2000 r-xp 00003000 00:22 10706330                   /opt/simplex/lib/runtime/lib/libfontmanager.so
7fe1461e2000-7fe1461e4000 r--p 0000b000 00:22 10706330                   /opt/simplex/lib/runtime/lib/libfontmanager.so
7fe1461e4000-7fe1461e5000 r--p 0000c000 00:22 10706330                   /opt/simplex/lib/runtime/lib/libfontmanager.so
7fe1461e5000-7fe1461e6000 rw-p 0000d000 00:22 10706330                   /opt/simplex/lib/runtime/lib/libfontmanager.so
7fe1461e6000-7fe1461e7000 r--p 00000000 00:22 1663720                    /usr/lib/libXinerama.so.1.0.0
7fe1461e7000-7fe1461e8000 r-xp 00001000 00:22 1663720                    /usr/lib/libXinerama.so.1.0.0
7fe1461e8000-7fe1461e9000 r--p 00002000 00:22 1663720                    /usr/lib/libXinerama.so.1.0.0
7fe1461e9000-7fe1461ea000 r--p 00002000 00:22 1663720                    /usr/lib/libXinerama.so.1.0.0
7fe1461ea000-7fe1461eb000 rw-p 00003000 00:22 1663720                    /usr/lib/libXinerama.so.1.0.0
7fe1461eb000-7fe1461ee000 r--p 00000000 00:22 9262718                    /usr/lib/libXi.so.6.1.0
7fe1461ee000-7fe1461fb000 r-xp 00003000 00:22 9262718                    /usr/lib/libXi.so.6.1.0
7fe1461fb000-7fe1461fe000 r--p 00010000 00:22 9262718                    /usr/lib/libXi.so.6.1.0
7fe1461fe000-7fe1461ff000 r--p 00012000 00:22 9262718                    /usr/lib/libXi.so.6.1.0
7fe1461ff000-7fe146200000 rw-p 00013000 00:22 9262718                    /usr/lib/libXi.so.6.1.0
7fe146200000-7fe146571000 r-xp 00000000 00:22 41419363                   /home/mleku/.ghcup/ghc/9.6.3/lib/ghc-9.6.3/lib/x86_64-linux-ghc-9.6.3/libHStemplate-haskell-2.20.0.0-ghc9.6.3.so
7fe146571000-7fe146572000 ---p 00371000 00:22 41419363                   /home/mleku/.ghcup/ghc/9.6.3/lib/ghc-9.6.3/lib/x86_64-linux-ghc-9.6.3/libHStemplate-haskell-2.20.0.0-ghc9.6.3.so
7fe146572000-7fe146573000 r--p 00371000 00:22 41419363                   /home/mleku/.ghcup/ghc/9.6.3/lib/ghc-9.6.3/lib/x86_64-linux-ghc-9.6.3/libHStemplate-haskell-2.20.0.0-ghc9.6.3.so
7fe146573000-7fe1465a9000 rw-p 00372000 00:22 41419363                   /home/mleku/.ghcup/ghc/9.6.3/lib/ghc-9.6.3/lib/x86_64-linux-ghc-9.6.3/libHStemplate-haskell-2.20.0.0-ghc9.6.3.so
7fe1465ad000-7fe1465af000 r--p 00000000 00:22 7067331                    /usr/lib/libXdmcp.so.6.0.0
7fe1465af000-7fe1465b1000 r-xp 00002000 00:22 7067331                    /usr/lib/libXdmcp.so.6.0.0
7fe1465b1000-7fe1465b3000 r--p 00004000 00:22 7067331                    /usr/lib/libXdmcp.so.6.0.0
7fe1465b3000-7fe1465b4000 r--p 00005000 00:22 7067331                    /usr/lib/libXdmcp.so.6.0.0
7fe1465b4000-7fe1465b5000 rw-p 00006000 00:22 7067331                    /usr/lib/libXdmcp.so.6.0.0
7fe1465b5000-7fe1465b7000 r--p 00000000 00:22 116812                     /usr/lib/libXtst.so.6.1.0
7fe1465b7000-7fe1465ba000 r-xp 00002000 00:22 116812                     /usr/lib/libXtst.so.6.1.0
7fe1465ba000-7fe1465bb000 r--p 00005000 00:22 116812                     /usr/lib/libXtst.so.6.1.0
7fe1465bb000-7fe1465bc000 r--p 00005000 00:22 116812                     /usr/lib/libXtst.so.6.1.0
7fe1465bc000-7fe1465bd000 rw-p 00006000 00:22 116812                     /usr/lib/libXtst.so.6.1.0
7fe1465bd000-7fe1465bf000 r--p 00000000 00:22 116809                     /usr/lib/libXrender.so.1.3.0
7fe1465bf000-7fe1465c6000 r-xp 00002000 00:22 116809                     /usr/lib/libXrender.so.1.3.0
7fe1465c6000-7fe1465c7000 r--p 00009000 00:22 116809                     /usr/lib/libXrender.so.1.3.0
7fe1465c7000-7fe1465c8000 r--p 00009000 00:22 116809                     /usr/lib/libXrender.so.1.3.0
7fe1465c8000-7fe1465c9000 rw-p 0000a000 00:22 116809                     /usr/lib/libXrender.so.1.3.0
7fe1465c9000-7fe1465cd000 r--p 00000000 00:22 1663633                    /usr/lib/libXext.so.6.4.0
7fe1465cd000-7fe1465d8000 r-xp 00004000 00:22 1663633                    /usr/lib/libXext.so.6.4.0
7fe1465d8000-7fe1465db000 r--p 0000f000 00:22 1663633                    /usr/lib/libXext.so.6.4.0
7fe1465db000-7fe1465dc000 r--p 00011000 00:22 1663633                    /usr/lib/libXext.so.6.4.0
7fe1465dc000-7fe1465dd000 rw-p 00012000 00:22 1663633                    /usr/lib/libXext.so.6.4.0
7fe1465dd000-7fe1465de000 rw-p 00000000 00:00 0 
7fe1465de000-7fe1465e2000 ---p 00000000 00:00 0 
7fe1465e2000-7fe146600000 rw-p 00000000 00:00 0 
7fe146600000-7fe14697b000 r-xp 00000000 00:22 41418478                   /home/mleku/.ghcup/ghc/9.6.3/lib/ghc-9.6.3/lib/x86_64-linux-ghc-9.6.3/libHScontainers-0.6.7-ghc9.6.3.so
7fe14697b000-7fe14697c000 r--p 0037a000 00:22 41418478                   /home/mleku/.ghcup/ghc/9.6.3/lib/ghc-9.6.3/lib/x86_64-linux-ghc-9.6.3/libHScontainers-0.6.7-ghc9.6.3.so
7fe14697c000-7fe146998000 rw-p 0037b000 00:22 41418478                   /home/mleku/.ghcup/ghc/9.6.3/lib/ghc-9.6.3/lib/x86_64-linux-ghc-9.6.3/libHScontainers-0.6.7-ghc9.6.3.so
7fe146998000-7fe146999000 r--p 00000000 00:22 268358                     /usr/lib/libbrotlicommon.so.1.2.0
7fe146999000-7fe14699a000 r-xp 00001000 00:22 268358                     /usr/lib/libbrotlicommon.so.1.2.0
7fe14699a000-7fe1469b9000 r--p 00002000 00:22 268358                     /usr/lib/libbrotlicommon.so.1.2.0
7fe1469b9000-7fe1469ba000 r--p 00021000 00:22 268358                     /usr/lib/libbrotlicommon.so.1.2.0
7fe1469ba000-7fe1469bb000 rw-p 00022000 00:22 268358                     /usr/lib/libbrotlicommon.so.1.2.0
7fe1469bb000-7fe146a5a000 r-xp 00000000 00:22 41420371                   /home/mleku/.ghcup/ghc/9.6.3/lib/ghc-9.6.3/lib/x86_64-linux-ghc-9.6.3/libHSrts-1.0.2_thr-ghc9.6.3.so
7fe146a5a000-7fe146a5b000 ---p 0009f000 00:22 41420371                   /home/mleku/.ghcup/ghc/9.6.3/lib/ghc-9.6.3/lib/x86_64-linux-ghc-9.6.3/libHSrts-1.0.2_thr-ghc9.6.3.so
7fe146a5b000-7fe146a5c000 r--p 0009f000 00:22 41420371                   /home/mleku/.ghcup/ghc/9.6.3/lib/ghc-9.6.3/lib/x86_64-linux-ghc-9.6.3/libHSrts-1.0.2_thr-ghc9.6.3.so
7fe146a5c000-7fe146a64000 rw-p 000a0000 00:22 41420371                   /home/mleku/.ghcup/ghc/9.6.3/lib/ghc-9.6.3/lib/x86_64-linux-ghc-9.6.3/libHSrts-1.0.2_thr-ghc9.6.3.so
7fe146a64000-7fe146a67000 rw-p 00000000 00:00 0 
7fe146a67000-7fe146ab6000 r-xp 00000000 00:22 41418557                   /home/mleku/.ghcup/ghc/9.6.3/lib/ghc-9.6.3/lib/x86_64-linux-ghc-9.6.3/libHSghc-bignum-1.3-ghc9.6.3.so
7fe146ab6000-7fe146ab7000 r--p 0004e000 00:22 41418557                   /home/mleku/.ghcup/ghc/9.6.3/lib/ghc-9.6.3/lib/x86_64-linux-ghc-9.6.3/libHSghc-bignum-1.3-ghc9.6.3.so
7fe146ab7000-7fe146abb000 rw-p 0004f000 00:22 41418557                   /home/mleku/.ghcup/ghc/9.6.3/lib/ghc-9.6.3/lib/x86_64-linux-ghc-9.6.3/libHSghc-bignum-1.3-ghc9.6.3.so
7fe146abb000-7fe146af1000 r-xp 00000000 00:22 41418645                   /home/mleku/.ghcup/ghc/9.6.3/lib/ghc-9.6.3/lib/x86_64-linux-ghc-9.6.3/libHSghc-boot-th-9.6.3-ghc9.6.3.so
7fe146af1000-7fe146af2000 ---p 00036000 00:22 41418645                   /home/mleku/.ghcup/ghc/9.6.3/lib/ghc-9.6.3/lib/x86_64-linux-ghc-9.6.3/libHSghc-boot-th-9.6.3-ghc9.6.3.so
7fe146af2000-7fe146af3000 r--p 00036000 00:22 41418645                   /home/mleku/.ghcup/ghc/9.6.3/lib/ghc-9.6.3/lib/x86_64-linux-ghc-9.6.3/libHSghc-boot-th-9.6.3-ghc9.6.3.so
7fe146af3000-7fe146afc000 rw-p 00037000 00:22 41418645                   /home/mleku/.ghcup/ghc/9.6.3/lib/ghc-9.6.3/lib/x86_64-linux-ghc-9.6.3/libHSghc-boot-th-9.6.3-ghc9.6.3.so
7fe146afc000-7fe146b77000 r-xp 00000000 00:22 41420299                   /home/mleku/.ghcup/ghc/9.6.3/lib/ghc-9.6.3/lib/x86_64-linux-ghc-9.6.3/libHSarray-0.5.5.0-ghc9.6.3.so
7fe146b77000-7fe146b78000 ---p 0007b000 00:22 41420299                   /home/mleku/.ghcup/ghc/9.6.3/lib/ghc-9.6.3/lib/x86_64-linux-ghc-9.6.3/libHSarray-0.5.5.0-ghc9.6.3.so
7fe146b78000-7fe146b79000 r--p 0007b000 00:22 41420299                   /home/mleku/.ghcup/ghc/9.6.3/lib/ghc-9.6.3/lib/x86_64-linux-ghc-9.6.3/libHSarray-0.5.5.0-ghc9.6.3.so
7fe146b79000-7fe146b7e000 rw-p 0007c000 00:22 41420299                   /home/mleku/.ghcup/ghc/9.6.3/lib/ghc-9.6.3/lib/x86_64-linux-ghc-9.6.3/libHSarray-0.5.5.0-ghc9.6.3.so
7fe146b7e000-7fe146cd0000 r-xp 00000000 00:22 41418644                   /home/mleku/.ghcup/ghc/9.6.3/lib/ghc-9.6.3/lib/x86_64-linux-ghc-9.6.3/libHSbytestring-0.11.5.2-ghc9.6.3.so
7fe146cd0000-7fe146cd1000 r--p 00151000 00:22 41418644                   /home/mleku/.ghcup/ghc/9.6.3/lib/ghc-9.6.3/lib/x86_64-linux-ghc-9.6.3/libHSbytestring-0.11.5.2-ghc9.6.3.so
7fe146cd1000-7fe146ce3000 rw-p 00152000 00:22 41418644                   /home/mleku/.ghcup/ghc/9.6.3/lib/ghc-9.6.3/lib/x86_64-linux-ghc-9.6.3/libHSbytestring-0.11.5.2-ghc9.6.3.so
7fe146ce3000-7fe146df4000 r-xp 00000000 00:22 41420370                   /home/mleku/.ghcup/ghc/9.6.3/lib/ghc-9.6.3/lib/x86_64-linux-ghc-9.6.3/libHStransformers-0.6.1.0-ghc9.6.3.so
7fe146df4000-7fe146df5000 r--p 00110000 00:22 41420370                   /home/mleku/.ghcup/ghc/9.6.3/lib/ghc-9.6.3/lib/x86_64-linux-ghc-9.6.3/libHStransformers-0.6.1.0-ghc9.6.3.so
7fe146df5000-7fe146e00000 rw-p 00111000 00:22 41420370                   /home/mleku/.ghcup/ghc/9.6.3/lib/ghc-9.6.3/lib/x86_64-linux-ghc-9.6.3/libHStransformers-0.6.1.0-ghc9.6.3.so
7fe146e00000-7fe146f13000 r--p 00000000 00:22 41451592                   /home/mleku/.local/state/cabal/store/ghc-9.6.3/QuickCheck-2.14.3-42e7b27f0bb2b87c0930816285f53ba2bdf063e20fd76cc59871d58e800a849e/lib/libHSQuickCheck-2.14.3-42e7b27f0bb2b87c0930816285f53ba2bdf063e20fd76cc59871d58e800a849e-ghc9.6.3.so
7fe146f13000-7fe146ffb000 r-xp 00113000 00:22 41451592                   /home/mleku/.local/state/cabal/store/ghc-9.6.3/QuickCheck-2.14.3-42e7b27f0bb2b87c0930816285f53ba2bdf063e20fd76cc59871d58e800a849e/lib/libHSQuickCheck-2.14.3-42e7b27f0bb2b87c0930816285f53ba2bdf063e20fd76cc59871d58e800a849e-ghc9.6.3.so
7fe146ffb000-7fe146ffe000 r--p 001fb000 00:22 41451592                   /home/mleku/.local/state/cabal/store/ghc-9.6.3/QuickCheck-2.14.3-42e7b27f0bb2b87c0930816285f53ba2bdf063e20fd76cc59871d58e800a849e/lib/libHSQuickCheck-2.14.3-42e7b27f0bb2b87c0930816285f53ba2bdf063e20fd76cc59871d58e800a849e-ghc9.6.3.so
7fe146ffe000-7fe147000000 r--p 001fd000 00:22 41451592                   /home/mleku/.local/state/cabal/store/ghc-9.6.3/QuickCheck-2.14.3-42e7b27f0bb2b87c0930816285f53ba2bdf063e20fd76cc59871d58e800a849e/lib/libHSQuickCheck-2.14.3-42e7b27f0bb2b87c0930816285f53ba2bdf063e20fd76cc59871d58e800a849e-ghc9.6.3.so
7fe147000000-7fe147016000 rw-p 001ff000 00:22 41451592                   /home/mleku/.local/state/cabal/store/ghc-9.6.3/QuickCheck-2.14.3-42e7b27f0bb2b87c0930816285f53ba2bdf063e20fd76cc59871d58e800a849e/lib/libHSQuickCheck-2.14.3-42e7b27f0bb2b87c0930816285f53ba2bdf063e20fd76cc59871d58e800a849e-ghc9.6.3.so
7fe147016000-7fe147017000 r--p 00000000 00:22 9847                       /usr/lib/libXau.so.6.0.0
7fe147017000-7fe147018000 r-xp 00001000 00:22 9847                       /usr/lib/libXau.so.6.0.0
7fe147018000-7fe147019000 r--p 00002000 00:22 9847                       /usr/lib/libXau.so.6.0.0
7fe147019000-7fe14701a000 r--p 00002000 00:22 9847                       /usr/lib/libXau.so.6.0.0
7fe14701a000-7fe14701b000 rw-p 00003000 00:22 9847                       /usr/lib/libXau.so.6.0.0
7fe14701b000-7fe147037000 r-xp 00000000 00:22 41420369                   /home/mleku/.ghcup/ghc/9.6.3/lib/ghc-9.6.3/lib/x86_64-linux-ghc-9.6.3/libHSdeepseq-1.4.8.1-ghc9.6.3.so
7fe147037000-7fe147038000 ---p 0001c000 00:22 41420369                   /home/mleku/.ghcup/ghc/9.6.3/lib/ghc-9.6.3/lib/x86_64-linux-ghc-9.6.3/libHSdeepseq-1.4.8.1-ghc9.6.3.so
7fe147038000-7fe147039000 r--p 0001c000 00:22 41420369                   /home/mleku/.ghcup/ghc/9.6.3/lib/ghc-9.6.3/lib/x86_64-linux-ghc-9.6.3/libHSdeepseq-1.4.8.1-ghc9.6.3.so
7fe147039000-7fe14703a000 rw-p 0001d000 00:22 41420369                   /home/mleku/.ghcup/ghc/9.6.3/lib/ghc-9.6.3/lib/x86_64-linux-ghc-9.6.3/libHSdeepseq-1.4.8.1-ghc9.6.3.so
7fe14703a000-7fe1470a3000 r-xp 00000000 00:22 41420775                   /home/mleku/.ghcup/ghc/9.6.3/lib/ghc-9.6.3/lib/x86_64-linux-ghc-9.6.3/libHSpretty-1.1.3.6-ghc9.6.3.so
7fe1470a3000-7fe1470a4000 ---p 00069000 00:22 41420775                   /home/mleku/.ghcup/ghc/9.6.3/lib/ghc-9.6.3/lib/x86_64-linux-ghc-9.6.3/libHSpretty-1.1.3.6-ghc9.6.3.so
7fe1470a4000-7fe1470a5000 r--p 00069000 00:22 41420775                   /home/mleku/.ghcup/ghc/9.6.3/lib/ghc-9.6.3/lib/x86_64-linux-ghc-9.6.3/libHSpretty-1.1.3.6-ghc9.6.3.so
7fe1470a5000-7fe1470ad000 rw-p 0006a000 00:22 41420775                   /home/mleku/.ghcup/ghc/9.6.3/lib/ghc-9.6.3/lib/x86_64-linux-ghc-9.6.3/libHSpretty-1.1.3.6-ghc9.6.3.so
7fe1470ad000-7fe1470f9000 r-xp 00000000 00:22 41418641                   /home/mleku/.ghcup/ghc/9.6.3/lib/ghc-9.6.3/lib/x86_64-linux-ghc-9.6.3/libHSmtl-2.3.1-ghc9.6.3.so
7fe1470f9000-7fe1470fa000 ---p 0004c000 00:22 41418641                   /home/mleku/.ghcup/ghc/9.6.3/lib/ghc-9.6.3/lib/x86_64-linux-ghc-9.6.3/libHSmtl-2.3.1-ghc9.6.3.so
7fe1470fa000-7fe1470fb000 r--p 0004c000 00:22 41418641                   /home/mleku/.ghcup/ghc/9.6.3/lib/ghc-9.6.3/lib/x86_64-linux-ghc-9.6.3/libHSmtl-2.3.1-ghc9.6.3.so
7fe1470fb000-7fe1470fe000 rw-p 0004d000 00:22 41418641                   /home/mleku/.ghcup/ghc/9.6.3/lib/ghc-9.6.3/lib/x86_64-linux-ghc-9.6.3/libHSmtl-2.3.1-ghc9.6.3.so
7fe1470fe000-7fe14710e000 r--p 00000000 00:22 41439440                   /home/mleku/.local/state/cabal/store/ghc-9.6.3/splitmix-0.1.0.5-4d43824a2aa15437e433f1a344653af933edf881ad9f72fc820c1c827832bfcb/lib/libHSsplitmix-0.1.0.5-4d43824a2aa15437e433f1a344653af933edf881ad9f72fc820c1c827832bfcb-ghc9.6.3.so
7fe14710e000-7fe147117000 r-xp 00010000 00:22 41439440                   /home/mleku/.local/state/cabal/store/ghc-9.6.3/splitmix-0.1.0.5-4d43824a2aa15437e433f1a344653af933edf881ad9f72fc820c1c827832bfcb/lib/libHSsplitmix-0.1.0.5-4d43824a2aa15437e433f1a344653af933edf881ad9f72fc820c1c827832bfcb-ghc9.6.3.so
7fe147117000-7fe147118000 r--p 00019000 00:22 41439440                   /home/mleku/.local/state/cabal/store/ghc-9.6.3/splitmix-0.1.0.5-4d43824a2aa15437e433f1a344653af933edf881ad9f72fc820c1c827832bfcb/lib/libHSsplitmix-0.1.0.5-4d43824a2aa15437e433f1a344653af933edf881ad9f72fc820c1c827832bfcb-ghc9.6.3.so
7fe147118000-7fe147119000 r--p 00019000 00:22 41439440                   /home/mleku/.local/state/cabal/store/ghc-9.6.3/splitmix-0.1.0.5-4d43824a2aa15437e433f1a344653af933edf881ad9f72fc820c1c827832bfcb/lib/libHSsplitmix-0.1.0.5-4d43824a2aa15437e433f1a344653af933edf881ad9f72fc820c1c827832bfcb-ghc9.6.3.so
7fe147119000-7fe14711b000 rw-p 0001a000 00:22 41439440                   /home/mleku/.local/state/cabal/store/ghc-9.6.3/splitmix-0.1.0.5-4d43824a2aa15437e433f1a344653af933edf881ad9f72fc820c1c827832bfcb/lib/libHSsplitmix-0.1.0.5-4d43824a2aa15437e433f1a344653af933edf881ad9f72fc820c1c827832bfcb-ghc9.6.3.so
7fe14711b000-7fe147174000 r--p 00000000 00:22 41446431                   /home/mleku/.local/state/cabal/store/ghc-9.6.3/random-1.2.1.1-f75323201d1b45182ed9370fb261ee029c5dbe1b59bf181cffc1aadffc6d66a4/lib/libHSrandom-1.2.1.1-f75323201d1b45182ed9370fb261ee029c5dbe1b59bf181cffc1aadffc6d66a4-ghc9.6.3.so
7fe147174000-7fe1471ff000 r-xp 00059000 00:22 41446431                   /home/mleku/.local/state/cabal/store/ghc-9.6.3/random-1.2.1.1-f75323201d1b45182ed9370fb261ee029c5dbe1b59bf181cffc1aadffc6d66a4/lib/libHSrandom-1.2.1.1-f75323201d1b45182ed9370fb261ee029c5dbe1b59bf181cffc1aadffc6d66a4-ghc9.6.3.so
7fe1471ff000-7fe147200000 r--p 000e4000 00:22 41446431                   /home/mleku/.local/state/cabal/store/ghc-9.6.3/random-1.2.1.1-f75323201d1b45182ed9370fb261ee029c5dbe1b59bf181cffc1aadffc6d66a4/lib/libHSrandom-1.2.1.1-f75323201d1b45182ed9370fb261ee029c5dbe1b59bf181cffc1aadffc6d66a4-ghc9.6.3.so
7fe147200000-7fe147201000 r--p 000e5000 00:22 41446431                   /home/mleku/.local/state/cabal/store/ghc-9.6.3/random-1.2.1.1-f75323201d1b45182ed9370fb261ee029c5dbe1b59bf181cffc1aadffc6d66a4/lib/libHSrandom-1.2.1.1-f75323201d1b45182ed9370fb261ee029c5dbe1b59bf181cffc1aadffc6d66a4-ghc9.6.3.so
7fe147201000-7fe147208000 rw-p 000e6000 00:22 41446431                   /home/mleku/.local/state/cabal/store/ghc-9.6.3/random-1.2.1.1-f75323201d1b45182ed9370fb261ee029c5dbe1b59bf181cffc1aadffc6d66a4/lib/libHSrandom-1.2.1.1-f75323201d1b45182ed9370fb261ee029c5dbe1b59bf181cffc1aadffc6d66a4-ghc9.6.3.so
7fe147208000-7fe147225000 r-xp 00000000 00:22 41419365                   /home/mleku/.ghcup/ghc/9.6.3/lib/ghc-9.6.3/lib/x86_64-linux-ghc-9.6.3/libHSstm-2.5.1.0-ghc9.6.3.so
7fe147225000-7fe147226000 ---p 0001d000 00:22 41419365                   /home/mleku/.ghcup/ghc/9.6.3/lib/ghc-9.6.3/lib/x86_64-linux-ghc-9.6.3/libHSstm-2.5.1.0-ghc9.6.3.so
7fe147226000-7fe147227000 r--p 0001d000 00:22 41419365                   /home/mleku/.ghcup/ghc/9.6.3/lib/ghc-9.6.3/lib/x86_64-linux-ghc-9.6.3/libHSstm-2.5.1.0-ghc9.6.3.so
7fe147227000-7fe14722a000 rw-p 0001e000 00:22 41419365                   /home/mleku/.ghcup/ghc/9.6.3/lib/ghc-9.6.3/lib/x86_64-linux-ghc-9.6.3/libHSstm-2.5.1.0-ghc9.6.3.so
7fe14722a000-7fe147269000 r-xp 00000000 00:22 41420671                   /home/mleku/.ghcup/ghc/9.6.3/lib/ghc-9.6.3/lib/x86_64-linux-ghc-9.6.3/libHSexceptions-0.10.7-ghc9.6.3.so
7fe147269000-7fe14726a000 r--p 0003e000 00:22 41420671                   /home/mleku/.ghcup/ghc/9.6.3/lib/ghc-9.6.3/lib/x86_64-linux-ghc-9.6.3/libHSexceptions-0.10.7-ghc9.6.3.so
7fe14726a000-7fe14726e000 rw-p 0003f000 00:22 41420671                   /home/mleku/.ghcup/ghc/9.6.3/lib/ghc-9.6.3/lib/x86_64-linux-ghc-9.6.3/libHSexceptions-0.10.7-ghc9.6.3.so
7fe14726e000-7fe147325000 r-xp 00000000 00:22 41418538                   /home/mleku/.ghcup/ghc/9.6.3/lib/ghc-9.6.3/lib/x86_64-linux-ghc-9.6.3/libHSfilepath-1.4.100.4-ghc9.6.3.so
7fe147325000-7fe147326000 r--p 000b6000 00:22 41418538                   /home/mleku/.ghcup/ghc/9.6.3/lib/ghc-9.6.3/lib/x86_64-linux-ghc-9.6.3/libHSfilepath-1.4.100.4-ghc9.6.3.so
7fe147326000-7fe147332000 rw-p 000b7000 00:22 41418538                   /home/mleku/.ghcup/ghc/9.6.3/lib/ghc-9.6.3/lib/x86_64-linux-ghc-9.6.3/libHSfilepath-1.4.100.4-ghc9.6.3.so
7fe147332000-7fe1473f8000 r-xp 00000000 00:22 41418556                   /home/mleku/.ghcup/ghc/9.6.3/lib/ghc-9.6.3/lib/x86_64-linux-ghc-9.6.3/libHSbinary-0.8.9.1-ghc9.6.3.so
7fe1473f8000-7fe1473f9000 ---p 000c6000 00:22 41418556                   /home/mleku/.ghcup/ghc/9.6.3/lib/ghc-9.6.3/lib/x86_64-linux-ghc-9.6.3/libHSbinary-0.8.9.1-ghc9.6.3.so
7fe1473f9000-7fe1473fa000 r--p 000c6000 00:22 41418556                   /home/mleku/.ghcup/ghc/9.6.3/lib/ghc-9.6.3/lib/x86_64-linux-ghc-9.6.3/libHSbinary-0.8.9.1-ghc9.6.3.so
7fe1473fa000-7fe147400000 rw-p 000c7000 00:22 41418556                   /home/mleku/.ghcup/ghc/9.6.3/lib/ghc-9.6.3/lib/x86_64-linux-ghc-9.6.3/libHSbinary-0.8.9.1-ghc9.6.3.so
7fe147400000-7fe1476ef000 r-xp 00000000 00:22 41420672                   /home/mleku/.ghcup/ghc/9.6.3/lib/ghc-9.6.3/lib/x86_64-linux-ghc-9.6.3/libHStext-2.0.2-ghc9.6.3.so
7fe1476ef000-7fe1476f0000 r--p 002ee000 00:22 41420672                   /home/mleku/.ghcup/ghc/9.6.3/lib/ghc-9.6.3/lib/x86_64-linux-ghc-9.6.3/libHStext-2.0.2-ghc9.6.3.so
7fe1476f0000-7fe147708000 rw-p 002ef000 00:22 41420672                   /home/mleku/.ghcup/ghc/9.6.3/lib/ghc-9.6.3/lib/x86_64-linux-ghc-9.6.3/libHStext-2.0.2-ghc9.6.3.so
7fe14770c000-7fe14770d000 r--p 00000000 00:22 268361                     /usr/lib/libbrotlidec.so.1.2.0
7fe14770d000-7fe147716000 r-xp 00001000 00:22 268361                     /usr/lib/libbrotlidec.so.1.2.0
7fe147716000-7fe147719000 r--p 0000a000 00:22 268361                     /usr/lib/libbrotlidec.so.1.2.0
7fe147719000-7fe14771a000 r--p 0000c000 00:22 268361                     /usr/lib/libbrotlidec.so.1.2.0
7fe14771a000-7fe14771b000 rw-p 0000d000 00:22 268361                     /usr/lib/libbrotlidec.so.1.2.0
7fe14771b000-7fe14774f000 r--p 00000000 00:22 41437432                   /home/mleku/.local/state/cabal/store/ghc-9.6.3/hashable-1.4.3.0-98acfc8d400a5c987d553ee7033a1f0d4393f505a0071034b204862e7038d80e/lib/libHShashable-1.4.3.0-98acfc8d400a5c987d553ee7033a1f0d4393f505a0071034b204862e7038d80e-ghc9.6.3.so
7fe14774f000-7fe14776e000 r-xp 00034000 00:22 41437432                   /home/mleku/.local/state/cabal/store/ghc-9.6.3/hashable-1.4.3.0-98acfc8d400a5c987d553ee7033a1f0d4393f505a0071034b204862e7038d80e/lib/libHShashable-1.4.3.0-98acfc8d400a5c987d553ee7033a1f0d4393f505a0071034b204862e7038d80e-ghc9.6.3.so
7fe14776e000-7fe14776f000 r--p 00053000 00:22 41437432                   /home/mleku/.local/state/cabal/store/ghc-9.6.3/hashable-1.4.3.0-98acfc8d400a5c987d553ee7033a1f0d4393f505a0071034b204862e7038d80e/lib/libHShashable-1.4.3.0-98acfc8d400a5c987d553ee7033a1f0d4393f505a0071034b204862e7038d80e-ghc9.6.3.so
7fe14776f000-7fe147770000 r--p 00053000 00:22 41437432                   /home/mleku/.local/state/cabal/store/ghc-9.6.3/hashable-1.4.3.0-98acfc8d400a5c987d553ee7033a1f0d4393f505a0071034b204862e7038d80e/lib/libHShashable-1.4.3.0-98acfc8d400a5c987d553ee7033a1f0d4393f505a0071034b204862e7038d80e-ghc9.6.3.so
7fe147770000-7fe147773000 rw-p 00054000 00:22 41437432                   /home/mleku/.local/state/cabal/store/ghc-9.6.3/hashable-1.4.3.0-98acfc8d400a5c987d553ee7033a1f0d4393f505a0071034b204862e7038d80e/lib/libHShashable-1.4.3.0-98acfc8d400a5c987d553ee7033a1f0d4393f505a0071034b204862e7038d80e-ghc9.6.3.so
7fe147773000-7fe147782000 r--p 00000000 00:22 41443255                   /home/mleku/.local/state/cabal/store/ghc-9.6.3/data-fix-0.3.2-4404532ec4620d7c25dfbde142be7414df2f51c7512f2c63e2cf5ae3482c5071/lib/libHSdata-fix-0.3.2-4404532ec4620d7c25dfbde142be7414df2f51c7512f2c63e2cf5ae3482c5071-ghc9.6.3.so
7fe147782000-7fe14778c000 r-xp 0000f000 00:22 41443255                   /home/mleku/.local/state/cabal/store/ghc-9.6.3/data-fix-0.3.2-4404532ec4620d7c25dfbde142be7414df2f51c7512f2c63e2cf5ae3482c5071/lib/libHSdata-fix-0.3.2-4404532ec4620d7c25dfbde142be7414df2f51c7512f2c63e2cf5ae3482c5071-ghc9.6.3.so
7fe14778c000-7fe14778d000 r--p 00019000 00:22 41443255                   /home/mleku/.local/state/cabal/store/ghc-9.6.3/data-fix-0.3.2-4404532ec4620d7c25dfbde142be7414df2f51c7512f2c63e2cf5ae3482c5071/lib/libHSdata-fix-0.3.2-4404532ec4620d7c25dfbde142be7414df2f51c7512f2c63e2cf5ae3482c5071-ghc9.6.3.so
7fe14778d000-7fe14778e000 r--p 00019000 00:22 41443255                   /home/mleku/.local/state/cabal/store/ghc-9.6.3/data-fix-0.3.2-4404532ec4620d7c25dfbde142be7414df2f51c7512f2c63e2cf5ae3482c5071/lib/libHSdata-fix-0.3.2-4404532ec4620d7c25dfbde142be7414df2f51c7512f2c63e2cf5ae3482c5071-ghc9.6.3.so
7fe14778e000-7fe14778f000 rw-p 0001a000 00:22 41443255                   /home/mleku/.local/state/cabal/store/ghc-9.6.3/data-fix-0.3.2-4404532ec4620d7c25dfbde142be7414df2f51c7512f2c63e2cf5ae3482c5071/lib/libHSdata-fix-0.3.2-4404532ec4620d7c25dfbde142be7414df2f51c7512f2c63e2cf5ae3482c5071-ghc9.6.3.so
7fe14778f000-7fe1477a4000 r--p 00000000 00:22 41436643                   /home/mleku/.local/state/cabal/store/ghc-9.6.3/dlist-1.0-19350425ea16e193b94f3155032af71150aa52f121d0da6d2b4a052ebe8b472e/lib/libHSdlist-1.0-19350425ea16e193b94f3155032af71150aa52f121d0da6d2b4a052ebe8b472e-ghc9.6.3.so
7fe1477a4000-7fe1477b2000 r-xp 00015000 00:22 41436643                   /home/mleku/.local/state/cabal/store/ghc-9.6.3/dlist-1.0-19350425ea16e193b94f3155032af71150aa52f121d0da6d2b4a052ebe8b472e/lib/libHSdlist-1.0-19350425ea16e193b94f3155032af71150aa52f121d0da6d2b4a052ebe8b472e-ghc9.6.3.so
7fe1477b2000-7fe1477b3000 r--p 00023000 00:22 41436643                   /home/mleku/.local/state/cabal/store/ghc-9.6.3/dlist-1.0-19350425ea16e193b94f3155032af71150aa52f121d0da6d2b4a052ebe8b472e/lib/libHSdlist-1.0-19350425ea16e193b94f3155032af71150aa52f121d0da6d2b4a052ebe8b472e-ghc9.6.3.so
7fe1477b3000-7fe1477b4000 r--p 00023000 00:22 41436643                   /home/mleku/.local/state/cabal/store/ghc-9.6.3/dlist-1.0-19350425ea16e193b94f3155032af71150aa52f121d0da6d2b4a052ebe8b472e/lib/libHSdlist-1.0-19350425ea16e193b94f3155032af71150aa52f121d0da6d2b4a052ebe8b472e-ghc9.6.3.so
7fe1477b4000-7fe1477b6000 rw-p 00024000 00:22 41436643                   /home/mleku/.local/state/cabal/store/ghc-9.6.3/dlist-1.0-19350425ea16e193b94f3155032af71150aa52f121d0da6d2b4a052ebe8b472e/lib/libHSdlist-1.0-19350425ea16e193b94f3155032af71150aa52f121d0da6d2b4a052ebe8b472e-ghc9.6.3.so
7fe1477b6000-7fe1477ee000 r--p 00000000 00:22 41437772                   /home/mleku/.local/state/cabal/store/ghc-9.6.3/indexed-traversable-0.1.3-5c151c51a16fe848251abf60409384564a48ba07895ffcc7c55051ccad6ef1c8/lib/libHSindexed-traversable-0.1.3-5c151c51a16fe848251abf60409384564a48ba07895ffcc7c55051ccad6ef1c8-ghc9.6.3.so
7fe1477ee000-7fe147817000 r-xp 00038000 00:22 41437772                   /home/mleku/.local/state/cabal/store/ghc-9.6.3/indexed-traversable-0.1.3-5c151c51a16fe848251abf60409384564a48ba07895ffcc7c55051ccad6ef1c8/lib/libHSindexed-traversable-0.1.3-5c151c51a16fe848251abf60409384564a48ba07895ffcc7c55051ccad6ef1c8-ghc9.6.3.so
7fe147817000-7fe147818000 r--p 00061000 00:22 41437772                   /home/mleku/.local/state/cabal/store/ghc-9.6.3/indexed-traversable-0.1.3-5c151c51a16fe848251abf60409384564a48ba07895ffcc7c55051ccad6ef1c8/lib/libHSindexed-traversable-0.1.3-5c151c51a16fe848251abf60409384564a48ba07895ffcc7c55051ccad6ef1c8-ghc9.6.3.so
7fe147818000-7fe147819000 r--p 00061000 00:22 41437772                   /home/mleku/.local/state/cabal/store/ghc-9.6.3/indexed-traversable-0.1.3-5c151c51a16fe848251abf60409384564a48ba07895ffcc7c55051ccad6ef1c8/lib/libHSindexed-traversable-0.1.3-5c151c51a16fe848251abf60409384564a48ba07895ffcc7c55051ccad6ef1c8-ghc9.6.3.so
7fe147819000-7fe14781c000 rw-p 00062000 00:22 41437772                   /home/mleku/.local/state/cabal/store/ghc-9.6.3/indexed-traversable-0.1.3-5c151c51a16fe848251abf60409384564a48ba07895ffcc7c55051ccad6ef1c8/lib/libHSindexed-traversable-0.1.3-5c151c51a16fe848251abf60409384564a48ba07895ffcc7c55051ccad6ef1c8-ghc9.6.3.so
7fe14781c000-7fe14789e000 r--p 00000000 00:22 41441107                   /home/mleku/.local/state/cabal/store/ghc-9.6.3/primitive-0.8.0.0-1668d91881d295d36b48f2796497f2026070412919828ab5bdf883bdf10dfdf1/lib/libHSprimitive-0.8.0.0-1668d91881d295d36b48f2796497f2026070412919828ab5bdf883bdf10dfdf1-ghc9.6.3.so
7fe14789e000-7fe1478ef000 r-xp 00082000 00:22 41441107                   /home/mleku/.local/state/cabal/store/ghc-9.6.3/primitive-0.8.0.0-1668d91881d295d36b48f2796497f2026070412919828ab5bdf883bdf10dfdf1/lib/libHSprimitive-0.8.0.0-1668d91881d295d36b48f2796497f2026070412919828ab5bdf883bdf10dfdf1-ghc9.6.3.so
7fe1478ef000-7fe1478f1000 r--p 000d3000 00:22 41441107                   /home/mleku/.local/state/cabal/store/ghc-9.6.3/primitive-0.8.0.0-1668d91881d295d36b48f2796497f2026070412919828ab5bdf883bdf10dfdf1/lib/libHSprimitive-0.8.0.0-1668d91881d295d36b48f2796497f2026070412919828ab5bdf883bdf10dfdf1-ghc9.6.3.so
7fe1478f1000-7fe1478f2000 r--p 000d4000 00:22 41441107                   /home/mleku/.local/state/cabal/store/ghc-9.6.3/primitive-0.8.0.0-1668d91881d295d36b48f2796497f2026070412919828ab5bdf883bdf10dfdf1/lib/libHSprimitive-0.8.0.0-1668d91881d295d36b48f2796497f2026070412919828ab5bdf883bdf10dfdf1-ghc9.6.3.so
7fe1478f2000-7fe1478ff000 rw-p 000d5000 00:22 41441107                   /home/mleku/.local/state/cabal/store/ghc-9.6.3/primitive-0.8.0.0-1668d91881d295d36b48f2796497f2026070412919828ab5bdf883bdf10dfdf1/lib/libHSprimitive-0.8.0.0-1668d91881d295d36b48f2796497f2026070412919828ab5bdf883bdf10dfdf1-ghc9.6.3.so
7fe1478ff000-7fe14790a000 r--p 00000000 00:22 41437999                   /home/mleku/.local/state/cabal/store/ghc-9.6.3/integer-logarithms-1.0.3.1-967596eee7d227357a19cc7ecdd12c181b8bbc7a88c7e90578ac5595d559b732/lib/libHSinteger-logarithms-1.0.3.1-967596eee7d227357a19cc7ecdd12c181b8bbc7a88c7e90578ac5595d559b732-ghc9.6.3.so
7fe14790a000-7fe14791b000 r-xp 0000b000 00:22 41437999                   /home/mleku/.local/state/cabal/store/ghc-9.6.3/integer-logarithms-1.0.3.1-967596eee7d227357a19cc7ecdd12c181b8bbc7a88c7e90578ac5595d559b732/lib/libHSinteger-logarithms-1.0.3.1-967596eee7d227357a19cc7ecdd12c181b8bbc7a88c7e90578ac5595d559b732-ghc9.6.3.so
7fe14791b000-7fe14791c000 r--p 0001c000 00:22 41437999                   /home/mleku/.local/state/cabal/store/ghc-9.6.3/integer-logarithms-1.0.3.1-967596eee7d227357a19cc7ecdd12c181b8bbc7a88c7e90578ac5595d559b732/lib/libHSinteger-logarithms-1.0.3.1-967596eee7d227357a19cc7ecdd12c181b8bbc7a88c7e90578ac5595d559b732-ghc9.6.3.so
7fe14791c000-7fe14791d000 r--p 0001c000 00:22 41437999                   /home/mleku/.local/state/cabal/store/ghc-9.6.3/integer-logarithms-1.0.3.1-967596eee7d227357a19cc7ecdd12c181b8bbc7a88c7e90578ac5595d559b732/lib/libHSinteger-logarithms-1.0.3.1-967596eee7d227357a19cc7ecdd12c181b8bbc7a88c7e90578ac5595d559b732-ghc9.6.3.so
7fe14791d000-7fe147920000 rw-p 0001d000 00:22 41437999                   /home/mleku/.local/state/cabal/store/ghc-9.6.3/integer-logarithms-1.0.3.1-967596eee7d227357a19cc7ecdd12c181b8bbc7a88c7e90578ac5595d559b732/lib/libHSinteger-logarithms-1.0.3.1-967596eee7d227357a19cc7ecdd12c181b8bbc7a88c7e90578ac5595d559b732-ghc9.6.3.so
7fe147920000-7fe147a12000 r-xp 00000000 00:22 41418555                   /home/mleku/.ghcup/ghc/9.6.3/lib/ghc-9.6.3/lib/x86_64-linux-ghc-9.6.3/libHSparsec-3.1.16.1-ghc9.6.3.so
7fe147a12000-7fe147a13000 ---p 000f2000 00:22 41418555                   /home/mleku/.ghcup/ghc/9.6.3/lib/ghc-9.6.3/lib/x86_64-linux-ghc-9.6.3/libHSparsec-3.1.16.1-ghc9.6.3.so
7fe147a13000-7fe147a14000 r--p 000f2000 00:22 41418555                   /home/mleku/.ghcup/ghc/9.6.3/lib/ghc-9.6.3/lib/x86_64-linux-ghc-9.6.3/libHSparsec-3.1.16.1-ghc9.6.3.so
7fe147a14000-7fe147a20000 rw-p 000f3000 00:22 41418555                   /home/mleku/.ghcup/ghc/9.6.3/lib/ghc-9.6.3/lib/x86_64-linux-ghc-9.6.3/libHSparsec-3.1.16.1-ghc9.6.3.so
7fe147a20000-7fe147a42000 r--p 00000000 00:22 41445360                   /home/mleku/.local/state/cabal/store/ghc-9.6.3/network-uri-2.6.4.2-1b28555ec16212e9f20752fce0460b0baff485858922e9bd4f037e02858e9015/lib/libHSnetwork-uri-2.6.4.2-1b28555ec16212e9f20752fce0460b0baff485858922e9bd4f037e02858e9015-ghc9.6.3.so
7fe147a42000-7fe147aa4000 r-xp 00022000 00:22 41445360                   /home/mleku/.local/state/cabal/store/ghc-9.6.3/network-uri-2.6.4.2-1b28555ec16212e9f20752fce0460b0baff485858922e9bd4f037e02858e9015/lib/libHSnetwork-uri-2.6.4.2-1b28555ec16212e9f20752fce0460b0baff485858922e9bd4f037e02858e9015-ghc9.6.3.so
7fe147aa4000-7fe147aa5000 r--p 00084000 00:22 41445360                   /home/mleku/.local/state/cabal/store/ghc-9.6.3/network-uri-2.6.4.2-1b28555ec16212e9f20752fce0460b0baff485858922e9bd4f037e02858e9015/lib/libHSnetwork-uri-2.6.4.2-1b28555ec16212e9f20752fce0460b0baff485858922e9bd4f037e02858e9015-ghc9.6.3.so
7fe147aa5000-7fe147aa6000 r--p 00084000 00:22 41445360                   /home/mleku/.local/state/cabal/store/ghc-9.6.3/network-uri-2.6.4.2-1b28555ec16212e9f20752fce0460b0baff485858922e9bd4f037e02858e9015/lib/libHSnetwork-uri-2.6.4.2-1b28555ec16212e9f20752fce0460b0baff485858922e9bd4f037e02858e9015-ghc9.6.3.so
7fe147aa6000-7fe147aaa000 rw-p 00085000 00:22 41445360                   /home/mleku/.local/state/cabal/store/ghc-9.6.3/network-uri-2.6.4.2-1b28555ec16212e9f20752fce0460b0baff485858922e9bd4f037e02858e9015/lib/libHSnetwork-uri-2.6.4.2-1b28555ec16212e9f20752fce0460b0baff485858922e9bd4f037e02858e9015-ghc9.6.3.so
7fe147aaa000-7fe147ace000 r--p 00000000 00:22 41447000                   /home/mleku/.local/state/cabal/store/ghc-9.6.3/scientific-0.3.7.0-7a07b5ac361675a639efba043eabeed19b465966ead7cf70752d089759ceb598/lib/libHSscientific-0.3.7.0-7a07b5ac361675a639efba043eabeed19b465966ead7cf70752d089759ceb598-ghc9.6.3.so
7fe147ace000-7fe147b04000 r-xp 00024000 00:22 41447000                   /home/mleku/.local/state/cabal/store/ghc-9.6.3/scientific-0.3.7.0-7a07b5ac361675a639efba043eabeed19b465966ead7cf70752d089759ceb598/lib/libHSscientific-0.3.7.0-7a07b5ac361675a639efba043eabeed19b465966ead7cf70752d089759ceb598-ghc9.6.3.so
7fe147b04000-7fe147b05000 r--p 0005a000 00:22 41447000                   /home/mleku/.local/state/cabal/store/ghc-9.6.3/scientific-0.3.7.0-7a07b5ac361675a639efba043eabeed19b465966ead7cf70752d089759ceb598/lib/libHSscientific-0.3.7.0-7a07b5ac361675a639efba043eabeed19b465966ead7cf70752d089759ceb598-ghc9.6.3.so
7fe147b05000-7fe147b06000 r--p 0005b000 00:22 41447000                   /home/mleku/.local/state/cabal/store/ghc-9.6.3/scientific-0.3.7.0-7a07b5ac361675a639efba043eabeed19b465966ead7cf70752d089759ceb598/lib/libHSscientific-0.3.7.0-7a07b5ac361675a639efba043eabeed19b465966ead7cf70752d089759ceb598-ghc9.6.3.so
7fe147b06000-7fe147b0b000 rw-p 0005c000 00:22 41447000                   /home/mleku/.local/state/cabal/store/ghc-9.6.3/scientific-0.3.7.0-7a07b5ac361675a639efba043eabeed19b465966ead7cf70752d089759ceb598/lib/libHSscientific-0.3.7.0-7a07b5ac361675a639efba043eabeed19b465966ead7cf70752d089759ceb598-ghc9.6.3.so
7fe147b0b000-7fe147b27000 r--p 00000000 00:22 41439956                   /home/mleku/.local/state/cabal/store/ghc-9.6.3/tagged-0.8.8-245207977ddabd2449b4b7811802701130827478b7f71185ea9f91ae936b7797/lib/libHStagged-0.8.8-245207977ddabd2449b4b7811802701130827478b7f71185ea9f91ae936b7797-ghc9.6.3.so
7fe147b27000-7fe147b36000 r-xp 0001c000 00:22 41439956                   /home/mleku/.local/state/cabal/store/ghc-9.6.3/tagged-0.8.8-245207977ddabd2449b4b7811802701130827478b7f71185ea9f91ae936b7797/lib/libHStagged-0.8.8-245207977ddabd2449b4b7811802701130827478b7f71185ea9f91ae936b7797-ghc9.6.3.so
7fe147b36000-7fe147b37000 r--p 0002b000 00:22 41439956                   /home/mleku/.local/state/cabal/store/ghc-9.6.3/tagged-0.8.8-245207977ddabd2449b4b7811802701130827478b7f71185ea9f91ae936b7797/lib/libHStagged-0.8.8-245207977ddabd2449b4b7811802701130827478b7f71185ea9f91ae936b7797-ghc9.6.3.so
7fe147b37000-7fe147b38000 r--p 0002b000 00:22 41439956                   /home/mleku/.local/state/cabal/store/ghc-9.6.3/tagged-0.8.8-245207977ddabd2449b4b7811802701130827478b7f71185ea9f91ae936b7797/lib/libHStagged-0.8.8-245207977ddabd2449b4b7811802701130827478b7f71185ea9f91ae936b7797-ghc9.6.3.so
7fe147b38000-7fe147b3a000 rw-p 0002c000 00:22 41439956                   /home/mleku/.local/state/cabal/store/ghc-9.6.3/tagged-0.8.8-245207977ddabd2449b4b7811802701130827478b7f71185ea9f91ae936b7797/lib/libHStagged-0.8.8-245207977ddabd2449b4b7811802701130827478b7f71185ea9f91ae936b7797-ghc9.6.3.so
7fe147b3a000-7fe147b79000 r--p 00000000 00:22 41445805                   /home/mleku/.local/state/cabal/store/ghc-9.6.3/unordered-containers-0.2.19.1-fe823f0c4c35e091e52d2033a63fb26d634c96f699768c5240411cca0b2d0108/lib/libHSunordered-containers-0.2.19.1-fe823f0c4c35e091e52d2033a63fb26d634c96f699768c5240411cca0b2d0108-ghc9.6.3.so
7fe147b79000-7fe147bf9000 r-xp 0003f000 00:22 41445805                   /home/mleku/.local/state/cabal/store/ghc-9.6.3/unordered-containers-0.2.19.1-fe823f0c4c35e091e52d2033a63fb26d634c96f699768c5240411cca0b2d0108/lib/libHSunordered-containers-0.2.19.1-fe823f0c4c35e091e52d2033a63fb26d634c96f699768c5240411cca0b2d0108-ghc9.6.3.so
7fe147bf9000-7fe147bfa000 r--p 000bf000 00:22 41445805                   /home/mleku/.local/state/cabal/store/ghc-9.6.3/unordered-containers-0.2.19.1-fe823f0c4c35e091e52d2033a63fb26d634c96f699768c5240411cca0b2d0108/lib/libHSunordered-containers-0.2.19.1-fe823f0c4c35e091e52d2033a63fb26d634c96f699768c5240411cca0b2d0108-ghc9.6.3.so
7fe147bfa000-7fe147bfb000 r--p 000c0000 00:22 41445805                   /home/mleku/.local/state/cabal/store/ghc-9.6.3/unordered-containers-0.2.19.1-fe823f0c4c35e091e52d2033a63fb26d634c96f699768c5240411cca0b2d0108/lib/libHSunordered-containers-0.2.19.1-fe823f0c4c35e091e52d2033a63fb26d634c96f699768c5240411cca0b2d0108-ghc9.6.3.so
7fe147bfb000-7fe147c00000 rw-p 000c1000 00:22 41445805                   /home/mleku/.local/state/cabal/store/ghc-9.6.3/unordered-containers-0.2.19.1-fe823f0c4c35e091e52d2033a63fb26d634c96f699768c5240411cca0b2d0108/lib/libHSunordered-containers-0.2.19.1-fe823f0c4c35e091e52d2033a63fb26d634c96f699768c5240411cca0b2d0108-ghc9.6.3.so
7fe147c00000-7fe147d86000 r--p 00000000 00:22 41456311                   /home/mleku/.local/state/cabal/store/ghc-9.6.3/vector-0.13.1.0-cf8a0ecaaaf2c3a8a67fd3a90b4673e394789ff172620844d9169dac0c285184/lib/libHSvector-0.13.1.0-cf8a0ecaaaf2c3a8a67fd3a90b4673e394789ff172620844d9169dac0c285184-ghc9.6.3.so
7fe147d86000-7fe148118000 r-xp 00186000 00:22 41456311                   /home/mleku/.local/state/cabal/store/ghc-9.6.3/vector-0.13.1.0-cf8a0ecaaaf2c3a8a67fd3a90b4673e394789ff172620844d9169dac0c285184/lib/libHSvector-0.13.1.0-cf8a0ecaaaf2c3a8a67fd3a90b4673e394789ff172620844d9169dac0c285184-ghc9.6.3.so
7fe148118000-7fe14811a000 r--p 00518000 00:22 41456311                   /home/mleku/.local/state/cabal/store/ghc-9.6.3/vector-0.13.1.0-cf8a0ecaaaf2c3a8a67fd3a90b4673e394789ff172620844d9169dac0c285184/lib/libHSvector-0.13.1.0-cf8a0ecaaaf2c3a8a67fd3a90b4673e394789ff172620844d9169dac0c285184-ghc9.6.3.so
7fe14811a000-7fe14811b000 r--p 0051a000 00:22 41456311                   /home/mleku/.local/state/cabal/store/ghc-9.6.3/vector-0.13.1.0-cf8a0ecaaaf2c3a8a67fd3a90b4673e394789ff172620844d9169dac0c285184/lib/libHSvector-0.13.1.0-cf8a0ecaaaf2c3a8a67fd3a90b4673e394789ff172620844d9169dac0c285184-ghc9.6.3.so
7fe14811b000-7fe148149000 rw-p 0051b000 00:22 41456311                   /home/mleku/.local/state/cabal/store/ghc-9.6.3/vector-0.13.1.0-cf8a0ecaaaf2c3a8a67fd3a90b4673e394789ff172620844d9169dac0c285184/lib/libHSvector-0.13.1.0-cf8a0ecaaaf2c3a8a67fd3a90b4673e394789ff172620844d9169dac0c285184-ghc9.6.3.so
7fe14814d000-7fe14814e000 r--p 00000000 00:22 10087913                   /usr/lib/libpthread.so.0
7fe14814e000-7fe14814f000 r-xp 00001000 00:22 10087913                   /usr/lib/libpthread.so.0
7fe14814f000-7fe148150000 r--p 00002000 00:22 10087913                   /usr/lib/libpthread.so.0
7fe148150000-7fe148151000 r--p 00002000 00:22 10087913                   /usr/lib/libpthread.so.0
7fe148151000-7fe148152000 rw-p 00003000 00:22 10087913                   /usr/lib/libpthread.so.0
7fe148152000-7fe148153000 r--p 00000000 00:22 10087891                   /usr/lib/libdl.so.2
7fe148153000-7fe148154000 r-xp 00001000 00:22 10087891                   /usr/lib/libdl.so.2
7fe148154000-7fe148155000 r--p 00002000 00:22 10087891                   /usr/lib/libdl.so.2
7fe148155000-7fe148156000 r--p 00002000 00:22 10087891                   /usr/lib/libdl.so.2
7fe148156000-7fe148157000 rw-p 00003000 00:22 10087891                   /usr/lib/libdl.so.2
7fe148157000-7fe148158000 r--p 00000000 00:22 10087922                   /usr/lib/libutil.so.1
7fe148158000-7fe148159000 r-xp 00001000 00:22 10087922                   /usr/lib/libutil.so.1
7fe148159000-7fe14815a000 r--p 00002000 00:22 10087922                   /usr/lib/libutil.so.1
7fe14815a000-7fe14815b000 r--p 00002000 00:22 10087922                   /usr/lib/libutil.so.1
7fe14815b000-7fe14815c000 rw-p 00003000 00:22 10087922                   /usr/lib/libutil.so.1
7fe14815c000-7fe148160000 r--p 00000000 00:22 41446062                   /home/mleku/.local/state/cabal/store/ghc-9.6.3/integer-conversion-0.1.0.1-2601c7292b651aa00336b33dba37461eb02d4288e078d53e9050188c4a03e67f/lib/libHSinteger-conversion-0.1.0.1-2601c7292b651aa00336b33dba37461eb02d4288e078d53e9050188c4a03e67f-ghc9.6.3.so
7fe148160000-7fe148163000 r-xp 00004000 00:22 41446062                   /home/mleku/.local/state/cabal/store/ghc-9.6.3/integer-conversion-0.1.0.1-2601c7292b651aa00336b33dba37461eb02d4288e078d53e9050188c4a03e67f/lib/libHSinteger-conversion-0.1.0.1-2601c7292b651aa00336b33dba37461eb02d4288e078d53e9050188c4a03e67f-ghc9.6.3.so
7fe148163000-7fe148164000 r--p 00007000 00:22 41446062                   /home/mleku/.local/state/cabal/store/ghc-9.6.3/integer-conversion-0.1.0.1-2601c7292b651aa00336b33dba37461eb02d4288e078d53e9050188c4a03e67f/lib/libHSinteger-conversion-0.1.0.1-2601c7292b651aa00336b33dba37461eb02d4288e078d53e9050188c4a03e67f-ghc9.6.3.so
7fe148164000-7fe148165000 r--p 00007000 00:22 41446062                   /home/mleku/.local/state/cabal/store/ghc-9.6.3/integer-conversion-0.1.0.1-2601c7292b651aa00336b33dba37461eb02d4288e078d53e9050188c4a03e67f/lib/libHSinteger-conversion-0.1.0.1-2601c7292b651aa00336b33dba37461eb02d4288e078d53e9050188c4a03e67f-ghc9.6.3.so
7fe148165000-7fe148166000 rw-p 00008000 00:22 41446062                   /home/mleku/.local/state/cabal/store/ghc-9.6.3/integer-conversion-0.1.0.1-2601c7292b651aa00336b33dba37461eb02d4288e078d53e9050188c4a03e67f/lib/libHSinteger-conversion-0.1.0.1-2601c7292b651aa00336b33dba37461eb02d4288e078d53e9050188c4a03e67f-ghc9.6.3.so
7fe148166000-7fe148171000 r--p 00000000 00:22 41439853                   /home/mleku/.local/state/cabal/store/ghc-9.6.3/th-compat-0.1.4-0067826cccf2ecd73fb3b4a3646f25bf76c4c0471063cc62f191ddab844b4926/lib/libHSth-compat-0.1.4-0067826cccf2ecd73fb3b4a3646f25bf76c4c0471063cc62f191ddab844b4926-ghc9.6.3.so
7fe148171000-7fe148173000 r-xp 0000b000 00:22 41439853                   /home/mleku/.local/state/cabal/store/ghc-9.6.3/th-compat-0.1.4-0067826cccf2ecd73fb3b4a3646f25bf76c4c0471063cc62f191ddab844b4926/lib/libHSth-compat-0.1.4-0067826cccf2ecd73fb3b4a3646f25bf76c4c0471063cc62f191ddab844b4926-ghc9.6.3.so
7fe148173000-7fe148174000 r--p 0000d000 00:22 41439853                   /home/mleku/.local/state/cabal/store/ghc-9.6.3/th-compat-0.1.4-0067826cccf2ecd73fb3b4a3646f25bf76c4c0471063cc62f191ddab844b4926/lib/libHSth-compat-0.1.4-0067826cccf2ecd73fb3b4a3646f25bf76c4c0471063cc62f191ddab844b4926-ghc9.6.3.so
7fe148174000-7fe148175000 r--p 0000d000 00:22 41439853                   /home/mleku/.local/state/cabal/store/ghc-9.6.3/th-compat-0.1.4-0067826cccf2ecd73fb3b4a3646f25bf76c4c0471063cc62f191ddab844b4926/lib/libHSth-compat-0.1.4-0067826cccf2ecd73fb3b4a3646f25bf76c4c0471063cc62f191ddab844b4926-ghc9.6.3.so
7fe148175000-7fe148177000 rw-p 0000e000 00:22 41439853                   /home/mleku/.local/state/cabal/store/ghc-9.6.3/th-compat-0.1.4-0067826cccf2ecd73fb3b4a3646f25bf76c4c0471063cc62f191ddab844b4926/lib/libHSth-compat-0.1.4-0067826cccf2ecd73fb3b4a3646f25bf76c4c0471063cc62f191ddab844b4926-ghc9.6.3.so
7fe148177000-7fe14818b000 r--p 00000000 00:22 41441911                   /home/mleku/.local/state/cabal/store/ghc-9.6.3/vector-stream-0.1.0.0-cd544f2a524119b745a23e3409aa3f38b5d18471174a3ec15e48fdb0b32df517/lib/libHSvector-stream-0.1.0.0-cd544f2a524119b745a23e3409aa3f38b5d18471174a3ec15e48fdb0b32df517-ghc9.6.3.so
7fe14818b000-7fe1481c9000 r-xp 00014000 00:22 41441911                   /home/mleku/.local/state/cabal/store/ghc-9.6.3/vector-stream-0.1.0.0-cd544f2a524119b745a23e3409aa3f38b5d18471174a3ec15e48fdb0b32df517/lib/libHSvector-stream-0.1.0.0-cd544f2a524119b745a23e3409aa3f38b5d18471174a3ec15e48fdb0b32df517-ghc9.6.3.so
7fe1481c9000-7fe1481ca000 r--p 00052000 00:22 41441911                   /home/mleku/.local/state/cabal/store/ghc-9.6.3/vector-stream-0.1.0.0-cd544f2a524119b745a23e3409aa3f38b5d18471174a3ec15e48fdb0b32df517/lib/libHSvector-stream-0.1.0.0-cd544f2a524119b745a23e3409aa3f38b5d18471174a3ec15e48fdb0b32df517-ghc9.6.3.so
7fe1481ca000-7fe1481cb000 r--p 00052000 00:22 41441911                   /home/mleku/.local/state/cabal/store/ghc-9.6.3/vector-stream-0.1.0.0-cd544f2a524119b745a23e3409aa3f38b5d18471174a3ec15e48fdb0b32df517/lib/libHSvector-stream-0.1.0.0-cd544f2a524119b745a23e3409aa3f38b5d18471174a3ec15e48fdb0b32df517-ghc9.6.3.so
7fe1481cb000-7fe1481cd000 rw-p 00053000 00:22 41441911                   /home/mleku/.local/state/cabal/store/ghc-9.6.3/vector-stream-0.1.0.0-cd544f2a524119b745a23e3409aa3f38b5d18471174a3ec15e48fdb0b32df517/lib/libHSvector-stream-0.1.0.0-cd544f2a524119b745a23e3409aa3f38b5d18471174a3ec15e48fdb0b32df517-ghc9.6.3.so
7fe1481cd000-7fe14820f000 r--p 00000000 00:22 41440410                   /home/mleku/.local/state/cabal/store/ghc-9.6.3/transformers-compat-0.7.2-25923a9ee3488abd71a022b0310fa410647c6ac733dd896576b6e366ef80fd82/lib/libHStransformers-compat-0.7.2-25923a9ee3488abd71a022b0310fa410647c6ac733dd896576b6e366ef80fd82-ghc9.6.3.so
7fe14820f000-7fe148228000 r-xp 00042000 00:22 41440410                   /home/mleku/.local/state/cabal/store/ghc-9.6.3/transformers-compat-0.7.2-25923a9ee3488abd71a022b0310fa410647c6ac733dd896576b6e366ef80fd82/lib/libHStransformers-compat-0.7.2-25923a9ee3488abd71a022b0310fa410647c6ac733dd896576b6e366ef80fd82-ghc9.6.3.so
7fe148228000-7fe14822a000 r--p 0005b000 00:22 41440410                   /home/mleku/.local/state/cabal/store/ghc-9.6.3/transformers-compat-0.7.2-25923a9ee3488abd71a022b0310fa410647c6ac733dd896576b6e366ef80fd82/lib/libHStransformers-compat-0.7.2-25923a9ee3488abd71a022b0310fa410647c6ac733dd896576b6e366ef80fd82-ghc9.6.3.so
7fe14822a000-7fe14822b000 r--p 0005c000 00:22 41440410                   /home/mleku/.local/state/cabal/store/ghc-9.6.3/transformers-compat-0.7.2-25923a9ee3488abd71a022b0310fa410647c6ac733dd896576b6e366ef80fd82/lib/libHStransformers-compat-0.7.2-25923a9ee3488abd71a022b0310fa410647c6ac733dd896576b6e366ef80fd82-ghc9.6.3.so
7fe14822b000-7fe148230000 rw-p 0005d000 00:22 41440410                   /home/mleku/.local/state/cabal/store/ghc-9.6.3/transformers-compat-0.7.2-25923a9ee3488abd71a022b0310fa410647c6ac733dd896576b6e366ef80fd82/lib/libHStransformers-compat-0.7.2-25923a9ee3488abd71a022b0310fa410647c6ac733dd896576b6e366ef80fd82-ghc9.6.3.so
7fe148230000-7fe14825f000 r--p 00000000 00:22 41448633                   /home/mleku/.local/state/cabal/store/ghc-9.6.3/comonad-5.0.8-db6fdc8475375a8088bde8f5f0a18ec7839b5f7135bfd4a1b039ae844bb9f9f7/lib/libHScomonad-5.0.8-db6fdc8475375a8088bde8f5f0a18ec7839b5f7135bfd4a1b039ae844bb9f9f7-ghc9.6.3.so
7fe14825f000-7fe14827b000 r-xp 0002f000 00:22 41448633                   /home/mleku/.local/state/cabal/store/ghc-9.6.3/comonad-5.0.8-db6fdc8475375a8088bde8f5f0a18ec7839b5f7135bfd4a1b039ae844bb9f9f7/lib/libHScomonad-5.0.8-db6fdc8475375a8088bde8f5f0a18ec7839b5f7135bfd4a1b039ae844bb9f9f7-ghc9.6.3.so
7fe14827b000-7fe14827c000 r--p 0004b000 00:22 41448633                   /home/mleku/.local/state/cabal/store/ghc-9.6.3/comonad-5.0.8-db6fdc8475375a8088bde8f5f0a18ec7839b5f7135bfd4a1b039ae844bb9f9f7/lib/libHScomonad-5.0.8-db6fdc8475375a8088bde8f5f0a18ec7839b5f7135bfd4a1b039ae844bb9f9f7-ghc9.6.3.so
7fe14827c000-7fe14827d000 r--p 0004b000 00:22 41448633                   /home/mleku/.local/state/cabal/store/ghc-9.6.3/comonad-5.0.8-db6fdc8475375a8088bde8f5f0a18ec7839b5f7135bfd4a1b039ae844bb9f9f7/lib/libHScomonad-5.0.8-db6fdc8475375a8088bde8f5f0a18ec7839b5f7135bfd4a1b039ae844bb9f9f7-ghc9.6.3.so
7fe14827d000-7fe148280000 rw-p 0004c000 00:22 41448633                   /home/mleku/.local/state/cabal/store/ghc-9.6.3/comonad-5.0.8-db6fdc8475375a8088bde8f5f0a18ec7839b5f7135bfd4a1b039ae844bb9f9f7/lib/libHScomonad-5.0.8-db6fdc8475375a8088bde8f5f0a18ec7839b5f7135bfd4a1b039ae844bb9f9f7-ghc9.6.3.so
7fe148280000-7fe1482cc000 r--p 00000000 00:22 41440895                   /home/mleku/.local/state/cabal/store/ghc-9.6.3/th-abstraction-0.6.0.0-4b7fd6ddae43ee14f43798c73010233dd357bc47de41458d8a4e4c8fc084082b/lib/libHSth-abstraction-0.6.0.0-4b7fd6ddae43ee14f43798c73010233dd357bc47de41458d8a4e4c8fc084082b-ghc9.6.3.so
7fe1482cc000-7fe148313000 r-xp 0004c000 00:22 41440895                   /home/mleku/.local/state/cabal/store/ghc-9.6.3/th-abstraction-0.6.0.0-4b7fd6ddae43ee14f43798c73010233dd357bc47de41458d8a4e4c8fc084082b/lib/libHSth-abstraction-0.6.0.0-4b7fd6ddae43ee14f43798c73010233dd357bc47de41458d8a4e4c8fc084082b-ghc9.6.3.so
7fe148313000-7fe148315000 r--p 00093000 00:22 41440895                   /home/mleku/.local/state/cabal/store/ghc-9.6.3/th-abstraction-0.6.0.0-4b7fd6ddae43ee14f43798c73010233dd357bc47de41458d8a4e4c8fc084082b/lib/libHSth-abstraction-0.6.0.0-4b7fd6ddae43ee14f43798c73010233dd357bc47de41458d8a4e4c8fc084082b-ghc9.6.3.so
7fe148315000-7fe148316000 r--p 00095000 00:22 41440895                   /home/mleku/.local/state/cabal/store/ghc-9.6.3/th-abstraction-0.6.0.0-4b7fd6ddae43ee14f43798c73010233dd357bc47de41458d8a4e4c8fc084082b/lib/libHSth-abstraction-0.6.0.0-4b7fd6ddae43ee14f43798c73010233dd357bc47de41458d8a4e4c8fc084082b-ghc9.6.3.so
7fe148316000-7fe14831d000 rw-p 00096000 00:22 41440895                   /home/mleku/.local/state/cabal/store/ghc-9.6.3/th-abstraction-0.6.0.0-4b7fd6ddae43ee14f43798c73010233dd357bc47de41458d8a4e4c8fc084082b/lib/libHSth-abstraction-0.6.0.0-4b7fd6ddae43ee14f43798c73010233dd357bc47de41458d8a4e4c8fc084082b-ghc9.6.3.so
7fe14831d000-7fe1483e3000 r--p 00000000 00:22 41452701                   /home/mleku/.local/state/cabal/store/ghc-9.6.3/bifunctors-5.6.1-821163cc03fae21b74f29dca370e811f63a65f46c62cfe96d1425caa200f3c5c/lib/libHSbifunctors-5.6.1-821163cc03fae21b74f29dca370e811f63a65f46c62cfe96d1425caa200f3c5c-ghc9.6.3.so
7fe1483e3000-7fe148484000 r-xp 000c6000 00:22 41452701                   /home/mleku/.local/state/cabal/store/ghc-9.6.3/bifunctors-5.6.1-821163cc03fae21b74f29dca370e811f63a65f46c62cfe96d1425caa200f3c5c/lib/libHSbifunctors-5.6.1-821163cc03fae21b74f29dca370e811f63a65f46c62cfe96d1425caa200f3c5c-ghc9.6.3.so
7fe148484000-7fe148486000 r--p 00167000 00:22 41452701                   /home/mleku/.local/state/cabal/store/ghc-9.6.3/bifunctors-5.6.1-821163cc03fae21b74f29dca370e811f63a65f46c62cfe96d1425caa200f3c5c/lib/libHSbifunctors-5.6.1-821163cc03fae21b74f29dca370e811f63a65f46c62cfe96d1425caa200f3c5c-ghc9.6.3.so
7fe148486000-7fe148487000 r--p 00169000 00:22 41452701                   /home/mleku/.local/state/cabal/store/ghc-9.6.3/bifunctors-5.6.1-821163cc03fae21b74f29dca370e811f63a65f46c62cfe96d1425caa200f3c5c/lib/libHSbifunctors-5.6.1-821163cc03fae21b74f29dca370e811f63a65f46c62cfe96d1425caa200f3c5c-ghc9.6.3.so
7fe148487000-7fe148496000 rw-p 0016a000 00:22 41452701                   /home/mleku/.local/state/cabal/store/ghc-9.6.3/bifunctors-5.6.1-821163cc03fae21b74f29dca370e811f63a65f46c62cfe96d1425caa200f3c5c/lib/libHSbifunctors-5.6.1-821163cc03fae21b74f29dca370e811f63a65f46c62cfe96d1425caa200f3c5c-ghc9.6.3.so
7fe148496000-7fe1484b8000 r--p 00000000 00:22 41441380                   /home/mleku/.local/state/cabal/store/ghc-9.6.3/contravariant-1.5.5-70d7f156408038e9752dcbba632c9c365900dde64d1872b1b3f3370b60d23395/lib/libHScontravariant-1.5.5-70d7f156408038e9752dcbba632c9c365900dde64d1872b1b3f3370b60d23395-ghc9.6.3.so
7fe1484b8000-7fe1484c7000 r-xp 00022000 00:22 41441380                   /home/mleku/.local/state/cabal/store/ghc-9.6.3/contravariant-1.5.5-70d7f156408038e9752dcbba632c9c365900dde64d1872b1b3f3370b60d23395/lib/libHScontravariant-1.5.5-70d7f156408038e9752dcbba632c9c365900dde64d1872b1b3f3370b60d23395-ghc9.6.3.so
7fe1484c7000-7fe1484c8000 r--p 00031000 00:22 41441380                   /home/mleku/.local/state/cabal/store/ghc-9.6.3/contravariant-1.5.5-70d7f156408038e9752dcbba632c9c365900dde64d1872b1b3f3370b60d23395/lib/libHScontravariant-1.5.5-70d7f156408038e9752dcbba632c9c365900dde64d1872b1b3f3370b60d23395-ghc9.6.3.so
7fe1484c8000-7fe1484c9000 r--p 00031000 00:22 41441380                   /home/mleku/.local/state/cabal/store/ghc-9.6.3/contravariant-1.5.5-70d7f156408038e9752dcbba632c9c365900dde64d1872b1b3f3370b60d23395/lib/libHScontravariant-1.5.5-70d7f156408038e9752dcbba632c9c365900dde64d1872b1b3f3370b60d23395-ghc9.6.3.so
7fe1484c9000-7fe1484cb000 rw-p 00032000 00:22 41441380                   /home/mleku/.local/state/cabal/store/ghc-9.6.3/contravariant-1.5.5-70d7f156408038e9752dcbba632c9c365900dde64d1872b1b3f3370b60d23395/lib/libHScontravariant-1.5.5-70d7f156408038e9752dcbba632c9c365900dde64d1872b1b3f3370b60d23395-ghc9.6.3.so
7fe1484cb000-7fe148581000 r--p 00000000 00:22 41454895                   /home/mleku/.local/state/cabal/store/ghc-9.6.3/semigroupoids-6.0.0.1-d56f88db2e1891ee087502046796957cae68c5b2ce657ace8f34eccdd8b0241a/lib/libHSsemigroupoids-6.0.0.1-d56f88db2e1891ee087502046796957cae68c5b2ce657ace8f34eccdd8b0241a-ghc9.6.3.so
7fe148581000-7fe1485ed000 r-xp 000b6000 00:22 41454895                   /home/mleku/.local/state/cabal/store/ghc-9.6.3/semigroupoids-6.0.0.1-d56f88db2e1891ee087502046796957cae68c5b2ce657ace8f34eccdd8b0241a/lib/libHSsemigroupoids-6.0.0.1-d56f88db2e1891ee087502046796957cae68c5b2ce657ace8f34eccdd8b0241a-ghc9.6.3.so
7fe1485ed000-7fe1485ee000 r--p 00122000 00:22 41454895                   /home/mleku/.local/state/cabal/store/ghc-9.6.3/semigroupoids-6.0.0.1-d56f88db2e1891ee087502046796957cae68c5b2ce657ace8f34eccdd8b0241a/lib/libHSsemigroupoids-6.0.0.1-d56f88db2e1891ee087502046796957cae68c5b2ce657ace8f34eccdd8b0241a-ghc9.6.3.so
7fe1485ee000-7fe1485ef000 r--p 00123000 00:22 41454895                   /home/mleku/.local/state/cabal/store/ghc-9.6.3/semigroupoids-6.0.0.1-d56f88db2e1891ee087502046796957cae68c5b2ce657ace8f34eccdd8b0241a/lib/libHSsemigroupoids-6.0.0.1-d56f88db2e1891ee087502046796957cae68c5b2ce657ace8f34eccdd8b0241a-ghc9.6.3.so
7fe1485ef000-7fe1485f7000 rw-p 00124000 00:22 41454895                   /home/mleku/.local/state/cabal/store/ghc-9.6.3/semigroupoids-6.0.0.1-d56f88db2e1891ee087502046796957cae68c5b2ce657ace8f34eccdd8b0241a/lib/libHSsemigroupoids-6.0.0.1-d56f88db2e1891ee087502046796957cae68c5b2ce657ace8f34eccdd8b0241a-ghc9.6.3.so
7fe1485f7000-7fe14861f000 r--p 00000000 00:22 41448918                   /home/mleku/.local/state/cabal/store/ghc-9.6.3/these-1.2-3b1f6a11eac936dc57ccf3a6f07e8171cab1162bd8998b3ed3f34a6961b31092/lib/libHSthese-1.2-3b1f6a11eac936dc57ccf3a6f07e8171cab1162bd8998b3ed3f34a6961b31092-ghc9.6.3.so
7fe14861f000-7fe148644000 r-xp 00028000 00:22 41448918                   /home/mleku/.local/state/cabal/store/ghc-9.6.3/these-1.2-3b1f6a11eac936dc57ccf3a6f07e8171cab1162bd8998b3ed3f34a6961b31092/lib/libHSthese-1.2-3b1f6a11eac936dc57ccf3a6f07e8171cab1162bd8998b3ed3f34a6961b31092-ghc9.6.3.so
7fe148644000-7fe148645000 r--p 0004d000 00:22 41448918                   /home/mleku/.local/state/cabal/store/ghc-9.6.3/these-1.2-3b1f6a11eac936dc57ccf3a6f07e8171cab1162bd8998b3ed3f34a6961b31092/lib/libHSthese-1.2-3b1f6a11eac936dc57ccf3a6f07e8171cab1162bd8998b3ed3f34a6961b31092-ghc9.6.3.so
7fe148645000-7fe148646000 r--p 0004d000 00:22 41448918                   /home/mleku/.local/state/cabal/store/ghc-9.6.3/these-1.2-3b1f6a11eac936dc57ccf3a6f07e8171cab1162bd8998b3ed3f34a6961b31092/lib/libHSthese-1.2-3b1f6a11eac936dc57ccf3a6f07e8171cab1162bd8998b3ed3f34a6961b31092-ghc9.6.3.so
7fe148646000-7fe148649000 rw-p 0004e000 00:22 41448918                   /home/mleku/.local/state/cabal/store/ghc-9.6.3/these-1.2-3b1f6a11eac936dc57ccf3a6f07e8171cab1162bd8998b3ed3f34a6961b31092/lib/libHSthese-1.2-3b1f6a11eac936dc57ccf3a6f07e8171cab1162bd8998b3ed3f34a6961b31092-ghc9.6.3.so
7fe148649000-7fe148682000 r--p 00000000 00:22 41457673                   /home/mleku/.local/state/cabal/store/ghc-9.6.3/semialign-1.3-99ac2e818d746a6df401718f0e74d0c6627f6b1f9a710e172a601f5dd48242ec/lib/libHSsemialign-1.3-99ac2e818d746a6df401718f0e74d0c6627f6b1f9a710e172a601f5dd48242ec-ghc9.6.3.so
7fe148682000-7fe1486b2000 r-xp 00039000 00:22 41457673                   /home/mleku/.local/state/cabal/store/ghc-9.6.3/semialign-1.3-99ac2e818d746a6df401718f0e74d0c6627f6b1f9a710e172a601f5dd48242ec/lib/libHSsemialign-1.3-99ac2e818d746a6df401718f0e74d0c6627f6b1f9a710e172a601f5dd48242ec-ghc9.6.3.so
7fe1486b2000-7fe1486b3000 r--p 00069000 00:22 41457673                   /home/mleku/.local/state/cabal/store/ghc-9.6.3/semialign-1.3-99ac2e818d746a6df401718f0e74d0c6627f6b1f9a710e172a601f5dd48242ec/lib/libHSsemialign-1.3-99ac2e818d746a6df401718f0e74d0c6627f6b1f9a710e172a601f5dd48242ec-ghc9.6.3.so
7fe1486b3000-7fe1486b4000 r--p 0006a000 00:22 41457673                   /home/mleku/.local/state/cabal/store/ghc-9.6.3/semialign-1.3-99ac2e818d746a6df401718f0e74d0c6627f6b1f9a710e172a601f5dd48242ec/lib/libHSsemialign-1.3-99ac2e818d746a6df401718f0e74d0c6627f6b1f9a710e172a601f5dd48242ec-ghc9.6.3.so
7fe1486b4000-7fe1486b8000 rw-p 0006b000 00:22 41457673                   /home/mleku/.local/state/cabal/store/ghc-9.6.3/semialign-1.3-99ac2e818d746a6df401718f0e74d0c6627f6b1f9a710e172a601f5dd48242ec/lib/libHSsemialign-1.3-99ac2e818d746a6df401718f0e74d0c6627f6b1f9a710e172a601f5dd48242ec-ghc9.6.3.so
7fe1486b8000-7fe148702000 r--p 00000000 00:22 41452402                   /home/mleku/.local/state/cabal/store/ghc-9.6.3/strict-0.5-1a0c8f31aff2b2f1a8ae2f87d1569e7d08ca311d4a6f56f8f2ee0b62023ef159/lib/libHSstrict-0.5-1a0c8f31aff2b2f1a8ae2f87d1569e7d08ca311d4a6f56f8f2ee0b62023ef159-ghc9.6.3.so
7fe148702000-7fe14873b000 r-xp 0004a000 00:22 41452402                   /home/mleku/.local/state/cabal/store/ghc-9.6.3/strict-0.5-1a0c8f31aff2b2f1a8ae2f87d1569e7d08ca311d4a6f56f8f2ee0b62023ef159/lib/libHSstrict-0.5-1a0c8f31aff2b2f1a8ae2f87d1569e7d08ca311d4a6f56f8f2ee0b62023ef159-ghc9.6.3.so
7fe14873b000-7fe14873c000 r--p 00083000 00:22 41452402                   /home/mleku/.local/state/cabal/store/ghc-9.6.3/strict-0.5-1a0c8f31aff2b2f1a8ae2f87d1569e7d08ca311d4a6f56f8f2ee0b62023ef159/lib/libHSstrict-0.5-1a0c8f31aff2b2f1a8ae2f87d1569e7d08ca311d4a6f56f8f2ee0b62023ef159-ghc9.6.3.so
7fe14873c000-7fe14873d000 r--p 00083000 00:22 41452402                   /home/mleku/.local/state/cabal/store/ghc-9.6.3/strict-0.5-1a0c8f31aff2b2f1a8ae2f87d1569e7d08ca311d4a6f56f8f2ee0b62023ef159/lib/libHSstrict-0.5-1a0c8f31aff2b2f1a8ae2f87d1569e7d08ca311d4a6f56f8f2ee0b62023ef159-ghc9.6.3.so
7fe14873d000-7fe148743000 rw-p 00084000 00:22 41452402                   /home/mleku/.local/state/cabal/store/ghc-9.6.3/strict-0.5-1a0c8f31aff2b2f1a8ae2f87d1569e7d08ca311d4a6f56f8f2ee0b62023ef159/lib/libHSstrict-0.5-1a0c8f31aff2b2f1a8ae2f87d1569e7d08ca311d4a6f56f8f2ee0b62023ef159-ghc9.6.3.so
7fe148743000-7fe1488b2000 r-xp 00000000 00:22 41418860                   /home/mleku/.ghcup/ghc/9.6.3/lib/ghc-9.6.3/lib/x86_64-linux-ghc-9.6.3/libHStime-1.12.2-ghc9.6.3.so
7fe1488b2000-7fe1488b3000 ---p 0016f000 00:22 41418860                   /home/mleku/.ghcup/ghc/9.6.3/lib/ghc-9.6.3/lib/x86_64-linux-ghc-9.6.3/libHStime-1.12.2-ghc9.6.3.so
7fe1488b3000-7fe1488b4000 r--p 0016f000 00:22 41418860                   /home/mleku/.ghcup/ghc/9.6.3/lib/ghc-9.6.3/lib/x86_64-linux-ghc-9.6.3/libHStime-1.12.2-ghc9.6.3.so
7fe1488b4000-7fe1488d0000 rw-p 00170000 00:22 41418860                   /home/mleku/.ghcup/ghc/9.6.3/lib/ghc-9.6.3/lib/x86_64-linux-ghc-9.6.3/libHStime-1.12.2-ghc9.6.3.so
7fe1488d0000-7fe1488ec000 r--p 00000000 00:22 41442998                   /home/mleku/.local/state/cabal/store/ghc-9.6.3/time-compat-1.9.6.1-d15b6a338416dabcd597571a5e582e7c8fcc7d68279f99ccd7cd20e024900e44/lib/libHStime-compat-1.9.6.1-d15b6a338416dabcd597571a5e582e7c8fcc7d68279f99ccd7cd20e024900e44-ghc9.6.3.so
7fe1488ec000-7fe1488f9000 r-xp 0001c000 00:22 41442998                   /home/mleku/.local/state/cabal/store/ghc-9.6.3/time-compat-1.9.6.1-d15b6a338416dabcd597571a5e582e7c8fcc7d68279f99ccd7cd20e024900e44/lib/libHStime-compat-1.9.6.1-d15b6a338416dabcd597571a5e582e7c8fcc7d68279f99ccd7cd20e024900e44-ghc9.6.3.so
7fe1488f9000-7fe1488fa000 r--p 00029000 00:22 41442998                   /home/mleku/.local/state/cabal/store/ghc-9.6.3/time-compat-1.9.6.1-d15b6a338416dabcd597571a5e582e7c8fcc7d68279f99ccd7cd20e024900e44/lib/libHStime-compat-1.9.6.1-d15b6a338416dabcd597571a5e582e7c8fcc7d68279f99ccd7cd20e024900e44-ghc9.6.3.so
7fe1488fa000-7fe1488fb000 r--p 00029000 00:22 41442998                   /home/mleku/.local/state/cabal/store/ghc-9.6.3/time-compat-1.9.6.1-d15b6a338416dabcd597571a5e582e7c8fcc7d68279f99ccd7cd20e024900e44/lib/libHStime-compat-1.9.6.1-d15b6a338416dabcd597571a5e582e7c8fcc7d68279f99ccd7cd20e024900e44-ghc9.6.3.so
7fe1488fb000-7fe1488fd000 rw-p 0002a000 00:22 41442998                   /home/mleku/.local/state/cabal/store/ghc-9.6.3/time-compat-1.9.6.1-d15b6a338416dabcd597571a5e582e7c8fcc7d68279f99ccd7cd20e024900e44/lib/libHStime-compat-1.9.6.1-d15b6a338416dabcd597571a5e582e7c8fcc7d68279f99ccd7cd20e024900e44-ghc9.6.3.so
7fe1488fd000-7fe14890c000 r--p 00000000 00:22 41449710                   /home/mleku/.local/state/cabal/store/ghc-9.6.3/text-iso8601-0.1-55382b463885bb513191a122ae0f82efcc92d62419c514170d7c421c5a196612/lib/libHStext-iso8601-0.1-55382b463885bb513191a122ae0f82efcc92d62419c514170d7c421c5a196612-ghc9.6.3.so
7fe14890c000-7fe148952000 r-xp 0000f000 00:22 41449710                   /home/mleku/.local/state/cabal/store/ghc-9.6.3/text-iso8601-0.1-55382b463885bb513191a122ae0f82efcc92d62419c514170d7c421c5a196612/lib/libHStext-iso8601-0.1-55382b463885bb513191a122ae0f82efcc92d62419c514170d7c421c5a196612-ghc9.6.3.so
7fe148952000-7fe148953000 r--p 00055000 00:22 41449710                   /home/mleku/.local/state/cabal/store/ghc-9.6.3/text-iso8601-0.1-55382b463885bb513191a122ae0f82efcc92d62419c514170d7c421c5a196612/lib/libHStext-iso8601-0.1-55382b463885bb513191a122ae0f82efcc92d62419c514170d7c421c5a196612-ghc9.6.3.so
7fe148953000-7fe148954000 r--p 00055000 00:22 41449710                   /home/mleku/.local/state/cabal/store/ghc-9.6.3/text-iso8601-0.1-55382b463885bb513191a122ae0f82efcc92d62419c514170d7c421c5a196612/lib/libHStext-iso8601-0.1-55382b463885bb513191a122ae0f82efcc92d62419c514170d7c421c5a196612-ghc9.6.3.so
7fe148954000-7fe148957000 rw-p 00056000 00:22 41449710                   /home/mleku/.local/state/cabal/store/ghc-9.6.3/text-iso8601-0.1-55382b463885bb513191a122ae0f82efcc92d62419c514170d7c421c5a196612/lib/libHStext-iso8601-0.1-55382b463885bb513191a122ae0f82efcc92d62419c514170d7c421c5a196612-ghc9.6.3.so
7fe148957000-7fe148973000 r--p 00000000 00:22 41443190                   /home/mleku/.local/state/cabal/store/ghc-9.6.3/text-short-0.1.5-94b1ede93059468211e0353054f11cad674c09aa84b5716555f3f5b4564c6195/lib/libHStext-short-0.1.5-94b1ede93059468211e0353054f11cad674c09aa84b5716555f3f5b4564c6195-ghc9.6.3.so
7fe148973000-7fe148986000 r-xp 0001c000 00:22 41443190                   /home/mleku/.local/state/cabal/store/ghc-9.6.3/text-short-0.1.5-94b1ede93059468211e0353054f11cad674c09aa84b5716555f3f5b4564c6195/lib/libHStext-short-0.1.5-94b1ede93059468211e0353054f11cad674c09aa84b5716555f3f5b4564c6195-ghc9.6.3.so
7fe148986000-7fe148987000 r--p 0002f000 00:22 41443190                   /home/mleku/.local/state/cabal/store/ghc-9.6.3/text-short-0.1.5-94b1ede93059468211e0353054f11cad674c09aa84b5716555f3f5b4564c6195/lib/libHStext-short-0.1.5-94b1ede93059468211e0353054f11cad674c09aa84b5716555f3f5b4564c6195-ghc9.6.3.so
7fe148987000-7fe148988000 r--p 0002f000 00:22 41443190                   /home/mleku/.local/state/cabal/store/ghc-9.6.3/text-short-0.1.5-94b1ede93059468211e0353054f11cad674c09aa84b5716555f3f5b4564c6195/lib/libHStext-short-0.1.5-94b1ede93059468211e0353054f11cad674c09aa84b5716555f3f5b4564c6195-ghc9.6.3.so
7fe148988000-7fe14898b000 rw-p 00030000 00:22 41443190                   /home/mleku/.local/state/cabal/store/ghc-9.6.3/text-short-0.1.5-94b1ede93059468211e0353054f11cad674c09aa84b5716555f3f5b4564c6195/lib/libHStext-short-0.1.5-94b1ede93059468211e0353054f11cad674c09aa84b5716555f3f5b4564c6195-ghc9.6.3.so
7fe14898b000-7fe1489c4000 r--p 00000000 00:22 41457713                   /home/mleku/.local/state/cabal/store/ghc-9.6.3/witherable-0.4.2-8d7489e64c055b44e3c3ece47851fb23685c037eaadda9898ec23ce12482c663/lib/libHSwitherable-0.4.2-8d7489e64c055b44e3c3ece47851fb23685c037eaadda9898ec23ce12482c663-ghc9.6.3.so
7fe1489c4000-7fe1489fb000 r-xp 00039000 00:22 41457713                   /home/mleku/.local/state/cabal/store/ghc-9.6.3/witherable-0.4.2-8d7489e64c055b44e3c3ece47851fb23685c037eaadda9898ec23ce12482c663/lib/libHSwitherable-0.4.2-8d7489e64c055b44e3c3ece47851fb23685c037eaadda9898ec23ce12482c663-ghc9.6.3.so
7fe1489fb000-7fe1489fc000 r--p 00070000 00:22 41457713                   /home/mleku/.local/state/cabal/store/ghc-9.6.3/witherable-0.4.2-8d7489e64c055b44e3c3ece47851fb23685c037eaadda9898ec23ce12482c663/lib/libHSwitherable-0.4.2-8d7489e64c055b44e3c3ece47851fb23685c037eaadda9898ec23ce12482c663-ghc9.6.3.so
7fe1489fc000-7fe1489fd000 r--p 00070000 00:22 41457713                   /home/mleku/.local/state/cabal/store/ghc-9.6.3/witherable-0.4.2-8d7489e64c055b44e3c3ece47851fb23685c037eaadda9898ec23ce12482c663/lib/libHSwitherable-0.4.2-8d7489e64c055b44e3c3ece47851fb23685c037eaadda9898ec23ce12482c663-ghc9.6.3.so
7fe1489fd000-7fe148a00000 rw-p 00071000 00:22 41457713                   /home/mleku/.local/state/cabal/store/ghc-9.6.3/witherable-0.4.2-8d7489e64c055b44e3c3ece47851fb23685c037eaadda9898ec23ce12482c663/lib/libHSwitherable-0.4.2-8d7489e64c055b44e3c3ece47851fb23685c037eaadda9898ec23ce12482c663-ghc9.6.3.so
7fe148a00000-7fe148c2c000 r--p 00000000 00:22 41461036                   /home/mleku/.local/state/cabal/store/ghc-9.6.3/aeson-2.2.1.0-cf52746d31b8346dfd448c16593c61264a0cdb15506adcbb2603cfff8af08098/lib/libHSaeson-2.2.1.0-cf52746d31b8346dfd448c16593c61264a0cdb15506adcbb2603cfff8af08098-ghc9.6.3.so
7fe148c2c000-7fe148f1b000 r-xp 0022c000 00:22 41461036                   /home/mleku/.local/state/cabal/store/ghc-9.6.3/aeson-2.2.1.0-cf52746d31b8346dfd448c16593c61264a0cdb15506adcbb2603cfff8af08098/lib/libHSaeson-2.2.1.0-cf52746d31b8346dfd448c16593c61264a0cdb15506adcbb2603cfff8af08098-ghc9.6.3.so
7fe148f1b000-7fe148f22000 r--p 0051b000 00:22 41461036                   /home/mleku/.local/state/cabal/store/ghc-9.6.3/aeson-2.2.1.0-cf52746d31b8346dfd448c16593c61264a0cdb15506adcbb2603cfff8af08098/lib/libHSaeson-2.2.1.0-cf52746d31b8346dfd448c16593c61264a0cdb15506adcbb2603cfff8af08098-ghc9.6.3.so
7fe148f22000-7fe148f24000 r--p 00522000 00:22 41461036                   /home/mleku/.local/state/cabal/store/ghc-9.6.3/aeson-2.2.1.0-cf52746d31b8346dfd448c16593c61264a0cdb15506adcbb2603cfff8af08098/lib/libHSaeson-2.2.1.0-cf52746d31b8346dfd448c16593c61264a0cdb15506adcbb2603cfff8af08098-ghc9.6.3.so
7fe148f24000-7fe148f55000 rw-p 00524000 00:22 41461036                   /home/mleku/.local/state/cabal/store/ghc-9.6.3/aeson-2.2.1.0-cf52746d31b8346dfd448c16593c61264a0cdb15506adcbb2603cfff8af08098/lib/libHSaeson-2.2.1.0-cf52746d31b8346dfd448c16593c61264a0cdb15506adcbb2603cfff8af08098-ghc9.6.3.so
7fe148f57000-7fe148f5e000 r--p 00000000 00:22 41457079                   /home/mleku/.local/state/cabal/store/ghc-9.6.3/indexed-traversable-instances-0.1.1.2-e658ac3e748a41c0cc81fb89dc42bd36a8d5b56479ebba7f4257689b2a550fd3/lib/libHSindexed-traversable-instances-0.1.1.2-e658ac3e748a41c0cc81fb89dc42bd36a8d5b56479ebba7f4257689b2a550fd3-ghc9.6.3.so
7fe148f5e000-7fe148f62000 r-xp 00007000 00:22 41457079                   /home/mleku/.local/state/cabal/store/ghc-9.6.3/indexed-traversable-instances-0.1.1.2-e658ac3e748a41c0cc81fb89dc42bd36a8d5b56479ebba7f4257689b2a550fd3/lib/libHSindexed-traversable-instances-0.1.1.2-e658ac3e748a41c0cc81fb89dc42bd36a8d5b56479ebba7f4257689b2a550fd3-ghc9.6.3.so
7fe148f62000-7fe148f63000 r--p 0000b000 00:22 41457079                   /home/mleku/.local/state/cabal/store/ghc-9.6.3/indexed-traversable-instances-0.1.1.2-e658ac3e748a41c0cc81fb89dc42bd36a8d5b56479ebba7f4257689b2a550fd3/lib/libHSindexed-traversable-instances-0.1.1.2-e658ac3e748a41c0cc81fb89dc42bd36a8d5b56479ebba7f4257689b2a550fd3-ghc9.6.3.so
7fe148f63000-7fe148f64000 r--p 0000b000 00:22 41457079                   /home/mleku/.local/state/cabal/store/ghc-9.6.3/indexed-traversable-instances-0.1.1.2-e658ac3e748a41c0cc81fb89dc42bd36a8d5b56479ebba7f4257689b2a550fd3/lib/libHSindexed-traversable-instances-0.1.1.2-e658ac3e748a41c0cc81fb89dc42bd36a8d5b56479ebba7f4257689b2a550fd3-ghc9.6.3.so
7fe148f64000-7fe148f65000 rw-p 0000c000 00:22 41457079                   /home/mleku/.local/state/cabal/store/ghc-9.6.3/indexed-traversable-instances-0.1.1.2-e658ac3e748a41c0cc81fb89dc42bd36a8d5b56479ebba7f4257689b2a550fd3/lib/libHSindexed-traversable-instances-0.1.1.2-e658ac3e748a41c0cc81fb89dc42bd36a8d5b56479ebba7f4257689b2a550fd3-ghc9.6.3.so
7fe148f65000-7fe148fac000 r--p 00000000 00:22 41436430                   /home/mleku/.local/state/cabal/store/ghc-9.6.3/colour-2.3.6-8ea7c1420185239be8ef23631a149d777e07d29385b36df7ab60fb829c47b836/lib/libHScolour-2.3.6-8ea7c1420185239be8ef23631a149d777e07d29385b36df7ab60fb829c47b836-ghc9.6.3.so
7fe148fac000-7fe148ff6000 r-xp 00047000 00:22 41436430                   /home/mleku/.local/state/cabal/store/ghc-9.6.3/colour-2.3.6-8ea7c1420185239be8ef23631a149d777e07d29385b36df7ab60fb829c47b836/lib/libHScolour-2.3.6-8ea7c1420185239be8ef23631a149d777e07d29385b36df7ab60fb829c47b836-ghc9.6.3.so
7fe148ff6000-7fe148ff7000 r--p 00091000 00:22 41436430                   /home/mleku/.local/state/cabal/store/ghc-9.6.3/colour-2.3.6-8ea7c1420185239be8ef23631a149d777e07d29385b36df7ab60fb829c47b836/lib/libHScolour-2.3.6-8ea7c1420185239be8ef23631a149d777e07d29385b36df7ab60fb829c47b836-ghc9.6.3.so
7fe148ff7000-7fe148ff8000 r--p 00092000 00:22 41436430                   /home/mleku/.local/state/cabal/store/ghc-9.6.3/colour-2.3.6-8ea7c1420185239be8ef23631a149d777e07d29385b36df7ab60fb829c47b836/lib/libHScolour-2.3.6-8ea7c1420185239be8ef23631a149d777e07d29385b36df7ab60fb829c47b836-ghc9.6.3.so
7fe148ff8000-7fe149000000 rw-p 00093000 00:22 41436430                   /home/mleku/.local/state/cabal/store/ghc-9.6.3/colour-2.3.6-8ea7c1420185239be8ef23631a149d777e07d29385b36df7ab60fb829c47b836/lib/libHScolour-2.3.6-8ea7c1420185239be8ef23631a149d777e07d29385b36df7ab60fb829c47b836-ghc9.6.3.so
7fe149000000-7fe149058000 r--p 00000000 00:22 41455310                   /home/mleku/.local/state/cabal/store/ghc-9.6.3/attoparsec-0.14.4-4f4ea7336683751fc7ddafd5d6b7f267d5cd03d53ffa54f447c4d22956ac93d0/lib/libHSattoparsec-0.14.4-4f4ea7336683751fc7ddafd5d6b7f267d5cd03d53ffa54f447c4d22956ac93d0-ghc9.6.3.so
7fe149058000-7fe149218000 r-xp 00058000 00:22 41455310                   /home/mleku/.local/state/cabal/store/ghc-9.6.3/attoparsec-0.14.4-4f4ea7336683751fc7ddafd5d6b7f267d5cd03d53ffa54f447c4d22956ac93d0/lib/libHSattoparsec-0.14.4-4f4ea7336683751fc7ddafd5d6b7f267d5cd03d53ffa54f447c4d22956ac93d0-ghc9.6.3.so
7fe149218000-7fe149219000 r--p 00218000 00:22 41455310                   /home/mleku/.local/state/cabal/store/ghc-9.6.3/attoparsec-0.14.4-4f4ea7336683751fc7ddafd5d6b7f267d5cd03d53ffa54f447c4d22956ac93d0/lib/libHSattoparsec-0.14.4-4f4ea7336683751fc7ddafd5d6b7f267d5cd03d53ffa54f447c4d22956ac93d0-ghc9.6.3.so
7fe149219000-7fe14921a000 r--p 00219000 00:22 41455310                   /home/mleku/.local/state/cabal/store/ghc-9.6.3/attoparsec-0.14.4-4f4ea7336683751fc7ddafd5d6b7f267d5cd03d53ffa54f447c4d22956ac93d0/lib/libHSattoparsec-0.14.4-4f4ea7336683751fc7ddafd5d6b7f267d5cd03d53ffa54f447c4d22956ac93d0-ghc9.6.3.so
7fe14921a000-7fe149224000 rw-p 0021a000 00:22 41455310                   /home/mleku/.local/state/cabal/store/ghc-9.6.3/attoparsec-0.14.4-4f4ea7336683751fc7ddafd5d6b7f267d5cd03d53ffa54f447c4d22956ac93d0/lib/libHSattoparsec-0.14.4-4f4ea7336683751fc7ddafd5d6b7f267d5cd03d53ffa54f447c4d22956ac93d0-ghc9.6.3.so
7fe149226000-7fe149228000 r--p 00000000 00:22 41434067                   /home/mleku/.local/state/cabal/store/ghc-9.6.3/OneTuple-0.4.1.1-25a6728f7eaaed6f25c0c84b9d23c563689aba5664fafb9d25de1e8b6e93e436/lib/libHSOneTuple-0.4.1.1-25a6728f7eaaed6f25c0c84b9d23c563689aba5664fafb9d25de1e8b6e93e436-ghc9.6.3.so
7fe149228000-7fe149229000 r-xp 00002000 00:22 41434067                   /home/mleku/.local/state/cabal/store/ghc-9.6.3/OneTuple-0.4.1.1-25a6728f7eaaed6f25c0c84b9d23c563689aba5664fafb9d25de1e8b6e93e436/lib/libHSOneTuple-0.4.1.1-25a6728f7eaaed6f25c0c84b9d23c563689aba5664fafb9d25de1e8b6e93e436-ghc9.6.3.so
7fe149229000-7fe14922a000 r--p 00003000 00:22 41434067                   /home/mleku/.local/state/cabal/store/ghc-9.6.3/OneTuple-0.4.1.1-25a6728f7eaaed6f25c0c84b9d23c563689aba5664fafb9d25de1e8b6e93e436/lib/libHSOneTuple-0.4.1.1-25a6728f7eaaed6f25c0c84b9d23c563689aba5664fafb9d25de1e8b6e93e436-ghc9.6.3.so
7fe14922a000-7fe14922b000 r--p 00003000 00:22 41434067                   /home/mleku/.local/state/cabal/store/ghc-9.6.3/OneTuple-0.4.1.1-25a6728f7eaaed6f25c0c84b9d23c563689aba5664fafb9d25de1e8b6e93e436/lib/libHSOneTuple-0.4.1.1-25a6728f7eaaed6f25c0c84b9d23c563689aba5664fafb9d25de1e8b6e93e436-ghc9.6.3.so
7fe14922b000-7fe14922c000 rw-p 00004000 00:22 41434067                   /home/mleku/.local/state/cabal/store/ghc-9.6.3/OneTuple-0.4.1.1-25a6728f7eaaed6f25c0c84b9d23c563689aba5664fafb9d25de1e8b6e93e436/lib/libHSOneTuple-0.4.1.1-25a6728f7eaaed6f25c0c84b9d23c563689aba5664fafb9d25de1e8b6e93e436-ghc9.6.3.so
7fe14922c000-7fe149231000 r--p 00000000 00:22 41434448                   /home/mleku/.local/state/cabal/store/ghc-9.6.3/base-orphans-0.9.1-264c535ac11fa2bb1dc61e9601fa533869cc15baf045a8637949e684cef27141/lib/libHSbase-orphans-0.9.1-264c535ac11fa2bb1dc61e9601fa533869cc15baf045a8637949e684cef27141-ghc9.6.3.so
7fe149231000-7fe149233000 r-xp 00005000 00:22 41434448                   /home/mleku/.local/state/cabal/store/ghc-9.6.3/base-orphans-0.9.1-264c535ac11fa2bb1dc61e9601fa533869cc15baf045a8637949e684cef27141/lib/libHSbase-orphans-0.9.1-264c535ac11fa2bb1dc61e9601fa533869cc15baf045a8637949e684cef27141-ghc9.6.3.so
7fe149233000-7fe149234000 r--p 00007000 00:22 41434448                   /home/mleku/.local/state/cabal/store/ghc-9.6.3/base-orphans-0.9.1-264c535ac11fa2bb1dc61e9601fa533869cc15baf045a8637949e684cef27141/lib/libHSbase-orphans-0.9.1-264c535ac11fa2bb1dc61e9601fa533869cc15baf045a8637949e684cef27141-ghc9.6.3.so
7fe149234000-7fe149235000 r--p 00007000 00:22 41434448                   /home/mleku/.local/state/cabal/store/ghc-9.6.3/base-orphans-0.9.1-264c535ac11fa2bb1dc61e9601fa533869cc15baf045a8637949e684cef27141/lib/libHSbase-orphans-0.9.1-264c535ac11fa2bb1dc61e9601fa533869cc15baf045a8637949e684cef27141-ghc9.6.3.so
7fe149235000-7fe149236000 rw-p 00008000 00:22 41434448                   /home/mleku/.local/state/cabal/store/ghc-9.6.3/base-orphans-0.9.1-264c535ac11fa2bb1dc61e9601fa533869cc15baf045a8637949e684cef27141/lib/libHSbase-orphans-0.9.1-264c535ac11fa2bb1dc61e9601fa533869cc15baf045a8637949e684cef27141-ghc9.6.3.so
7fe149236000-7fe14923b000 r--p 00000000 00:22 41444839                   /home/mleku/.local/state/cabal/store/ghc-9.6.3/assoc-1.1-833fe934934ac287ee0125e0f70630bbf79db58c094cac008fb300c306b45c2c/lib/libHSassoc-1.1-833fe934934ac287ee0125e0f70630bbf79db58c094cac008fb300c306b45c2c-ghc9.6.3.so
7fe14923b000-7fe14923c000 r-xp 00005000 00:22 41444839                   /home/mleku/.local/state/cabal/store/ghc-9.6.3/assoc-1.1-833fe934934ac287ee0125e0f70630bbf79db58c094cac008fb300c306b45c2c/lib/libHSassoc-1.1-833fe934934ac287ee0125e0f70630bbf79db58c094cac008fb300c306b45c2c-ghc9.6.3.so
7fe14923c000-7fe14923d000 r--p 00006000 00:22 41444839                   /home/mleku/.local/state/cabal/store/ghc-9.6.3/assoc-1.1-833fe934934ac287ee0125e0f70630bbf79db58c094cac008fb300c306b45c2c/lib/libHSassoc-1.1-833fe934934ac287ee0125e0f70630bbf79db58c094cac008fb300c306b45c2c-ghc9.6.3.so
7fe14923d000-7fe14923e000 r--p 00006000 00:22 41444839                   /home/mleku/.local/state/cabal/store/ghc-9.6.3/assoc-1.1-833fe934934ac287ee0125e0f70630bbf79db58c094cac008fb300c306b45c2c/lib/libHSassoc-1.1-833fe934934ac287ee0125e0f70630bbf79db58c094cac008fb300c306b45c2c-ghc9.6.3.so
7fe14923e000-7fe14923f000 rw-p 00007000 00:22 41444839                   /home/mleku/.local/state/cabal/store/ghc-9.6.3/assoc-1.1-833fe934934ac287ee0125e0f70630bbf79db58c094cac008fb300c306b45c2c/lib/libHSassoc-1.1-833fe934934ac287ee0125e0f70630bbf79db58c094cac008fb300c306b45c2c-ghc9.6.3.so
7fe14923f000-7fe149259000 r--p 00000000 00:22 41449411                   /home/mleku/.local/state/cabal/store/ghc-9.6.3/uuid-types-1.0.5.1-865f4cc89d0ca4f6a3f59698789a19e889c9c7269183681c34c38a1ec3a0c155/lib/libHSuuid-types-1.0.5.1-865f4cc89d0ca4f6a3f59698789a19e889c9c7269183681c34c38a1ec3a0c155-ghc9.6.3.so
7fe149259000-7fe14926e000 r-xp 0001a000 00:22 41449411                   /home/mleku/.local/state/cabal/store/ghc-9.6.3/uuid-types-1.0.5.1-865f4cc89d0ca4f6a3f59698789a19e889c9c7269183681c34c38a1ec3a0c155/lib/libHSuuid-types-1.0.5.1-865f4cc89d0ca4f6a3f59698789a19e889c9c7269183681c34c38a1ec3a0c155-ghc9.6.3.so
7fe14926e000-7fe14926f000 r--p 0002f000 00:22 41449411                   /home/mleku/.local/state/cabal/store/ghc-9.6.3/uuid-types-1.0.5.1-865f4cc89d0ca4f6a3f59698789a19e889c9c7269183681c34c38a1ec3a0c155/lib/libHSuuid-types-1.0.5.1-865f4cc89d0ca4f6a3f59698789a19e889c9c7269183681c34c38a1ec3a0c155-ghc9.6.3.so
7fe14926f000-7fe149270000 r--p 0002f000 00:22 41449411                   /home/mleku/.local/state/cabal/store/ghc-9.6.3/uuid-types-1.0.5.1-865f4cc89d0ca4f6a3f59698789a19e889c9c7269183681c34c38a1ec3a0c155/lib/libHSuuid-types-1.0.5.1-865f4cc89d0ca4f6a3f59698789a19e889c9c7269183681c34c38a1ec3a0c155-ghc9.6.3.so
7fe149270000-7fe149272000 rw-p 00030000 00:22 41449411                   /home/mleku/.local/state/cabal/store/ghc-9.6.3/uuid-types-1.0.5.1-865f4cc89d0ca4f6a3f59698789a19e889c9c7269183681c34c38a1ec3a0c155/lib/libHSuuid-types-1.0.5.1-865f4cc89d0ca4f6a3f59698789a19e889c9c7269183681c34c38a1ec3a0c155-ghc9.6.3.so
7fe149272000-7fe1492a8000 r--p 00000000 00:22 41442709                   /home/mleku/.local/state/cabal/store/ghc-9.6.3/ansi-terminal-types-0.11.5-4ee3a76fe47abcaa37b7bdb9a45b814da28b7b793448bc9f72187556bbf30827/lib/libHSansi-terminal-types-0.11.5-4ee3a76fe47abcaa37b7bdb9a45b814da28b7b793448bc9f72187556bbf30827-ghc9.6.3.so
7fe1492a8000-7fe1492c7000 r-xp 00036000 00:22 41442709                   /home/mleku/.local/state/cabal/store/ghc-9.6.3/ansi-terminal-types-0.11.5-4ee3a76fe47abcaa37b7bdb9a45b814da28b7b793448bc9f72187556bbf30827/lib/libHSansi-terminal-types-0.11.5-4ee3a76fe47abcaa37b7bdb9a45b814da28b7b793448bc9f72187556bbf30827-ghc9.6.3.so
7fe1492c7000-7fe1492c9000 r--p 00055000 00:22 41442709                   /home/mleku/.local/state/cabal/store/ghc-9.6.3/ansi-terminal-types-0.11.5-4ee3a76fe47abcaa37b7bdb9a45b814da28b7b793448bc9f72187556bbf30827/lib/libHSansi-terminal-types-0.11.5-4ee3a76fe47abcaa37b7bdb9a45b814da28b7b793448bc9f72187556bbf30827-ghc9.6.3.so
7fe1492c9000-7fe1492ca000 r--p 00056000 00:22 41442709                   /home/mleku/.local/state/cabal/store/ghc-9.6.3/ansi-terminal-types-0.11.5-4ee3a76fe47abcaa37b7bdb9a45b814da28b7b793448bc9f72187556bbf30827/lib/libHSansi-terminal-types-0.11.5-4ee3a76fe47abcaa37b7bdb9a45b814da28b7b793448bc9f72187556bbf30827-ghc9.6.3.so
7fe1492ca000-7fe1492cf000 rw-p 00057000 00:22 41442709                   /home/mleku/.local/state/cabal/store/ghc-9.6.3/ansi-terminal-types-0.11.5-4ee3a76fe47abcaa37b7bdb9a45b814da28b7b793448bc9f72187556bbf30827/lib/libHSansi-terminal-types-0.11.5-4ee3a76fe47abcaa37b7bdb9a45b814da28b7b793448bc9f72187556bbf30827-ghc9.6.3.so
7fe1492cf000-7fe1492ec000 r--p 00000000 00:22 41446890                   /home/mleku/.local/state/cabal/store/ghc-9.6.3/ansi-terminal-0.11.5-6a9402a4880013edc495bbed56c88d36a8b264c1157297c88c41965b09fc017c/lib/libHSansi-terminal-0.11.5-6a9402a4880013edc495bbed56c88d36a8b264c1157297c88c41965b09fc017c-ghc9.6.3.so
7fe1492ec000-7fe1492f7000 r-xp 0001d000 00:22 41446890                   /home/mleku/.local/state/cabal/store/ghc-9.6.3/ansi-terminal-0.11.5-6a9402a4880013edc495bbed56c88d36a8b264c1157297c88c41965b09fc017c/lib/libHSansi-terminal-0.11.5-6a9402a4880013edc495bbed56c88d36a8b264c1157297c88c41965b09fc017c-ghc9.6.3.so
7fe1492f7000-7fe1492f8000 r--p 00028000 00:22 41446890                   /home/mleku/.local/state/cabal/store/ghc-9.6.3/ansi-terminal-0.11.5-6a9402a4880013edc495bbed56c88d36a8b264c1157297c88c41965b09fc017c/lib/libHSansi-terminal-0.11.5-6a9402a4880013edc495bbed56c88d36a8b264c1157297c88c41965b09fc017c-ghc9.6.3.so
7fe1492f8000-7fe1492f9000 r--p 00028000 00:22 41446890                   /home/mleku/.local/state/cabal/store/ghc-9.6.3/ansi-terminal-0.11.5-6a9402a4880013edc495bbed56c88d36a8b264c1157297c88c41965b09fc017c/lib/libHSansi-terminal-0.11.5-6a9402a4880013edc495bbed56c88d36a8b264c1157297c88c41965b09fc017c-ghc9.6.3.so
7fe1492f9000-7fe1492fc000 rw-p 00029000 00:22 41446890                   /home/mleku/.local/state/cabal/store/ghc-9.6.3/ansi-terminal-0.11.5-6a9402a4880013edc495bbed56c88d36a8b264c1157297c88c41965b09fc017c/lib/libHSansi-terminal-0.11.5-6a9402a4880013edc495bbed56c88d36a8b264c1157297c88c41965b09fc017c-ghc9.6.3.so
7fe1492fc000-7fe149318000 r--p 00000000 00:22 41444010                   /home/mleku/.local/state/cabal/store/ghc-9.6.3/async-2.2.5-f240644c06d60420051c45977a93932ce6ee3ff3009f928ccb9f2acf95c571dd/lib/libHSasync-2.2.5-f240644c06d60420051c45977a93932ce6ee3ff3009f928ccb9f2acf95c571dd-ghc9.6.3.so
7fe149318000-7fe149330000 r-xp 0001c000 00:22 41444010                   /home/mleku/.local/state/cabal/store/ghc-9.6.3/async-2.2.5-f240644c06d60420051c45977a93932ce6ee3ff3009f928ccb9f2acf95c571dd/lib/libHSasync-2.2.5-f240644c06d60420051c45977a93932ce6ee3ff3009f928ccb9f2acf95c571dd-ghc9.6.3.so
7fe149330000-7fe149331000 r--p 00034000 00:22 41444010                   /home/mleku/.local/state/cabal/store/ghc-9.6.3/async-2.2.5-f240644c06d60420051c45977a93932ce6ee3ff3009f928ccb9f2acf95c571dd/lib/libHSasync-2.2.5-f240644c06d60420051c45977a93932ce6ee3ff3009f928ccb9f2acf95c571dd-ghc9.6.3.so
7fe149331000-7fe149332000 r--p 00034000 00:22 41444010                   /home/mleku/.local/state/cabal/store/ghc-9.6.3/async-2.2.5-f240644c06d60420051c45977a93932ce6ee3ff3009f928ccb9f2acf95c571dd/lib/libHSasync-2.2.5-f240644c06d60420051c45977a93932ce6ee3ff3009f928ccb9f2acf95c571dd-ghc9.6.3.so
7fe149332000-7fe149334000 rw-p 00035000 00:22 41444010                   /home/mleku/.local/state/cabal/store/ghc-9.6.3/async-2.2.5-f240644c06d60420051c45977a93932ce6ee3ff3009f928ccb9f2acf95c571dd/lib/libHSasync-2.2.5-f240644c06d60420051c45977a93932ce6ee3ff3009f928ccb9f2acf95c571dd-ghc9.6.3.so
7fe149334000-7fe1493d6000 r--p 00000000 00:22 41445598                   /home/mleku/.local/state/cabal/store/ghc-9.6.3/constraints-0.13.4-51395134fd9d2fb4ac419e99718fc4d2fa1bca3d7018f1ba7a849169d0aefc3f/lib/libHSconstraints-0.13.4-51395134fd9d2fb4ac419e99718fc4d2fa1bca3d7018f1ba7a849169d0aefc3f-ghc9.6.3.so
7fe1493d6000-7fe1493f6000 r-xp 000a2000 00:22 41445598                   /home/mleku/.local/state/cabal/store/ghc-9.6.3/constraints-0.13.4-51395134fd9d2fb4ac419e99718fc4d2fa1bca3d7018f1ba7a849169d0aefc3f/lib/libHSconstraints-0.13.4-51395134fd9d2fb4ac419e99718fc4d2fa1bca3d7018f1ba7a849169d0aefc3f-ghc9.6.3.so
7fe1493f6000-7fe1493f7000 r--p 000c2000 00:22 41445598                   /home/mleku/.local/state/cabal/store/ghc-9.6.3/constraints-0.13.4-51395134fd9d2fb4ac419e99718fc4d2fa1bca3d7018f1ba7a849169d0aefc3f/lib/libHSconstraints-0.13.4-51395134fd9d2fb4ac419e99718fc4d2fa1bca3d7018f1ba7a849169d0aefc3f-ghc9.6.3.so
7fe1493f7000-7fe1493f9000 r--p 000c2000 00:22 41445598                   /home/mleku/.local/state/cabal/store/ghc-9.6.3/constraints-0.13.4-51395134fd9d2fb4ac419e99718fc4d2fa1bca3d7018f1ba7a849169d0aefc3f/lib/libHSconstraints-0.13.4-51395134fd9d2fb4ac419e99718fc4d2fa1bca3d7018f1ba7a849169d0aefc3f-ghc9.6.3.so
7fe1493f9000-7fe149400000 rw-p 000c4000 00:22 41445598                   /home/mleku/.local/state/cabal/store/ghc-9.6.3/constraints-0.13.4-51395134fd9d2fb4ac419e99718fc4d2fa1bca3d7018f1ba7a849169d0aefc3f/lib/libHSconstraints-0.13.4-51395134fd9d2fb4ac419e99718fc4d2fa1bca3d7018f1ba7a849169d0aefc3f-ghc9.6.3.so
7fe149400000-7fe1495ba000 r--p 00000000 00:22 41441831                   /home/mleku/.local/state/cabal/store/ghc-9.6.3/basement-0.0.16-7f05c347fcfef1382c7a2079f658dc2b01997ca155fed4ad49b55f2f5fcdf0cf/lib/libHSbasement-0.0.16-7f05c347fcfef1382c7a2079f658dc2b01997ca155fed4ad49b55f2f5fcdf0cf-ghc9.6.3.so
7fe1495ba000-7fe1496f0000 r-xp 001ba000 00:22 41441831                   /home/mleku/.local/state/cabal/store/ghc-9.6.3/basement-0.0.16-7f05c347fcfef1382c7a2079f658dc2b01997ca155fed4ad49b55f2f5fcdf0cf/lib/libHSbasement-0.0.16-7f05c347fcfef1382c7a2079f658dc2b01997ca155fed4ad49b55f2f5fcdf0cf-ghc9.6.3.so
7fe1496f0000-7fe1496f9000 r--p 002f0000 00:22 41441831                   /home/mleku/.local/state/cabal/store/ghc-9.6.3/basement-0.0.16-7f05c347fcfef1382c7a2079f658dc2b01997ca155fed4ad49b55f2f5fcdf0cf/lib/libHSbasement-0.0.16-7f05c347fcfef1382c7a2079f658dc2b01997ca155fed4ad49b55f2f5fcdf0cf-ghc9.6.3.so
7fe1496f9000-7fe1496fa000 r--p 002f9000 00:22 41441831                   /home/mleku/.local/state/cabal/store/ghc-9.6.3/basement-0.0.16-7f05c347fcfef1382c7a2079f658dc2b01997ca155fed4ad49b55f2f5fcdf0cf/lib/libHSbasement-0.0.16-7f05c347fcfef1382c7a2079f658dc2b01997ca155fed4ad49b55f2f5fcdf0cf-ghc9.6.3.so
7fe1496fa000-7fe14971b000 rw-p 002fa000 00:22 41441831                   /home/mleku/.local/state/cabal/store/ghc-9.6.3/basement-0.0.16-7f05c347fcfef1382c7a2079f658dc2b01997ca155fed4ad49b55f2f5fcdf0cf/lib/libHSbasement-0.0.16-7f05c347fcfef1382c7a2079f658dc2b01997ca155fed4ad49b55f2f5fcdf0cf-ghc9.6.3.so
7fe14971d000-7fe14972f000 r--p 00000000 00:22 41444721                   /home/mleku/.local/state/cabal/store/ghc-9.6.3/distributive-0.6.2.1-424d6f2381d9c9b4606d8ef373e84068158bda1024a3a03ef04f8b94e363236b/lib/libHSdistributive-0.6.2.1-424d6f2381d9c9b4606d8ef373e84068158bda1024a3a03ef04f8b94e363236b-ghc9.6.3.so
7fe14972f000-7fe14973b000 r-xp 00012000 00:22 41444721                   /home/mleku/.local/state/cabal/store/ghc-9.6.3/distributive-0.6.2.1-424d6f2381d9c9b4606d8ef373e84068158bda1024a3a03ef04f8b94e363236b/lib/libHSdistributive-0.6.2.1-424d6f2381d9c9b4606d8ef373e84068158bda1024a3a03ef04f8b94e363236b-ghc9.6.3.so
7fe14973b000-7fe14973c000 r--p 0001e000 00:22 41444721                   /home/mleku/.local/state/cabal/store/ghc-9.6.3/distributive-0.6.2.1-424d6f2381d9c9b4606d8ef373e84068158bda1024a3a03ef04f8b94e363236b/lib/libHSdistributive-0.6.2.1-424d6f2381d9c9b4606d8ef373e84068158bda1024a3a03ef04f8b94e363236b-ghc9.6.3.so
7fe14973c000-7fe14973d000 r--p 0001e000 00:22 41444721                   /home/mleku/.local/state/cabal/store/ghc-9.6.3/distributive-0.6.2.1-424d6f2381d9c9b4606d8ef373e84068158bda1024a3a03ef04f8b94e363236b/lib/libHSdistributive-0.6.2.1-424d6f2381d9c9b4606d8ef373e84068158bda1024a3a03ef04f8b94e363236b-ghc9.6.3.so
7fe14973d000-7fe14973e000 rw-p 0001f000 00:22 41444721                   /home/mleku/.local/state/cabal/store/ghc-9.6.3/distributive-0.6.2.1-424d6f2381d9c9b4606d8ef373e84068158bda1024a3a03ef04f8b94e363236b/lib/libHSdistributive-0.6.2.1-424d6f2381d9c9b4606d8ef373e84068158bda1024a3a03ef04f8b94e363236b-ghc9.6.3.so
7fe14973e000-7fe149753000 r--p 00000000 00:22 41434808                   /home/mleku/.local/state/cabal/store/ghc-9.6.3/attoparsec-0.14.4-l-attoparsec-internal-e9490ddaea4841a79fc251813223287bd9e65e0510180febd5e98a6907758746/lib/libHSattoparsec-0.14.4-l-attoparsec-internal-e9490ddaea4841a79fc251813223287bd9e65e0510180febd5e98a6907758746-ghc9.6.3.so
7fe149753000-7fe14975e000 r-xp 00015000 00:22 41434808                   /home/mleku/.local/state/cabal/store/ghc-9.6.3/attoparsec-0.14.4-l-attoparsec-internal-e9490ddaea4841a79fc251813223287bd9e65e0510180febd5e98a6907758746/lib/libHSattoparsec-0.14.4-l-attoparsec-internal-e9490ddaea4841a79fc251813223287bd9e65e0510180febd5e98a6907758746-ghc9.6.3.so
7fe14975e000-7fe14975f000 r--p 00020000 00:22 41434808                   /home/mleku/.local/state/cabal/store/ghc-9.6.3/attoparsec-0.14.4-l-attoparsec-internal-e9490ddaea4841a79fc251813223287bd9e65e0510180febd5e98a6907758746/lib/libHSattoparsec-0.14.4-l-attoparsec-internal-e9490ddaea4841a79fc251813223287bd9e65e0510180febd5e98a6907758746-ghc9.6.3.so
7fe14975f000-7fe149760000 r--p 00020000 00:22 41434808                   /home/mleku/.local/state/cabal/store/ghc-9.6.3/attoparsec-0.14.4-l-attoparsec-internal-e9490ddaea4841a79fc251813223287bd9e65e0510180febd5e98a6907758746/lib/libHSattoparsec-0.14.4-l-attoparsec-internal-e9490ddaea4841a79fc251813223287bd9e65e0510180febd5e98a6907758746-ghc9.6.3.so
7fe149760000-7fe149762000 rw-p 00021000 00:22 41434808                   /home/mleku/.local/state/cabal/store/ghc-9.6.3/attoparsec-0.14.4-l-attoparsec-internal-e9490ddaea4841a79fc251813223287bd9e65e0510180febd5e98a6907758746/lib/libHSattoparsec-0.14.4-l-attoparsec-internal-e9490ddaea4841a79fc251813223287bd9e65e0510180febd5e98a6907758746-ghc9.6.3.so
7fe149762000-7fe1497c2000 r--p 00000000 00:22 41447497                   /home/mleku/.local/state/cabal/store/ghc-9.6.3/memory-0.18.0-86df06eca77fa38fe27d9ccf54ec9e5bdd4cf7adfe9cca5b11aa4b3fd5ae2fa1/lib/libHSmemory-0.18.0-86df06eca77fa38fe27d9ccf54ec9e5bdd4cf7adfe9cca5b11aa4b3fd5ae2fa1-ghc9.6.3.so
7fe1497c2000-7fe1497f5000 r-xp 00060000 00:22 41447497                   /home/mleku/.local/state/cabal/store/ghc-9.6.3/memory-0.18.0-86df06eca77fa38fe27d9ccf54ec9e5bdd4cf7adfe9cca5b11aa4b3fd5ae2fa1/lib/libHSmemory-0.18.0-86df06eca77fa38fe27d9ccf54ec9e5bdd4cf7adfe9cca5b11aa4b3fd5ae2fa1-ghc9.6.3.so
7fe1497f5000-7fe1497f8000 r--p 00093000 00:22 41447497                   /home/mleku/.local/state/cabal/store/ghc-9.6.3/memory-0.18.0-86df06eca77fa38fe27d9ccf54ec9e5bdd4cf7adfe9cca5b11aa4b3fd5ae2fa1/lib/libHSmemory-0.18.0-86df06eca77fa38fe27d9ccf54ec9e5bdd4cf7adfe9cca5b11aa4b3fd5ae2fa1-ghc9.6.3.so
7fe1497f8000-7fe1497f9000 r--p 00095000 00:22 41447497                   /home/mleku/.local/state/cabal/store/ghc-9.6.3/memory-0.18.0-86df06eca77fa38fe27d9ccf54ec9e5bdd4cf7adfe9cca5b11aa4b3fd5ae2fa1/lib/libHSmemory-0.18.0-86df06eca77fa38fe27d9ccf54ec9e5bdd4cf7adfe9cca5b11aa4b3fd5ae2fa1-ghc9.6.3.so
7fe1497f9000-7fe149800000 rw-p 00096000 00:22 41447497                   /home/mleku/.local/state/cabal/store/ghc-9.6.3/memory-0.18.0-86df06eca77fa38fe27d9ccf54ec9e5bdd4cf7adfe9cca5b11aa4b3fd5ae2fa1/lib/libHSmemory-0.18.0-86df06eca77fa38fe27d9ccf54ec9e5bdd4cf7adfe9cca5b11aa4b3fd5ae2fa1-ghc9.6.3.so
7fe149800000-7fe149bcb000 r--p 00000000 00:22 41456830                   /home/mleku/.local/state/cabal/store/ghc-9.6.3/crypton-0.34-b2399ccbd1993e3b036c7a317962fb65ffa85a86b669ebe78d5cb7ba52c2fa2b/lib/libHScrypton-0.34-b2399ccbd1993e3b036c7a317962fb65ffa85a86b669ebe78d5cb7ba52c2fa2b-ghc9.6.3.so
7fe149bcb000-7fe149e0e000 r-xp 003cb000 00:22 41456830                   /home/mleku/.local/state/cabal/store/ghc-9.6.3/crypton-0.34-b2399ccbd1993e3b036c7a317962fb65ffa85a86b669ebe78d5cb7ba52c2fa2b/lib/libHScrypton-0.34-b2399ccbd1993e3b036c7a317962fb65ffa85a86b669ebe78d5cb7ba52c2fa2b-ghc9.6.3.so
7fe149e0e000-7fe149e39000 r--p 0060e000 00:22 41456830                   /home/mleku/.local/state/cabal/store/ghc-9.6.3/crypton-0.34-b2399ccbd1993e3b036c7a317962fb65ffa85a86b669ebe78d5cb7ba52c2fa2b/lib/libHScrypton-0.34-b2399ccbd1993e3b036c7a317962fb65ffa85a86b669ebe78d5cb7ba52c2fa2b-ghc9.6.3.so
7fe149e39000-7fe149e3b000 r--p 00638000 00:22 41456830                   /home/mleku/.local/state/cabal/store/ghc-9.6.3/crypton-0.34-b2399ccbd1993e3b036c7a317962fb65ffa85a86b669ebe78d5cb7ba52c2fa2b/lib/libHScrypton-0.34-b2399ccbd1993e3b036c7a317962fb65ffa85a86b669ebe78d5cb7ba52c2fa2b-ghc9.6.3.so
7fe149e3b000-7fe149ea3000 rw-p 0063a000 00:22 41456830                   /home/mleku/.local/state/cabal/store/ghc-9.6.3/crypton-0.34-b2399ccbd1993e3b036c7a317962fb65ffa85a86b669ebe78d5cb7ba52c2fa2b/lib/libHScrypton-0.34-b2399ccbd1993e3b036c7a317962fb65ffa85a86b669ebe78d5cb7ba52c2fa2b-ghc9.6.3.so
7fe149ea3000-7fe149eab000 r--p 00000000 00:22 41434306                   /home/mleku/.local/state/cabal/store/ghc-9.6.3/StateVar-1.2.2-a828c4fffd0a9f376bdf1d2a0630fdc0e11764f2810422e01054ef1e5ae7a0d9/lib/libHSStateVar-1.2.2-a828c4fffd0a9f376bdf1d2a0630fdc0e11764f2810422e01054ef1e5ae7a0d9-ghc9.6.3.so
7fe149eab000-7fe149eae000 r-xp 00008000 00:22 41434306                   /home/mleku/.local/state/cabal/store/ghc-9.6.3/StateVar-1.2.2-a828c4fffd0a9f376bdf1d2a0630fdc0e11764f2810422e01054ef1e5ae7a0d9/lib/libHSStateVar-1.2.2-a828c4fffd0a9f376bdf1d2a0630fdc0e11764f2810422e01054ef1e5ae7a0d9-ghc9.6.3.so
7fe149eae000-7fe149eaf000 r--p 0000b000 00:22 41434306                   /home/mleku/.local/state/cabal/store/ghc-9.6.3/StateVar-1.2.2-a828c4fffd0a9f376bdf1d2a0630fdc0e11764f2810422e01054ef1e5ae7a0d9/lib/libHSStateVar-1.2.2-a828c4fffd0a9f376bdf1d2a0630fdc0e11764f2810422e01054ef1e5ae7a0d9-ghc9.6.3.so
7fe149eaf000-7fe149eb0000 r--p 0000b000 00:22 41434306                   /home/mleku/.local/state/cabal/store/ghc-9.6.3/StateVar-1.2.2-a828c4fffd0a9f376bdf1d2a0630fdc0e11764f2810422e01054ef1e5ae7a0d9/lib/libHSStateVar-1.2.2-a828c4fffd0a9f376bdf1d2a0630fdc0e11764f2810422e01054ef1e5ae7a0d9-ghc9.6.3.so
7fe149eb0000-7fe149eb1000 rw-p 0000c000 00:22 41434306                   /home/mleku/.local/state/cabal/store/ghc-9.6.3/StateVar-1.2.2-a828c4fffd0a9f376bdf1d2a0630fdc0e11764f2810422e01054ef1e5ae7a0d9/lib/libHSStateVar-1.2.2-a828c4fffd0a9f376bdf1d2a0630fdc0e11764f2810422e01054ef1e5ae7a0d9-ghc9.6.3.so
7fe149eb1000-7fe149ebe000 r--p 00000000 00:22 41434845                   /home/mleku/.local/state/cabal/store/ghc-9.6.3/base64-bytestring-1.2.1.0-49cd5e3a01c30b8823595cd1048fbeedf7d533d7f39e6c22a14019c54fec245b/lib/libHSbase64-bytestring-1.2.1.0-49cd5e3a01c30b8823595cd1048fbeedf7d533d7f39e6c22a14019c54fec245b-ghc9.6.3.so
7fe149ebe000-7fe149ec8000 r-xp 0000d000 00:22 41434845                   /home/mleku/.local/state/cabal/store/ghc-9.6.3/base64-bytestring-1.2.1.0-49cd5e3a01c30b8823595cd1048fbeedf7d533d7f39e6c22a14019c54fec245b/lib/libHSbase64-bytestring-1.2.1.0-49cd5e3a01c30b8823595cd1048fbeedf7d533d7f39e6c22a14019c54fec245b-ghc9.6.3.so
7fe149ec8000-7fe149ec9000 r--p 00017000 00:22 41434845                   /home/mleku/.local/state/cabal/store/ghc-9.6.3/base64-bytestring-1.2.1.0-49cd5e3a01c30b8823595cd1048fbeedf7d533d7f39e6c22a14019c54fec245b/lib/libHSbase64-bytestring-1.2.1.0-49cd5e3a01c30b8823595cd1048fbeedf7d533d7f39e6c22a14019c54fec245b-ghc9.6.3.so
7fe149ec9000-7fe149eca000 r--p 00017000 00:22 41434845                   /home/mleku/.local/state/cabal/store/ghc-9.6.3/base64-bytestring-1.2.1.0-49cd5e3a01c30b8823595cd1048fbeedf7d533d7f39e6c22a14019c54fec245b/lib/libHSbase64-bytestring-1.2.1.0-49cd5e3a01c30b8823595cd1048fbeedf7d533d7f39e6c22a14019c54fec245b-ghc9.6.3.so
7fe149eca000-7fe149ecc000 rw-p 00018000 00:22 41434845                   /home/mleku/.local/state/cabal/store/ghc-9.6.3/base64-bytestring-1.2.1.0-49cd5e3a01c30b8823595cd1048fbeedf7d533d7f39e6c22a14019c54fec245b/lib/libHSbase64-bytestring-1.2.1.0-49cd5e3a01c30b8823595cd1048fbeedf7d533d7f39e6c22a14019c54fec245b-ghc9.6.3.so
7fe149ecc000-7fe149ecf000 r--p 00000000 00:22 41435119                   /home/mleku/.local/state/cabal/store/ghc-9.6.3/composition-1.0.2.2-237b8704d6b2659dedca5654b4896de04c10bdbb3672d164e018047bd34b458b/lib/libHScomposition-1.0.2.2-237b8704d6b2659dedca5654b4896de04c10bdbb3672d164e018047bd34b458b-ghc9.6.3.so
7fe149ecf000-7fe149ed1000 r-xp 00003000 00:22 41435119                   /home/mleku/.local/state/cabal/store/ghc-9.6.3/composition-1.0.2.2-237b8704d6b2659dedca5654b4896de04c10bdbb3672d164e018047bd34b458b/lib/libHScomposition-1.0.2.2-237b8704d6b2659dedca5654b4896de04c10bdbb3672d164e018047bd34b458b-ghc9.6.3.so
7fe149ed1000-7fe149ed2000 r--p 00005000 00:22 41435119                   /home/mleku/.local/state/cabal/store/ghc-9.6.3/composition-1.0.2.2-237b8704d6b2659dedca5654b4896de04c10bdbb3672d164e018047bd34b458b/lib/libHScomposition-1.0.2.2-237b8704d6b2659dedca5654b4896de04c10bdbb3672d164e018047bd34b458b-ghc9.6.3.so
7fe149ed2000-7fe149ed3000 r--p 00005000 00:22 41435119                   /home/mleku/.local/state/cabal/store/ghc-9.6.3/composition-1.0.2.2-237b8704d6b2659dedca5654b4896de04c10bdbb3672d164e018047bd34b458b/lib/libHScomposition-1.0.2.2-237b8704d6b2659dedca5654b4896de04c10bdbb3672d164e018047bd34b458b-ghc9.6.3.so
7fe149ed3000-7fe149ed4000 rw-p 00006000 00:22 41435119                   /home/mleku/.local/state/cabal/store/ghc-9.6.3/composition-1.0.2.2-237b8704d6b2659dedca5654b4896de04c10bdbb3672d164e018047bd34b458b/lib/libHScomposition-1.0.2.2-237b8704d6b2659dedca5654b4896de04c10bdbb3672d164e018047bd34b458b-ghc9.6.3.so
7fe149ed4000-7fe149ee0000 r-xp 00000000 00:22 41420776                   /home/mleku/.ghcup/ghc/9.6.3/lib/ghc-9.6.3/lib/x86_64-linux-ghc-9.6.3/libHSinteger-gmp-1.1-ghc9.6.3.so
7fe149ee0000-7fe149ee1000 r--p 0000b000 00:22 41420776                   /home/mleku/.ghcup/ghc/9.6.3/lib/ghc-9.6.3/lib/x86_64-linux-ghc-9.6.3/libHSinteger-gmp-1.1-ghc9.6.3.so
7fe149ee1000-7fe149ee2000 rw-p 0000c000 00:22 41420776                   /home/mleku/.ghcup/ghc/9.6.3/lib/ghc-9.6.3/lib/x86_64-linux-ghc-9.6.3/libHSinteger-gmp-1.1-ghc9.6.3.so
7fe149ee2000-7fe149f88000 r--p 00000000 00:22 41438641                   /home/mleku/.local/state/cabal/store/ghc-9.6.3/hourglass-0.2.12-f636396f2d46bc10697cc675793b72a77a91d145e2ab377dfdb4cc7920021f54/lib/libHShourglass-0.2.12-f636396f2d46bc10697cc675793b72a77a91d145e2ab377dfdb4cc7920021f54-ghc9.6.3.so
7fe149f88000-7fe149fec000 r-xp 000a6000 00:22 41438641                   /home/mleku/.local/state/cabal/store/ghc-9.6.3/hourglass-0.2.12-f636396f2d46bc10697cc675793b72a77a91d145e2ab377dfdb4cc7920021f54/lib/libHShourglass-0.2.12-f636396f2d46bc10697cc675793b72a77a91d145e2ab377dfdb4cc7920021f54-ghc9.6.3.so
7fe149fec000-7fe149ff0000 r--p 0010a000 00:22 41438641                   /home/mleku/.local/state/cabal/store/ghc-9.6.3/hourglass-0.2.12-f636396f2d46bc10697cc675793b72a77a91d145e2ab377dfdb4cc7920021f54/lib/libHShourglass-0.2.12-f636396f2d46bc10697cc675793b72a77a91d145e2ab377dfdb4cc7920021f54-ghc9.6.3.so
7fe149ff0000-7fe149ff1000 r--p 0010d000 00:22 41438641                   /home/mleku/.local/state/cabal/store/ghc-9.6.3/hourglass-0.2.12-f636396f2d46bc10697cc675793b72a77a91d145e2ab377dfdb4cc7920021f54/lib/libHShourglass-0.2.12-f636396f2d46bc10697cc675793b72a77a91d145e2ab377dfdb4cc7920021f54-ghc9.6.3.so
7fe149ff1000-7fe14a002000 rw-p 0010e000 00:22 41438641                   /home/mleku/.local/state/cabal/store/ghc-9.6.3/hourglass-0.2.12-f636396f2d46bc10697cc675793b72a77a91d145e2ab377dfdb4cc7920021f54/lib/libHShourglass-0.2.12-f636396f2d46bc10697cc675793b72a77a91d145e2ab377dfdb4cc7920021f54-ghc9.6.3.so
7fe14a002000-7fe14a032000 r--p 00000000 00:22 41451157                   /home/mleku/.local/state/cabal/store/ghc-9.6.3/asn1-types-0.3.4-52ab490310e9cb8ba1462a6195d007877c2fc9dcfb589a53e3803b95b1e1307d/lib/libHSasn1-types-0.3.4-52ab490310e9cb8ba1462a6195d007877c2fc9dcfb589a53e3803b95b1e1307d-ghc9.6.3.so
7fe14a032000-7fe14a04c000 r-xp 00030000 00:22 41451157                   /home/mleku/.local/state/cabal/store/ghc-9.6.3/asn1-types-0.3.4-52ab490310e9cb8ba1462a6195d007877c2fc9dcfb589a53e3803b95b1e1307d/lib/libHSasn1-types-0.3.4-52ab490310e9cb8ba1462a6195d007877c2fc9dcfb589a53e3803b95b1e1307d-ghc9.6.3.so
7fe14a04c000-7fe14a04f000 r--p 0004a000 00:22 41451157                   /home/mleku/.local/state/cabal/store/ghc-9.6.3/asn1-types-0.3.4-52ab490310e9cb8ba1462a6195d007877c2fc9dcfb589a53e3803b95b1e1307d/lib/libHSasn1-types-0.3.4-52ab490310e9cb8ba1462a6195d007877c2fc9dcfb589a53e3803b95b1e1307d-ghc9.6.3.so
7fe14a04f000-7fe14a050000 r--p 0004c000 00:22 41451157                   /home/mleku/.local/state/cabal/store/ghc-9.6.3/asn1-types-0.3.4-52ab490310e9cb8ba1462a6195d007877c2fc9dcfb589a53e3803b95b1e1307d/lib/libHSasn1-types-0.3.4-52ab490310e9cb8ba1462a6195d007877c2fc9dcfb589a53e3803b95b1e1307d-ghc9.6.3.so
7fe14a050000-7fe14a056000 rw-p 0004d000 00:22 41451157                   /home/mleku/.local/state/cabal/store/ghc-9.6.3/asn1-types-0.3.4-52ab490310e9cb8ba1462a6195d007877c2fc9dcfb589a53e3803b95b1e1307d/lib/libHSasn1-types-0.3.4-52ab490310e9cb8ba1462a6195d007877c2fc9dcfb589a53e3803b95b1e1307d-ghc9.6.3.so
7fe14a056000-7fe14a083000 r--p 00000000 00:22 41454012                   /home/mleku/.local/state/cabal/store/ghc-9.6.3/asn1-encoding-0.9.6-7a9728b8adee899eed9bb97cf06c9589da9228bd00263511eb8e7834935a11f6/lib/libHSasn1-encoding-0.9.6-7a9728b8adee899eed9bb97cf06c9589da9228bd00263511eb8e7834935a11f6-ghc9.6.3.so
7fe14a083000-7fe14a0a2000 r-xp 0002d000 00:22 41454012                   /home/mleku/.local/state/cabal/store/ghc-9.6.3/asn1-encoding-0.9.6-7a9728b8adee899eed9bb97cf06c9589da9228bd00263511eb8e7834935a11f6/lib/libHSasn1-encoding-0.9.6-7a9728b8adee899eed9bb97cf06c9589da9228bd00263511eb8e7834935a11f6-ghc9.6.3.so
7fe14a0a2000-7fe14a0a4000 r--p 0004c000 00:22 41454012                   /home/mleku/.local/state/cabal/store/ghc-9.6.3/asn1-encoding-0.9.6-7a9728b8adee899eed9bb97cf06c9589da9228bd00263511eb8e7834935a11f6/lib/libHSasn1-encoding-0.9.6-7a9728b8adee899eed9bb97cf06c9589da9228bd00263511eb8e7834935a11f6-ghc9.6.3.so
7fe14a0a4000-7fe14a0a5000 r--p 0004e000 00:22 41454012                   /home/mleku/.local/state/cabal/store/ghc-9.6.3/asn1-encoding-0.9.6-7a9728b8adee899eed9bb97cf06c9589da9228bd00263511eb8e7834935a11f6/lib/libHSasn1-encoding-0.9.6-7a9728b8adee899eed9bb97cf06c9589da9228bd00263511eb8e7834935a11f6-ghc9.6.3.so
7fe14a0a5000-7fe14a0ab000 rw-p 0004f000 00:22 41454012                   /home/mleku/.local/state/cabal/store/ghc-9.6.3/asn1-encoding-0.9.6-7a9728b8adee899eed9bb97cf06c9589da9228bd00263511eb8e7834935a11f6/lib/libHSasn1-encoding-0.9.6-7a9728b8adee899eed9bb97cf06c9589da9228bd00263511eb8e7834935a11f6-ghc9.6.3.so
7fe14a0ab000-7fe14a0b3000 r--p 00000000 00:22 41454299                   /home/mleku/.local/state/cabal/store/ghc-9.6.3/asn1-parse-0.9.5-388a8b57b8e521bbc599a749d1894177c5d08ec8998c0db0c8a3c6e56f135e02/lib/libHSasn1-parse-0.9.5-388a8b57b8e521bbc599a749d1894177c5d08ec8998c0db0c8a3c6e56f135e02-ghc9.6.3.so
7fe14a0b3000-7fe14a0b6000 r-xp 00008000 00:22 41454299                   /home/mleku/.local/state/cabal/store/ghc-9.6.3/asn1-parse-0.9.5-388a8b57b8e521bbc599a749d1894177c5d08ec8998c0db0c8a3c6e56f135e02/lib/libHSasn1-parse-0.9.5-388a8b57b8e521bbc599a749d1894177c5d08ec8998c0db0c8a3c6e56f135e02-ghc9.6.3.so
7fe14a0b6000-7fe14a0b7000 r--p 0000b000 00:22 41454299                   /home/mleku/.local/state/cabal/store/ghc-9.6.3/asn1-parse-0.9.5-388a8b57b8e521bbc599a749d1894177c5d08ec8998c0db0c8a3c6e56f135e02/lib/libHSasn1-parse-0.9.5-388a8b57b8e521bbc599a749d1894177c5d08ec8998c0db0c8a3c6e56f135e02-ghc9.6.3.so
7fe14a0b7000-7fe14a0b8000 r--p 0000b000 00:22 41454299                   /home/mleku/.local/state/cabal/store/ghc-9.6.3/asn1-parse-0.9.5-388a8b57b8e521bbc599a749d1894177c5d08ec8998c0db0c8a3c6e56f135e02/lib/libHSasn1-parse-0.9.5-388a8b57b8e521bbc599a749d1894177c5d08ec8998c0db0c8a3c6e56f135e02-ghc9.6.3.so
7fe14a0b8000-7fe14a0b9000 rw-p 0000c000 00:22 41454299                   /home/mleku/.local/state/cabal/store/ghc-9.6.3/asn1-parse-0.9.5-388a8b57b8e521bbc599a749d1894177c5d08ec8998c0db0c8a3c6e56f135e02/lib/libHSasn1-parse-0.9.5-388a8b57b8e521bbc599a749d1894177c5d08ec8998c0db0c8a3c6e56f135e02-ghc9.6.3.so
7fe14a0b9000-7fe14a0c2000 r--p 00000000 00:22 41450217                   /home/mleku/.local/state/cabal/store/ghc-9.6.3/pem-0.2.4-f906496cff163a500cd65e64adb820577bcc6db48a8415f3199036f58c5276a6/lib/libHSpem-0.2.4-f906496cff163a500cd65e64adb820577bcc6db48a8415f3199036f58c5276a6-ghc9.6.3.so
7fe14a0c2000-7fe14a0c6000 r-xp 00009000 00:22 41450217                   /home/mleku/.local/state/cabal/store/ghc-9.6.3/pem-0.2.4-f906496cff163a500cd65e64adb820577bcc6db48a8415f3199036f58c5276a6/lib/libHSpem-0.2.4-f906496cff163a500cd65e64adb820577bcc6db48a8415f3199036f58c5276a6-ghc9.6.3.so
7fe14a0c6000-7fe14a0c7000 r--p 0000d000 00:22 41450217                   /home/mleku/.local/state/cabal/store/ghc-9.6.3/pem-0.2.4-f906496cff163a500cd65e64adb820577bcc6db48a8415f3199036f58c5276a6/lib/libHSpem-0.2.4-f906496cff163a500cd65e64adb820577bcc6db48a8415f3199036f58c5276a6-ghc9.6.3.so
7fe14a0c7000-7fe14a0c8000 r--p 0000d000 00:22 41450217                   /home/mleku/.local/state/cabal/store/ghc-9.6.3/pem-0.2.4-f906496cff163a500cd65e64adb820577bcc6db48a8415f3199036f58c5276a6/lib/libHSpem-0.2.4-f906496cff163a500cd65e64adb820577bcc6db48a8415f3199036f58c5276a6-ghc9.6.3.so
7fe14a0c8000-7fe14a0c9000 rw-p 0000e000 00:22 41450217                   /home/mleku/.local/state/cabal/store/ghc-9.6.3/pem-0.2.4-f906496cff163a500cd65e64adb820577bcc6db48a8415f3199036f58c5276a6/lib/libHSpem-0.2.4-f906496cff163a500cd65e64adb820577bcc6db48a8415f3199036f58c5276a6-ghc9.6.3.so
7fe14a0c9000-7fe14a17e000 r--p 00000000 00:22 41458755                   /home/mleku/.local/state/cabal/store/ghc-9.6.3/crypton-x509-1.7.6-998bb4ca6b85e4b9e331aa23ce277793a0beb37932d7c40b81027f8c9c5501bd/lib/libHScrypton-x509-1.7.6-998bb4ca6b85e4b9e331aa23ce277793a0beb37932d7c40b81027f8c9c5501bd-ghc9.6.3.so
7fe14a17e000-7fe14a1da000 r-xp 000b5000 00:22 41458755                   /home/mleku/.local/state/cabal/store/ghc-9.6.3/crypton-x509-1.7.6-998bb4ca6b85e4b9e331aa23ce277793a0beb37932d7c40b81027f8c9c5501bd/lib/libHScrypton-x509-1.7.6-998bb4ca6b85e4b9e331aa23ce277793a0beb37932d7c40b81027f8c9c5501bd-ghc9.6.3.so
7fe14a1da000-7fe14a1e0000 r--p 00111000 00:22 41458755                   /home/mleku/.local/state/cabal/store/ghc-9.6.3/crypton-x509-1.7.6-998bb4ca6b85e4b9e331aa23ce277793a0beb37932d7c40b81027f8c9c5501bd/lib/libHScrypton-x509-1.7.6-998bb4ca6b85e4b9e331aa23ce277793a0beb37932d7c40b81027f8c9c5501bd-ghc9.6.3.so
7fe14a1e0000-7fe14a1e1000 r--p 00117000 00:22 41458755                   /home/mleku/.local/state/cabal/store/ghc-9.6.3/crypton-x509-1.7.6-998bb4ca6b85e4b9e331aa23ce277793a0beb37932d7c40b81027f8c9c5501bd/lib/libHScrypton-x509-1.7.6-998bb4ca6b85e4b9e331aa23ce277793a0beb37932d7c40b81027f8c9c5501bd-ghc9.6.3.so
7fe14a1e1000-7fe14a1f4000 rw-p 00118000 00:22 41458755                   /home/mleku/.local/state/cabal/store/ghc-9.6.3/crypton-x509-1.7.6-998bb4ca6b85e4b9e331aa23ce277793a0beb37932d7c40b81027f8c9c5501bd/lib/libHScrypton-x509-1.7.6-998bb4ca6b85e4b9e331aa23ce277793a0beb37932d7c40b81027f8c9c5501bd-ghc9.6.3.so
7fe14a1f4000-7fe14a1fc000 r--p 00000000 00:22 41435689                   /home/mleku/.local/state/cabal/store/ghc-9.6.3/data-default-class-0.1.2.0-d6478233bb84b60567a3dfc7c3c78e8e26df20c2f16a39369f2fe564b42c4bc8/lib/libHSdata-default-class-0.1.2.0-d6478233bb84b60567a3dfc7c3c78e8e26df20c2f16a39369f2fe564b42c4bc8-ghc9.6.3.so
7fe14a1fc000-7fe14a1fd000 r-xp 00008000 00:22 41435689                   /home/mleku/.local/state/cabal/store/ghc-9.6.3/data-default-class-0.1.2.0-d6478233bb84b60567a3dfc7c3c78e8e26df20c2f16a39369f2fe564b42c4bc8/lib/libHSdata-default-class-0.1.2.0-d6478233bb84b60567a3dfc7c3c78e8e26df20c2f16a39369f2fe564b42c4bc8-ghc9.6.3.so
7fe14a1fd000-7fe14a1fe000 r--p 00009000 00:22 41435689                   /home/mleku/.local/state/cabal/store/ghc-9.6.3/data-default-class-0.1.2.0-d6478233bb84b60567a3dfc7c3c78e8e26df20c2f16a39369f2fe564b42c4bc8/lib/libHSdata-default-class-0.1.2.0-d6478233bb84b60567a3dfc7c3c78e8e26df20c2f16a39369f2fe564b42c4bc8-ghc9.6.3.so
7fe14a1fe000-7fe14a1ff000 r--p 00009000 00:22 41435689                   /home/mleku/.local/state/cabal/store/ghc-9.6.3/data-default-class-0.1.2.0-d6478233bb84b60567a3dfc7c3c78e8e26df20c2f16a39369f2fe564b42c4bc8/lib/libHSdata-default-class-0.1.2.0-d6478233bb84b60567a3dfc7c3c78e8e26df20c2f16a39369f2fe564b42c4bc8-ghc9.6.3.so
7fe14a1ff000-7fe14a200000 rw-p 0000a000 00:22 41435689                   /home/mleku/.local/state/cabal/store/ghc-9.6.3/data-default-class-0.1.2.0-d6478233bb84b60567a3dfc7c3c78e8e26df20c2f16a39369f2fe564b42c4bc8/lib/libHSdata-default-class-0.1.2.0-d6478233bb84b60567a3dfc7c3c78e8e26df20c2f16a39369f2fe564b42c4bc8-ghc9.6.3.so
7fe14a200000-7fe14a29e000 r--p 00000000 00:22 41455614                   /home/mleku/.local/state/cabal/store/ghc-9.6.3/direct-sqlcipher-2.3.28-669d2466da6028eaba8e8152fad6fcf8cd71a309fe99cd842ba434cd8b49e2be/lib/libHSdirect-sqlcipher-2.3.28-669d2466da6028eaba8e8152fad6fcf8cd71a309fe99cd842ba434cd8b49e2be-ghc9.6.3.so
7fe14a29e000-7fe14a3de000 r-xp 0009e000 00:22 41455614                   /home/mleku/.local/state/cabal/store/ghc-9.6.3/direct-sqlcipher-2.3.28-669d2466da6028eaba8e8152fad6fcf8cd71a309fe99cd842ba434cd8b49e2be/lib/libHSdirect-sqlcipher-2.3.28-669d2466da6028eaba8e8152fad6fcf8cd71a309fe99cd842ba434cd8b49e2be-ghc9.6.3.so
7fe14a3de000-7fe14a416000 r--p 001de000 00:22 41455614                   /home/mleku/.local/state/cabal/store/ghc-9.6.3/direct-sqlcipher-2.3.28-669d2466da6028eaba8e8152fad6fcf8cd71a309fe99cd842ba434cd8b49e2be/lib/libHSdirect-sqlcipher-2.3.28-669d2466da6028eaba8e8152fad6fcf8cd71a309fe99cd842ba434cd8b49e2be-ghc9.6.3.so
7fe14a416000-7fe14a41a000 r--p 00216000 00:22 41455614                   /home/mleku/.local/state/cabal/store/ghc-9.6.3/direct-sqlcipher-2.3.28-669d2466da6028eaba8e8152fad6fcf8cd71a309fe99cd842ba434cd8b49e2be/lib/libHSdirect-sqlcipher-2.3.28-669d2466da6028eaba8e8152fad6fcf8cd71a309fe99cd842ba434cd8b49e2be-ghc9.6.3.so
7fe14a41a000-7fe14a42d000 rw-p 0021a000 00:22 41455614                   /home/mleku/.local/state/cabal/store/ghc-9.6.3/direct-sqlcipher-2.3.28-669d2466da6028eaba8e8152fad6fcf8cd71a309fe99cd842ba434cd8b49e2be/lib/libHSdirect-sqlcipher-2.3.28-669d2466da6028eaba8e8152fad6fcf8cd71a309fe99cd842ba434cd8b49e2be-ghc9.6.3.so
7fe14a42d000-7fe14a42e000 rw-p 00000000 00:00 0 
7fe14a42e000-7fe14a42f000 r--p 00000000 00:22 10087918                   /usr/lib/librt.so.1
7fe14a42f000-7fe14a430000 r-xp 00001000 00:22 10087918                   /usr/lib/librt.so.1
7fe14a430000-7fe14a431000 r--p 00002000 00:22 10087918                   /usr/lib/librt.so.1
7fe14a431000-7fe14a432000 r--p 00002000 00:22 10087918                   /usr/lib/librt.so.1
7fe14a432000-7fe14a433000 rw-p 00003000 00:22 10087918                   /usr/lib/librt.so.1
7fe14a433000-7fe14a441000 r--p 00000000 00:22 41438446                   /home/mleku/.local/state/cabal/store/ghc-9.6.3/old-locale-1.0.0.7-2fc41634d130ad577f30ae220a366c50aded85663753062bcd06dee8a22a28ee/lib/libHSold-locale-1.0.0.7-2fc41634d130ad577f30ae220a366c50aded85663753062bcd06dee8a22a28ee-ghc9.6.3.so
7fe14a441000-7fe14a445000 r-xp 0000e000 00:22 41438446                   /home/mleku/.local/state/cabal/store/ghc-9.6.3/old-locale-1.0.0.7-2fc41634d130ad577f30ae220a366c50aded85663753062bcd06dee8a22a28ee/lib/libHSold-locale-1.0.0.7-2fc41634d130ad577f30ae220a366c50aded85663753062bcd06dee8a22a28ee-ghc9.6.3.so
7fe14a445000-7fe14a446000 r--p 00012000 00:22 41438446                   /home/mleku/.local/state/cabal/store/ghc-9.6.3/old-locale-1.0.0.7-2fc41634d130ad577f30ae220a366c50aded85663753062bcd06dee8a22a28ee/lib/libHSold-locale-1.0.0.7-2fc41634d130ad577f30ae220a366c50aded85663753062bcd06dee8a22a28ee-ghc9.6.3.so
7fe14a446000-7fe14a447000 r--p 00012000 00:22 41438446                   /home/mleku/.local/state/cabal/store/ghc-9.6.3/old-locale-1.0.0.7-2fc41634d130ad577f30ae220a366c50aded85663753062bcd06dee8a22a28ee/lib/libHSold-locale-1.0.0.7-2fc41634d130ad577f30ae220a366c50aded85663753062bcd06dee8a22a28ee-ghc9.6.3.so
7fe14a447000-7fe14a449000 rw-p 00013000 00:22 41438446                   /home/mleku/.local/state/cabal/store/ghc-9.6.3/old-locale-1.0.0.7-2fc41634d130ad577f30ae220a366c50aded85663753062bcd06dee8a22a28ee/lib/libHSold-locale-1.0.0.7-2fc41634d130ad577f30ae220a366c50aded85663753062bcd06dee8a22a28ee-ghc9.6.3.so
7fe14a449000-7fe14a55c000 r-xp 00000000 00:22 41420298                   /home/mleku/.ghcup/ghc/9.6.3/lib/ghc-9.6.3/lib/x86_64-linux-ghc-9.6.3/libHSunix-2.8.1.0-ghc9.6.3.so
7fe14a55c000-7fe14a55d000 ---p 00113000 00:22 41420298                   /home/mleku/.ghcup/ghc/9.6.3/lib/ghc-9.6.3/lib/x86_64-linux-ghc-9.6.3/libHSunix-2.8.1.0-ghc9.6.3.so
7fe14a55d000-7fe14a55e000 r--p 00113000 00:22 41420298                   /home/mleku/.ghcup/ghc/9.6.3/lib/ghc-9.6.3/lib/x86_64-linux-ghc-9.6.3/libHSunix-2.8.1.0-ghc9.6.3.so
7fe14a55e000-7fe14a573000 rw-p 00114000 00:22 41420298                   /home/mleku/.ghcup/ghc/9.6.3/lib/ghc-9.6.3/lib/x86_64-linux-ghc-9.6.3/libHSunix-2.8.1.0-ghc9.6.3.so
7fe14a573000-7fe14a5ec000 r-xp 00000000 00:22 41418643                   /home/mleku/.ghcup/ghc/9.6.3/lib/ghc-9.6.3/lib/x86_64-linux-ghc-9.6.3/libHSdirectory-1.3.8.1-ghc9.6.3.so
7fe14a5ec000-7fe14a5ed000 r--p 00078000 00:22 41418643                   /home/mleku/.ghcup/ghc/9.6.3/lib/ghc-9.6.3/lib/x86_64-linux-ghc-9.6.3/libHSdirectory-1.3.8.1-ghc9.6.3.so
7fe14a5ed000-7fe14a5f5000 rw-p 00079000 00:22 41418643                   /home/mleku/.ghcup/ghc/9.6.3/lib/ghc-9.6.3/lib/x86_64-linux-ghc-9.6.3/libHSdirectory-1.3.8.1-ghc9.6.3.so
7fe14a5f5000-7fe14a606000 r--p 00000000 00:22 41455557                   /home/mleku/.local/state/cabal/store/ghc-9.6.3/email-validate-2.3.2.19-8e093d39175bc833333d170127e683e34f7c13447809285b558be894a69a8107/lib/libHSemail-validate-2.3.2.19-8e093d39175bc833333d170127e683e34f7c13447809285b558be894a69a8107-ghc9.6.3.so
7fe14a606000-7fe14a61b000 r-xp 00011000 00:22 41455557                   /home/mleku/.local/state/cabal/store/ghc-9.6.3/email-validate-2.3.2.19-8e093d39175bc833333d170127e683e34f7c13447809285b558be894a69a8107/lib/libHSemail-validate-2.3.2.19-8e093d39175bc833333d170127e683e34f7c13447809285b558be894a69a8107-ghc9.6.3.so
7fe14a61b000-7fe14a61c000 r--p 00026000 00:22 41455557                   /home/mleku/.local/state/cabal/store/ghc-9.6.3/email-validate-2.3.2.19-8e093d39175bc833333d170127e683e34f7c13447809285b558be894a69a8107/lib/libHSemail-validate-2.3.2.19-8e093d39175bc833333d170127e683e34f7c13447809285b558be894a69a8107-ghc9.6.3.so
7fe14a61c000-7fe14a61d000 r--p 00026000 00:22 41455557                   /home/mleku/.local/state/cabal/store/ghc-9.6.3/email-validate-2.3.2.19-8e093d39175bc833333d170127e683e34f7c13447809285b558be894a69a8107/lib/libHSemail-validate-2.3.2.19-8e093d39175bc833333d170127e683e34f7c13447809285b558be894a69a8107-ghc9.6.3.so
7fe14a61d000-7fe14a620000 rw-p 00027000 00:22 41455557                   /home/mleku/.local/state/cabal/store/ghc-9.6.3/email-validate-2.3.2.19-8e093d39175bc833333d170127e683e34f7c13447809285b558be894a69a8107/lib/libHSemail-validate-2.3.2.19-8e093d39175bc833333d170127e683e34f7c13447809285b558be894a69a8107-ghc9.6.3.so
7fe14a620000-7fe14a62d000 r--p 00000000 00:22 41436817                   /home/mleku/.local/state/cabal/store/ghc-9.6.3/file-embed-0.0.15.0-858d0ef424fd92d742d20e68b7596e642557183aba03df51abd86155233a5a95/lib/libHSfile-embed-0.0.15.0-858d0ef424fd92d742d20e68b7596e642557183aba03df51abd86155233a5a95-ghc9.6.3.so
7fe14a62d000-7fe14a637000 r-xp 0000d000 00:22 41436817                   /home/mleku/.local/state/cabal/store/ghc-9.6.3/file-embed-0.0.15.0-858d0ef424fd92d742d20e68b7596e642557183aba03df51abd86155233a5a95/lib/libHSfile-embed-0.0.15.0-858d0ef424fd92d742d20e68b7596e642557183aba03df51abd86155233a5a95-ghc9.6.3.so
7fe14a637000-7fe14a638000 r--p 00017000 00:22 41436817                   /home/mleku/.local/state/cabal/store/ghc-9.6.3/file-embed-0.0.15.0-858d0ef424fd92d742d20e68b7596e642557183aba03df51abd86155233a5a95/lib/libHSfile-embed-0.0.15.0-858d0ef424fd92d742d20e68b7596e642557183aba03df51abd86155233a5a95-ghc9.6.3.so
7fe14a638000-7fe14a639000 r--p 00017000 00:22 41436817                   /home/mleku/.local/state/cabal/store/ghc-9.6.3/file-embed-0.0.15.0-858d0ef424fd92d742d20e68b7596e642557183aba03df51abd86155233a5a95/lib/libHSfile-embed-0.0.15.0-858d0ef424fd92d742d20e68b7596e642557183aba03df51abd86155233a5a95-ghc9.6.3.so
7fe14a639000-7fe14a63b000 rw-p 00018000 00:22 41436817                   /home/mleku/.local/state/cabal/store/ghc-9.6.3/file-embed-0.0.15.0-858d0ef424fd92d742d20e68b7596e642557183aba03df51abd86155233a5a95/lib/libHSfile-embed-0.0.15.0-858d0ef424fd92d742d20e68b7596e642557183aba03df51abd86155233a5a95-ghc9.6.3.so
7fe14a63b000-7fe14a64a000 r--p 00000000 00:22 41443716                   /home/mleku/.local/state/cabal/store/ghc-9.6.3/case-insensitive-1.2.1.0-911f138ed8f1a51c290f3661c35a231fca5751b2e6d93cb8b08b793c28d333f8/lib/libHScase-insensitive-1.2.1.0-911f138ed8f1a51c290f3661c35a231fca5751b2e6d93cb8b08b793c28d333f8-ghc9.6.3.so
7fe14a64a000-7fe14a656000 r-xp 0000f000 00:22 41443716                   /home/mleku/.local/state/cabal/store/ghc-9.6.3/case-insensitive-1.2.1.0-911f138ed8f1a51c290f3661c35a231fca5751b2e6d93cb8b08b793c28d333f8/lib/libHScase-insensitive-1.2.1.0-911f138ed8f1a51c290f3661c35a231fca5751b2e6d93cb8b08b793c28d333f8-ghc9.6.3.so
7fe14a656000-7fe14a657000 r--p 0001b000 00:22 41443716                   /home/mleku/.local/state/cabal/store/ghc-9.6.3/case-insensitive-1.2.1.0-911f138ed8f1a51c290f3661c35a231fca5751b2e6d93cb8b08b793c28d333f8/lib/libHScase-insensitive-1.2.1.0-911f138ed8f1a51c290f3661c35a231fca5751b2e6d93cb8b08b793c28d333f8-ghc9.6.3.so
7fe14a657000-7fe14a658000 r--p 0001b000 00:22 41443716                   /home/mleku/.local/state/cabal/store/ghc-9.6.3/case-insensitive-1.2.1.0-911f138ed8f1a51c290f3661c35a231fca5751b2e6d93cb8b08b793c28d333f8/lib/libHScase-insensitive-1.2.1.0-911f138ed8f1a51c290f3661c35a231fca5751b2e6d93cb8b08b793c28d333f8-ghc9.6.3.so
7fe14a658000-7fe14a659000 rw-p 0001c000 00:22 41443716                   /home/mleku/.local/state/cabal/store/ghc-9.6.3/case-insensitive-1.2.1.0-911f138ed8f1a51c290f3661c35a231fca5751b2e6d93cb8b08b793c28d333f8/lib/libHScase-insensitive-1.2.1.0-911f138ed8f1a51c290f3661c35a231fca5751b2e6d93cb8b08b793c28d333f8-ghc9.6.3.so
7fe14a659000-7fe14a6a7000 r--p 00000000 00:22 41447622                   /home/mleku/.local/state/cabal/store/ghc-9.6.3/http-types-0.12.4-04b79bbaa320685b0d9adb7fa02616087e75618cb90fa0923146d636c6dc5c73/lib/libHShttp-types-0.12.4-04b79bbaa320685b0d9adb7fa02616087e75618cb90fa0923146d636c6dc5c73-ghc9.6.3.so
7fe14a6a7000-7fe14a6d0000 r-xp 0004e000 00:22 41447622                   /home/mleku/.local/state/cabal/store/ghc-9.6.3/http-types-0.12.4-04b79bbaa320685b0d9adb7fa02616087e75618cb90fa0923146d636c6dc5c73/lib/libHShttp-types-0.12.4-04b79bbaa320685b0d9adb7fa02616087e75618cb90fa0923146d636c6dc5c73-ghc9.6.3.so
7fe14a6d0000-7fe14a6d3000 r--p 00077000 00:22 41447622                   /home/mleku/.local/state/cabal/store/ghc-9.6.3/http-types-0.12.4-04b79bbaa320685b0d9adb7fa02616087e75618cb90fa0923146d636c6dc5c73/lib/libHShttp-types-0.12.4-04b79bbaa320685b0d9adb7fa02616087e75618cb90fa0923146d636c6dc5c73-ghc9.6.3.so
7fe14a6d3000-7fe14a6d4000 r--p 0007a000 00:22 41447622                   /home/mleku/.local/state/cabal/store/ghc-9.6.3/http-types-0.12.4-04b79bbaa320685b0d9adb7fa02616087e75618cb90fa0923146d636c6dc5c73/lib/libHShttp-types-0.12.4-04b79bbaa320685b0d9adb7fa02616087e75618cb90fa0923146d636c6dc5c73-ghc9.6.3.so
7fe14a6d4000-7fe14a6db000 rw-p 0007b000 00:22 41447622                   /home/mleku/.local/state/cabal/store/ghc-9.6.3/http-types-0.12.4-04b79bbaa320685b0d9adb7fa02616087e75618cb90fa0923146d636c6dc5c73/lib/libHShttp-types-0.12.4-04b79bbaa320685b0d9adb7fa02616087e75618cb90fa0923146d636c6dc5c73-ghc9.6.3.so
7fe14a6db000-7fe14a77d000 r--p 00000000 00:22 41446519                   /home/mleku/.local/state/cabal/store/ghc-9.6.3/network-3.1.4.0-d7a34d14b13a117592434557be9626c3e970a42510042af7c7f787b50c31f140/lib/libHSnetwork-3.1.4.0-d7a34d14b13a117592434557be9626c3e970a42510042af7c7f787b50c31f140-ghc9.6.3.so
7fe14a77d000-7fe14a7bc000 r-xp 000a2000 00:22 41446519                   /home/mleku/.local/state/cabal/store/ghc-9.6.3/network-3.1.4.0-d7a34d14b13a117592434557be9626c3e970a42510042af7c7f787b50c31f140/lib/libHSnetwork-3.1.4.0-d7a34d14b13a117592434557be9626c3e970a42510042af7c7f787b50c31f140-ghc9.6.3.so
7fe14a7bc000-7fe14a7bf000 r--p 000e1000 00:22 41446519                   /home/mleku/.local/state/cabal/store/ghc-9.6.3/network-3.1.4.0-d7a34d14b13a117592434557be9626c3e970a42510042af7c7f787b50c31f140/lib/libHSnetwork-3.1.4.0-d7a34d14b13a117592434557be9626c3e970a42510042af7c7f787b50c31f140-ghc9.6.3.so
7fe14a7bf000-7fe14a7c0000 r--p 000e3000 00:22 41446519                   /home/mleku/.local/state/cabal/store/ghc-9.6.3/network-3.1.4.0-d7a34d14b13a117592434557be9626c3e970a42510042af7c7f787b50c31f140/lib/libHSnetwork-3.1.4.0-d7a34d14b13a117592434557be9626c3e970a42510042af7c7f787b50c31f140-ghc9.6.3.so
7fe14a7c0000-7fe14a7ce000 rw-p 000e4000 00:22 41446519                   /home/mleku/.local/state/cabal/store/ghc-9.6.3/network-3.1.4.0-d7a34d14b13a117592434557be9626c3e970a42510042af7c7f787b50c31f140/lib/libHSnetwork-3.1.4.0-d7a34d14b13a117592434557be9626c3e970a42510042af7c7f787b50c31f140-ghc9.6.3.so
7fe14a7ce000-7fe14a7dc000 r--p 00000000 00:22 41438793                   /home/mleku/.local/state/cabal/store/ghc-9.6.3/network-byte-order-0.1.7-9300eb9d93376c7451b714e77dbee63d69827bfd45154453c5e009f245628c5f/lib/libHSnetwork-byte-order-0.1.7-9300eb9d93376c7451b714e77dbee63d69827bfd45154453c5e009f245628c5f-ghc9.6.3.so
7fe14a7dc000-7fe14a7e5000 r-xp 0000e000 00:22 41438793                   /home/mleku/.local/state/cabal/store/ghc-9.6.3/network-byte-order-0.1.7-9300eb9d93376c7451b714e77dbee63d69827bfd45154453c5e009f245628c5f/lib/libHSnetwork-byte-order-0.1.7-9300eb9d93376c7451b714e77dbee63d69827bfd45154453c5e009f245628c5f-ghc9.6.3.so
7fe14a7e5000-7fe14a7e6000 r--p 00017000 00:22 41438793                   /home/mleku/.local/state/cabal/store/ghc-9.6.3/network-byte-order-0.1.7-9300eb9d93376c7451b714e77dbee63d69827bfd45154453c5e009f245628c5f/lib/libHSnetwork-byte-order-0.1.7-9300eb9d93376c7451b714e77dbee63d69827bfd45154453c5e009f245628c5f-ghc9.6.3.so
7fe14a7e6000-7fe14a7e7000 r--p 00017000 00:22 41438793                   /home/mleku/.local/state/cabal/store/ghc-9.6.3/network-byte-order-0.1.7-9300eb9d93376c7451b714e77dbee63d69827bfd45154453c5e009f245628c5f/lib/libHSnetwork-byte-order-0.1.7-9300eb9d93376c7451b714e77dbee63d69827bfd45154453c5e009f245628c5f-ghc9.6.3.so
7fe14a7e7000-7fe14a7e8000 rw-p 00018000 00:22 41438793                   /home/mleku/.local/state/cabal/store/ghc-9.6.3/network-byte-order-0.1.7-9300eb9d93376c7451b714e77dbee63d69827bfd45154453c5e009f245628c5f/lib/libHSnetwork-byte-order-0.1.7-9300eb9d93376c7451b714e77dbee63d69827bfd45154453c5e009f245628c5f-ghc9.6.3.so
7fe14a7e8000-7fe14a818000 r--p 00000000 00:22 41444246                   /home/mleku/.local/state/cabal/store/ghc-9.6.3/psqueues-0.2.8.0-cf18912fd284bc3c4ca8133b791460e95c2ce18855d35dbe15128d1b9b901f99/lib/libHSpsqueues-0.2.8.0-cf18912fd284bc3c4ca8133b791460e95c2ce18855d35dbe15128d1b9b901f99-ghc9.6.3.so
7fe14a818000-7fe14a867000 r-xp 00030000 00:22 41444246                   /home/mleku/.local/state/cabal/store/ghc-9.6.3/psqueues-0.2.8.0-cf18912fd284bc3c4ca8133b791460e95c2ce18855d35dbe15128d1b9b901f99/lib/libHSpsqueues-0.2.8.0-cf18912fd284bc3c4ca8133b791460e95c2ce18855d35dbe15128d1b9b901f99-ghc9.6.3.so
7fe14a867000-7fe14a868000 r--p 0007f000 00:22 41444246                   /home/mleku/.local/state/cabal/store/ghc-9.6.3/psqueues-0.2.8.0-cf18912fd284bc3c4ca8133b791460e95c2ce18855d35dbe15128d1b9b901f99/lib/libHSpsqueues-0.2.8.0-cf18912fd284bc3c4ca8133b791460e95c2ce18855d35dbe15128d1b9b901f99-ghc9.6.3.so
7fe14a868000-7fe14a869000 r--p 0007f000 00:22 41444246                   /home/mleku/.local/state/cabal/store/ghc-9.6.3/psqueues-0.2.8.0-cf18912fd284bc3c4ca8133b791460e95c2ce18855d35dbe15128d1b9b901f99/lib/libHSpsqueues-0.2.8.0-cf18912fd284bc3c4ca8133b791460e95c2ce18855d35dbe15128d1b9b901f99-ghc9.6.3.so
7fe14a869000-7fe14a86d000 rw-p 00080000 00:22 41444246                   /home/mleku/.local/state/cabal/store/ghc-9.6.3/psqueues-0.2.8.0-cf18912fd284bc3c4ca8133b791460e95c2ce18855d35dbe15128d1b9b901f99/lib/libHSpsqueues-0.2.8.0-cf18912fd284bc3c4ca8133b791460e95c2ce18855d35dbe15128d1b9b901f99-ghc9.6.3.so
7fe14a86d000-7fe14a87b000 r--p 00000000 00:22 41434503                   /home/mleku/.local/state/cabal/store/ghc-9.6.3/auto-update-0.1.6-ecb80428f0d9edc16907d305ff237d25cbe29e71e601ffa03b04627282304912/lib/libHSauto-update-0.1.6-ecb80428f0d9edc16907d305ff237d25cbe29e71e601ffa03b04627282304912-ghc9.6.3.so
7fe14a87b000-7fe14a881000 r-xp 0000e000 00:22 41434503                   /home/mleku/.local/state/cabal/store/ghc-9.6.3/auto-update-0.1.6-ecb80428f0d9edc16907d305ff237d25cbe29e71e601ffa03b04627282304912/lib/libHSauto-update-0.1.6-ecb80428f0d9edc16907d305ff237d25cbe29e71e601ffa03b04627282304912-ghc9.6.3.so
7fe14a881000-7fe14a882000 r--p 00014000 00:22 41434503                   /home/mleku/.local/state/cabal/store/ghc-9.6.3/auto-update-0.1.6-ecb80428f0d9edc16907d305ff237d25cbe29e71e601ffa03b04627282304912/lib/libHSauto-update-0.1.6-ecb80428f0d9edc16907d305ff237d25cbe29e71e601ffa03b04627282304912-ghc9.6.3.so
7fe14a882000-7fe14a883000 r--p 00014000 00:22 41434503                   /home/mleku/.local/state/cabal/store/ghc-9.6.3/auto-update-0.1.6-ecb80428f0d9edc16907d305ff237d25cbe29e71e601ffa03b04627282304912/lib/libHSauto-update-0.1.6-ecb80428f0d9edc16907d305ff237d25cbe29e71e601ffa03b04627282304912-ghc9.6.3.so
7fe14a883000-7fe14a885000 rw-p 00015000 00:22 41434503                   /home/mleku/.local/state/cabal/store/ghc-9.6.3/auto-update-0.1.6-ecb80428f0d9edc16907d305ff237d25cbe29e71e601ffa03b04627282304912/lib/libHSauto-update-0.1.6-ecb80428f0d9edc16907d305ff237d25cbe29e71e601ffa03b04627282304912-ghc9.6.3.so
7fe14a885000-7fe14a8c0000 r-xp 00000000 00:22 41420333                   /home/mleku/.ghcup/ghc/9.6.3/lib/ghc-9.6.3/lib/x86_64-linux-ghc-9.6.3/libHSprocess-1.6.17.0-ghc9.6.3.so
7fe14a8c0000-7fe14a8c1000 ---p 0003b000 00:22 41420333                   /home/mleku/.ghcup/ghc/9.6.3/lib/ghc-9.6.3/lib/x86_64-linux-ghc-9.6.3/libHSprocess-1.6.17.0-ghc9.6.3.so
7fe14a8c1000-7fe14a8c2000 r--p 0003b000 00:22 41420333                   /home/mleku/.ghcup/ghc/9.6.3/lib/ghc-9.6.3/lib/x86_64-linux-ghc-9.6.3/libHSprocess-1.6.17.0-ghc9.6.3.so
7fe14a8c2000-7fe14a8c6000 rw-p 0003c000 00:22 41420333                   /home/mleku/.ghcup/ghc/9.6.3/lib/ghc-9.6.3/lib/x86_64-linux-ghc-9.6.3/libHSprocess-1.6.17.0-ghc9.6.3.so
7fe14a8c6000-7fe14a8d9000 r--p 00000000 00:22 41439247                   /home/mleku/.local/state/cabal/store/ghc-9.6.3/safe-exceptions-0.1.7.4-fa39710bdd0613170da182466a4d5f7d7e1ca3350d0d4a062ea9d3f2a3dbbb31/lib/libHSsafe-exceptions-0.1.7.4-fa39710bdd0613170da182466a4d5f7d7e1ca3350d0d4a062ea9d3f2a3dbbb31-ghc9.6.3.so
7fe14a8d9000-7fe14a8e1000 r-xp 00013000 00:22 41439247                   /home/mleku/.local/state/cabal/store/ghc-9.6.3/safe-exceptions-0.1.7.4-fa39710bdd0613170da182466a4d5f7d7e1ca3350d0d4a062ea9d3f2a3dbbb31/lib/libHSsafe-exceptions-0.1.7.4-fa39710bdd0613170da182466a4d5f7d7e1ca3350d0d4a062ea9d3f2a3dbbb31-ghc9.6.3.so
7fe14a8e1000-7fe14a8e2000 r--p 0001b000 00:22 41439247                   /home/mleku/.local/state/cabal/store/ghc-9.6.3/safe-exceptions-0.1.7.4-fa39710bdd0613170da182466a4d5f7d7e1ca3350d0d4a062ea9d3f2a3dbbb31/lib/libHSsafe-exceptions-0.1.7.4-fa39710bdd0613170da182466a4d5f7d7e1ca3350d0d4a062ea9d3f2a3dbbb31-ghc9.6.3.so
7fe14a8e2000-7fe14a8e3000 r--p 0001b000 00:22 41439247                   /home/mleku/.local/state/cabal/store/ghc-9.6.3/safe-exceptions-0.1.7.4-fa39710bdd0613170da182466a4d5f7d7e1ca3350d0d4a062ea9d3f2a3dbbb31/lib/libHSsafe-exceptions-0.1.7.4-fa39710bdd0613170da182466a4d5f7d7e1ca3350d0d4a062ea9d3f2a3dbbb31-ghc9.6.3.so
7fe14a8e3000-7fe14a8e5000 rw-p 0001c000 00:22 41439247                   /home/mleku/.local/state/cabal/store/ghc-9.6.3/safe-exceptions-0.1.7.4-fa39710bdd0613170da182466a4d5f7d7e1ca3350d0d4a062ea9d3f2a3dbbb31/lib/libHSsafe-exceptions-0.1.7.4-fa39710bdd0613170da182466a4d5f7d7e1ca3350d0d4a062ea9d3f2a3dbbb31-ghc9.6.3.so
7fe14a8e5000-7fe14a948000 r--p 00000000 00:22 41448553                   /home/mleku/.local/state/cabal/store/ghc-9.6.3/unliftio-0.2.25.0-e49039a2da3a9a3368bfeaf21760d33880319bcb69605951ea8183d181cc2a0c/lib/libHSunliftio-0.2.25.0-e49039a2da3a9a3368bfeaf21760d33880319bcb69605951ea8183d181cc2a0c-ghc9.6.3.so
7fe14a948000-7fe14a988000 r-xp 00063000 00:22 41448553                   /home/mleku/.local/state/cabal/store/ghc-9.6.3/unliftio-0.2.25.0-e49039a2da3a9a3368bfeaf21760d33880319bcb69605951ea8183d181cc2a0c/lib/libHSunliftio-0.2.25.0-e49039a2da3a9a3368bfeaf21760d33880319bcb69605951ea8183d181cc2a0c-ghc9.6.3.so
7fe14a988000-7fe14a98a000 r--p 000a3000 00:22 41448553                   /home/mleku/.local/state/cabal/store/ghc-9.6.3/unliftio-0.2.25.0-e49039a2da3a9a3368bfeaf21760d33880319bcb69605951ea8183d181cc2a0c/lib/libHSunliftio-0.2.25.0-e49039a2da3a9a3368bfeaf21760d33880319bcb69605951ea8183d181cc2a0c-ghc9.6.3.so
7fe14a98a000-7fe14a98c000 r--p 000a4000 00:22 41448553                   /home/mleku/.local/state/cabal/store/ghc-9.6.3/unliftio-0.2.25.0-e49039a2da3a9a3368bfeaf21760d33880319bcb69605951ea8183d181cc2a0c/lib/libHSunliftio-0.2.25.0-e49039a2da3a9a3368bfeaf21760d33880319bcb69605951ea8183d181cc2a0c-ghc9.6.3.so
7fe14a98c000-7fe14a995000 rw-p 000a6000 00:22 41448553                   /home/mleku/.local/state/cabal/store/ghc-9.6.3/unliftio-0.2.25.0-e49039a2da3a9a3368bfeaf21760d33880319bcb69605951ea8183d181cc2a0c/lib/libHSunliftio-0.2.25.0-e49039a2da3a9a3368bfeaf21760d33880319bcb69605951ea8183d181cc2a0c-ghc9.6.3.so
7fe14a995000-7fe14a9bc000 r--p 00000000 00:22 41444459                   /home/mleku/.local/state/cabal/store/ghc-9.6.3/old-time-1.1.0.4-1176cf9d27ce76ea666f65838dedc69cf85e21dda79241ecb77ebc9da74206df/lib/libHSold-time-1.1.0.4-1176cf9d27ce76ea666f65838dedc69cf85e21dda79241ecb77ebc9da74206df-ghc9.6.3.so
7fe14a9bc000-7fe14a9dc000 r-xp 00027000 00:22 41444459                   /home/mleku/.local/state/cabal/store/ghc-9.6.3/old-time-1.1.0.4-1176cf9d27ce76ea666f65838dedc69cf85e21dda79241ecb77ebc9da74206df/lib/libHSold-time-1.1.0.4-1176cf9d27ce76ea666f65838dedc69cf85e21dda79241ecb77ebc9da74206df-ghc9.6.3.so
7fe14a9dc000-7fe14a9de000 r--p 00047000 00:22 41444459                   /home/mleku/.local/state/cabal/store/ghc-9.6.3/old-time-1.1.0.4-1176cf9d27ce76ea666f65838dedc69cf85e21dda79241ecb77ebc9da74206df/lib/libHSold-time-1.1.0.4-1176cf9d27ce76ea666f65838dedc69cf85e21dda79241ecb77ebc9da74206df-ghc9.6.3.so
7fe14a9de000-7fe14a9df000 r--p 00048000 00:22 41444459                   /home/mleku/.local/state/cabal/store/ghc-9.6.3/old-time-1.1.0.4-1176cf9d27ce76ea666f65838dedc69cf85e21dda79241ecb77ebc9da74206df/lib/libHSold-time-1.1.0.4-1176cf9d27ce76ea666f65838dedc69cf85e21dda79241ecb77ebc9da74206df-ghc9.6.3.so
7fe14a9df000-7fe14a9e4000 rw-p 00049000 00:22 41444459                   /home/mleku/.local/state/cabal/store/ghc-9.6.3/old-time-1.1.0.4-1176cf9d27ce76ea666f65838dedc69cf85e21dda79241ecb77ebc9da74206df/lib/libHSold-time-1.1.0.4-1176cf9d27ce76ea666f65838dedc69cf85e21dda79241ecb77ebc9da74206df-ghc9.6.3.so
7fe14a9e4000-7fe14a9f4000 r--p 00000000 00:22 41448818                   /home/mleku/.local/state/cabal/store/ghc-9.6.3/unix-time-0.4.11-9189a02348ca6152b40e2de4217054859bd40e33c0e5eeb1369921a564b5cf30/lib/libHSunix-time-0.4.11-9189a02348ca6152b40e2de4217054859bd40e33c0e5eeb1369921a564b5cf30-ghc9.6.3.so
7fe14a9f4000-7fe14a9fd000 r-xp 00010000 00:22 41448818                   /home/mleku/.local/state/cabal/store/ghc-9.6.3/unix-time-0.4.11-9189a02348ca6152b40e2de4217054859bd40e33c0e5eeb1369921a564b5cf30/lib/libHSunix-time-0.4.11-9189a02348ca6152b40e2de4217054859bd40e33c0e5eeb1369921a564b5cf30-ghc9.6.3.so
7fe14a9fd000-7fe14a9fe000 r--p 00019000 00:22 41448818                   /home/mleku/.local/state/cabal/store/ghc-9.6.3/unix-time-0.4.11-9189a02348ca6152b40e2de4217054859bd40e33c0e5eeb1369921a564b5cf30/lib/libHSunix-time-0.4.11-9189a02348ca6152b40e2de4217054859bd40e33c0e5eeb1369921a564b5cf30-ghc9.6.3.so
7fe14a9fe000-7fe14a9ff000 r--p 00019000 00:22 41448818                   /home/mleku/.local/state/cabal/store/ghc-9.6.3/unix-time-0.4.11-9189a02348ca6152b40e2de4217054859bd40e33c0e5eeb1369921a564b5cf30/lib/libHSunix-time-0.4.11-9189a02348ca6152b40e2de4217054859bd40e33c0e5eeb1369921a564b5cf30-ghc9.6.3.so
7fe14a9ff000-7fe14aa00000 rw-p 0001a000 00:22 41448818                   /home/mleku/.local/state/cabal/store/ghc-9.6.3/unix-time-0.4.11-9189a02348ca6152b40e2de4217054859bd40e33c0e5eeb1369921a564b5cf30/lib/libHSunix-time-0.4.11-9189a02348ca6152b40e2de4217054859bd40e33c0e5eeb1369921a564b5cf30-ghc9.6.3.so
7fe14aa00000-7fe14ab80000 r--p 00000000 00:22 41455158                   /home/mleku/.local/state/cabal/store/ghc-9.6.3/http2-4.2.2-279e9f93a2a789f5c64f9764f7bd3769d90a8545611b3427359c36d57278b0f6/lib/libHShttp2-4.2.2-279e9f93a2a789f5c64f9764f7bd3769d90a8545611b3427359c36d57278b0f6-ghc9.6.3.so
7fe14ab80000-7fe14ac35000 r-xp 00180000 00:22 41455158                   /home/mleku/.local/state/cabal/store/ghc-9.6.3/http2-4.2.2-279e9f93a2a789f5c64f9764f7bd3769d90a8545611b3427359c36d57278b0f6/lib/libHShttp2-4.2.2-279e9f93a2a789f5c64f9764f7bd3769d90a8545611b3427359c36d57278b0f6-ghc9.6.3.so
7fe14ac35000-7fe14ac3c000 r--p 00235000 00:22 41455158                   /home/mleku/.local/state/cabal/store/ghc-9.6.3/http2-4.2.2-279e9f93a2a789f5c64f9764f7bd3769d90a8545611b3427359c36d57278b0f6/lib/libHShttp2-4.2.2-279e9f93a2a789f5c64f9764f7bd3769d90a8545611b3427359c36d57278b0f6-ghc9.6.3.so
7fe14ac3c000-7fe14ac3d000 r--p 0023c000 00:22 41455158                   /home/mleku/.local/state/cabal/store/ghc-9.6.3/http2-4.2.2-279e9f93a2a789f5c64f9764f7bd3769d90a8545611b3427359c36d57278b0f6/lib/libHShttp2-4.2.2-279e9f93a2a789f5c64f9764f7bd3769d90a8545611b3427359c36d57278b0f6-ghc9.6.3.so
7fe14ac3d000-7fe14ac6f000 rw-p 0023d000 00:22 41455158                   /home/mleku/.local/state/cabal/store/ghc-9.6.3/http2-4.2.2-279e9f93a2a789f5c64f9764f7bd3769d90a8545611b3427359c36d57278b0f6/lib/libHShttp2-4.2.2-279e9f93a2a789f5c64f9764f7bd3769d90a8545611b3427359c36d57278b0f6-ghc9.6.3.so
7fe14ac73000-7fe14acc0000 r--p 00000000 00:22 41460700                   /home/mleku/.local/state/cabal/store/ghc-9.6.3/bitvec-1.1.5.0-f7812fb545e860bcf25db099a0f86418cb8b521ac6c734b90394edb5f29dcc64/lib/libHSbitvec-1.1.5.0-f7812fb545e860bcf25db099a0f86418cb8b521ac6c734b90394edb5f29dcc64-ghc9.6.3.so
7fe14acc0000-7fe14adf5000 r-xp 0004d000 00:22 41460700                   /home/mleku/.local/state/cabal/store/ghc-9.6.3/bitvec-1.1.5.0-f7812fb545e860bcf25db099a0f86418cb8b521ac6c734b90394edb5f29dcc64/lib/libHSbitvec-1.1.5.0-f7812fb545e860bcf25db099a0f86418cb8b521ac6c734b90394edb5f29dcc64-ghc9.6.3.so
7fe14adf5000-7fe14adf6000 r--p 00182000 00:22 41460700                   /home/mleku/.local/state/cabal/store/ghc-9.6.3/bitvec-1.1.5.0-f7812fb545e860bcf25db099a0f86418cb8b521ac6c734b90394edb5f29dcc64/lib/libHSbitvec-1.1.5.0-f7812fb545e860bcf25db099a0f86418cb8b521ac6c734b90394edb5f29dcc64-ghc9.6.3.so
7fe14adf6000-7fe14adf7000 r--p 00183000 00:22 41460700                   /home/mleku/.local/state/cabal/store/ghc-9.6.3/bitvec-1.1.5.0-f7812fb545e860bcf25db099a0f86418cb8b521ac6c734b90394edb5f29dcc64/lib/libHSbitvec-1.1.5.0-f7812fb545e860bcf25db099a0f86418cb8b521ac6c734b90394edb5f29dcc64-ghc9.6.3.so
7fe14adf7000-7fe14ae00000 rw-p 00184000 00:22 41460700                   /home/mleku/.local/state/cabal/store/ghc-9.6.3/bitvec-1.1.5.0-f7812fb545e860bcf25db099a0f86418cb8b521ac6c734b90394edb5f29dcc64/lib/libHSbitvec-1.1.5.0-f7812fb545e860bcf25db099a0f86418cb8b521ac6c734b90394edb5f29dcc64-ghc9.6.3.so
7fe14ae00000-7fe14ae22000 r--p 00000000 00:22 41461112                   /home/mleku/.local/state/cabal/store/ghc-9.6.3/vector-algorithms-0.9.0.1-622db70b7c3b579b7fe0b3e87dc9b73bdd25f7c197595d6188f4ff6c97ca3a03/lib/libHSvector-algorithms-0.9.0.1-622db70b7c3b579b7fe0b3e87dc9b73bdd25f7c197595d6188f4ff6c97ca3a03-ghc9.6.3.so
7fe14ae22000-7fe14b073000 r-xp 00022000 00:22 41461112                   /home/mleku/.local/state/cabal/store/ghc-9.6.3/vector-algorithms-0.9.0.1-622db70b7c3b579b7fe0b3e87dc9b73bdd25f7c197595d6188f4ff6c97ca3a03/lib/libHSvector-algorithms-0.9.0.1-622db70b7c3b579b7fe0b3e87dc9b73bdd25f7c197595d6188f4ff6c97ca3a03-ghc9.6.3.so
7fe14b073000-7fe14b074000 r--p 00273000 00:22 41461112                   /home/mleku/.local/state/cabal/store/ghc-9.6.3/vector-algorithms-0.9.0.1-622db70b7c3b579b7fe0b3e87dc9b73bdd25f7c197595d6188f4ff6c97ca3a03/lib/libHSvector-algorithms-0.9.0.1-622db70b7c3b579b7fe0b3e87dc9b73bdd25f7c197595d6188f4ff6c97ca3a03-ghc9.6.3.so
7fe14b074000-7fe14b075000 r--p 00274000 00:22 41461112                   /home/mleku/.local/state/cabal/store/ghc-9.6.3/vector-algorithms-0.9.0.1-622db70b7c3b579b7fe0b3e87dc9b73bdd25f7c197595d6188f4ff6c97ca3a03/lib/libHSvector-algorithms-0.9.0.1-622db70b7c3b579b7fe0b3e87dc9b73bdd25f7c197595d6188f4ff6c97ca3a03-ghc9.6.3.so
7fe14b075000-7fe14b079000 rw-p 00275000 00:22 41461112                   /home/mleku/.local/state/cabal/store/ghc-9.6.3/vector-algorithms-0.9.0.1-622db70b7c3b579b7fe0b3e87dc9b73bdd25f7c197595d6188f4ff6c97ca3a03/lib/libHSvector-algorithms-0.9.0.1-622db70b7c3b579b7fe0b3e87dc9b73bdd25f7c197595d6188f4ff6c97ca3a03-ghc9.6.3.so
7fe14b07c000-7fe14b085000 r--p 00000000 00:22 41440510                   /home/mleku/.local/state/cabal/store/ghc-9.6.3/unliftio-core-0.2.1.0-fe08e519f2101e0d6af5c7436f21f4fe398f2538422b74fd8852415fb9c17a59/lib/libHSunliftio-core-0.2.1.0-fe08e519f2101e0d6af5c7436f21f4fe398f2538422b74fd8852415fb9c17a59-ghc9.6.3.so
7fe14b085000-7fe14b087000 r-xp 00009000 00:22 41440510                   /home/mleku/.local/state/cabal/store/ghc-9.6.3/unliftio-core-0.2.1.0-fe08e519f2101e0d6af5c7436f21f4fe398f2538422b74fd8852415fb9c17a59/lib/libHSunliftio-core-0.2.1.0-fe08e519f2101e0d6af5c7436f21f4fe398f2538422b74fd8852415fb9c17a59-ghc9.6.3.so
7fe14b087000-7fe14b088000 r--p 0000b000 00:22 41440510                   /home/mleku/.local/state/cabal/store/ghc-9.6.3/unliftio-core-0.2.1.0-fe08e519f2101e0d6af5c7436f21f4fe398f2538422b74fd8852415fb9c17a59/lib/libHSunliftio-core-0.2.1.0-fe08e519f2101e0d6af5c7436f21f4fe398f2538422b74fd8852415fb9c17a59-ghc9.6.3.so
7fe14b088000-7fe14b089000 r--p 0000b000 00:22 41440510                   /home/mleku/.local/state/cabal/store/ghc-9.6.3/unliftio-core-0.2.1.0-fe08e519f2101e0d6af5c7436f21f4fe398f2538422b74fd8852415fb9c17a59/lib/libHSunliftio-core-0.2.1.0-fe08e519f2101e0d6af5c7436f21f4fe398f2538422b74fd8852415fb9c17a59-ghc9.6.3.so
7fe14b089000-7fe14b08a000 rw-p 0000c000 00:22 41440510                   /home/mleku/.local/state/cabal/store/ghc-9.6.3/unliftio-core-0.2.1.0-fe08e519f2101e0d6af5c7436f21f4fe398f2538422b74fd8852415fb9c17a59/lib/libHSunliftio-core-0.2.1.0-fe08e519f2101e0d6af5c7436f21f4fe398f2538422b74fd8852415fb9c17a59-ghc9.6.3.so
7fe14b08a000-7fe14b0bd000 r--p 00000000 00:22 41443235                   /home/mleku/.local/state/cabal/store/ghc-9.6.3/network-transport-0.5.6-a598784797da0e5cd837bb152982a8134dbeea490ef4781a1161ebd03ad61e22/lib/libHSnetwork-transport-0.5.6-a598784797da0e5cd837bb152982a8134dbeea490ef4781a1161ebd03ad61e22-ghc9.6.3.so
7fe14b0bd000-7fe14b0d4000 r-xp 00033000 00:22 41443235                   /home/mleku/.local/state/cabal/store/ghc-9.6.3/network-transport-0.5.6-a598784797da0e5cd837bb152982a8134dbeea490ef4781a1161ebd03ad61e22/lib/libHSnetwork-transport-0.5.6-a598784797da0e5cd837bb152982a8134dbeea490ef4781a1161ebd03ad61e22-ghc9.6.3.so
7fe14b0d4000-7fe14b0d6000 r--p 0004a000 00:22 41443235                   /home/mleku/.local/state/cabal/store/ghc-9.6.3/network-transport-0.5.6-a598784797da0e5cd837bb152982a8134dbeea490ef4781a1161ebd03ad61e22/lib/libHSnetwork-transport-0.5.6-a598784797da0e5cd837bb152982a8134dbeea490ef4781a1161ebd03ad61e22-ghc9.6.3.so
7fe14b0d6000-7fe14b0d7000 r--p 0004b000 00:22 41443235                   /home/mleku/.local/state/cabal/store/ghc-9.6.3/network-transport-0.5.6-a598784797da0e5cd837bb152982a8134dbeea490ef4781a1161ebd03ad61e22/lib/libHSnetwork-transport-0.5.6-a598784797da0e5cd837bb152982a8134dbeea490ef4781a1161ebd03ad61e22-ghc9.6.3.so
7fe14b0d7000-7fe14b0dc000 rw-p 0004c000 00:22 41443235                   /home/mleku/.local/state/cabal/store/ghc-9.6.3/network-transport-0.5.6-a598784797da0e5cd837bb152982a8134dbeea490ef4781a1161ebd03ad61e22/lib/libHSnetwork-transport-0.5.6-a598784797da0e5cd837bb152982a8134dbeea490ef4781a1161ebd03ad61e22-ghc9.6.3.so
7fe14b0dc000-7fe14b100000 r--p 00000000 00:22 41450246                   /home/mleku/.local/state/cabal/store/ghc-9.6.3/ansi-wl-pprint-0.6.9-740e11c23a4b1fdd05b947ad8c991cbe710e732c7aa74fd140113a8437bcb88a/lib/libHSansi-wl-pprint-0.6.9-740e11c23a4b1fdd05b947ad8c991cbe710e732c7aa74fd140113a8437bcb88a-ghc9.6.3.so
7fe14b100000-7fe14b10e000 r-xp 00024000 00:22 41450246                   /home/mleku/.local/state/cabal/store/ghc-9.6.3/ansi-wl-pprint-0.6.9-740e11c23a4b1fdd05b947ad8c991cbe710e732c7aa74fd140113a8437bcb88a/lib/libHSansi-wl-pprint-0.6.9-740e11c23a4b1fdd05b947ad8c991cbe710e732c7aa74fd140113a8437bcb88a-ghc9.6.3.so
7fe14b10e000-7fe14b110000 r--p 00032000 00:22 41450246                   /home/mleku/.local/state/cabal/store/ghc-9.6.3/ansi-wl-pprint-0.6.9-740e11c23a4b1fdd05b947ad8c991cbe710e732c7aa74fd140113a8437bcb88a/lib/libHSansi-wl-pprint-0.6.9-740e11c23a4b1fdd05b947ad8c991cbe710e732c7aa74fd140113a8437bcb88a-ghc9.6.3.so
7fe14b110000-7fe14b111000 r--p 00033000 00:22 41450246                   /home/mleku/.local/state/cabal/store/ghc-9.6.3/ansi-wl-pprint-0.6.9-740e11c23a4b1fdd05b947ad8c991cbe710e732c7aa74fd140113a8437bcb88a/lib/libHSansi-wl-pprint-0.6.9-740e11c23a4b1fdd05b947ad8c991cbe710e732c7aa74fd140113a8437bcb88a-ghc9.6.3.so
7fe14b111000-7fe14b114000 rw-p 00034000 00:22 41450246                   /home/mleku/.local/state/cabal/store/ghc-9.6.3/ansi-wl-pprint-0.6.9-740e11c23a4b1fdd05b947ad8c991cbe710e732c7aa74fd140113a8437bcb88a/lib/libHSansi-wl-pprint-0.6.9-740e11c23a4b1fdd05b947ad8c991cbe710e732c7aa74fd140113a8437bcb88a-ghc9.6.3.so
7fe14b114000-7fe14b1a4000 r--p 00000000 00:22 41453836                   /home/mleku/.local/state/cabal/store/ghc-9.6.3/optparse-applicative-0.16.1.0-3ce9aafbd1a55a039ca95f58edb9a59055e5a44025a363ef7164a17f4f233cd8/lib/libHSoptparse-applicative-0.16.1.0-3ce9aafbd1a55a039ca95f58edb9a59055e5a44025a363ef7164a17f4f233cd8-ghc9.6.3.so
7fe14b1a4000-7fe14b1ee000 r-xp 00090000 00:22 41453836                   /home/mleku/.local/state/cabal/store/ghc-9.6.3/optparse-applicative-0.16.1.0-3ce9aafbd1a55a039ca95f58edb9a59055e5a44025a363ef7164a17f4f233cd8/lib/libHSoptparse-applicative-0.16.1.0-3ce9aafbd1a55a039ca95f58edb9a59055e5a44025a363ef7164a17f4f233cd8-ghc9.6.3.so
7fe14b1ee000-7fe14b1f2000 r--p 000da000 00:22 41453836                   /home/mleku/.local/state/cabal/store/ghc-9.6.3/optparse-applicative-0.16.1.0-3ce9aafbd1a55a039ca95f58edb9a59055e5a44025a363ef7164a17f4f233cd8/lib/libHSoptparse-applicative-0.16.1.0-3ce9aafbd1a55a039ca95f58edb9a59055e5a44025a363ef7164a17f4f233cd8-ghc9.6.3.so
7fe14b1f2000-7fe14b1f3000 r--p 000dd000 00:22 41453836                   /home/mleku/.local/state/cabal/store/ghc-9.6.3/optparse-applicative-0.16.1.0-3ce9aafbd1a55a039ca95f58edb9a59055e5a44025a363ef7164a17f4f233cd8/lib/libHSoptparse-applicative-0.16.1.0-3ce9aafbd1a55a039ca95f58edb9a59055e5a44025a363ef7164a17f4f233cd8-ghc9.6.3.so
7fe14b1f3000-7fe14b200000 rw-p 000de000 00:22 41453836                   /home/mleku/.local/state/cabal/store/ghc-9.6.3/optparse-applicative-0.16.1.0-3ce9aafbd1a55a039ca95f58edb9a59055e5a44025a363ef7164a17f4f233cd8/lib/libHSoptparse-applicative-0.16.1.0-3ce9aafbd1a55a039ca95f58edb9a59055e5a44025a363ef7164a17f4f233cd8-ghc9.6.3.so
7fe14b200000-7fe14b2e9000 r--p 00000000 00:22 41461341                   /home/mleku/.local/state/cabal/store/ghc-9.6.3/mono-traversable-1.0.15.3-702fbc586e2e3e3ba85606e4705af5b51dedb7602b3236f1217afbfba0777dbc/lib/libHSmono-traversable-1.0.15.3-702fbc586e2e3e3ba85606e4705af5b51dedb7602b3236f1217afbfba0777dbc-ghc9.6.3.so
7fe14b2e9000-7fe14b422000 r-xp 000e9000 00:22 41461341                   /home/mleku/.local/state/cabal/store/ghc-9.6.3/mono-traversable-1.0.15.3-702fbc586e2e3e3ba85606e4705af5b51dedb7602b3236f1217afbfba0777dbc/lib/libHSmono-traversable-1.0.15.3-702fbc586e2e3e3ba85606e4705af5b51dedb7602b3236f1217afbfba0777dbc-ghc9.6.3.so
7fe14b422000-7fe14b424000 r--p 00222000 00:22 41461341                   /home/mleku/.local/state/cabal/store/ghc-9.6.3/mono-traversable-1.0.15.3-702fbc586e2e3e3ba85606e4705af5b51dedb7602b3236f1217afbfba0777dbc/lib/libHSmono-traversable-1.0.15.3-702fbc586e2e3e3ba85606e4705af5b51dedb7602b3236f1217afbfba0777dbc-ghc9.6.3.so
7fe14b424000-7fe14b426000 r--p 00224000 00:22 41461341                   /home/mleku/.local/state/cabal/store/ghc-9.6.3/mono-traversable-1.0.15.3-702fbc586e2e3e3ba85606e4705af5b51dedb7602b3236f1217afbfba0777dbc/lib/libHSmono-traversable-1.0.15.3-702fbc586e2e3e3ba85606e4705af5b51dedb7602b3236f1217afbfba0777dbc-ghc9.6.3.so
7fe14b426000-7fe14b43b000 rw-p 00226000 00:22 41461341                   /home/mleku/.local/state/cabal/store/ghc-9.6.3/mono-traversable-1.0.15.3-702fbc586e2e3e3ba85606e4705af5b51dedb7602b3236f1217afbfba0777dbc/lib/libHSmono-traversable-1.0.15.3-702fbc586e2e3e3ba85606e4705af5b51dedb7602b3236f1217afbfba0777dbc-ghc9.6.3.so
7fe14b43b000-7fe14b43c000 r--p 00000000 00:22 41436846                   /home/mleku/.local/state/cabal/store/ghc-9.6.3/generically-0.1.1-2834f311c967983e0bc61b2c2991e5f1889ec4efc87b9657d666962213309952/lib/libHSgenerically-0.1.1-2834f311c967983e0bc61b2c2991e5f1889ec4efc87b9657d666962213309952-ghc9.6.3.so
7fe14b43c000-7fe14b43d000 r-xp 00001000 00:22 41436846                   /home/mleku/.local/state/cabal/store/ghc-9.6.3/generically-0.1.1-2834f311c967983e0bc61b2c2991e5f1889ec4efc87b9657d666962213309952/lib/libHSgenerically-0.1.1-2834f311c967983e0bc61b2c2991e5f1889ec4efc87b9657d666962213309952-ghc9.6.3.so
7fe14b43d000-7fe14b43e000 r--p 00002000 00:22 41436846                   /home/mleku/.local/state/cabal/store/ghc-9.6.3/generically-0.1.1-2834f311c967983e0bc61b2c2991e5f1889ec4efc87b9657d666962213309952/lib/libHSgenerically-0.1.1-2834f311c967983e0bc61b2c2991e5f1889ec4efc87b9657d666962213309952-ghc9.6.3.so
7fe14b43e000-7fe14b43f000 r--p 00002000 00:22 41436846                   /home/mleku/.local/state/cabal/store/ghc-9.6.3/generically-0.1.1-2834f311c967983e0bc61b2c2991e5f1889ec4efc87b9657d666962213309952/lib/libHSgenerically-0.1.1-2834f311c967983e0bc61b2c2991e5f1889ec4efc87b9657d666962213309952-ghc9.6.3.so
7fe14b43f000-7fe14b440000 rw-p 00003000 00:22 41436846                   /home/mleku/.local/state/cabal/store/ghc-9.6.3/generically-0.1.1-2834f311c967983e0bc61b2c2991e5f1889ec4efc87b9657d666962213309952/lib/libHSgenerically-0.1.1-2834f311c967983e0bc61b2c2991e5f1889ec4efc87b9657d666962213309952-ghc9.6.3.so
7fe14b440000-7fe14b441000 r--p 00000000 00:22 41440103                   /home/mleku/.local/state/cabal/store/ghc-9.6.3/type-equality-1-c6a98cb4eb3e5594096ad0805c75d62364c4e94bc328d1703756f1c4f2bcddcf/lib/libHStype-equality-1-c6a98cb4eb3e5594096ad0805c75d62364c4e94bc328d1703756f1c4f2bcddcf-ghc9.6.3.so
7fe14b441000-7fe14b442000 r-xp 00001000 00:22 41440103                   /home/mleku/.local/state/cabal/store/ghc-9.6.3/type-equality-1-c6a98cb4eb3e5594096ad0805c75d62364c4e94bc328d1703756f1c4f2bcddcf/lib/libHStype-equality-1-c6a98cb4eb3e5594096ad0805c75d62364c4e94bc328d1703756f1c4f2bcddcf-ghc9.6.3.so
7fe14b442000-7fe14b443000 r--p 00002000 00:22 41440103                   /home/mleku/.local/state/cabal/store/ghc-9.6.3/type-equality-1-c6a98cb4eb3e5594096ad0805c75d62364c4e94bc328d1703756f1c4f2bcddcf/lib/libHStype-equality-1-c6a98cb4eb3e5594096ad0805c75d62364c4e94bc328d1703756f1c4f2bcddcf-ghc9.6.3.so
7fe14b443000-7fe14b444000 r--p 00002000 00:22 41440103                   /home/mleku/.local/state/cabal/store/ghc-9.6.3/type-equality-1-c6a98cb4eb3e5594096ad0805c75d62364c4e94bc328d1703756f1c4f2bcddcf/lib/libHStype-equality-1-c6a98cb4eb3e5594096ad0805c75d62364c4e94bc328d1703756f1c4f2bcddcf-ghc9.6.3.so
7fe14b444000-7fe14b445000 rw-p 00003000 00:22 41440103                   /home/mleku/.local/state/cabal/store/ghc-9.6.3/type-equality-1-c6a98cb4eb3e5594096ad0805c75d62364c4e94bc328d1703756f1c4f2bcddcf/lib/libHStype-equality-1-c6a98cb4eb3e5594096ad0805c75d62364c4e94bc328d1703756f1c4f2bcddcf-ghc9.6.3.so
7fe14b445000-7fe14b454000 r--p 00000000 00:22 41436525                   /home/mleku/.local/state/cabal/store/ghc-9.6.3/easy-file-0.2.5-993791674239f71f3d5c5348a4742b33b35a11f259b010653481c060821ceac2/lib/libHSeasy-file-0.2.5-993791674239f71f3d5c5348a4742b33b35a11f259b010653481c060821ceac2-ghc9.6.3.so
7fe14b454000-7fe14b45c000 r-xp 0000f000 00:22 41436525                   /home/mleku/.local/state/cabal/store/ghc-9.6.3/easy-file-0.2.5-993791674239f71f3d5c5348a4742b33b35a11f259b010653481c060821ceac2/lib/libHSeasy-file-0.2.5-993791674239f71f3d5c5348a4742b33b35a11f259b010653481c060821ceac2-ghc9.6.3.so
7fe14b45c000-7fe14b45d000 r--p 00017000 00:22 41436525                   /home/mleku/.local/state/cabal/store/ghc-9.6.3/easy-file-0.2.5-993791674239f71f3d5c5348a4742b33b35a11f259b010653481c060821ceac2/lib/libHSeasy-file-0.2.5-993791674239f71f3d5c5348a4742b33b35a11f259b010653481c060821ceac2-ghc9.6.3.so
7fe14b45d000-7fe14b45e000 r--p 00017000 00:22 41436525                   /home/mleku/.local/state/cabal/store/ghc-9.6.3/easy-file-0.2.5-993791674239f71f3d5c5348a4742b33b35a11f259b010653481c060821ceac2/lib/libHSeasy-file-0.2.5-993791674239f71f3d5c5348a4742b33b35a11f259b010653481c060821ceac2-ghc9.6.3.so
7fe14b45e000-7fe14b460000 rw-p 00018000 00:22 41436525                   /home/mleku/.local/state/cabal/store/ghc-9.6.3/easy-file-0.2.5-993791674239f71f3d5c5348a4742b33b35a11f259b010653481c060821ceac2/lib/libHSeasy-file-0.2.5-993791674239f71f3d5c5348a4742b33b35a11f259b010653481c060821ceac2-ghc9.6.3.so
7fe14b460000-7fe14b4d6000 r--p 00000000 00:22 41461633                   /home/mleku/.local/state/cabal/store/ghc-9.6.3/conduit-1.3.5-f7cd0af4bd2712f81767a07893f463374305fbd51a1ccbf7dde3d722fad38078/lib/libHSconduit-1.3.5-f7cd0af4bd2712f81767a07893f463374305fbd51a1ccbf7dde3d722fad38078-ghc9.6.3.so
7fe14b4d6000-7fe14b575000 r-xp 00076000 00:22 41461633                   /home/mleku/.local/state/cabal/store/ghc-9.6.3/conduit-1.3.5-f7cd0af4bd2712f81767a07893f463374305fbd51a1ccbf7dde3d722fad38078/lib/libHSconduit-1.3.5-f7cd0af4bd2712f81767a07893f463374305fbd51a1ccbf7dde3d722fad38078-ghc9.6.3.so
7fe14b575000-7fe14b577000 r--p 00115000 00:22 41461633                   /home/mleku/.local/state/cabal/store/ghc-9.6.3/conduit-1.3.5-f7cd0af4bd2712f81767a07893f463374305fbd51a1ccbf7dde3d722fad38078/lib/libHSconduit-1.3.5-f7cd0af4bd2712f81767a07893f463374305fbd51a1ccbf7dde3d722fad38078-ghc9.6.3.so
7fe14b577000-7fe14b578000 r--p 00117000 00:22 41461633                   /home/mleku/.local/state/cabal/store/ghc-9.6.3/conduit-1.3.5-f7cd0af4bd2712f81767a07893f463374305fbd51a1ccbf7dde3d722fad38078/lib/libHSconduit-1.3.5-f7cd0af4bd2712f81767a07893f463374305fbd51a1ccbf7dde3d722fad38078-ghc9.6.3.so
7fe14b578000-7fe14b581000 rw-p 00118000 00:22 41461633                   /home/mleku/.local/state/cabal/store/ghc-9.6.3/conduit-1.3.5-f7cd0af4bd2712f81767a07893f463374305fbd51a1ccbf7dde3d722fad38078/lib/libHSconduit-1.3.5-f7cd0af4bd2712f81767a07893f463374305fbd51a1ccbf7dde3d722fad38078-ghc9.6.3.so
7fe14b581000-7fe14b5c4000 r--p 00000000 00:22 41442395                   /home/mleku/.local/state/cabal/store/ghc-9.6.3/zlib-0.6.3.0-a39aae8f67ff3eaace9ad2f1a8075252dfa05207ee067004481e4d1b253aa7f7/lib/libHSzlib-0.6.3.0-a39aae8f67ff3eaace9ad2f1a8075252dfa05207ee067004481e4d1b253aa7f7-ghc9.6.3.so
7fe14b5c4000-7fe14b5f5000 r-xp 00043000 00:22 41442395                   /home/mleku/.local/state/cabal/store/ghc-9.6.3/zlib-0.6.3.0-a39aae8f67ff3eaace9ad2f1a8075252dfa05207ee067004481e4d1b253aa7f7/lib/libHSzlib-0.6.3.0-a39aae8f67ff3eaace9ad2f1a8075252dfa05207ee067004481e4d1b253aa7f7-ghc9.6.3.so
7fe14b5f5000-7fe14b5f8000 r--p 00074000 00:22 41442395                   /home/mleku/.local/state/cabal/store/ghc-9.6.3/zlib-0.6.3.0-a39aae8f67ff3eaace9ad2f1a8075252dfa05207ee067004481e4d1b253aa7f7/lib/libHSzlib-0.6.3.0-a39aae8f67ff3eaace9ad2f1a8075252dfa05207ee067004481e4d1b253aa7f7-ghc9.6.3.so
7fe14b5f8000-7fe14b5f9000 r--p 00076000 00:22 41442395                   /home/mleku/.local/state/cabal/store/ghc-9.6.3/zlib-0.6.3.0-a39aae8f67ff3eaace9ad2f1a8075252dfa05207ee067004481e4d1b253aa7f7/lib/libHSzlib-0.6.3.0-a39aae8f67ff3eaace9ad2f1a8075252dfa05207ee067004481e4d1b253aa7f7-ghc9.6.3.so
7fe14b5f9000-7fe14b600000 rw-p 00077000 00:22 41442395                   /home/mleku/.local/state/cabal/store/ghc-9.6.3/zlib-0.6.3.0-a39aae8f67ff3eaace9ad2f1a8075252dfa05207ee067004481e4d1b253aa7f7/lib/libHSzlib-0.6.3.0-a39aae8f67ff3eaace9ad2f1a8075252dfa05207ee067004481e4d1b253aa7f7-ghc9.6.3.so
7fe14b600000-7fe14b833000 r--p 00000000 00:22 41460319                   /home/mleku/.local/state/cabal/store/ghc-9.6.3/cryptostore-0.3.0.1-44f7a30de8c5f27df2f4c61613d8f76fda72b1cf7b8d867e2fe8ff99f77f43b4/lib/libHScryptostore-0.3.0.1-44f7a30de8c5f27df2f4c61613d8f76fda72b1cf7b8d867e2fe8ff99f77f43b4-ghc9.6.3.so
7fe14b833000-7fe14b963000 r-xp 00233000 00:22 41460319                   /home/mleku/.local/state/cabal/store/ghc-9.6.3/cryptostore-0.3.0.1-44f7a30de8c5f27df2f4c61613d8f76fda72b1cf7b8d867e2fe8ff99f77f43b4/lib/libHScryptostore-0.3.0.1-44f7a30de8c5f27df2f4c61613d8f76fda72b1cf7b8d867e2fe8ff99f77f43b4-ghc9.6.3.so
7fe14b963000-7fe14b973000 r--p 00363000 00:22 41460319                   /home/mleku/.local/state/cabal/store/ghc-9.6.3/cryptostore-0.3.0.1-44f7a30de8c5f27df2f4c61613d8f76fda72b1cf7b8d867e2fe8ff99f77f43b4/lib/libHScryptostore-0.3.0.1-44f7a30de8c5f27df2f4c61613d8f76fda72b1cf7b8d867e2fe8ff99f77f43b4-ghc9.6.3.so
7fe14b973000-7fe14b975000 r--p 00373000 00:22 41460319                   /home/mleku/.local/state/cabal/store/ghc-9.6.3/cryptostore-0.3.0.1-44f7a30de8c5f27df2f4c61613d8f76fda72b1cf7b8d867e2fe8ff99f77f43b4/lib/libHScryptostore-0.3.0.1-44f7a30de8c5f27df2f4c61613d8f76fda72b1cf7b8d867e2fe8ff99f77f43b4-ghc9.6.3.so
7fe14b975000-7fe14b9b3000 rw-p 00375000 00:22 41460319                   /home/mleku/.local/state/cabal/store/ghc-9.6.3/cryptostore-0.3.0.1-44f7a30de8c5f27df2f4c61613d8f76fda72b1cf7b8d867e2fe8ff99f77f43b4/lib/libHScryptostore-0.3.0.1-44f7a30de8c5f27df2f4c61613d8f76fda72b1cf7b8d867e2fe8ff99f77f43b4-ghc9.6.3.so
7fe14b9b4000-7fe14b9dd000 r--p 00000000 00:22 41451814                   /home/mleku/.local/state/cabal/store/ghc-9.6.3/fast-logger-3.2.2-b996f2a9213a68adbcb76c2cd120cca89f66fffcc9f58aa29e344f14c7372a28/lib/libHSfast-logger-3.2.2-b996f2a9213a68adbcb76c2cd120cca89f66fffcc9f58aa29e344f14c7372a28-ghc9.6.3.so
7fe14b9dd000-7fe14b9fa000 r-xp 00029000 00:22 41451814                   /home/mleku/.local/state/cabal/store/ghc-9.6.3/fast-logger-3.2.2-b996f2a9213a68adbcb76c2cd120cca89f66fffcc9f58aa29e344f14c7372a28/lib/libHSfast-logger-3.2.2-b996f2a9213a68adbcb76c2cd120cca89f66fffcc9f58aa29e344f14c7372a28-ghc9.6.3.so
7fe14b9fa000-7fe14b9fb000 r--p 00046000 00:22 41451814                   /home/mleku/.local/state/cabal/store/ghc-9.6.3/fast-logger-3.2.2-b996f2a9213a68adbcb76c2cd120cca89f66fffcc9f58aa29e344f14c7372a28/lib/libHSfast-logger-3.2.2-b996f2a9213a68adbcb76c2cd120cca89f66fffcc9f58aa29e344f14c7372a28-ghc9.6.3.so
7fe14b9fb000-7fe14b9fc000 r--p 00047000 00:22 41451814                   /home/mleku/.local/state/cabal/store/ghc-9.6.3/fast-logger-3.2.2-b996f2a9213a68adbcb76c2cd120cca89f66fffcc9f58aa29e344f14c7372a28/lib/libHSfast-logger-3.2.2-b996f2a9213a68adbcb76c2cd120cca89f66fffcc9f58aa29e344f14c7372a28-ghc9.6.3.so
7fe14b9fc000-7fe14ba00000 rw-p 00048000 00:22 41451814                   /home/mleku/.local/state/cabal/store/ghc-9.6.3/fast-logger-3.2.2-b996f2a9213a68adbcb76c2cd120cca89f66fffcc9f58aa29e344f14c7372a28/lib/libHSfast-logger-3.2.2-b996f2a9213a68adbcb76c2cd120cca89f66fffcc9f58aa29e344f14c7372a28-ghc9.6.3.so
7fe14ba00000-7fe14bc3c000 r--p 00000000 00:22 41460557                   /home/mleku/.local/state/cabal/store/ghc-9.6.3/tls-1.9.0-6788cf450613a953599cb80c84cd483fafc4caa194ade4412ea440d544ee19ba/lib/libHStls-1.9.0-6788cf450613a953599cb80c84cd483fafc4caa194ade4412ea440d544ee19ba-ghc9.6.3.so
7fe14bc3c000-7fe14bdc5000 r-xp 0023c000 00:22 41460557                   /home/mleku/.local/state/cabal/store/ghc-9.6.3/tls-1.9.0-6788cf450613a953599cb80c84cd483fafc4caa194ade4412ea440d544ee19ba/lib/libHStls-1.9.0-6788cf450613a953599cb80c84cd483fafc4caa194ade4412ea440d544ee19ba-ghc9.6.3.so
7fe14bdc5000-7fe14bdd9000 r--p 003c5000 00:22 41460557                   /home/mleku/.local/state/cabal/store/ghc-9.6.3/tls-1.9.0-6788cf450613a953599cb80c84cd483fafc4caa194ade4412ea440d544ee19ba/lib/libHStls-1.9.0-6788cf450613a953599cb80c84cd483fafc4caa194ade4412ea440d544ee19ba-ghc9.6.3.so
7fe14bdd9000-7fe14bddb000 r--p 003d9000 00:22 41460557                   /home/mleku/.local/state/cabal/store/ghc-9.6.3/tls-1.9.0-6788cf450613a953599cb80c84cd483fafc4caa194ade4412ea440d544ee19ba/lib/libHStls-1.9.0-6788cf450613a953599cb80c84cd483fafc4caa194ade4412ea440d544ee19ba-ghc9.6.3.so
7fe14bddb000-7fe14be1e000 rw-p 003db000 00:22 41460557                   /home/mleku/.local/state/cabal/store/ghc-9.6.3/tls-1.9.0-6788cf450613a953599cb80c84cd483fafc4caa194ade4412ea440d544ee19ba/lib/libHStls-1.9.0-6788cf450613a953599cb80c84cd483fafc4caa194ade4412ea440d544ee19ba-ghc9.6.3.so
7fe14be1f000-7fe14be21000 r--p 00000000 00:22 41441405                   /home/mleku/.local/state/cabal/store/ghc-9.6.3/data-default-instances-containers-0.0.1-e07d6bd680e8b4edd6ca2b303e8e36905ca27003d2c3d92ef0670ee9c04aa2cd/lib/libHSdata-default-instances-containers-0.0.1-e07d6bd680e8b4edd6ca2b303e8e36905ca27003d2c3d92ef0670ee9c04aa2cd-ghc9.6.3.so
7fe14be21000-7fe14be22000 r-xp 00002000 00:22 41441405                   /home/mleku/.local/state/cabal/store/ghc-9.6.3/data-default-instances-containers-0.0.1-e07d6bd680e8b4edd6ca2b303e8e36905ca27003d2c3d92ef0670ee9c04aa2cd/lib/libHSdata-default-instances-containers-0.0.1-e07d6bd680e8b4edd6ca2b303e8e36905ca27003d2c3d92ef0670ee9c04aa2cd-ghc9.6.3.so
7fe14be22000-7fe14be23000 r--p 00003000 00:22 41441405                   /home/mleku/.local/state/cabal/store/ghc-9.6.3/data-default-instances-containers-0.0.1-e07d6bd680e8b4edd6ca2b303e8e36905ca27003d2c3d92ef0670ee9c04aa2cd/lib/libHSdata-default-instances-containers-0.0.1-e07d6bd680e8b4edd6ca2b303e8e36905ca27003d2c3d92ef0670ee9c04aa2cd-ghc9.6.3.so
7fe14be23000-7fe14be24000 r--p 00003000 00:22 41441405                   /home/mleku/.local/state/cabal/store/ghc-9.6.3/data-default-instances-containers-0.0.1-e07d6bd680e8b4edd6ca2b303e8e36905ca27003d2c3d92ef0670ee9c04aa2cd/lib/libHSdata-default-instances-containers-0.0.1-e07d6bd680e8b4edd6ca2b303e8e36905ca27003d2c3d92ef0670ee9c04aa2cd-ghc9.6.3.so
7fe14be24000-7fe14be25000 rw-p 00004000 00:22 41441405                   /home/mleku/.local/state/cabal/store/ghc-9.6.3/data-default-instances-containers-0.0.1-e07d6bd680e8b4edd6ca2b303e8e36905ca27003d2c3d92ef0670ee9c04aa2cd/lib/libHSdata-default-instances-containers-0.0.1-e07d6bd680e8b4edd6ca2b303e8e36905ca27003d2c3d92ef0670ee9c04aa2cd-ghc9.6.3.so
7fe14be25000-7fe14be26000 r--p 00000000 00:22 41442085                   /home/mleku/.local/state/cabal/store/ghc-9.6.3/data-default-instances-dlist-0.0.1-38b1acfbec2ad8ad85a0928dba90ca3c87c03c627c255d665ba59997ed6a1e7d/lib/libHSdata-default-instances-dlist-0.0.1-38b1acfbec2ad8ad85a0928dba90ca3c87c03c627c255d665ba59997ed6a1e7d-ghc9.6.3.so
7fe14be26000-7fe14be27000 r-xp 00001000 00:22 41442085                   /home/mleku/.local/state/cabal/store/ghc-9.6.3/data-default-instances-dlist-0.0.1-38b1acfbec2ad8ad85a0928dba90ca3c87c03c627c255d665ba59997ed6a1e7d/lib/libHSdata-default-instances-dlist-0.0.1-38b1acfbec2ad8ad85a0928dba90ca3c87c03c627c255d665ba59997ed6a1e7d-ghc9.6.3.so
7fe14be27000-7fe14be28000 r--p 00002000 00:22 41442085                   /home/mleku/.local/state/cabal/store/ghc-9.6.3/data-default-instances-dlist-0.0.1-38b1acfbec2ad8ad85a0928dba90ca3c87c03c627c255d665ba59997ed6a1e7d/lib/libHSdata-default-instances-dlist-0.0.1-38b1acfbec2ad8ad85a0928dba90ca3c87c03c627c255d665ba59997ed6a1e7d-ghc9.6.3.so
7fe14be28000-7fe14be29000 r--p 00002000 00:22 41442085                   /home/mleku/.local/state/cabal/store/ghc-9.6.3/data-default-instances-dlist-0.0.1-38b1acfbec2ad8ad85a0928dba90ca3c87c03c627c255d665ba59997ed6a1e7d/lib/libHSdata-default-instances-dlist-0.0.1-38b1acfbec2ad8ad85a0928dba90ca3c87c03c627c255d665ba59997ed6a1e7d-ghc9.6.3.so
7fe14be29000-7fe14be2a000 rw-p 00003000 00:22 41442085                   /home/mleku/.local/state/cabal/store/ghc-9.6.3/data-default-instances-dlist-0.0.1-38b1acfbec2ad8ad85a0928dba90ca3c87c03c627c255d665ba59997ed6a1e7d/lib/libHSdata-default-instances-dlist-0.0.1-38b1acfbec2ad8ad85a0928dba90ca3c87c03c627c255d665ba59997ed6a1e7d-ghc9.6.3.so
7fe14be2a000-7fe14be33000 r--p 00000000 00:22 41450952                   /home/mleku/.local/state/cabal/store/ghc-9.6.3/time-manager-0.0.1-77828802fbee26aec7c30a924eb863902e639ee260505a667e17333384754050/lib/libHStime-manager-0.0.1-77828802fbee26aec7c30a924eb863902e639ee260505a667e17333384754050-ghc9.6.3.so
7fe14be33000-7fe14be35000 r-xp 00009000 00:22 41450952                   /home/mleku/.local/state/cabal/store/ghc-9.6.3/time-manager-0.0.1-77828802fbee26aec7c30a924eb863902e639ee260505a667e17333384754050/lib/libHStime-manager-0.0.1-77828802fbee26aec7c30a924eb863902e639ee260505a667e17333384754050-ghc9.6.3.so
7fe14be35000-7fe14be36000 r--p 0000b000 00:22 41450952                   /home/mleku/.local/state/cabal/store/ghc-9.6.3/time-manager-0.0.1-77828802fbee26aec7c30a924eb863902e639ee260505a667e17333384754050/lib/libHStime-manager-0.0.1-77828802fbee26aec7c30a924eb863902e639ee260505a667e17333384754050-ghc9.6.3.so
7fe14be36000-7fe14be37000 r--p 0000b000 00:22 41450952                   /home/mleku/.local/state/cabal/store/ghc-9.6.3/time-manager-0.0.1-77828802fbee26aec7c30a924eb863902e639ee260505a667e17333384754050/lib/libHStime-manager-0.0.1-77828802fbee26aec7c30a924eb863902e639ee260505a667e17333384754050-ghc9.6.3.so
7fe14be37000-7fe14be38000 rw-p 0000c000 00:22 41450952                   /home/mleku/.local/state/cabal/store/ghc-9.6.3/time-manager-0.0.1-77828802fbee26aec7c30a924eb863902e639ee260505a667e17333384754050/lib/libHStime-manager-0.0.1-77828802fbee26aec7c30a924eb863902e639ee260505a667e17333384754050-ghc9.6.3.so
7fe14be38000-7fe14be49000 r--p 00000000 00:22 41439271                   /home/mleku/.local/state/cabal/store/ghc-9.6.3/split-0.2.4-fe41ecd5cdbc55441ea0d9f6b9c0a5fa60d53be08482d4617078dba8531c5ff7/lib/libHSsplit-0.2.4-fe41ecd5cdbc55441ea0d9f6b9c0a5fa60d53be08482d4617078dba8531c5ff7-ghc9.6.3.so
7fe14be49000-7fe14be52000 r-xp 00011000 00:22 41439271                   /home/mleku/.local/state/cabal/store/ghc-9.6.3/split-0.2.4-fe41ecd5cdbc55441ea0d9f6b9c0a5fa60d53be08482d4617078dba8531c5ff7/lib/libHSsplit-0.2.4-fe41ecd5cdbc55441ea0d9f6b9c0a5fa60d53be08482d4617078dba8531c5ff7-ghc9.6.3.so
7fe14be52000-7fe14be53000 r--p 0001a000 00:22 41439271                   /home/mleku/.local/state/cabal/store/ghc-9.6.3/split-0.2.4-fe41ecd5cdbc55441ea0d9f6b9c0a5fa60d53be08482d4617078dba8531c5ff7/lib/libHSsplit-0.2.4-fe41ecd5cdbc55441ea0d9f6b9c0a5fa60d53be08482d4617078dba8531c5ff7-ghc9.6.3.so
7fe14be53000-7fe14be54000 r--p 0001a000 00:22 41439271                   /home/mleku/.local/state/cabal/store/ghc-9.6.3/split-0.2.4-fe41ecd5cdbc55441ea0d9f6b9c0a5fa60d53be08482d4617078dba8531c5ff7/lib/libHSsplit-0.2.4-fe41ecd5cdbc55441ea0d9f6b9c0a5fa60d53be08482d4617078dba8531c5ff7-ghc9.6.3.so
7fe14be54000-7fe14be56000 rw-p 0001b000 00:22 41439271                   /home/mleku/.local/state/cabal/store/ghc-9.6.3/split-0.2.4-fe41ecd5cdbc55441ea0d9f6b9c0a5fa60d53be08482d4617078dba8531c5ff7/lib/libHSsplit-0.2.4-fe41ecd5cdbc55441ea0d9f6b9c0a5fa60d53be08482d4617078dba8531c5ff7-ghc9.6.3.so
7fe14be56000-7fe14beaf000 r--p 00000000 00:22 41449764                   /home/mleku/.local/state/cabal/store/ghc-9.6.3/streaming-commons-0.2.2.6-c2a64f34d630d423cfe81f4f5f013ab2aa9c88fe829a5b8fb1558030225c68fe/lib/libHSstreaming-commons-0.2.2.6-c2a64f34d630d423cfe81f4f5f013ab2aa9c88fe829a5b8fb1558030225c68fe-ghc9.6.3.so
7fe14beaf000-7fe14bee7000 r-xp 00059000 00:22 41449764                   /home/mleku/.local/state/cabal/store/ghc-9.6.3/streaming-commons-0.2.2.6-c2a64f34d630d423cfe81f4f5f013ab2aa9c88fe829a5b8fb1558030225c68fe/lib/libHSstreaming-commons-0.2.2.6-c2a64f34d630d423cfe81f4f5f013ab2aa9c88fe829a5b8fb1558030225c68fe-ghc9.6.3.so
7fe14bee7000-7fe14beea000 r--p 00091000 00:22 41449764                   /home/mleku/.local/state/cabal/store/ghc-9.6.3/streaming-commons-0.2.2.6-c2a64f34d630d423cfe81f4f5f013ab2aa9c88fe829a5b8fb1558030225c68fe/lib/libHSstreaming-commons-0.2.2.6-c2a64f34d630d423cfe81f4f5f013ab2aa9c88fe829a5b8fb1558030225c68fe-ghc9.6.3.so
7fe14beea000-7fe14beeb000 r--p 00093000 00:22 41449764                   /home/mleku/.local/state/cabal/store/ghc-9.6.3/streaming-commons-0.2.2.6-c2a64f34d630d423cfe81f4f5f013ab2aa9c88fe829a5b8fb1558030225c68fe/lib/libHSstreaming-commons-0.2.2.6-c2a64f34d630d423cfe81f4f5f013ab2aa9c88fe829a5b8fb1558030225c68fe-ghc9.6.3.so
7fe14beeb000-7fe14bef3000 rw-p 00094000 00:22 41449764                   /home/mleku/.local/state/cabal/store/ghc-9.6.3/streaming-commons-0.2.2.6-c2a64f34d630d423cfe81f4f5f013ab2aa9c88fe829a5b8fb1558030225c68fe/lib/libHSstreaming-commons-0.2.2.6-c2a64f34d630d423cfe81f4f5f013ab2aa9c88fe829a5b8fb1558030225c68fe-ghc9.6.3.so
7fe14bef3000-7fe14bf32000 r--p 00000000 00:22 41461982                   /home/mleku/.local/state/cabal/store/ghc-9.6.3/conduit-extra-1.3.6-46fa6ccb0368471fb2eb4319e2a291d4351d9beb99b9d3dc2b80ef3c18ff6a8d/lib/libHSconduit-extra-1.3.6-46fa6ccb0368471fb2eb4319e2a291d4351d9beb99b9d3dc2b80ef3c18ff6a8d-ghc9.6.3.so
7fe14bf32000-7fe14bf7a000 r-xp 0003f000 00:22 41461982                   /home/mleku/.local/state/cabal/store/ghc-9.6.3/conduit-extra-1.3.6-46fa6ccb0368471fb2eb4319e2a291d4351d9beb99b9d3dc2b80ef3c18ff6a8d/lib/libHSconduit-extra-1.3.6-46fa6ccb0368471fb2eb4319e2a291d4351d9beb99b9d3dc2b80ef3c18ff6a8d-ghc9.6.3.so
7fe14bf7a000-7fe14bf7b000 r--p 00087000 00:22 41461982                   /home/mleku/.local/state/cabal/store/ghc-9.6.3/conduit-extra-1.3.6-46fa6ccb0368471fb2eb4319e2a291d4351d9beb99b9d3dc2b80ef3c18ff6a8d/lib/libHSconduit-extra-1.3.6-46fa6ccb0368471fb2eb4319e2a291d4351d9beb99b9d3dc2b80ef3c18ff6a8d-ghc9.6.3.so
7fe14bf7b000-7fe14bf7c000 r--p 00088000 00:22 41461982                   /home/mleku/.local/state/cabal/store/ghc-9.6.3/conduit-extra-1.3.6-46fa6ccb0368471fb2eb4319e2a291d4351d9beb99b9d3dc2b80ef3c18ff6a8d/lib/libHSconduit-extra-1.3.6-46fa6ccb0368471fb2eb4319e2a291d4351d9beb99b9d3dc2b80ef3c18ff6a8d-ghc9.6.3.so
7fe14bf7c000-7fe14bf82000 rw-p 00089000 00:22 41461982                   /home/mleku/.local/state/cabal/store/ghc-9.6.3/conduit-extra-1.3.6-46fa6ccb0368471fb2eb4319e2a291d4351d9beb99b9d3dc2b80ef3c18ff6a8d/lib/libHSconduit-extra-1.3.6-46fa6ccb0368471fb2eb4319e2a291d4351d9beb99b9d3dc2b80ef3c18ff6a8d-ghc9.6.3.so
7fe14bf82000-7fe14bfc9000 r--p 00000000 00:22 41462215                   /home/mleku/.local/state/cabal/store/ghc-9.6.3/monad-logger-0.3.40-bd2c86f117c7a9e15efe0e94bf63ea4ba9acb1a3cd6ae109d16580e3e144a39f/lib/libHSmonad-logger-0.3.40-bd2c86f117c7a9e15efe0e94bf63ea4ba9acb1a3cd6ae109d16580e3e144a39f-ghc9.6.3.so
7fe14bfc9000-7fe14bff9000 r-xp 00047000 00:22 41462215                   /home/mleku/.local/state/cabal/store/ghc-9.6.3/monad-logger-0.3.40-bd2c86f117c7a9e15efe0e94bf63ea4ba9acb1a3cd6ae109d16580e3e144a39f/lib/libHSmonad-logger-0.3.40-bd2c86f117c7a9e15efe0e94bf63ea4ba9acb1a3cd6ae109d16580e3e144a39f-ghc9.6.3.so
7fe14bff9000-7fe14bffa000 r--p 00077000 00:22 41462215                   /home/mleku/.local/state/cabal/store/ghc-9.6.3/monad-logger-0.3.40-bd2c86f117c7a9e15efe0e94bf63ea4ba9acb1a3cd6ae109d16580e3e144a39f/lib/libHSmonad-logger-0.3.40-bd2c86f117c7a9e15efe0e94bf63ea4ba9acb1a3cd6ae109d16580e3e144a39f-ghc9.6.3.so
7fe14bffa000-7fe14bffb000 r--p 00078000 00:22 41462215                   /home/mleku/.local/state/cabal/store/ghc-9.6.3/monad-logger-0.3.40-bd2c86f117c7a9e15efe0e94bf63ea4ba9acb1a3cd6ae109d16580e3e144a39f/lib/libHSmonad-logger-0.3.40-bd2c86f117c7a9e15efe0e94bf63ea4ba9acb1a3cd6ae109d16580e3e144a39f-ghc9.6.3.so
7fe14bffb000-7fe14c000000 rw-p 00079000 00:22 41462215                   /home/mleku/.local/state/cabal/store/ghc-9.6.3/monad-logger-0.3.40-bd2c86f117c7a9e15efe0e94bf63ea4ba9acb1a3cd6ae109d16580e3e144a39f/lib/libHSmonad-logger-0.3.40-bd2c86f117c7a9e15efe0e94bf63ea4ba9acb1a3cd6ae109d16580e3e144a39f-ghc9.6.3.so
7fe14c000000-7fe14c98e000 r--p 00000000 00:22 41465549                   /home/mleku/.local/state/cabal/store/ghc-9.6.3/simplexmq-6.5.5.0-febaeff1d580661d2331bd40b2b748e5ed3a55ab4e7720ab3d4eb141d132e3e8/lib/libHSsimplexmq-6.5.5.0-febaeff1d580661d2331bd40b2b748e5ed3a55ab4e7720ab3d4eb141d132e3e8-ghc9.6.3.so
7fe14c98e000-7fe14d445000 r-xp 0098e000 00:22 41465549                   /home/mleku/.local/state/cabal/store/ghc-9.6.3/simplexmq-6.5.5.0-febaeff1d580661d2331bd40b2b748e5ed3a55ab4e7720ab3d4eb141d132e3e8/lib/libHSsimplexmq-6.5.5.0-febaeff1d580661d2331bd40b2b748e5ed3a55ab4e7720ab3d4eb141d132e3e8-ghc9.6.3.so
7fe14d445000-7fe14d49f000 r--p 01445000 00:22 41465549                   /home/mleku/.local/state/cabal/store/ghc-9.6.3/simplexmq-6.5.5.0-febaeff1d580661d2331bd40b2b748e5ed3a55ab4e7720ab3d4eb141d132e3e8/lib/libHSsimplexmq-6.5.5.0-febaeff1d580661d2331bd40b2b748e5ed3a55ab4e7720ab3d4eb141d132e3e8-ghc9.6.3.so
7fe14d49f000-7fe14d4a3000 r--p 0149e000 00:22 41465549                   /home/mleku/.local/state/cabal/store/ghc-9.6.3/simplexmq-6.5.5.0-febaeff1d580661d2331bd40b2b748e5ed3a55ab4e7720ab3d4eb141d132e3e8/lib/libHSsimplexmq-6.5.5.0-febaeff1d580661d2331bd40b2b748e5ed3a55ab4e7720ab3d4eb141d132e3e8-ghc9.6.3.so
7fe14d4a3000-7fe14d5ac000 rw-p 014a2000 00:22 41465549                   /home/mleku/.local/state/cabal/store/ghc-9.6.3/simplexmq-6.5.5.0-febaeff1d580661d2331bd40b2b748e5ed3a55ab4e7720ab3d4eb141d132e3e8/lib/libHSsimplexmq-6.5.5.0-febaeff1d580661d2331bd40b2b748e5ed3a55ab4e7720ab3d4eb141d132e3e8-ghc9.6.3.so
7fe14d5ac000-7fe14d5af000 r--s 00000000 00:22 19815                      /var/cache/fontconfig/1876b2dcf508980ebba421dbe8e808d3-le64.cache-11
7fe14d5af000-7fe14d5b0000 r--p 00000000 00:22 41443543                   /home/mleku/.local/state/cabal/store/ghc-9.6.3/data-default-instances-old-locale-0.0.1-e85d0ded954c9ef0f874779c89b261bd7dce2b130c748c5ff301aa13a813ebd2/lib/libHSdata-default-instances-old-locale-0.0.1-e85d0ded954c9ef0f874779c89b261bd7dce2b130c748c5ff301aa13a813ebd2-ghc9.6.3.so
7fe14d5b0000-7fe14d5b1000 r-xp 00001000 00:22 41443543                   /home/mleku/.local/state/cabal/store/ghc-9.6.3/data-default-instances-old-locale-0.0.1-e85d0ded954c9ef0f874779c89b261bd7dce2b130c748c5ff301aa13a813ebd2/lib/libHSdata-default-instances-old-locale-0.0.1-e85d0ded954c9ef0f874779c89b261bd7dce2b130c748c5ff301aa13a813ebd2-ghc9.6.3.so
7fe14d5b1000-7fe14d5b2000 r--p 00002000 00:22 41443543                   /home/mleku/.local/state/cabal/store/ghc-9.6.3/data-default-instances-old-locale-0.0.1-e85d0ded954c9ef0f874779c89b261bd7dce2b130c748c5ff301aa13a813ebd2/lib/libHSdata-default-instances-old-locale-0.0.1-e85d0ded954c9ef0f874779c89b261bd7dce2b130c748c5ff301aa13a813ebd2-ghc9.6.3.so
7fe14d5b2000-7fe14d5b3000 r--p 00002000 00:22 41443543                   /home/mleku/.local/state/cabal/store/ghc-9.6.3/data-default-instances-old-locale-0.0.1-e85d0ded954c9ef0f874779c89b261bd7dce2b130c748c5ff301aa13a813ebd2/lib/libHSdata-default-instances-old-locale-0.0.1-e85d0ded954c9ef0f874779c89b261bd7dce2b130c748c5ff301aa13a813ebd2-ghc9.6.3.so
7fe14d5b3000-7fe14d5b4000 rw-p 00003000 00:22 41443543                   /home/mleku/.local/state/cabal/store/ghc-9.6.3/data-default-instances-old-locale-0.0.1-e85d0ded954c9ef0f874779c89b261bd7dce2b130c748c5ff301aa13a813ebd2/lib/libHSdata-default-instances-old-locale-0.0.1-e85d0ded954c9ef0f874779c89b261bd7dce2b130c748c5ff301aa13a813ebd2-ghc9.6.3.so
7fe14d5b4000-7fe14d5bb000 r--p 00000000 00:22 41439050                   /home/mleku/.local/state/cabal/store/ghc-9.6.3/record-hasfield-1.0-d6cb5024fc4032d99d6944fd59d32266d746ed207dd5c5f8d3ffdca859062686/lib/libHSrecord-hasfield-1.0-d6cb5024fc4032d99d6944fd59d32266d746ed207dd5c5f8d3ffdca859062686-ghc9.6.3.so
7fe14d5bb000-7fe14d5be000 r-xp 00007000 00:22 41439050                   /home/mleku/.local/state/cabal/store/ghc-9.6.3/record-hasfield-1.0-d6cb5024fc4032d99d6944fd59d32266d746ed207dd5c5f8d3ffdca859062686/lib/libHSrecord-hasfield-1.0-d6cb5024fc4032d99d6944fd59d32266d746ed207dd5c5f8d3ffdca859062686-ghc9.6.3.so
7fe14d5be000-7fe14d5bf000 r--p 0000a000 00:22 41439050                   /home/mleku/.local/state/cabal/store/ghc-9.6.3/record-hasfield-1.0-d6cb5024fc4032d99d6944fd59d32266d746ed207dd5c5f8d3ffdca859062686/lib/libHSrecord-hasfield-1.0-d6cb5024fc4032d99d6944fd59d32266d746ed207dd5c5f8d3ffdca859062686-ghc9.6.3.so
7fe14d5bf000-7fe14d5c0000 r--p 0000a000 00:22 41439050                   /home/mleku/.local/state/cabal/store/ghc-9.6.3/record-hasfield-1.0-d6cb5024fc4032d99d6944fd59d32266d746ed207dd5c5f8d3ffdca859062686/lib/libHSrecord-hasfield-1.0-d6cb5024fc4032d99d6944fd59d32266d746ed207dd5c5f8d3ffdca859062686-ghc9.6.3.so
7fe14d5c0000-7fe14d5c1000 rw-p 0000b000 00:22 41439050                   /home/mleku/.local/state/cabal/store/ghc-9.6.3/record-hasfield-1.0-d6cb5024fc4032d99d6944fd59d32266d746ed207dd5c5f8d3ffdca859062686/lib/libHSrecord-hasfield-1.0-d6cb5024fc4032d99d6944fd59d32266d746ed207dd5c5f8d3ffdca859062686-ghc9.6.3.so
7fe14d5c1000-7fe14d5e8000 r--p 00000000 00:22 41446246                   /home/mleku/.local/state/cabal/store/ghc-9.6.3/resourcet-1.3.0-7bc4c5832125cb21a657e1e52c7d15ade8946d90d44a4aeef2da03d323cfdcfc/lib/libHSresourcet-1.3.0-7bc4c5832125cb21a657e1e52c7d15ade8946d90d44a4aeef2da03d323cfdcfc-ghc9.6.3.so
7fe14d5e8000-7fe14d5fb000 r-xp 00027000 00:22 41446246                   /home/mleku/.local/state/cabal/store/ghc-9.6.3/resourcet-1.3.0-7bc4c5832125cb21a657e1e52c7d15ade8946d90d44a4aeef2da03d323cfdcfc/lib/libHSresourcet-1.3.0-7bc4c5832125cb21a657e1e52c7d15ade8946d90d44a4aeef2da03d323cfdcfc-ghc9.6.3.so
7fe14d5fb000-7fe14d5fc000 r--p 0003a000 00:22 41446246                   /home/mleku/.local/state/cabal/store/ghc-9.6.3/resourcet-1.3.0-7bc4c5832125cb21a657e1e52c7d15ade8946d90d44a4aeef2da03d323cfdcfc/lib/libHSresourcet-1.3.0-7bc4c5832125cb21a657e1e52c7d15ade8946d90d44a4aeef2da03d323cfdcfc-ghc9.6.3.so
7fe14d5fc000-7fe14d5fd000 r--p 0003b000 00:22 41446246                   /home/mleku/.local/state/cabal/store/ghc-9.6.3/resourcet-1.3.0-7bc4c5832125cb21a657e1e52c7d15ade8946d90d44a4aeef2da03d323cfdcfc/lib/libHSresourcet-1.3.0-7bc4c5832125cb21a657e1e52c7d15ade8946d90d44a4aeef2da03d323cfdcfc-ghc9.6.3.so
7fe14d5fd000-7fe14d600000 rw-p 0003c000 00:22 41446246                   /home/mleku/.local/state/cabal/store/ghc-9.6.3/resourcet-1.3.0-7bc4c5832125cb21a657e1e52c7d15ade8946d90d44a4aeef2da03d323cfdcfc/lib/libHSresourcet-1.3.0-7bc4c5832125cb21a657e1e52c7d15ade8946d90d44a4aeef2da03d323cfdcfc-ghc9.6.3.so
7fe14d600000-7fe14e41b000 r--p 00000000 00:22 10706215                   /opt/simplex/lib/app/resources/libsimplex.so
7fe14e41b000-7fe14fc8d000 r-xp 00e1b000 00:22 10706215                   /opt/simplex/lib/app/resources/libsimplex.so
7fe14fc8d000-7fe14fd55000 r--p 0268d000 00:22 10706215                   /opt/simplex/lib/app/resources/libsimplex.so
7fe14fd55000-7fe14fd5a000 r--p 02755000 00:22 10706215                   /opt/simplex/lib/app/resources/libsimplex.so
7fe14fd5a000-7fe14ffaa000 rw-p 0275a000 00:22 10706215                   /opt/simplex/lib/app/resources/libsimplex.so
7fe14ffaa000-7fe14ffad000 r--s 00000000 00:22 19797                      /var/cache/fontconfig/6ba42ae0000f58711b5caaf10d690066-le64.cache-11
7fe14ffad000-7fe14ffd1000 r--p 00000000 00:22 41447754                   /home/mleku/.local/state/cabal/store/ghc-9.6.3/typed-process-0.2.11.1-62f137b38f036ac21804c99685e715e16a8eae2414705926bc32627e2e3746b7/lib/libHStyped-process-0.2.11.1-62f137b38f036ac21804c99685e715e16a8eae2414705926bc32627e2e3746b7-ghc9.6.3.so
7fe14ffd1000-7fe14ffe8000 r-xp 00024000 00:22 41447754                   /home/mleku/.local/state/cabal/store/ghc-9.6.3/typed-process-0.2.11.1-62f137b38f036ac21804c99685e715e16a8eae2414705926bc32627e2e3746b7/lib/libHStyped-process-0.2.11.1-62f137b38f036ac21804c99685e715e16a8eae2414705926bc32627e2e3746b7-ghc9.6.3.so
7fe14ffe8000-7fe14ffe9000 r--p 0003b000 00:22 41447754                   /home/mleku/.local/state/cabal/store/ghc-9.6.3/typed-process-0.2.11.1-62f137b38f036ac21804c99685e715e16a8eae2414705926bc32627e2e3746b7/lib/libHStyped-process-0.2.11.1-62f137b38f036ac21804c99685e715e16a8eae2414705926bc32627e2e3746b7-ghc9.6.3.so
7fe14ffe9000-7fe14ffea000 r--p 0003c000 00:22 41447754                   /home/mleku/.local/state/cabal/store/ghc-9.6.3/typed-process-0.2.11.1-62f137b38f036ac21804c99685e715e16a8eae2414705926bc32627e2e3746b7/lib/libHStyped-process-0.2.11.1-62f137b38f036ac21804c99685e715e16a8eae2414705926bc32627e2e3746b7-ghc9.6.3.so
7fe14ffea000-7fe14ffed000 rw-p 0003d000 00:22 41447754                   /home/mleku/.local/state/cabal/store/ghc-9.6.3/typed-process-0.2.11.1-62f137b38f036ac21804c99685e715e16a8eae2414705926bc32627e2e3746b7/lib/libHStyped-process-0.2.11.1-62f137b38f036ac21804c99685e715e16a8eae2414705926bc32627e2e3746b7-ghc9.6.3.so
7fe14ffed000-7fe14fff7000 r--p 00000000 00:22 41445141                   /home/mleku/.local/state/cabal/store/ghc-9.6.3/transformers-base-0.4.6-7c5a8ca4b546fee71e383ab67aa6d04821890ff83d9df8fa9270fd287319cc2f/lib/libHStransformers-base-0.4.6-7c5a8ca4b546fee71e383ab67aa6d04821890ff83d9df8fa9270fd287319cc2f-ghc9.6.3.so
7fe14fff7000-7fe14fffd000 r-xp 0000a000 00:22 41445141                   /home/mleku/.local/state/cabal/store/ghc-9.6.3/transformers-base-0.4.6-7c5a8ca4b546fee71e383ab67aa6d04821890ff83d9df8fa9270fd287319cc2f/lib/libHStransformers-base-0.4.6-7c5a8ca4b546fee71e383ab67aa6d04821890ff83d9df8fa9270fd287319cc2f-ghc9.6.3.so
7fe14fffd000-7fe14fffe000 r--p 00010000 00:22 41445141                   /home/mleku/.local/state/cabal/store/ghc-9.6.3/transformers-base-0.4.6-7c5a8ca4b546fee71e383ab67aa6d04821890ff83d9df8fa9270fd287319cc2f/lib/libHStransformers-base-0.4.6-7c5a8ca4b546fee71e383ab67aa6d04821890ff83d9df8fa9270fd287319cc2f-ghc9.6.3.so
7fe14fffe000-7fe14ffff000 r--p 00010000 00:22 41445141                   /home/mleku/.local/state/cabal/store/ghc-9.6.3/transformers-base-0.4.6-7c5a8ca4b546fee71e383ab67aa6d04821890ff83d9df8fa9270fd287319cc2f/lib/libHStransformers-base-0.4.6-7c5a8ca4b546fee71e383ab67aa6d04821890ff83d9df8fa9270fd287319cc2f-ghc9.6.3.so
7fe14ffff000-7fe150000000 rw-p 00011000 00:22 41445141                   /home/mleku/.local/state/cabal/store/ghc-9.6.3/transformers-base-0.4.6-7c5a8ca4b546fee71e383ab67aa6d04821890ff83d9df8fa9270fd287319cc2f/lib/libHStransformers-base-0.4.6-7c5a8ca4b546fee71e383ab67aa6d04821890ff83d9df8fa9270fd287319cc2f-ghc9.6.3.so
7fe150000000-7fe150021000 rw-p 00000000 00:00 0 
7fe150021000-7fe154000000 ---p 00000000 00:00 0 
7fe154000000-7fe154021000 rw-p 00000000 00:00 0 
7fe154021000-7fe158000000 ---p 00000000 00:00 0 
7fe158000000-7fe158021000 rw-p 00000000 00:00 0 
7fe158021000-7fe15c000000 ---p 00000000 00:00 0 
7fe15c000000-7fe15c314000 rw-p 00000000 00:00 0 
7fe15c314000-7fe160000000 ---p 00000000 00:00 0 
7fe160000000-7fe160021000 rw-p 00000000 00:00 0 
7fe160021000-7fe164000000 ---p 00000000 00:00 0 
7fe164000000-7fe164021000 rw-p 00000000 00:00 0 
7fe164021000-7fe168000000 ---p 00000000 00:00 0 
7fe168000000-7fe1683e8000 rw-p 00000000 00:00 0 
7fe1683e8000-7fe16c000000 ---p 00000000 00:00 0 
7fe16c000000-7fe16c021000 rw-p 00000000 00:00 0 
7fe16c021000-7fe170000000 ---p 00000000 00:00 0 
7fe170000000-7fe170021000 rw-p 00000000 00:00 0 
7fe170021000-7fe174000000 ---p 00000000 00:00 0 
7fe174000000-7fe1750ec000 rw-p 00000000 00:00 0 
7fe1750ec000-7fe178000000 ---p 00000000 00:00 0 
7fe178000000-7fe178021000 rw-p 00000000 00:00 0 
7fe178021000-7fe17c000000 ---p 00000000 00:00 0 
7fe17c000000-7fe17c021000 rw-p 00000000 00:00 0 
7fe17c021000-7fe180000000 ---p 00000000 00:00 0 
7fe180000000-7fe180021000 rw-p 00000000 00:00 0 
7fe180021000-7fe184000000 ---p 00000000 00:00 0 
7fe184000000-7fe184021000 rw-p 00000000 00:00 0 
7fe184021000-7fe188000000 ---p 00000000 00:00 0 
7fe188000000-7fe188400000 rw-p 00000000 00:00 0 
7fe188400000-7fe188500000 rw-p 00000000 00:00 0 
7fe188500000-7fe188900000 rw-p 00000000 00:00 0 
7fe188900000-7fe188a00000 rw-p 00000000 00:00 0 
7fe188a00000-7fe188b00000 rw-p 00000000 00:00 0 
7fe188b00000-7fe188c00000 rw-p 00000000 00:00 0 
7fe188c00000-7fe188d80000 rw-p 00000000 00:00 0 
7fe188d80000-7fe188e00000 rw-p 00000000 00:00 0 
7fe188e00000-7fe188f80000 rw-p 00000000 00:00 0 
7fe188f80000-7fe189000000 rw-p 00000000 00:00 0 
7fe189000000-7fe189060000 rw-p 00000000 00:00 0 
7fe189060000-7fe189080000 rw-p 00000000 00:00 0 
7fe189080000-7fe189100000 rw-p 00000000 00:00 0 
7fe189100000-7fe189280000 rw-p 00000000 00:00 0 
7fe189280000-7fe189300000 rw-p 00000000 00:00 0 
7fe189300000-7fe189500000 rw-p 00000000 00:00 0 
7fe189500000-7fe189580000 rw-p 00000000 00:00 0 
7fe189580000-7fe189640000 rw-p 00000000 00:00 0 
7fe189640000-7fe189680000 rw-p 00000000 00:00 0 
7fe189680000-7fe189700000 rw-p 00000000 00:00 0 
7fe189700000-7fe189900000 rw-p 00000000 00:00 0 
7fe189900000-7fe189980000 rw-p 00000000 00:00 0 
7fe189980000-7fe189b00000 rw-p 00000000 00:00 0 
7fe189b00000-7fe189f00000 rw-p 00000000 00:00 0 
7fe189f00000-7fe189ff0000 rw-p 00000000 00:00 0 
7fe189ff0000-7fe18a000000 ---p 00000000 00:00 0 
7fe18a000000-7fe18a500000 rw-p 00000000 00:00 0 
7fe18a500000-7fe18c000000 ---p 00000000 00:00 0 
7fe18c000000-7fe18c021000 rw-p 00000000 00:00 0 
7fe18c021000-7fe190000000 ---p 00000000 00:00 0 
7fe190000000-7fe190021000 rw-p 00000000 00:00 0 
7fe190021000-7fe194000000 ---p 00000000 00:00 0 
7fe194000000-7fe194021000 rw-p 00000000 00:00 0 
7fe194021000-7fe198000000 ---p 00000000 00:00 0 
7fe198000000-7fe198001000 rw-s 00000000 00:01 157218                     /memfd:xshmfence (deleted)
7fe198002000-7fe198004000 r--p 00000000 00:22 41447025                   /home/mleku/.local/state/cabal/store/ghc-9.6.3/data-default-0.7.1.1-0dc1fc6930f802543ff7577d89a20f1a17f8631c8f8cd7fd967230ca6a8e107a/lib/libHSdata-default-0.7.1.1-0dc1fc6930f802543ff7577d89a20f1a17f8631c8f8cd7fd967230ca6a8e107a-ghc9.6.3.so
7fe198004000-7fe198005000 r-xp 00002000 00:22 41447025                   /home/mleku/.local/state/cabal/store/ghc-9.6.3/data-default-0.7.1.1-0dc1fc6930f802543ff7577d89a20f1a17f8631c8f8cd7fd967230ca6a8e107a/lib/libHSdata-default-0.7.1.1-0dc1fc6930f802543ff7577d89a20f1a17f8631c8f8cd7fd967230ca6a8e107a-ghc9.6.3.so
7fe198005000-7fe198006000 r--p 00003000 00:22 41447025                   /home/mleku/.local/state/cabal/store/ghc-9.6.3/data-default-0.7.1.1-0dc1fc6930f802543ff7577d89a20f1a17f8631c8f8cd7fd967230ca6a8e107a/lib/libHSdata-default-0.7.1.1-0dc1fc6930f802543ff7577d89a20f1a17f8631c8f8cd7fd967230ca6a8e107a-ghc9.6.3.so
7fe198006000-7fe198007000 r--p 00003000 00:22 41447025                   /home/mleku/.local/state/cabal/store/ghc-9.6.3/data-default-0.7.1.1-0dc1fc6930f802543ff7577d89a20f1a17f8631c8f8cd7fd967230ca6a8e107a/lib/libHSdata-default-0.7.1.1-0dc1fc6930f802543ff7577d89a20f1a17f8631c8f8cd7fd967230ca6a8e107a-ghc9.6.3.so
7fe198007000-7fe198008000 rw-p 00004000 00:22 41447025                   /home/mleku/.local/state/cabal/store/ghc-9.6.3/data-default-0.7.1.1-0dc1fc6930f802543ff7577d89a20f1a17f8631c8f8cd7fd967230ca6a8e107a/lib/libHSdata-default-0.7.1.1-0dc1fc6930f802543ff7577d89a20f1a17f8631c8f8cd7fd967230ca6a8e107a-ghc9.6.3.so
7fe198008000-7fe198016000 r--p 00000000 00:22 41449138                   /home/mleku/.local/state/cabal/store/ghc-9.6.3/monad-control-1.0.3.1-6f6ba806d7cf991812bc234b52c30f48282db4f291e3d32cab0696752b0c8a6b/lib/libHSmonad-control-1.0.3.1-6f6ba806d7cf991812bc234b52c30f48282db4f291e3d32cab0696752b0c8a6b-ghc9.6.3.so
7fe198016000-7fe19801c000 r-xp 0000e000 00:22 41449138                   /home/mleku/.local/state/cabal/store/ghc-9.6.3/monad-control-1.0.3.1-6f6ba806d7cf991812bc234b52c30f48282db4f291e3d32cab0696752b0c8a6b/lib/libHSmonad-control-1.0.3.1-6f6ba806d7cf991812bc234b52c30f48282db4f291e3d32cab0696752b0c8a6b-ghc9.6.3.so
7fe19801c000-7fe19801d000 r--p 00014000 00:22 41449138                   /home/mleku/.local/state/cabal/store/ghc-9.6.3/monad-control-1.0.3.1-6f6ba806d7cf991812bc234b52c30f48282db4f291e3d32cab0696752b0c8a6b/lib/libHSmonad-control-1.0.3.1-6f6ba806d7cf991812bc234b52c30f48282db4f291e3d32cab0696752b0c8a6b-ghc9.6.3.so
7fe19801d000-7fe19801e000 r--p 00014000 00:22 41449138                   /home/mleku/.local/state/cabal/store/ghc-9.6.3/monad-control-1.0.3.1-6f6ba806d7cf991812bc234b52c30f48282db4f291e3d32cab0696752b0c8a6b/lib/libHSmonad-control-1.0.3.1-6f6ba806d7cf991812bc234b52c30f48282db4f291e3d32cab0696752b0c8a6b-ghc9.6.3.so
7fe19801e000-7fe19801f000 rw-p 00015000 00:22 41449138                   /home/mleku/.local/state/cabal/store/ghc-9.6.3/monad-control-1.0.3.1-6f6ba806d7cf991812bc234b52c30f48282db4f291e3d32cab0696752b0c8a6b/lib/libHSmonad-control-1.0.3.1-6f6ba806d7cf991812bc234b52c30f48282db4f291e3d32cab0696752b0c8a6b-ghc9.6.3.so
7fe19801f000-7fe19802d000 r--p 00000000 00:22 41452191                   /home/mleku/.local/state/cabal/store/ghc-9.6.3/lifted-base-0.2.3.12-6bb680b275575f77f23a400002cab0d5c5392afc5c95837c034d35d6f4d761c8/lib/libHSlifted-base-0.2.3.12-6bb680b275575f77f23a400002cab0d5c5392afc5c95837c034d35d6f4d761c8-ghc9.6.3.so
7fe19802d000-7fe198039000 r-xp 0000e000 00:22 41452191                   /home/mleku/.local/state/cabal/store/ghc-9.6.3/lifted-base-0.2.3.12-6bb680b275575f77f23a400002cab0d5c5392afc5c95837c034d35d6f4d761c8/lib/libHSlifted-base-0.2.3.12-6bb680b275575f77f23a400002cab0d5c5392afc5c95837c034d35d6f4d761c8-ghc9.6.3.so
7fe198039000-7fe19803a000 r--p 0001a000 00:22 41452191                   /home/mleku/.local/state/cabal/store/ghc-9.6.3/lifted-base-0.2.3.12-6bb680b275575f77f23a400002cab0d5c5392afc5c95837c034d35d6f4d761c8/lib/libHSlifted-base-0.2.3.12-6bb680b275575f77f23a400002cab0d5c5392afc5c95837c034d35d6f4d761c8-ghc9.6.3.so
7fe19803a000-7fe19803b000 r--p 0001a000 00:22 41452191                   /home/mleku/.local/state/cabal/store/ghc-9.6.3/lifted-base-0.2.3.12-6bb680b275575f77f23a400002cab0d5c5392afc5c95837c034d35d6f4d761c8/lib/libHSlifted-base-0.2.3.12-6bb680b275575f77f23a400002cab0d5c5392afc5c95837c034d35d6f4d761c8-ghc9.6.3.so
7fe19803b000-7fe19803c000 rw-p 0001b000 00:22 41452191                   /home/mleku/.local/state/cabal/store/ghc-9.6.3/lifted-base-0.2.3.12-6bb680b275575f77f23a400002cab0d5c5392afc5c95837c034d35d6f4d761c8/lib/libHSlifted-base-0.2.3.12-6bb680b275575f77f23a400002cab0d5c5392afc5c95837c034d35d6f4d761c8-ghc9.6.3.so
7fe19803c000-7fe198044000 r--p 00000000 00:22 41438283                   /home/mleku/.local/state/cabal/store/ghc-9.6.3/monad-loops-0.4.3-98feff43df6edc7df39efe98002b1cc9407b070d698d434ec670f5726dc88e5b/lib/libHSmonad-loops-0.4.3-98feff43df6edc7df39efe98002b1cc9407b070d698d434ec670f5726dc88e5b-ghc9.6.3.so
7fe198044000-7fe198052000 r-xp 00008000 00:22 41438283                   /home/mleku/.local/state/cabal/store/ghc-9.6.3/monad-loops-0.4.3-98feff43df6edc7df39efe98002b1cc9407b070d698d434ec670f5726dc88e5b/lib/libHSmonad-loops-0.4.3-98feff43df6edc7df39efe98002b1cc9407b070d698d434ec670f5726dc88e5b-ghc9.6.3.so
7fe198052000-7fe198053000 r--p 00016000 00:22 41438283                   /home/mleku/.local/state/cabal/store/ghc-9.6.3/monad-loops-0.4.3-98feff43df6edc7df39efe98002b1cc9407b070d698d434ec670f5726dc88e5b/lib/libHSmonad-loops-0.4.3-98feff43df6edc7df39efe98002b1cc9407b070d698d434ec670f5726dc88e5b-ghc9.6.3.so
7fe198053000-7fe198054000 r--p 00016000 00:22 41438283                   /home/mleku/.local/state/cabal/store/ghc-9.6.3/monad-loops-0.4.3-98feff43df6edc7df39efe98002b1cc9407b070d698d434ec670f5726dc88e5b/lib/libHSmonad-loops-0.4.3-98feff43df6edc7df39efe98002b1cc9407b070d698d434ec670f5726dc88e5b-ghc9.6.3.so
7fe198054000-7fe198055000 rw-p 00017000 00:22 41438283                   /home/mleku/.local/state/cabal/store/ghc-9.6.3/monad-loops-0.4.3-98feff43df6edc7df39efe98002b1cc9407b070d698d434ec670f5726dc88e5b/lib/libHSmonad-loops-0.4.3-98feff43df6edc7df39efe98002b1cc9407b070d698d434ec670f5726dc88e5b-ghc9.6.3.so
7fe198055000-7fe19806b000 r--p 00000000 00:22 41439702                   /home/mleku/.local/state/cabal/store/ghc-9.6.3/stm-chans-3.0.0.9-27ac3a1df633cbdc2c71a28c9eeacd8c9b232a2a752f54f84e55418ba8d206e4/lib/libHSstm-chans-3.0.0.9-27ac3a1df633cbdc2c71a28c9eeacd8c9b232a2a752f54f84e55418ba8d206e4-ghc9.6.3.so
7fe19806b000-7fe198076000 r-xp 00016000 00:22 41439702                   /home/mleku/.local/state/cabal/store/ghc-9.6.3/stm-chans-3.0.0.9-27ac3a1df633cbdc2c71a28c9eeacd8c9b232a2a752f54f84e55418ba8d206e4/lib/libHSstm-chans-3.0.0.9-27ac3a1df633cbdc2c71a28c9eeacd8c9b232a2a752f54f84e55418ba8d206e4-ghc9.6.3.so
7fe198076000-7fe198077000 r--p 00021000 00:22 41439702                   /home/mleku/.local/state/cabal/store/ghc-9.6.3/stm-chans-3.0.0.9-27ac3a1df633cbdc2c71a28c9eeacd8c9b232a2a752f54f84e55418ba8d206e4/lib/libHSstm-chans-3.0.0.9-27ac3a1df633cbdc2c71a28c9eeacd8c9b232a2a752f54f84e55418ba8d206e4-ghc9.6.3.so
7fe198077000-7fe198078000 r--p 00021000 00:22 41439702                   /home/mleku/.local/state/cabal/store/ghc-9.6.3/stm-chans-3.0.0.9-27ac3a1df633cbdc2c71a28c9eeacd8c9b232a2a752f54f84e55418ba8d206e4/lib/libHSstm-chans-3.0.0.9-27ac3a1df633cbdc2c71a28c9eeacd8c9b232a2a752f54f84e55418ba8d206e4-ghc9.6.3.so
7fe198078000-7fe19807a000 rw-p 00022000 00:22 41439702                   /home/mleku/.local/state/cabal/store/ghc-9.6.3/stm-chans-3.0.0.9-27ac3a1df633cbdc2c71a28c9eeacd8c9b232a2a752f54f84e55418ba8d206e4/lib/libHSstm-chans-3.0.0.9-27ac3a1df633cbdc2c71a28c9eeacd8c9b232a2a752f54f84e55418ba8d206e4-ghc9.6.3.so
7fe19807a000-7fe198092000 r--p 00000000 00:22 41462468                   /home/mleku/.local/state/cabal/store/ghc-9.6.3/simple-logger-0.1.1-74a5a24b5c9c137579e4e7136fe51f6f3d021f9d392f41e966f82eb3aced465f/lib/libHSsimple-logger-0.1.1-74a5a24b5c9c137579e4e7136fe51f6f3d021f9d392f41e966f82eb3aced465f-ghc9.6.3.so
7fe198092000-7fe1980a1000 r-xp 00018000 00:22 41462468                   /home/mleku/.local/state/cabal/store/ghc-9.6.3/simple-logger-0.1.1-74a5a24b5c9c137579e4e7136fe51f6f3d021f9d392f41e966f82eb3aced465f/lib/libHSsimple-logger-0.1.1-74a5a24b5c9c137579e4e7136fe51f6f3d021f9d392f41e966f82eb3aced465f-ghc9.6.3.so
7fe1980a1000-7fe1980a2000 r--p 00027000 00:22 41462468                   /home/mleku/.local/state/cabal/store/ghc-9.6.3/simple-logger-0.1.1-74a5a24b5c9c137579e4e7136fe51f6f3d021f9d392f41e966f82eb3aced465f/lib/libHSsimple-logger-0.1.1-74a5a24b5c9c137579e4e7136fe51f6f3d021f9d392f41e966f82eb3aced465f-ghc9.6.3.so
7fe1980a2000-7fe1980a3000 r--p 00028000 00:22 41462468                   /home/mleku/.local/state/cabal/store/ghc-9.6.3/simple-logger-0.1.1-74a5a24b5c9c137579e4e7136fe51f6f3d021f9d392f41e966f82eb3aced465f/lib/libHSsimple-logger-0.1.1-74a5a24b5c9c137579e4e7136fe51f6f3d021f9d392f41e966f82eb3aced465f-ghc9.6.3.so
7fe1980a3000-7fe1980a6000 rw-p 00029000 00:22 41462468                   /home/mleku/.local/state/cabal/store/ghc-9.6.3/simple-logger-0.1.1-74a5a24b5c9c137579e4e7136fe51f6f3d021f9d392f41e966f82eb3aced465f/lib/libHSsimple-logger-0.1.1-74a5a24b5c9c137579e4e7136fe51f6f3d021f9d392f41e966f82eb3aced465f-ghc9.6.3.so
7fe1980a6000-7fe1980b3000 r--p 00000000 00:22 41459058                   /home/mleku/.local/state/cabal/store/ghc-9.6.3/crypton-x509-store-1.6.9-64fdad60030d495614a07f5b56043ee9ff853e07d06be0e999faf50e57e3c974/lib/libHScrypton-x509-store-1.6.9-64fdad60030d495614a07f5b56043ee9ff853e07d06be0e999faf50e57e3c974-ghc9.6.3.so
7fe1980b3000-7fe1980bd000 r-xp 0000d000 00:22 41459058                   /home/mleku/.local/state/cabal/store/ghc-9.6.3/crypton-x509-store-1.6.9-64fdad60030d495614a07f5b56043ee9ff853e07d06be0e999faf50e57e3c974/lib/libHScrypton-x509-store-1.6.9-64fdad60030d495614a07f5b56043ee9ff853e07d06be0e999faf50e57e3c974-ghc9.6.3.so
7fe1980bd000-7fe1980be000 r--p 00017000 00:22 41459058                   /home/mleku/.local/state/cabal/store/ghc-9.6.3/crypton-x509-store-1.6.9-64fdad60030d495614a07f5b56043ee9ff853e07d06be0e999faf50e57e3c974/lib/libHScrypton-x509-store-1.6.9-64fdad60030d495614a07f5b56043ee9ff853e07d06be0e999faf50e57e3c974-ghc9.6.3.so
7fe1980be000-7fe1980bf000 r--p 00017000 00:22 41459058                   /home/mleku/.local/state/cabal/store/ghc-9.6.3/crypton-x509-store-1.6.9-64fdad60030d495614a07f5b56043ee9ff853e07d06be0e999faf50e57e3c974/lib/libHScrypton-x509-store-1.6.9-64fdad60030d495614a07f5b56043ee9ff853e07d06be0e999faf50e57e3c974-ghc9.6.3.so
7fe1980bf000-7fe1980c1000 rw-p 00018000 00:22 41459058                   /home/mleku/.local/state/cabal/store/ghc-9.6.3/crypton-x509-store-1.6.9-64fdad60030d495614a07f5b56043ee9ff853e07d06be0e999faf50e57e3c974/lib/libHScrypton-x509-store-1.6.9-64fdad60030d495614a07f5b56043ee9ff853e07d06be0e999faf50e57e3c974-ghc9.6.3.so
7fe1980c1000-7fe1980e5000 r--p 00000000 00:22 41459240                   /home/mleku/.local/state/cabal/store/ghc-9.6.3/crypton-x509-validation-1.6.12-6c2492e39358fa3eb290c04e6d2e26ea294b9142355075e952d607428999798b/lib/libHScrypton-x509-validation-1.6.12-6c2492e39358fa3eb290c04e6d2e26ea294b9142355075e952d607428999798b-ghc9.6.3.so
7fe1980e5000-7fe1980f6000 r-xp 00024000 00:22 41459240                   /home/mleku/.local/state/cabal/store/ghc-9.6.3/crypton-x509-validation-1.6.12-6c2492e39358fa3eb290c04e6d2e26ea294b9142355075e952d607428999798b/lib/libHScrypton-x509-validation-1.6.12-6c2492e39358fa3eb290c04e6d2e26ea294b9142355075e952d607428999798b-ghc9.6.3.so
7fe1980f6000-7fe1980f8000 r--p 00035000 00:22 41459240                   /home/mleku/.local/state/cabal/store/ghc-9.6.3/crypton-x509-validation-1.6.12-6c2492e39358fa3eb290c04e6d2e26ea294b9142355075e952d607428999798b/lib/libHScrypton-x509-validation-1.6.12-6c2492e39358fa3eb290c04e6d2e26ea294b9142355075e952d607428999798b-ghc9.6.3.so
7fe1980f8000-7fe1980f9000 r--p 00037000 00:22 41459240                   /home/mleku/.local/state/cabal/store/ghc-9.6.3/crypton-x509-validation-1.6.12-6c2492e39358fa3eb290c04e6d2e26ea294b9142355075e952d607428999798b/lib/libHScrypton-x509-validation-1.6.12-6c2492e39358fa3eb290c04e6d2e26ea294b9142355075e952d607428999798b-ghc9.6.3.so
7fe1980f9000-7fe1980fc000 rw-p 00038000 00:22 41459240                   /home/mleku/.local/state/cabal/store/ghc-9.6.3/crypton-x509-validation-1.6.12-6c2492e39358fa3eb290c04e6d2e26ea294b9142355075e952d607428999798b/lib/libHScrypton-x509-validation-1.6.12-6c2492e39358fa3eb290c04e6d2e26ea294b9142355075e952d607428999798b-ghc9.6.3.so
7fe1980fc000-7fe198108000 r--p 00000000 00:22 41434406                   /home/mleku/.local/state/cabal/store/ghc-9.6.3/appar-0.1.8-bd63ed1040fe7d92a0e7cc92684637afe09f278adaac8b4a583b27a1abb41d6f/lib/libHSappar-0.1.8-bd63ed1040fe7d92a0e7cc92684637afe09f278adaac8b4a583b27a1abb41d6f-ghc9.6.3.so
7fe198108000-7fe19810d000 r-xp 0000c000 00:22 41434406                   /home/mleku/.local/state/cabal/store/ghc-9.6.3/appar-0.1.8-bd63ed1040fe7d92a0e7cc92684637afe09f278adaac8b4a583b27a1abb41d6f/lib/libHSappar-0.1.8-bd63ed1040fe7d92a0e7cc92684637afe09f278adaac8b4a583b27a1abb41d6f-ghc9.6.3.so
7fe19810d000-7fe19810e000 r--p 00011000 00:22 41434406                   /home/mleku/.local/state/cabal/store/ghc-9.6.3/appar-0.1.8-bd63ed1040fe7d92a0e7cc92684637afe09f278adaac8b4a583b27a1abb41d6f/lib/libHSappar-0.1.8-bd63ed1040fe7d92a0e7cc92684637afe09f278adaac8b4a583b27a1abb41d6f-ghc9.6.3.so
7fe19810e000-7fe19810f000 r--p 00011000 00:22 41434406                   /home/mleku/.local/state/cabal/store/ghc-9.6.3/appar-0.1.8-bd63ed1040fe7d92a0e7cc92684637afe09f278adaac8b4a583b27a1abb41d6f/lib/libHSappar-0.1.8-bd63ed1040fe7d92a0e7cc92684637afe09f278adaac8b4a583b27a1abb41d6f-ghc9.6.3.so
7fe19810f000-7fe198111000 rw-p 00012000 00:22 41434406                   /home/mleku/.local/state/cabal/store/ghc-9.6.3/appar-0.1.8-bd63ed1040fe7d92a0e7cc92684637afe09f278adaac8b4a583b27a1abb41d6f/lib/libHSappar-0.1.8-bd63ed1040fe7d92a0e7cc92684637afe09f278adaac8b4a583b27a1abb41d6f-ghc9.6.3.so
7fe198111000-7fe198118000 r--p 00000000 00:22 41435164                   /home/mleku/.local/state/cabal/store/ghc-9.6.3/byteorder-1.0.4-ed17d207852397b4b016f73775ae7e4a811a9c27f8222c19d558bd92a259ee1d/lib/libHSbyteorder-1.0.4-ed17d207852397b4b016f73775ae7e4a811a9c27f8222c19d558bd92a259ee1d-ghc9.6.3.so
7fe198118000-7fe19811b000 r-xp 00007000 00:22 41435164                   /home/mleku/.local/state/cabal/store/ghc-9.6.3/byteorder-1.0.4-ed17d207852397b4b016f73775ae7e4a811a9c27f8222c19d558bd92a259ee1d/lib/libHSbyteorder-1.0.4-ed17d207852397b4b016f73775ae7e4a811a9c27f8222c19d558bd92a259ee1d-ghc9.6.3.so
7fe19811b000-7fe19811c000 r--p 0000a000 00:22 41435164                   /home/mleku/.local/state/cabal/store/ghc-9.6.3/byteorder-1.0.4-ed17d207852397b4b016f73775ae7e4a811a9c27f8222c19d558bd92a259ee1d/lib/libHSbyteorder-1.0.4-ed17d207852397b4b016f73775ae7e4a811a9c27f8222c19d558bd92a259ee1d-ghc9.6.3.so
7fe19811c000-7fe19811d000 r--p 0000a000 00:22 41435164                   /home/mleku/.local/state/cabal/store/ghc-9.6.3/byteorder-1.0.4-ed17d207852397b4b016f73775ae7e4a811a9c27f8222c19d558bd92a259ee1d/lib/libHSbyteorder-1.0.4-ed17d207852397b4b016f73775ae7e4a811a9c27f8222c19d558bd92a259ee1d-ghc9.6.3.so
7fe19811d000-7fe19811e000 rw-p 0000b000 00:22 41435164                   /home/mleku/.local/state/cabal/store/ghc-9.6.3/byteorder-1.0.4-ed17d207852397b4b016f73775ae7e4a811a9c27f8222c19d558bd92a259ee1d/lib/libHSbyteorder-1.0.4-ed17d207852397b4b016f73775ae7e4a811a9c27f8222c19d558bd92a259ee1d-ghc9.6.3.so
7fe19811e000-7fe19816d000 r--p 00000000 00:22 41450292                   /home/mleku/.local/state/cabal/store/ghc-9.6.3/iproute-1.7.12-f2697155f8d196d730c7a4356a213a14569fb9fe169e659aee4a75a1b1e3d28d/lib/libHSiproute-1.7.12-f2697155f8d196d730c7a4356a213a14569fb9fe169e659aee4a75a1b1e3d28d-ghc9.6.3.so
7fe19816d000-7fe1981b0000 r-xp 0004f000 00:22 41450292                   /home/mleku/.local/state/cabal/store/ghc-9.6.3/iproute-1.7.12-f2697155f8d196d730c7a4356a213a14569fb9fe169e659aee4a75a1b1e3d28d/lib/libHSiproute-1.7.12-f2697155f8d196d730c7a4356a213a14569fb9fe169e659aee4a75a1b1e3d28d-ghc9.6.3.so
7fe1981b0000-7fe1981b1000 r--p 00092000 00:22 41450292                   /home/mleku/.local/state/cabal/store/ghc-9.6.3/iproute-1.7.12-f2697155f8d196d730c7a4356a213a14569fb9fe169e659aee4a75a1b1e3d28d/lib/libHSiproute-1.7.12-f2697155f8d196d730c7a4356a213a14569fb9fe169e659aee4a75a1b1e3d28d-ghc9.6.3.so
7fe1981b1000-7fe1981b2000 r--p 00093000 00:22 41450292                   /home/mleku/.local/state/cabal/store/ghc-9.6.3/iproute-1.7.12-f2697155f8d196d730c7a4356a213a14569fb9fe169e659aee4a75a1b1e3d28d/lib/libHSiproute-1.7.12-f2697155f8d196d730c7a4356a213a14569fb9fe169e659aee4a75a1b1e3d28d-ghc9.6.3.so
7fe1981b2000-7fe1981ba000 rw-p 00094000 00:22 41450292                   /home/mleku/.local/state/cabal/store/ghc-9.6.3/iproute-1.7.12-f2697155f8d196d730c7a4356a213a14569fb9fe169e659aee4a75a1b1e3d28d/lib/libHSiproute-1.7.12-f2697155f8d196d730c7a4356a213a14569fb9fe169e659aee4a75a1b1e3d28d-ghc9.6.3.so
7fe1981ba000-7fe1981cb000 r--p 00000000 00:22 41453505                   /home/mleku/.local/state/cabal/store/ghc-9.6.3/network-udp-0.0.0-530084fb15fcec5f08fc3bee6044237bcec27bdd9896cea52bf3bf54ae880d2d/lib/libHSnetwork-udp-0.0.0-530084fb15fcec5f08fc3bee6044237bcec27bdd9896cea52bf3bf54ae880d2d-ghc9.6.3.so
7fe1981cb000-7fe1981d7000 r-xp 00011000 00:22 41453505                   /home/mleku/.local/state/cabal/store/ghc-9.6.3/network-udp-0.0.0-530084fb15fcec5f08fc3bee6044237bcec27bdd9896cea52bf3bf54ae880d2d/lib/libHSnetwork-udp-0.0.0-530084fb15fcec5f08fc3bee6044237bcec27bdd9896cea52bf3bf54ae880d2d-ghc9.6.3.so
7fe1981d7000-7fe1981d8000 r--p 0001d000 00:22 41453505                   /home/mleku/.local/state/cabal/store/ghc-9.6.3/network-udp-0.0.0-530084fb15fcec5f08fc3bee6044237bcec27bdd9896cea52bf3bf54ae880d2d/lib/libHSnetwork-udp-0.0.0-530084fb15fcec5f08fc3bee6044237bcec27bdd9896cea52bf3bf54ae880d2d-ghc9.6.3.so
7fe1981d8000-7fe1981d9000 r--p 0001d000 00:22 41453505                   /home/mleku/.local/state/cabal/store/ghc-9.6.3/network-udp-0.0.0-530084fb15fcec5f08fc3bee6044237bcec27bdd9896cea52bf3bf54ae880d2d/lib/libHSnetwork-udp-0.0.0-530084fb15fcec5f08fc3bee6044237bcec27bdd9896cea52bf3bf54ae880d2d-ghc9.6.3.so
7fe1981d9000-7fe1981db000 rw-p 0001e000 00:22 41453505                   /home/mleku/.local/state/cabal/store/ghc-9.6.3/network-udp-0.0.0-530084fb15fcec5f08fc3bee6044237bcec27bdd9896cea52bf3bf54ae880d2d/lib/libHSnetwork-udp-0.0.0-530084fb15fcec5f08fc3bee6044237bcec27bdd9896cea52bf3bf54ae880d2d-ghc9.6.3.so
7fe1981db000-7fe198216000 r--p 00000000 00:22 41437669                   /home/mleku/.local/state/cabal/store/ghc-9.6.3/cereal-0.5.8.3-1dc9d2e442647ca716729f0956fdcf61c80cd8a0e0593a7c3ffd6dec6fd90897/lib/libHScereal-0.5.8.3-1dc9d2e442647ca716729f0956fdcf61c80cd8a0e0593a7c3ffd6dec6fd90897-ghc9.6.3.so
7fe198216000-7fe19826a000 r-xp 0003b000 00:22 41437669                   /home/mleku/.local/state/cabal/store/ghc-9.6.3/cereal-0.5.8.3-1dc9d2e442647ca716729f0956fdcf61c80cd8a0e0593a7c3ffd6dec6fd90897/lib/libHScereal-0.5.8.3-1dc9d2e442647ca716729f0956fdcf61c80cd8a0e0593a7c3ffd6dec6fd90897-ghc9.6.3.so
7fe19826a000-7fe19826b000 r--p 0008f000 00:22 41437669                   /home/mleku/.local/state/cabal/store/ghc-9.6.3/cereal-0.5.8.3-1dc9d2e442647ca716729f0956fdcf61c80cd8a0e0593a7c3ffd6dec6fd90897/lib/libHScereal-0.5.8.3-1dc9d2e442647ca716729f0956fdcf61c80cd8a0e0593a7c3ffd6dec6fd90897-ghc9.6.3.so
7fe19826b000-7fe19826c000 r--p 0008f000 00:22 41437669                   /home/mleku/.local/state/cabal/store/ghc-9.6.3/cereal-0.5.8.3-1dc9d2e442647ca716729f0956fdcf61c80cd8a0e0593a7c3ffd6dec6fd90897/lib/libHScereal-0.5.8.3-1dc9d2e442647ca716729f0956fdcf61c80cd8a0e0593a7c3ffd6dec6fd90897-ghc9.6.3.so
7fe19826c000-7fe198270000 rw-p 00090000 00:22 41437669                   /home/mleku/.local/state/cabal/store/ghc-9.6.3/cereal-0.5.8.3-1dc9d2e442647ca716729f0956fdcf61c80cd8a0e0593a7c3ffd6dec6fd90897/lib/libHScereal-0.5.8.3-1dc9d2e442647ca716729f0956fdcf61c80cd8a0e0593a7c3ffd6dec6fd90897-ghc9.6.3.so
7fe198270000-7fe1982be000 r--p 00000000 00:22 41449682                   /home/mleku/.local/state/cabal/store/ghc-9.6.3/socks-0.6.1-321a4ad83486b2eab3dbdbbd43e942eb6e8e886281d9cd99264913eda3e51659/lib/libHSsocks-0.6.1-321a4ad83486b2eab3dbdbbd43e942eb6e8e886281d9cd99264913eda3e51659-ghc9.6.3.so
7fe1982be000-7fe198302000 r-xp 0004e000 00:22 41449682                   /home/mleku/.local/state/cabal/store/ghc-9.6.3/socks-0.6.1-321a4ad83486b2eab3dbdbbd43e942eb6e8e886281d9cd99264913eda3e51659/lib/libHSsocks-0.6.1-321a4ad83486b2eab3dbdbbd43e942eb6e8e886281d9cd99264913eda3e51659-ghc9.6.3.so
7fe198302000-7fe198306000 r--p 00092000 00:22 41449682                   /home/mleku/.local/state/cabal/store/ghc-9.6.3/socks-0.6.1-321a4ad83486b2eab3dbdbbd43e942eb6e8e886281d9cd99264913eda3e51659/lib/libHSsocks-0.6.1-321a4ad83486b2eab3dbdbbd43e942eb6e8e886281d9cd99264913eda3e51659-ghc9.6.3.so
7fe198306000-7fe198307000 r--p 00096000 00:22 41449682                   /home/mleku/.local/state/cabal/store/ghc-9.6.3/socks-0.6.1-321a4ad83486b2eab3dbdbbd43e942eb6e8e886281d9cd99264913eda3e51659/lib/libHSsocks-0.6.1-321a4ad83486b2eab3dbdbbd43e942eb6e8e886281d9cd99264913eda3e51659-ghc9.6.3.so
7fe198307000-7fe19830f000 rw-p 00097000 00:22 41449682                   /home/mleku/.local/state/cabal/store/ghc-9.6.3/socks-0.6.1-321a4ad83486b2eab3dbdbbd43e942eb6e8e886281d9cd99264913eda3e51659/lib/libHSsocks-0.6.1-321a4ad83486b2eab3dbdbbd43e942eb6e8e886281d9cd99264913eda3e51659-ghc9.6.3.so
7fe19830f000-7fe198327000 r--p 00000000 00:22 41435899                   /home/mleku/.local/state/cabal/store/ghc-9.6.3/blaze-builder-0.4.2.3-cfba547b28f9002387e922228aa358ccf0b616be9b75b595c36c70c86441d563/lib/libHSblaze-builder-0.4.2.3-cfba547b28f9002387e922228aa358ccf0b616be9b75b595c36c70c86441d563-ghc9.6.3.so
7fe198327000-7fe198337000 r-xp 00018000 00:22 41435899                   /home/mleku/.local/state/cabal/store/ghc-9.6.3/blaze-builder-0.4.2.3-cfba547b28f9002387e922228aa358ccf0b616be9b75b595c36c70c86441d563/lib/libHSblaze-builder-0.4.2.3-cfba547b28f9002387e922228aa358ccf0b616be9b75b595c36c70c86441d563-ghc9.6.3.so
7fe198337000-7fe198338000 r--p 00028000 00:22 41435899                   /home/mleku/.local/state/cabal/store/ghc-9.6.3/blaze-builder-0.4.2.3-cfba547b28f9002387e922228aa358ccf0b616be9b75b595c36c70c86441d563/lib/libHSblaze-builder-0.4.2.3-cfba547b28f9002387e922228aa358ccf0b616be9b75b595c36c70c86441d563-ghc9.6.3.so
7fe198338000-7fe198339000 r--p 00028000 00:22 41435899                   /home/mleku/.local/state/cabal/store/ghc-9.6.3/blaze-builder-0.4.2.3-cfba547b28f9002387e922228aa358ccf0b616be9b75b595c36c70c86441d563/lib/libHSblaze-builder-0.4.2.3-cfba547b28f9002387e922228aa358ccf0b616be9b75b595c36c70c86441d563-ghc9.6.3.so
7fe198339000-7fe19833b000 rw-p 00029000 00:22 41435899                   /home/mleku/.local/state/cabal/store/ghc-9.6.3/blaze-builder-0.4.2.3-cfba547b28f9002387e922228aa358ccf0b616be9b75b595c36c70c86441d563/lib/libHSblaze-builder-0.4.2.3-cfba547b28f9002387e922228aa358ccf0b616be9b75b595c36c70c86441d563-ghc9.6.3.so
7fe19833b000-7fe198347000 r--p 00000000 00:22 41457272                   /home/mleku/.local/state/cabal/store/ghc-9.6.3/blaze-textual-0.2.3.1-df8b5224c67a2ff9b4ea9f1217d8696cbece59157a1b11f3edb6e543f74102d0/lib/libHSblaze-textual-0.2.3.1-df8b5224c67a2ff9b4ea9f1217d8696cbece59157a1b11f3edb6e543f74102d0-ghc9.6.3.so
7fe198347000-7fe198358000 r-xp 0000c000 00:22 41457272                   /home/mleku/.local/state/cabal/store/ghc-9.6.3/blaze-textual-0.2.3.1-df8b5224c67a2ff9b4ea9f1217d8696cbece59157a1b11f3edb6e543f74102d0/lib/libHSblaze-textual-0.2.3.1-df8b5224c67a2ff9b4ea9f1217d8696cbece59157a1b11f3edb6e543f74102d0-ghc9.6.3.so
7fe198358000-7fe198359000 r--p 0001d000 00:22 41457272                   /home/mleku/.local/state/cabal/store/ghc-9.6.3/blaze-textual-0.2.3.1-df8b5224c67a2ff9b4ea9f1217d8696cbece59157a1b11f3edb6e543f74102d0/lib/libHSblaze-textual-0.2.3.1-df8b5224c67a2ff9b4ea9f1217d8696cbece59157a1b11f3edb6e543f74102d0-ghc9.6.3.so
7fe198359000-7fe19835a000 r--p 0001d000 00:22 41457272                   /home/mleku/.local/state/cabal/store/ghc-9.6.3/blaze-textual-0.2.3.1-df8b5224c67a2ff9b4ea9f1217d8696cbece59157a1b11f3edb6e543f74102d0/lib/libHSblaze-textual-0.2.3.1-df8b5224c67a2ff9b4ea9f1217d8696cbece59157a1b11f3edb6e543f74102d0-ghc9.6.3.so
7fe19835a000-7fe19835c000 rw-p 0001e000 00:22 41457272                   /home/mleku/.local/state/cabal/store/ghc-9.6.3/blaze-textual-0.2.3.1-df8b5224c67a2ff9b4ea9f1217d8696cbece59157a1b11f3edb6e543f74102d0/lib/libHSblaze-textual-0.2.3.1-df8b5224c67a2ff9b4ea9f1217d8696cbece59157a1b11f3edb6e543f74102d0-ghc9.6.3.so
7fe19835c000-7fe1983bf000 r--p 00000000 00:22 41458955                   /home/mleku/.local/state/cabal/store/ghc-9.6.3/sqlcipher-simple-0.4.18.1-09d3318ba006bdb3bd827da08da99f8ee887ff4ce490d438152f0af42d5ce1ae/lib/libHSsqlcipher-simple-0.4.18.1-09d3318ba006bdb3bd827da08da99f8ee887ff4ce490d438152f0af42d5ce1ae-ghc9.6.3.so
7fe1983bf000-7fe198407000 r-xp 00063000 00:22 41458955                   /home/mleku/.local/state/cabal/store/ghc-9.6.3/sqlcipher-simple-0.4.18.1-09d3318ba006bdb3bd827da08da99f8ee887ff4ce490d438152f0af42d5ce1ae/lib/libHSsqlcipher-simple-0.4.18.1-09d3318ba006bdb3bd827da08da99f8ee887ff4ce490d438152f0af42d5ce1ae-ghc9.6.3.so
7fe198407000-7fe198409000 r--p 000ab000 00:22 41458955                   /home/mleku/.local/state/cabal/store/ghc-9.6.3/sqlcipher-simple-0.4.18.1-09d3318ba006bdb3bd827da08da99f8ee887ff4ce490d438152f0af42d5ce1ae/lib/libHSsqlcipher-simple-0.4.18.1-09d3318ba006bdb3bd827da08da99f8ee887ff4ce490d438152f0af42d5ce1ae-ghc9.6.3.so
7fe198409000-7fe19840a000 r--p 000ad000 00:22 41458955                   /home/mleku/.local/state/cabal/store/ghc-9.6.3/sqlcipher-simple-0.4.18.1-09d3318ba006bdb3bd827da08da99f8ee887ff4ce490d438152f0af42d5ce1ae/lib/libHSsqlcipher-simple-0.4.18.1-09d3318ba006bdb3bd827da08da99f8ee887ff4ce490d438152f0af42d5ce1ae-ghc9.6.3.so
7fe19840a000-7fe198413000 rw-p 000ae000 00:22 41458955                   /home/mleku/.local/state/cabal/store/ghc-9.6.3/sqlcipher-simple-0.4.18.1-09d3318ba006bdb3bd827da08da99f8ee887ff4ce490d438152f0af42d5ce1ae/lib/libHSsqlcipher-simple-0.4.18.1-09d3318ba006bdb3bd827da08da99f8ee887ff4ce490d438152f0af42d5ce1ae-ghc9.6.3.so
7fe198413000-7fe198456000 r--p 00000000 00:22 41462312                   /home/mleku/.local/state/cabal/store/ghc-9.6.3/libyaml-0.1.2-de0acb1e923516f14fa49958b60d7cc3a140a82067b24afd52ce940c2f0441f1/lib/libHSlibyaml-0.1.2-de0acb1e923516f14fa49958b60d7cc3a140a82067b24afd52ce940c2f0441f1-ghc9.6.3.so
7fe198456000-7fe198493000 r-xp 00043000 00:22 41462312                   /home/mleku/.local/state/cabal/store/ghc-9.6.3/libyaml-0.1.2-de0acb1e923516f14fa49958b60d7cc3a140a82067b24afd52ce940c2f0441f1/lib/libHSlibyaml-0.1.2-de0acb1e923516f14fa49958b60d7cc3a140a82067b24afd52ce940c2f0441f1-ghc9.6.3.so
7fe198493000-7fe19849a000 r--p 00080000 00:22 41462312                   /home/mleku/.local/state/cabal/store/ghc-9.6.3/libyaml-0.1.2-de0acb1e923516f14fa49958b60d7cc3a140a82067b24afd52ce940c2f0441f1/lib/libHSlibyaml-0.1.2-de0acb1e923516f14fa49958b60d7cc3a140a82067b24afd52ce940c2f0441f1-ghc9.6.3.so
7fe19849a000-7fe19849b000 r--p 00087000 00:22 41462312                   /home/mleku/.local/state/cabal/store/ghc-9.6.3/libyaml-0.1.2-de0acb1e923516f14fa49958b60d7cc3a140a82067b24afd52ce940c2f0441f1/lib/libHSlibyaml-0.1.2-de0acb1e923516f14fa49958b60d7cc3a140a82067b24afd52ce940c2f0441f1-ghc9.6.3.so
7fe19849b000-7fe1984a2000 rw-p 00088000 00:22 41462312                   /home/mleku/.local/state/cabal/store/ghc-9.6.3/libyaml-0.1.2-de0acb1e923516f14fa49958b60d7cc3a140a82067b24afd52ce940c2f0441f1/lib/libHSlibyaml-0.1.2-de0acb1e923516f14fa49958b60d7cc3a140a82067b24afd52ce940c2f0441f1-ghc9.6.3.so
7fe1984a2000-7fe1984ef000 r--p 00000000 00:22 41462680                   /home/mleku/.local/state/cabal/store/ghc-9.6.3/yaml-0.11.11.2-2c247ec5eab9916942fb606ad20d3e2bde3e7b572227f2797341c26ecc997bca/lib/libHSyaml-0.11.11.2-2c247ec5eab9916942fb606ad20d3e2bde3e7b572227f2797341c26ecc997bca-ghc9.6.3.so
7fe1984ef000-7fe198534000 r-xp 0004d000 00:22 41462680                   /home/mleku/.local/state/cabal/store/ghc-9.6.3/yaml-0.11.11.2-2c247ec5eab9916942fb606ad20d3e2bde3e7b572227f2797341c26ecc997bca/lib/libHSyaml-0.11.11.2-2c247ec5eab9916942fb606ad20d3e2bde3e7b572227f2797341c26ecc997bca-ghc9.6.3.so
7fe198534000-7fe198536000 r--p 00092000 00:22 41462680                   /home/mleku/.local/state/cabal/store/ghc-9.6.3/yaml-0.11.11.2-2c247ec5eab9916942fb606ad20d3e2bde3e7b572227f2797341c26ecc997bca/lib/libHSyaml-0.11.11.2-2c247ec5eab9916942fb606ad20d3e2bde3e7b572227f2797341c26ecc997bca-ghc9.6.3.so
7fe198536000-7fe198538000 r--p 00093000 00:22 41462680                   /home/mleku/.local/state/cabal/store/ghc-9.6.3/yaml-0.11.11.2-2c247ec5eab9916942fb606ad20d3e2bde3e7b572227f2797341c26ecc997bca/lib/libHSyaml-0.11.11.2-2c247ec5eab9916942fb606ad20d3e2bde3e7b572227f2797341c26ecc997bca-ghc9.6.3.so
7fe198538000-7fe198540000 rw-p 00095000 00:22 41462680                   /home/mleku/.local/state/cabal/store/ghc-9.6.3/yaml-0.11.11.2-2c247ec5eab9916942fb606ad20d3e2bde3e7b572227f2797341c26ecc997bca/lib/libHSyaml-0.11.11.2-2c247ec5eab9916942fb606ad20d3e2bde3e7b572227f2797341c26ecc997bca-ghc9.6.3.so
7fe198540000-7fe198570000 r--p 00000000 00:22 41455962                   /home/mleku/.local/state/cabal/store/ghc-9.6.3/zstd-0.1.3.0-203b259d81b55151fd2c9ecb432bfa701dfd8529080fb68640d12b8cbccbb2c4/lib/libHSzstd-0.1.3.0-203b259d81b55151fd2c9ecb432bfa701dfd8529080fb68640d12b8cbccbb2c4-ghc9.6.3.so
7fe198570000-7fe198632000 r-xp 00030000 00:22 41455962                   /home/mleku/.local/state/cabal/store/ghc-9.6.3/zstd-0.1.3.0-203b259d81b55151fd2c9ecb432bfa701dfd8529080fb68640d12b8cbccbb2c4/lib/libHSzstd-0.1.3.0-203b259d81b55151fd2c9ecb432bfa701dfd8529080fb68640d12b8cbccbb2c4-ghc9.6.3.so
7fe198632000-7fe198641000 r--p 000f2000 00:22 41455962                   /home/mleku/.local/state/cabal/store/ghc-9.6.3/zstd-0.1.3.0-203b259d81b55151fd2c9ecb432bfa701dfd8529080fb68640d12b8cbccbb2c4/lib/libHSzstd-0.1.3.0-203b259d81b55151fd2c9ecb432bfa701dfd8529080fb68640d12b8cbccbb2c4-ghc9.6.3.so
7fe198641000-7fe198642000 r--p 00100000 00:22 41455962                   /home/mleku/.local/state/cabal/store/ghc-9.6.3/zstd-0.1.3.0-203b259d81b55151fd2c9ecb432bfa701dfd8529080fb68640d12b8cbccbb2c4/lib/libHSzstd-0.1.3.0-203b259d81b55151fd2c9ecb432bfa701dfd8529080fb68640d12b8cbccbb2c4-ghc9.6.3.so
7fe198642000-7fe198646000 rw-p 00101000 00:22 41455962                   /home/mleku/.local/state/cabal/store/ghc-9.6.3/zstd-0.1.3.0-203b259d81b55151fd2c9ecb432bfa701dfd8529080fb68640d12b8cbccbb2c4/lib/libHSzstd-0.1.3.0-203b259d81b55151fd2c9ecb432bfa701dfd8529080fb68640d12b8cbccbb2c4-ghc9.6.3.so
7fe198646000-7fe1986ab000 r--p 00000000 00:22 41442173                   /home/mleku/.local/state/cabal/store/ghc-9.6.3/prettyprinter-1.7.1-287da2e036de31e4a5b0a697b58ed34063c3a4b99d58100d6d6202cad6e659d0/lib/libHSprettyprinter-1.7.1-287da2e036de31e4a5b0a697b58ed34063c3a4b99d58100d6d6202cad6e659d0-ghc9.6.3.so
7fe1986ab000-7fe198739000 r-xp 00065000 00:22 41442173                   /home/mleku/.local/state/cabal/store/ghc-9.6.3/prettyprinter-1.7.1-287da2e036de31e4a5b0a697b58ed34063c3a4b99d58100d6d6202cad6e659d0/lib/libHSprettyprinter-1.7.1-287da2e036de31e4a5b0a697b58ed34063c3a4b99d58100d6d6202cad6e659d0-ghc9.6.3.so
7fe198739000-7fe19873e000 r--p 000f3000 00:22 41442173                   /home/mleku/.local/state/cabal/store/ghc-9.6.3/prettyprinter-1.7.1-287da2e036de31e4a5b0a697b58ed34063c3a4b99d58100d6d6202cad6e659d0/lib/libHSprettyprinter-1.7.1-287da2e036de31e4a5b0a697b58ed34063c3a4b99d58100d6d6202cad6e659d0-ghc9.6.3.so
7fe19873e000-7fe19873f000 r--p 000f7000 00:22 41442173                   /home/mleku/.local/state/cabal/store/ghc-9.6.3/prettyprinter-1.7.1-287da2e036de31e4a5b0a697b58ed34063c3a4b99d58100d6d6202cad6e659d0/lib/libHSprettyprinter-1.7.1-287da2e036de31e4a5b0a697b58ed34063c3a4b99d58100d6d6202cad6e659d0-ghc9.6.3.so
7fe19873f000-7fe198748000 rw-p 000f8000 00:22 41442173                   /home/mleku/.local/state/cabal/store/ghc-9.6.3/prettyprinter-1.7.1-287da2e036de31e4a5b0a697b58ed34063c3a4b99d58100d6d6202cad6e659d0/lib/libHSprettyprinter-1.7.1-287da2e036de31e4a5b0a697b58ed34063c3a4b99d58100d6d6202cad6e659d0-ghc9.6.3.so
7fe198748000-7fe1987c4000 r--p 00000000 00:22 41448789                   /home/mleku/.local/state/cabal/store/ghc-9.6.3/terminal-0.2.0.0-fbbb10e30fe4fdf009d551e793d8e5d9e09aca9300ff8302cfe6b9700ff7f048/lib/libHSterminal-0.2.0.0-fbbb10e30fe4fdf009d551e793d8e5d9e09aca9300ff8302cfe6b9700ff7f048-ghc9.6.3.so
7fe1987c4000-7fe198810000 r-xp 0007c000 00:22 41448789                   /home/mleku/.local/state/cabal/store/ghc-9.6.3/terminal-0.2.0.0-fbbb10e30fe4fdf009d551e793d8e5d9e09aca9300ff8302cfe6b9700ff7f048/lib/libHSterminal-0.2.0.0-fbbb10e30fe4fdf009d551e793d8e5d9e09aca9300ff8302cfe6b9700ff7f048-ghc9.6.3.so
7fe198810000-7fe198815000 r--p 000c8000 00:22 41448789                   /home/mleku/.local/state/cabal/store/ghc-9.6.3/terminal-0.2.0.0-fbbb10e30fe4fdf009d551e793d8e5d9e09aca9300ff8302cfe6b9700ff7f048/lib/libHSterminal-0.2.0.0-fbbb10e30fe4fdf009d551e793d8e5d9e09aca9300ff8302cfe6b9700ff7f048-ghc9.6.3.so
7fe198815000-7fe198816000 r--p 000cd000 00:22 41448789                   /home/mleku/.local/state/cabal/store/ghc-9.6.3/terminal-0.2.0.0-fbbb10e30fe4fdf009d551e793d8e5d9e09aca9300ff8302cfe6b9700ff7f048/lib/libHSterminal-0.2.0.0-fbbb10e30fe4fdf009d551e793d8e5d9e09aca9300ff8302cfe6b9700ff7f048-ghc9.6.3.so
7fe198816000-7fe198823000 rw-p 000ce000 00:22 41448789                   /home/mleku/.local/state/cabal/store/ghc-9.6.3/terminal-0.2.0.0-fbbb10e30fe4fdf009d551e793d8e5d9e09aca9300ff8302cfe6b9700ff7f048/lib/libHSterminal-0.2.0.0-fbbb10e30fe4fdf009d551e793d8e5d9e09aca9300ff8302cfe6b9700ff7f048-ghc9.6.3.so
7fe198823000-7fe198883000 r--p 00000000 00:22 41462549                   /home/mleku/.local/state/cabal/store/ghc-9.6.3/zip-2.2.1-115334fa052af7d8c2706fad20bfa5712a1f68e5380a9c4fd2a36c8ed609fb43/lib/libHSzip-2.2.1-115334fa052af7d8c2706fad20bfa5712a1f68e5380a9c4fd2a36c8ed609fb43-ghc9.6.3.so
7fe198883000-7fe1988e7000 r-xp 00060000 00:22 41462549                   /home/mleku/.local/state/cabal/store/ghc-9.6.3/zip-2.2.1-115334fa052af7d8c2706fad20bfa5712a1f68e5380a9c4fd2a36c8ed609fb43/lib/libHSzip-2.2.1-115334fa052af7d8c2706fad20bfa5712a1f68e5380a9c4fd2a36c8ed609fb43-ghc9.6.3.so
7fe1988e7000-7fe1988e9000 r--p 000c4000 00:22 41462549                   /home/mleku/.local/state/cabal/store/ghc-9.6.3/zip-2.2.1-115334fa052af7d8c2706fad20bfa5712a1f68e5380a9c4fd2a36c8ed609fb43/lib/libHSzip-2.2.1-115334fa052af7d8c2706fad20bfa5712a1f68e5380a9c4fd2a36c8ed609fb43-ghc9.6.3.so
7fe1988e9000-7fe1988eb000 r--p 000c6000 00:22 41462549                   /home/mleku/.local/state/cabal/store/ghc-9.6.3/zip-2.2.1-115334fa052af7d8c2706fad20bfa5712a1f68e5380a9c4fd2a36c8ed609fb43/lib/libHSzip-2.2.1-115334fa052af7d8c2706fad20bfa5712a1f68e5380a9c4fd2a36c8ed609fb43-ghc9.6.3.so
7fe1988eb000-7fe1988f5000 rw-p 000c8000 00:22 41462549                   /home/mleku/.local/state/cabal/store/ghc-9.6.3/zip-2.2.1-115334fa052af7d8c2706fad20bfa5712a1f68e5380a9c4fd2a36c8ed609fb43/lib/libHSzip-2.2.1-115334fa052af7d8c2706fad20bfa5712a1f68e5380a9c4fd2a36c8ed609fb43-ghc9.6.3.so
7fe1988f5000-7fe1988f6000 rw-p 00000000 00:00 0 
7fe1988f6000-7fe1988fa000 ---p 00000000 00:00 0 
7fe1988fa000-7fe1989f7000 rw-p 00000000 00:00 0 
7fe1989f7000-7fe1989fb000 ---p 00000000 00:00 0 
7fe1989fb000-7fe198af8000 rw-p 00000000 00:00 0 
7fe198af8000-7fe198afc000 ---p 00000000 00:00 0 
7fe198afc000-7fe198bf9000 rw-p 00000000 00:00 0 
7fe198bf9000-7fe198bfd000 ---p 00000000 00:00 0 
7fe198bfd000-7fe198dfb000 rw-p 00000000 00:00 0 
7fe198dfb000-7fe198dff000 ---p 00000000 00:00 0 
7fe198dff000-7fe198efc000 rw-p 00000000 00:00 0 
7fe198efc000-7fe198f00000 ---p 00000000 00:00 0 
7fe198f00000-7fe198ffd000 rw-p 00000000 00:00 0 
7fe198ffd000-7fe199001000 ---p 00000000 00:00 0 
7fe199001000-7fe1990fe000 rw-p 00000000 00:00 0 
7fe1990fe000-7fe199102000 ---p 00000000 00:00 0 
7fe199102000-7fe1991ff000 rw-p 00000000 00:00 0 
7fe1991ff000-7fe199203000 ---p 00000000 00:00 0 
7fe199203000-7fe199300000 rw-p 00000000 00:00 0 
7fe199300000-7fe199304000 ---p 00000000 00:00 0 
7fe199304000-7fe199400000 rw-p 00000000 00:00 0 
7fe199400000-7fe1999c1000 r--p 00000000 00:22 10357571                   /usr/lib/locale/locale-archive
7fe1999c1000-7fe1999d1000 r--p 00000000 00:22 41438770                   /home/mleku/.local/state/cabal/store/ghc-9.6.3/network-info-0.2.1-49a3d4e9c6a555a4c6b765f873d00374b22e229f03394a07154790970cb7ff97/lib/libHSnetwork-info-0.2.1-49a3d4e9c6a555a4c6b765f873d00374b22e229f03394a07154790970cb7ff97-ghc9.6.3.so
7fe1999d1000-7fe1999d9000 r-xp 00010000 00:22 41438770                   /home/mleku/.local/state/cabal/store/ghc-9.6.3/network-info-0.2.1-49a3d4e9c6a555a4c6b765f873d00374b22e229f03394a07154790970cb7ff97/lib/libHSnetwork-info-0.2.1-49a3d4e9c6a555a4c6b765f873d00374b22e229f03394a07154790970cb7ff97-ghc9.6.3.so
7fe1999d9000-7fe1999da000 r--p 00018000 00:22 41438770                   /home/mleku/.local/state/cabal/store/ghc-9.6.3/network-info-0.2.1-49a3d4e9c6a555a4c6b765f873d00374b22e229f03394a07154790970cb7ff97/lib/libHSnetwork-info-0.2.1-49a3d4e9c6a555a4c6b765f873d00374b22e229f03394a07154790970cb7ff97-ghc9.6.3.so
7fe1999da000-7fe1999db000 r--p 00018000 00:22 41438770                   /home/mleku/.local/state/cabal/store/ghc-9.6.3/network-info-0.2.1-49a3d4e9c6a555a4c6b765f873d00374b22e229f03394a07154790970cb7ff97/lib/libHSnetwork-info-0.2.1-49a3d4e9c6a555a4c6b765f873d00374b22e229f03394a07154790970cb7ff97-ghc9.6.3.so
7fe1999db000-7fe1999dd000 rw-p 00019000 00:22 41438770                   /home/mleku/.local/state/cabal/store/ghc-9.6.3/network-info-0.2.1-49a3d4e9c6a555a4c6b765f873d00374b22e229f03394a07154790970cb7ff97/lib/libHSnetwork-info-0.2.1-49a3d4e9c6a555a4c6b765f873d00374b22e229f03394a07154790970cb7ff97-ghc9.6.3.so
7fe1999dd000-7fe199a2c000 r--p 00000000 00:22 41458698                   /home/mleku/.local/state/cabal/store/ghc-9.6.3/uri-bytestring-0.3.3.1-4d719fc60e6ca5f4f72051b1f43399c95eb51b1d320c3943ade8d35848396c46/lib/libHSuri-bytestring-0.3.3.1-4d719fc60e6ca5f4f72051b1f43399c95eb51b1d320c3943ade8d35848396c46-ghc9.6.3.so
7fe199a2c000-7fe199a6f000 r-xp 0004f000 00:22 41458698                   /home/mleku/.local/state/cabal/store/ghc-9.6.3/uri-bytestring-0.3.3.1-4d719fc60e6ca5f4f72051b1f43399c95eb51b1d320c3943ade8d35848396c46/lib/libHSuri-bytestring-0.3.3.1-4d719fc60e6ca5f4f72051b1f43399c95eb51b1d320c3943ade8d35848396c46-ghc9.6.3.so
7fe199a6f000-7fe199a71000 r--p 00092000 00:22 41458698                   /home/mleku/.local/state/cabal/store/ghc-9.6.3/uri-bytestring-0.3.3.1-4d719fc60e6ca5f4f72051b1f43399c95eb51b1d320c3943ade8d35848396c46/lib/libHSuri-bytestring-0.3.3.1-4d719fc60e6ca5f4f72051b1f43399c95eb51b1d320c3943ade8d35848396c46-ghc9.6.3.so
7fe199a71000-7fe199a72000 r--p 00093000 00:22 41458698                   /home/mleku/.local/state/cabal/store/ghc-9.6.3/uri-bytestring-0.3.3.1-4d719fc60e6ca5f4f72051b1f43399c95eb51b1d320c3943ade8d35848396c46/lib/libHSuri-bytestring-0.3.3.1-4d719fc60e6ca5f4f72051b1f43399c95eb51b1d320c3943ade8d35848396c46-ghc9.6.3.so
7fe199a72000-7fe199a7a000 rw-p 00094000 00:22 41458698                   /home/mleku/.local/state/cabal/store/ghc-9.6.3/uri-bytestring-0.3.3.1-4d719fc60e6ca5f4f72051b1f43399c95eb51b1d320c3943ade8d35848396c46/lib/libHSuri-bytestring-0.3.3.1-4d719fc60e6ca5f4f72051b1f43399c95eb51b1d320c3943ade8d35848396c46-ghc9.6.3.so
7fe199a7a000-7fe199a7b000 rw-p 00000000 00:00 0 
7fe199a7b000-7fe199a7f000 ---p 00000000 00:00 0 
7fe199a7f000-7fe199b7c000 rw-p 00000000 00:00 0 
7fe199b7c000-7fe199b80000 ---p 00000000 00:00 0 
7fe199b80000-7fe199c7d000 rw-p 00000000 00:00 0 
7fe199c7d000-7fe199c81000 ---p 00000000 00:00 0 
7fe199c81000-7fe199e7e000 rw-p 00000000 00:00 0 
7fe199e7e000-7fe199eff000 rw-p 00000000 00:00 0 
7fe199eff000-7fe19a000000 rw-p 00000000 00:00 0 
7fe19a000000-7fe19c021000 rw-p 00000000 00:00 0 
7fe19c021000-7fe1a0000000 ---p 00000000 00:00 0 
7fe1a0000000-7fe1a0021000 rw-p 00000000 00:00 0 
7fe1a0021000-7fe1a4000000 ---p 00000000 00:00 0 
7fe1a4000000-7fe1a4021000 rw-p 00000000 00:00 0 
7fe1a4021000-7fe1a8000000 ---p 00000000 00:00 0 
7fe1a8000000-7fe1a8001000 rw-s 120302000 00:07 806                       /dev/dri/renderD128
7fe1a8001000-7fe1a8002000 rw-s 114041000 00:07 806                       /dev/dri/renderD128
7fe1a8002000-7fe1a8006000 r--p 00000000 00:22 41440485                   /home/mleku/.local/state/cabal/store/ghc-9.6.3/unix-compat-0.7.1-04755f57844c9ce72e8a2cab1ebd7288024e6fb7aa9baab3dee08a636e74f2d8/lib/libHSunix-compat-0.7.1-04755f57844c9ce72e8a2cab1ebd7288024e6fb7aa9baab3dee08a636e74f2d8-ghc9.6.3.so
7fe1a8006000-7fe1a8007000 r-xp 00004000 00:22 41440485                   /home/mleku/.local/state/cabal/store/ghc-9.6.3/unix-compat-0.7.1-04755f57844c9ce72e8a2cab1ebd7288024e6fb7aa9baab3dee08a636e74f2d8/lib/libHSunix-compat-0.7.1-04755f57844c9ce72e8a2cab1ebd7288024e6fb7aa9baab3dee08a636e74f2d8-ghc9.6.3.so
7fe1a8007000-7fe1a8008000 r--p 00005000 00:22 41440485                   /home/mleku/.local/state/cabal/store/ghc-9.6.3/unix-compat-0.7.1-04755f57844c9ce72e8a2cab1ebd7288024e6fb7aa9baab3dee08a636e74f2d8/lib/libHSunix-compat-0.7.1-04755f57844c9ce72e8a2cab1ebd7288024e6fb7aa9baab3dee08a636e74f2d8-ghc9.6.3.so
7fe1a8008000-7fe1a8009000 r--p 00005000 00:22 41440485                   /home/mleku/.local/state/cabal/store/ghc-9.6.3/unix-compat-0.7.1-04755f57844c9ce72e8a2cab1ebd7288024e6fb7aa9baab3dee08a636e74f2d8/lib/libHSunix-compat-0.7.1-04755f57844c9ce72e8a2cab1ebd7288024e6fb7aa9baab3dee08a636e74f2d8-ghc9.6.3.so
7fe1a8009000-7fe1a800a000 rw-p 00006000 00:22 41440485                   /home/mleku/.local/state/cabal/store/ghc-9.6.3/unix-compat-0.7.1-04755f57844c9ce72e8a2cab1ebd7288024e6fb7aa9baab3dee08a636e74f2d8/lib/libHSunix-compat-0.7.1-04755f57844c9ce72e8a2cab1ebd7288024e6fb7aa9baab3dee08a636e74f2d8-ghc9.6.3.so
7fe1a800a000-7fe1a800d000 r--p 00000000 00:22 41438002                   /home/mleku/.local/state/cabal/store/ghc-9.6.3/iso8601-time-0.1.5-7f565c978c2ccda76ebfa53eadc50025f93857add83f2dded45add1b6358a9db/lib/libHSiso8601-time-0.1.5-7f565c978c2ccda76ebfa53eadc50025f93857add83f2dded45add1b6358a9db-ghc9.6.3.so
7fe1a800d000-7fe1a800e000 r-xp 00003000 00:22 41438002                   /home/mleku/.local/state/cabal/store/ghc-9.6.3/iso8601-time-0.1.5-7f565c978c2ccda76ebfa53eadc50025f93857add83f2dded45add1b6358a9db/lib/libHSiso8601-time-0.1.5-7f565c978c2ccda76ebfa53eadc50025f93857add83f2dded45add1b6358a9db-ghc9.6.3.so
7fe1a800e000-7fe1a800f000 r--p 00004000 00:22 41438002                   /home/mleku/.local/state/cabal/store/ghc-9.6.3/iso8601-time-0.1.5-7f565c978c2ccda76ebfa53eadc50025f93857add83f2dded45add1b6358a9db/lib/libHSiso8601-time-0.1.5-7f565c978c2ccda76ebfa53eadc50025f93857add83f2dded45add1b6358a9db-ghc9.6.3.so
7fe1a800f000-7fe1a8010000 r--p 00004000 00:22 41438002                   /home/mleku/.local/state/cabal/store/ghc-9.6.3/iso8601-time-0.1.5-7f565c978c2ccda76ebfa53eadc50025f93857add83f2dded45add1b6358a9db/lib/libHSiso8601-time-0.1.5-7f565c978c2ccda76ebfa53eadc50025f93857add83f2dded45add1b6358a9db-ghc9.6.3.so
7fe1a8010000-7fe1a8011000 rw-p 00005000 00:22 41438002                   /home/mleku/.local/state/cabal/store/ghc-9.6.3/iso8601-time-0.1.5-7f565c978c2ccda76ebfa53eadc50025f93857add83f2dded45add1b6358a9db/lib/libHSiso8601-time-0.1.5-7f565c978c2ccda76ebfa53eadc50025f93857add83f2dded45add1b6358a9db-ghc9.6.3.so
7fe1a8011000-7fe1a801e000 r--p 00000000 00:22 41445472                   /home/mleku/.local/state/cabal/store/ghc-9.6.3/th-lift-0.8.4-1c91f8c5d8bf435aa4ba27eac4f6358b3d7ba8c4445440d023bc46f9e92e47d6/lib/libHSth-lift-0.8.4-1c91f8c5d8bf435aa4ba27eac4f6358b3d7ba8c4445440d023bc46f9e92e47d6-ghc9.6.3.so
7fe1a801e000-7fe1a802d000 r-xp 0000d000 00:22 41445472                   /home/mleku/.local/state/cabal/store/ghc-9.6.3/th-lift-0.8.4-1c91f8c5d8bf435aa4ba27eac4f6358b3d7ba8c4445440d023bc46f9e92e47d6/lib/libHSth-lift-0.8.4-1c91f8c5d8bf435aa4ba27eac4f6358b3d7ba8c4445440d023bc46f9e92e47d6-ghc9.6.3.so
7fe1a802d000-7fe1a802e000 r--p 0001c000 00:22 41445472                   /home/mleku/.local/state/cabal/store/ghc-9.6.3/th-lift-0.8.4-1c91f8c5d8bf435aa4ba27eac4f6358b3d7ba8c4445440d023bc46f9e92e47d6/lib/libHSth-lift-0.8.4-1c91f8c5d8bf435aa4ba27eac4f6358b3d7ba8c4445440d023bc46f9e92e47d6-ghc9.6.3.so
7fe1a802e000-7fe1a802f000 r--p 0001c000 00:22 41445472                   /home/mleku/.local/state/cabal/store/ghc-9.6.3/th-lift-0.8.4-1c91f8c5d8bf435aa4ba27eac4f6358b3d7ba8c4445440d023bc46f9e92e47d6/lib/libHSth-lift-0.8.4-1c91f8c5d8bf435aa4ba27eac4f6358b3d7ba8c4445440d023bc46f9e92e47d6-ghc9.6.3.so
7fe1a802f000-7fe1a8032000 rw-p 0001d000 00:22 41445472                   /home/mleku/.local/state/cabal/store/ghc-9.6.3/th-lift-0.8.4-1c91f8c5d8bf435aa4ba27eac4f6358b3d7ba8c4445440d023bc46f9e92e47d6/lib/libHSth-lift-0.8.4-1c91f8c5d8bf435aa4ba27eac4f6358b3d7ba8c4445440d023bc46f9e92e47d6-ghc9.6.3.so
7fe1a8032000-7fe1a8063000 rw-p 00000000 00:00 0 
7fe1a8063000-7fe1a8164000 rw-p 00000000 00:00 0 
7fe1a8164000-7fe1a896c000 rw-p 00000000 00:00 0 
7fe1a896c000-7fe1a8c6f000 rw-p 00000000 00:00 0 
7fe1a8c6f000-7fe1a8d2f000 rw-p 00000000 00:00 0 
7fe1a8d2f000-7fe1a8faf000 ---p 00000000 00:00 0 
7fe1a8faf000-7fe1a8fbf000 rw-p 00000000 00:00 0 
7fe1a8fbf000-7fe1a9027000 ---p 00000000 00:00 0 
7fe1a9027000-7fe1a902f000 rw-p 00000000 00:00 0 
7fe1a902f000-7fe1ac807000 ---p 00000000 00:00 0 
7fe1ac807000-7fe1ac8c7000 rw-p 00000000 00:00 0 
7fe1ac8c7000-7fe1acb47000 ---p 00000000 00:00 0 
7fe1acb47000-7fe1acb57000 rw-p 00000000 00:00 0 
7fe1acb57000-7fe1acbbf000 ---p 00000000 00:00 0 
7fe1acbbf000-7fe1acbc7000 rw-p 00000000 00:00 0 
7fe1acbc7000-7fe1b039f000 ---p 00000000 00:00 0 
7fe1b039f000-7fe1b03b7000 rw-p 00000000 00:00 0 
7fe1b03b7000-7fe1b0407000 ---p 00000000 00:00 0 
7fe1b0407000-7fe1b0409000 rw-p 00000000 00:00 0 
7fe1b0409000-7fe1b0416000 ---p 00000000 00:00 0 
7fe1b0416000-7fe1b0417000 rw-p 00000000 00:00 0 
7fe1b0417000-7fe1b0b12000 ---p 00000000 00:00 0 
7fe1b0b12000-7fe1b0b2a000 rw-p 00000000 00:00 0 
7fe1b0b2a000-7fe1b0b7a000 ---p 00000000 00:00 0 
7fe1b0b7a000-7fe1b0b7c000 rw-p 00000000 00:00 0 
7fe1b0b7c000-7fe1b0b89000 ---p 00000000 00:00 0 
7fe1b0b89000-7fe1b0b8a000 rw-p 00000000 00:00 0 
7fe1b0b8a000-7fe1b1285000 ---p 00000000 00:00 0 
7fe1b1285000-7fe1b129d000 rw-p 00000000 00:00 0 
7fe1b129d000-7fe1b12ed000 ---p 00000000 00:00 0 
7fe1b12ed000-7fe1b12ef000 rw-p 00000000 00:00 0 
7fe1b12ef000-7fe1b12fc000 ---p 00000000 00:00 0 
7fe1b12fc000-7fe1b12fd000 rw-p 00000000 00:00 0 
7fe1b12fd000-7fe1b19f8000 ---p 00000000 00:00 0 
7fe1b19f8000-7fe1b2200000 rw-p 00000000 00:00 0 
7fe1b2200000-7fe1b2710000 rwxp 00000000 00:00 0 
7fe1b2710000-7fe1b9737000 ---p 00000000 00:00 0 
7fe1b9737000-7fe1b99a7000 rwxp 00000000 00:00 0 
7fe1b99a7000-7fe1b9cc9000 ---p 00000000 00:00 0 
7fe1b9cc9000-7fe1b9f39000 rwxp 00000000 00:00 0 
7fe1b9f39000-7fe1c1200000 ---p 00000000 00:00 0 
7fe1c1200000-7fe1c3f0f000 r--s 00000000 00:22 10706346                   /opt/simplex/lib/runtime/lib/modules
7fe1c3f0f000-7fe1c3f16000 r--p 00000000 00:22 41434168                   /home/mleku/.local/state/cabal/store/ghc-9.6.3/Only-0.1-d2bf20dfe5467325a687dcb3fde37a1178e357c9b6ec5a5420e432ad07a7bbb4/lib/libHSOnly-0.1-d2bf20dfe5467325a687dcb3fde37a1178e357c9b6ec5a5420e432ad07a7bbb4-ghc9.6.3.so
7fe1c3f16000-7fe1c3f1a000 r-xp 00007000 00:22 41434168                   /home/mleku/.local/state/cabal/store/ghc-9.6.3/Only-0.1-d2bf20dfe5467325a687dcb3fde37a1178e357c9b6ec5a5420e432ad07a7bbb4/lib/libHSOnly-0.1-d2bf20dfe5467325a687dcb3fde37a1178e357c9b6ec5a5420e432ad07a7bbb4-ghc9.6.3.so
7fe1c3f1a000-7fe1c3f1b000 r--p 0000b000 00:22 41434168                   /home/mleku/.local/state/cabal/store/ghc-9.6.3/Only-0.1-d2bf20dfe5467325a687dcb3fde37a1178e357c9b6ec5a5420e432ad07a7bbb4/lib/libHSOnly-0.1-d2bf20dfe5467325a687dcb3fde37a1178e357c9b6ec5a5420e432ad07a7bbb4-ghc9.6.3.so
7fe1c3f1b000-7fe1c3f1c000 r--p 0000b000 00:22 41434168                   /home/mleku/.local/state/cabal/store/ghc-9.6.3/Only-0.1-d2bf20dfe5467325a687dcb3fde37a1178e357c9b6ec5a5420e432ad07a7bbb4/lib/libHSOnly-0.1-d2bf20dfe5467325a687dcb3fde37a1178e357c9b6ec5a5420e432ad07a7bbb4-ghc9.6.3.so
7fe1c3f1c000-7fe1c3f1d000 rw-p 0000c000 00:22 41434168                   /home/mleku/.local/state/cabal/store/ghc-9.6.3/Only-0.1-d2bf20dfe5467325a687dcb3fde37a1178e357c9b6ec5a5420e432ad07a7bbb4/lib/libHSOnly-0.1-d2bf20dfe5467325a687dcb3fde37a1178e357c9b6ec5a5420e432ad07a7bbb4-ghc9.6.3.so
7fe1c3f1d000-7fe1c3f23000 r--p 00000000 00:22 41457051                   /home/mleku/.local/state/cabal/store/ghc-9.6.3/th-lift-instances-0.1.20-cd99be9ab1bc86675c598032f14d52b773b0e5dee01ec40e583b58e7b99e5d81/lib/libHSth-lift-instances-0.1.20-cd99be9ab1bc86675c598032f14d52b773b0e5dee01ec40e583b58e7b99e5d81-ghc9.6.3.so
7fe1c3f23000-7fe1c3f27000 r-xp 00006000 00:22 41457051                   /home/mleku/.local/state/cabal/store/ghc-9.6.3/th-lift-instances-0.1.20-cd99be9ab1bc86675c598032f14d52b773b0e5dee01ec40e583b58e7b99e5d81/lib/libHSth-lift-instances-0.1.20-cd99be9ab1bc86675c598032f14d52b773b0e5dee01ec40e583b58e7b99e5d81-ghc9.6.3.so
7fe1c3f27000-7fe1c3f28000 r--p 0000a000 00:22 41457051                   /home/mleku/.local/state/cabal/store/ghc-9.6.3/th-lift-instances-0.1.20-cd99be9ab1bc86675c598032f14d52b773b0e5dee01ec40e583b58e7b99e5d81/lib/libHSth-lift-instances-0.1.20-cd99be9ab1bc86675c598032f14d52b773b0e5dee01ec40e583b58e7b99e5d81-ghc9.6.3.so
7fe1c3f28000-7fe1c3f29000 r--p 0000a000 00:22 41457051                   /home/mleku/.local/state/cabal/store/ghc-9.6.3/th-lift-instances-0.1.20-cd99be9ab1bc86675c598032f14d52b773b0e5dee01ec40e583b58e7b99e5d81/lib/libHSth-lift-instances-0.1.20-cd99be9ab1bc86675c598032f14d52b773b0e5dee01ec40e583b58e7b99e5d81-ghc9.6.3.so
7fe1c3f29000-7fe1c3f2a000 rw-p 0000b000 00:22 41457051                   /home/mleku/.local/state/cabal/store/ghc-9.6.3/th-lift-instances-0.1.20-cd99be9ab1bc86675c598032f14d52b773b0e5dee01ec40e583b58e7b99e5d81/lib/libHSth-lift-instances-0.1.20-cd99be9ab1bc86675c598032f14d52b773b0e5dee01ec40e583b58e7b99e5d81-ghc9.6.3.so
7fe1c3f2a000-7fe1c5a3e000 rw-p 00000000 00:00 0 
7fe1c5a3e000-7fe1c8000000 ---p 00000000 00:00 0 
7fe1c8000000-7fe1c8007000 r--p 00000000 00:22 41435852                   /home/mleku/.local/state/cabal/store/ghc-9.6.3/cryptohash-md5-0.11.101.0-3e5428d235f9533ab23c9db75abdfb80b57c54f4269b0769f87f5b37c728be6f/lib/libHScryptohash-md5-0.11.101.0-3e5428d235f9533ab23c9db75abdfb80b57c54f4269b0769f87f5b37c728be6f-ghc9.6.3.so
7fe1c8007000-7fe1c8010000 r-xp 00007000 00:22 41435852                   /home/mleku/.local/state/cabal/store/ghc-9.6.3/cryptohash-md5-0.11.101.0-3e5428d235f9533ab23c9db75abdfb80b57c54f4269b0769f87f5b37c728be6f/lib/libHScryptohash-md5-0.11.101.0-3e5428d235f9533ab23c9db75abdfb80b57c54f4269b0769f87f5b37c728be6f-ghc9.6.3.so
7fe1c8010000-7fe1c8011000 r--p 00010000 00:22 41435852                   /home/mleku/.local/state/cabal/store/ghc-9.6.3/cryptohash-md5-0.11.101.0-3e5428d235f9533ab23c9db75abdfb80b57c54f4269b0769f87f5b37c728be6f/lib/libHScryptohash-md5-0.11.101.0-3e5428d235f9533ab23c9db75abdfb80b57c54f4269b0769f87f5b37c728be6f-ghc9.6.3.so
7fe1c8011000-7fe1c8012000 r--p 00010000 00:22 41435852                   /home/mleku/.local/state/cabal/store/ghc-9.6.3/cryptohash-md5-0.11.101.0-3e5428d235f9533ab23c9db75abdfb80b57c54f4269b0769f87f5b37c728be6f/lib/libHScryptohash-md5-0.11.101.0-3e5428d235f9533ab23c9db75abdfb80b57c54f4269b0769f87f5b37c728be6f-ghc9.6.3.so
7fe1c8012000-7fe1c8013000 rw-p 00011000 00:22 41435852                   /home/mleku/.local/state/cabal/store/ghc-9.6.3/cryptohash-md5-0.11.101.0-3e5428d235f9533ab23c9db75abdfb80b57c54f4269b0769f87f5b37c728be6f/lib/libHScryptohash-md5-0.11.101.0-3e5428d235f9533ab23c9db75abdfb80b57c54f4269b0769f87f5b37c728be6f-ghc9.6.3.so
7fe1c8013000-7fe1c801f000 r--p 00000000 00:22 41452601                   /home/mleku/.local/state/cabal/store/ghc-9.6.3/uuid-1.3.15-4828f16f2b77b79ea8b795753bd98503215dea0d6fddf19a95ffe8c7a59f1ea7/lib/libHSuuid-1.3.15-4828f16f2b77b79ea8b795753bd98503215dea0d6fddf19a95ffe8c7a59f1ea7-ghc9.6.3.so
7fe1c801f000-7fe1c8027000 r-xp 0000c000 00:22 41452601                   /home/mleku/.local/state/cabal/store/ghc-9.6.3/uuid-1.3.15-4828f16f2b77b79ea8b795753bd98503215dea0d6fddf19a95ffe8c7a59f1ea7/lib/libHSuuid-1.3.15-4828f16f2b77b79ea8b795753bd98503215dea0d6fddf19a95ffe8c7a59f1ea7-ghc9.6.3.so
7fe1c8027000-7fe1c8028000 r--p 00014000 00:22 41452601                   /home/mleku/.local/state/cabal/store/ghc-9.6.3/uuid-1.3.15-4828f16f2b77b79ea8b795753bd98503215dea0d6fddf19a95ffe8c7a59f1ea7/lib/libHSuuid-1.3.15-4828f16f2b77b79ea8b795753bd98503215dea0d6fddf19a95ffe8c7a59f1ea7-ghc9.6.3.so
7fe1c8028000-7fe1c8029000 r--p 00014000 00:22 41452601                   /home/mleku/.local/state/cabal/store/ghc-9.6.3/uuid-1.3.15-4828f16f2b77b79ea8b795753bd98503215dea0d6fddf19a95ffe8c7a59f1ea7/lib/libHSuuid-1.3.15-4828f16f2b77b79ea8b795753bd98503215dea0d6fddf19a95ffe8c7a59f1ea7-ghc9.6.3.so
7fe1c8029000-7fe1c802a000 rw-p 00015000 00:22 41452601                   /home/mleku/.local/state/cabal/store/ghc-9.6.3/uuid-1.3.15-4828f16f2b77b79ea8b795753bd98503215dea0d6fddf19a95ffe8c7a59f1ea7/lib/libHSuuid-1.3.15-4828f16f2b77b79ea8b795753bd98503215dea0d6fddf19a95ffe8c7a59f1ea7-ghc9.6.3.so
7fe1c802a000-7fe1c802f000 rw-p 00000000 00:00 0 
7fe1c802f000-7fe1c8115000 ---p 00000000 00:00 0 
7fe1c8115000-7fe1c8120000 rw-p 00000000 00:00 0 
7fe1c8120000-7fe1c8200000 ---p 00000000 00:00 0 
7fe1c8200000-7fe1c829a000 r--p 00000000 00:22 10406377                   /usr/lib/libstdc++.so.6.0.35
7fe1c829a000-7fe1c841c000 r-xp 0009a000 00:22 10406377                   /usr/lib/libstdc++.so.6.0.35
7fe1c841c000-7fe1c84bc000 r--p 0021c000 00:22 10406377                   /usr/lib/libstdc++.so.6.0.35
7fe1c84bc000-7fe1c84cd000 r--p 002bb000 00:22 10406377                   /usr/lib/libstdc++.so.6.0.35
7fe1c84cd000-7fe1c84ce000 rw-p 002cc000 00:22 10406377                   /usr/lib/libstdc++.so.6.0.35
7fe1c84ce000-7fe1c84d2000 rw-p 00000000 00:00 0 
7fe1c84d2000-7fe1c84d3000 rw-s 114040000 00:07 806                       /dev/dri/renderD128
7fe1c84d3000-7fe1c84da000 r--p 00000000 00:22 41436091                   /home/mleku/.local/state/cabal/store/ghc-9.6.3/cryptohash-sha1-0.11.101.0-f9f5afd4e14b2941ce9d06239c42f864d8d670b8d70cc4005a54e7e3270c528d/lib/libHScryptohash-sha1-0.11.101.0-f9f5afd4e14b2941ce9d06239c42f864d8d670b8d70cc4005a54e7e3270c528d-ghc9.6.3.so
7fe1c84da000-7fe1c84e5000 r-xp 00007000 00:22 41436091                   /home/mleku/.local/state/cabal/store/ghc-9.6.3/cryptohash-sha1-0.11.101.0-f9f5afd4e14b2941ce9d06239c42f864d8d670b8d70cc4005a54e7e3270c528d/lib/libHScryptohash-sha1-0.11.101.0-f9f5afd4e14b2941ce9d06239c42f864d8d670b8d70cc4005a54e7e3270c528d-ghc9.6.3.so
7fe1c84e5000-7fe1c84e6000 r--p 00012000 00:22 41436091                   /home/mleku/.local/state/cabal/store/ghc-9.6.3/cryptohash-sha1-0.11.101.0-f9f5afd4e14b2941ce9d06239c42f864d8d670b8d70cc4005a54e7e3270c528d/lib/libHScryptohash-sha1-0.11.101.0-f9f5afd4e14b2941ce9d06239c42f864d8d670b8d70cc4005a54e7e3270c528d-ghc9.6.3.so
7fe1c84e6000-7fe1c84e7000 r--p 00012000 00:22 41436091                   /home/mleku/.local/state/cabal/store/ghc-9.6.3/cryptohash-sha1-0.11.101.0-f9f5afd4e14b2941ce9d06239c42f864d8d670b8d70cc4005a54e7e3270c528d/lib/libHScryptohash-sha1-0.11.101.0-f9f5afd4e14b2941ce9d06239c42f864d8d670b8d70cc4005a54e7e3270c528d-ghc9.6.3.so
7fe1c84e7000-7fe1c84e8000 rw-p 00013000 00:22 41436091                   /home/mleku/.local/state/cabal/store/ghc-9.6.3/cryptohash-sha1-0.11.101.0-f9f5afd4e14b2941ce9d06239c42f864d8d670b8d70cc4005a54e7e3270c528d/lib/libHScryptohash-sha1-0.11.101.0-f9f5afd4e14b2941ce9d06239c42f864d8d670b8d70cc4005a54e7e3270c528d-ghc9.6.3.so
7fe1c84e8000-7fe1c84ec000 r--p 00000000 00:22 10706340                   /opt/simplex/lib/runtime/lib/libnet.so
7fe1c84ec000-7fe1c84fa000 r-xp 00004000 00:22 10706340                   /opt/simplex/lib/runtime/lib/libnet.so
7fe1c84fa000-7fe1c84fe000 r--p 00012000 00:22 10706340                   /opt/simplex/lib/runtime/lib/libnet.so
7fe1c84fe000-7fe1c84ff000 r--p 00015000 00:22 10706340                   /opt/simplex/lib/runtime/lib/libnet.so
7fe1c84ff000-7fe1c8500000 rw-p 00016000 00:22 10706340                   /opt/simplex/lib/runtime/lib/libnet.so
7fe1c8500000-7fe1c8504000 ---p 00000000 00:00 0 
7fe1c8504000-7fe1c8600000 rw-p 00000000 00:00 0 
7fe1c8600000-7fe1c860f000 r--p 00000000 00:22 10706356                   /opt/simplex/lib/runtime/lib/server/libjvm.so
7fe1c860f000-7fe1c93dc000 r-xp 0000f000 00:22 10706356                   /opt/simplex/lib/runtime/lib/server/libjvm.so
7fe1c93dc000-7fe1c965e000 r--p 00ddc000 00:22 10706356                   /opt/simplex/lib/runtime/lib/server/libjvm.so
7fe1c965e000-7fe1c9718000 r--p 0105d000 00:22 10706356                   /opt/simplex/lib/runtime/lib/server/libjvm.so
7fe1c9718000-7fe1c974d000 rw-p 01117000 00:22 10706356                   /opt/simplex/lib/runtime/lib/server/libjvm.so
7fe1c974d000-7fe1c97a8000 rw-p 00000000 00:00 0 
7fe1c97a8000-7fe1c97ae000 r--p 00000000 00:22 41437845                   /home/mleku/.local/state/cabal/store/ghc-9.6.3/entropy-0.4.1.10-d4a847724a3b6d10e83808146b77b36d07bb854fcaa1dece416caea1c022f5c6/lib/libHSentropy-0.4.1.10-d4a847724a3b6d10e83808146b77b36d07bb854fcaa1dece416caea1c022f5c6-ghc9.6.3.so
7fe1c97ae000-7fe1c97b1000 r-xp 00006000 00:22 41437845                   /home/mleku/.local/state/cabal/store/ghc-9.6.3/entropy-0.4.1.10-d4a847724a3b6d10e83808146b77b36d07bb854fcaa1dece416caea1c022f5c6/lib/libHSentropy-0.4.1.10-d4a847724a3b6d10e83808146b77b36d07bb854fcaa1dece416caea1c022f5c6-ghc9.6.3.so
7fe1c97b1000-7fe1c97b2000 r--p 00009000 00:22 41437845                   /home/mleku/.local/state/cabal/store/ghc-9.6.3/entropy-0.4.1.10-d4a847724a3b6d10e83808146b77b36d07bb854fcaa1dece416caea1c022f5c6/lib/libHSentropy-0.4.1.10-d4a847724a3b6d10e83808146b77b36d07bb854fcaa1dece416caea1c022f5c6-ghc9.6.3.so
7fe1c97b2000-7fe1c97b3000 r--p 00009000 00:22 41437845                   /home/mleku/.local/state/cabal/store/ghc-9.6.3/entropy-0.4.1.10-d4a847724a3b6d10e83808146b77b36d07bb854fcaa1dece416caea1c022f5c6/lib/libHSentropy-0.4.1.10-d4a847724a3b6d10e83808146b77b36d07bb854fcaa1dece416caea1c022f5c6-ghc9.6.3.so
7fe1c97b3000-7fe1c97b4000 rw-p 0000a000 00:22 41437845                   /home/mleku/.local/state/cabal/store/ghc-9.6.3/entropy-0.4.1.10-d4a847724a3b6d10e83808146b77b36d07bb854fcaa1dece416caea1c022f5c6/lib/libHSentropy-0.4.1.10-d4a847724a3b6d10e83808146b77b36d07bb854fcaa1dece416caea1c022f5c6-ghc9.6.3.so
7fe1c97b4000-7fe1c97ba000 r--p 00000000 00:22 41435816                   /home/mleku/.local/state/cabal/store/ghc-9.6.3/digest-0.0.1.7-a762627982f1a70bc063129cd0fc8abd5ba5ce709b8682a1c2c972d50e9c92e7/lib/libHSdigest-0.0.1.7-a762627982f1a70bc063129cd0fc8abd5ba5ce709b8682a1c2c972d50e9c92e7-ghc9.6.3.so
7fe1c97ba000-7fe1c97bc000 r-xp 00006000 00:22 41435816                   /home/mleku/.local/state/cabal/store/ghc-9.6.3/digest-0.0.1.7-a762627982f1a70bc063129cd0fc8abd5ba5ce709b8682a1c2c972d50e9c92e7/lib/libHSdigest-0.0.1.7-a762627982f1a70bc063129cd0fc8abd5ba5ce709b8682a1c2c972d50e9c92e7-ghc9.6.3.so
7fe1c97bc000-7fe1c97bd000 r--p 00008000 00:22 41435816                   /home/mleku/.local/state/cabal/store/ghc-9.6.3/digest-0.0.1.7-a762627982f1a70bc063129cd0fc8abd5ba5ce709b8682a1c2c972d50e9c92e7/lib/libHSdigest-0.0.1.7-a762627982f1a70bc063129cd0fc8abd5ba5ce709b8682a1c2c972d50e9c92e7-ghc9.6.3.so
7fe1c97bd000-7fe1c97be000 r--p 00008000 00:22 41435816                   /home/mleku/.local/state/cabal/store/ghc-9.6.3/digest-0.0.1.7-a762627982f1a70bc063129cd0fc8abd5ba5ce709b8682a1c2c972d50e9c92e7/lib/libHSdigest-0.0.1.7-a762627982f1a70bc063129cd0fc8abd5ba5ce709b8682a1c2c972d50e9c92e7-ghc9.6.3.so
7fe1c97be000-7fe1c97bf000 rw-p 00009000 00:22 41435816                   /home/mleku/.local/state/cabal/store/ghc-9.6.3/digest-0.0.1.7-a762627982f1a70bc063129cd0fc8abd5ba5ce709b8682a1c2c972d50e9c92e7/lib/libHSdigest-0.0.1.7-a762627982f1a70bc063129cd0fc8abd5ba5ce709b8682a1c2c972d50e9c92e7-ghc9.6.3.so
7fe1c97bf000-7fe1c9800000 rw-p 00000000 00:00 0 
7fe1c9800000-7fe1c9824000 r--p 00000000 00:22 10087886                   /usr/lib/libc.so.6
7fe1c9824000-7fe1c9999000 r-xp 00024000 00:22 10087886                   /usr/lib/libc.so.6
7fe1c9999000-7fe1c9a0e000 r--p 00199000 00:22 10087886                   /usr/lib/libc.so.6
7fe1c9a0e000-7fe1c9a12000 r--p 0020d000 00:22 10087886                   /usr/lib/libc.so.6
7fe1c9a12000-7fe1c9a14000 rw-p 00211000 00:22 10087886                   /usr/lib/libc.so.6
7fe1c9a14000-7fe1c9a1c000 rw-p 00000000 00:00 0 
7fe1c9a1c000-7fe1c9a1e000 r--p 00000000 00:22 10706213                   /opt/simplex/lib/app/resources/libapp-lib.so
7fe1c9a1e000-7fe1c9a20000 r-xp 00002000 00:22 10706213                   /opt/simplex/lib/app/resources/libapp-lib.so
7fe1c9a20000-7fe1c9a21000 r--p 00004000 00:22 10706213                   /opt/simplex/lib/app/resources/libapp-lib.so
7fe1c9a21000-7fe1c9a22000 r--p 00004000 00:22 10706213                   /opt/simplex/lib/app/resources/libapp-lib.so
7fe1c9a22000-7fe1c9a23000 rw-p 00005000 00:22 10706213                   /opt/simplex/lib/app/resources/libapp-lib.so
7fe1c9a23000-7fe1c9a2a000 r--p 00000000 00:22 10706341                   /opt/simplex/lib/runtime/lib/libnio.so
7fe1c9a2a000-7fe1c9a33000 r-xp 00007000 00:22 10706341                   /opt/simplex/lib/runtime/lib/libnio.so
7fe1c9a33000-7fe1c9a37000 r--p 00010000 00:22 10706341                   /opt/simplex/lib/runtime/lib/libnio.so
7fe1c9a37000-7fe1c9a38000 r--p 00014000 00:22 10706341                   /opt/simplex/lib/runtime/lib/libnio.so
7fe1c9a38000-7fe1c9a39000 rw-p 00015000 00:22 10706341                   /opt/simplex/lib/runtime/lib/libnio.so
7fe1c9a39000-7fe1c9a3d000 r--p 00000000 00:22 10406369                   /usr/lib/libgcc_s.so.1
7fe1c9a3d000-7fe1c9a60000 r-xp 00004000 00:22 10406369                   /usr/lib/libgcc_s.so.1
7fe1c9a60000-7fe1c9a64000 r--p 00027000 00:22 10406369                   /usr/lib/libgcc_s.so.1
7fe1c9a64000-7fe1c9a65000 r--p 0002b000 00:22 10406369                   /usr/lib/libgcc_s.so.1
7fe1c9a65000-7fe1c9a66000 rw-p 0002c000 00:22 10406369                   /usr/lib/libgcc_s.so.1
7fe1c9a66000-7fe1c9a76000 r--p 00000000 00:22 10087896                   /usr/lib/libm.so.6
7fe1c9a76000-7fe1c9b0f000 r-xp 00010000 00:22 10087896                   /usr/lib/libm.so.6
7fe1c9b0f000-7fe1c9b97000 r--p 000a9000 00:22 10087896                   /usr/lib/libm.so.6
7fe1c9b97000-7fe1c9b98000 r--p 00130000 00:22 10087896                   /usr/lib/libm.so.6
7fe1c9b98000-7fe1c9b99000 rw-p 00131000 00:22 10087896                   /usr/lib/libm.so.6
7fe1c9b99000-7fe1c9b9a000 rw-s 120308000 00:07 806                       /dev/dri/renderD128
7fe1c9b9a000-7fe1c9b9b000 rw-p 00000000 00:00 0 
7fe1c9b9b000-7fe1c9b9c000 rw-p 00000000 00:00 0 
7fe1c9b9c000-7fe1c9b9d000 r--p 00000000 00:22 6931965                    /usr/share/locale/en/LC_MESSAGES/gtk30-properties.mo
7fe1c9b9d000-7fe1c9b9f000 r--p 00000000 00:22 10706345                   /opt/simplex/lib/runtime/lib/libzip.so
7fe1c9b9f000-7fe1c9ba3000 r-xp 00002000 00:22 10706345                   /opt/simplex/lib/runtime/lib/libzip.so
7fe1c9ba3000-7fe1c9ba5000 r--p 00006000 00:22 10706345                   /opt/simplex/lib/runtime/lib/libzip.so
7fe1c9ba5000-7fe1c9ba6000 r--p 00007000 00:22 10706345                   /opt/simplex/lib/runtime/lib/libzip.so
7fe1c9ba6000-7fe1c9ba7000 rw-p 00008000 00:22 10706345                   /opt/simplex/lib/runtime/lib/libzip.so
7fe1c9ba7000-7fe1c9bac000 rw-p 00000000 00:00 0 
7fe1c9bac000-7fe1c9bb3000 ---p 00000000 00:00 0 
7fe1c9bb3000-7fe1c9bbd000 r--p 00000000 00:22 10706331                   /opt/simplex/lib/runtime/lib/libjava.so
7fe1c9bbd000-7fe1c9bcf000 r-xp 0000a000 00:22 10706331                   /opt/simplex/lib/runtime/lib/libjava.so
7fe1c9bcf000-7fe1c9bd5000 r--p 0001c000 00:22 10706331                   /opt/simplex/lib/runtime/lib/libjava.so
7fe1c9bd5000-7fe1c9bd6000 r--p 00021000 00:22 10706331                   /opt/simplex/lib/runtime/lib/libjava.so
7fe1c9bd6000-7fe1c9bd7000 rw-p 00022000 00:22 10706331                   /opt/simplex/lib/runtime/lib/libjava.so
7fe1c9bd7000-7fe1c9bdd000 rw-p 00000000 00:00 0 
7fe1c9bdd000-7fe1c9bde000 r--p 00000000 00:22 6931966                    /usr/share/locale/en/LC_MESSAGES/gtk30.mo
7fe1c9bde000-7fe1c9be6000 rw-s 00000000 00:22 10706371                   /tmp/hsperfdata_mleku/1008045
7fe1c9be6000-7fe1c9be7000 ---p 00000000 00:00 0 
7fe1c9be7000-7fe1c9be8000 r--p 00000000 00:00 0 
7fe1c9be8000-7fe1c9be9000 ---p 00000000 00:00 0 
7fe1c9be9000-7fe1c9bea000 r--p 00000000 00:22 10706334                   /opt/simplex/lib/runtime/lib/libjimage.so
7fe1c9bea000-7fe1c9bed000 r-xp 00001000 00:22 10706334                   /opt/simplex/lib/runtime/lib/libjimage.so
7fe1c9bed000-7fe1c9bee000 r--p 00004000 00:22 10706334                   /opt/simplex/lib/runtime/lib/libjimage.so
7fe1c9bee000-7fe1c9bef000 r--p 00005000 00:22 10706334                   /opt/simplex/lib/runtime/lib/libjimage.so
7fe1c9bef000-7fe1c9bf0000 rw-p 00006000 00:22 10706334                   /opt/simplex/lib/runtime/lib/libjimage.so
7fe1c9bf0000-7fe1c9bf3000 r--p 00000000 00:22 6740239                    /usr/lib/libz.so.1.3.2
7fe1c9bf3000-7fe1c9c03000 r-xp 00003000 00:22 6740239                    /usr/lib/libz.so.1.3.2
7fe1c9c03000-7fe1c9c09000 r--p 00013000 00:22 6740239                    /usr/lib/libz.so.1.3.2
7fe1c9c09000-7fe1c9c0a000 r--p 00018000 00:22 6740239                    /usr/lib/libz.so.1.3.2
7fe1c9c0a000-7fe1c9c0b000 rw-p 00019000 00:22 6740239                    /usr/lib/libz.so.1.3.2
7fe1c9c0b000-7fe1c9c0d000 r--p 00000000 00:22 10706335                   /opt/simplex/lib/runtime/lib/libjli.so
7fe1c9c0d000-7fe1c9c17000 r-xp 00002000 00:22 10706335                   /opt/simplex/lib/runtime/lib/libjli.so
7fe1c9c17000-7fe1c9c1a000 r--p 0000c000 00:22 10706335                   /opt/simplex/lib/runtime/lib/libjli.so
7fe1c9c1a000-7fe1c9c1b000 r--p 0000f000 00:22 10706335                   /opt/simplex/lib/runtime/lib/libjli.so
7fe1c9c1b000-7fe1c9c1c000 rw-p 00010000 00:22 10706335                   /opt/simplex/lib/runtime/lib/libjli.so
7fe1c9c1c000-7fe1c9c20000 r--p 00000000 00:00 0                          [vvar]
7fe1c9c20000-7fe1c9c22000 r--p 00000000 00:00 0                          [vvar_vclock]
7fe1c9c22000-7fe1c9c24000 r-xp 00000000 00:00 0                          [vdso]
7fe1c9c24000-7fe1c9c25000 r--p 00000000 00:22 10087877                   /usr/lib/ld-linux-x86-64.so.2
7fe1c9c25000-7fe1c9c4f000 r-xp 00001000 00:22 10087877                   /usr/lib/ld-linux-x86-64.so.2
7fe1c9c4f000-7fe1c9c5e000 r--p 0002b000 00:22 10087877                   /usr/lib/ld-linux-x86-64.so.2
7fe1c9c5e000-7fe1c9c60000 r--p 00039000 00:22 10087877                   /usr/lib/ld-linux-x86-64.so.2
7fe1c9c60000-7fe1c9c61000 rw-p 0003b000 00:22 10087877                   /usr/lib/ld-linux-x86-64.so.2
7fe1c9c61000-7fe1c9c62000 rw-p 00000000 00:00 0 
7fffe01ed000-7fffe020f000 rw-p 00000000 00:00 0                          [stack]
ffffffffff600000-ffffffffff601000 --xp 00000000 00:00 0                  [vsyscall]


VM Arguments:
jvm_args: -Djpackage.app-version=6.5.6 -Dcompose.application.resources.dir=/opt/simplex/lib/app/resources -Dcompose.application.configure.swing.globals=true -Dskiko.library.path=/opt/simplex/lib/app -Djpackage.app-path=/opt/simplex/bin/simplex 
java_command: chat.simplex.desktop.MainKt
java_class_path (initial): /opt/simplex/lib/app/desktop-jvm-6.5.6-d2fa2f493f309515e14b2c98677deb7.jar:/opt/simplex/lib/app/animation-core-desktop-1.8.2-89882254a9c39d5b61e9ebfe58237d8.jar:/opt/simplex/lib/app/animation-desktop-1.8.2-aa361a5749a780284bf03455dbd58ba2.jar:/opt/simplex/lib/app/annotation-jvm-1.9.1-1d6a04b3b9847638d0529df8ef76a.jar:/opt/simplex/lib/app/annotations-23.0.0-8484cd17d040d837983323f760b2c660.jar:/opt/simplex/lib/app/atomicfu-jvm-0.23.2-5e4f88ed1c37222d791f5dcadf481498.jar:/opt/simplex/lib/app/batik-anim-1.16-ef2d1e77dc121a894a6da6c5028e8dc.jar:/opt/simplex/lib/app/batik-awt-util-1.16-5493fc13976389ff705f96f867f5cb8.jar:/opt/simplex/lib/app/batik-bridge-1.16-67eb64799e6d69a8d9ac19ccc5a8f2d9.jar:/opt/simplex/lib/app/batik-codec-1.16-f8139eda5bd656be3de6c68cc49667ba.jar:/opt/simplex/lib/app/batik-constants-1.16-dbb7585ab60d6fee6b42b814756023.jar:/opt/simplex/lib/app/batik-css-1.16-18b391172074464552b09acb9187e.jar:/opt/simplex/lib/app/batik-dom-1.16-3a8e777a8777513a2b80ec91d06252da.jar:/opt/simplex/lib/app/batik-ext-1.16-88db233e758febe33059f2be9f7c7fc8.jar:/opt/simplex/lib/app/batik-gvt-1.16-fe24bef455f4d68232121574ea209b.jar:/opt/simplex/lib/app/batik-i18n-1.16-b2ac749b2277fb0f46ec912da8bfdde.jar:/opt/simplex/lib/app/batik-parser-1.16-62c4e0778339752a1f6f4d53ea3aef2f.jar:/opt/simplex/lib/app/batik-rasterizer-1.16-9a4bec95395ecacaee2085945c311ad.jar:/opt/simplex/lib/app/batik-script-1.16-bfcf216f539f5718c7345322e0f060fc.jar:/opt/simplex/lib/app/batik-shared-resources-1.16-d6b1e37464c15ad7cd1a5b06d9ee1a9.jar:/opt/simplex/lib/app/batik-svg-dom-1.16-ee7f7021afdfbe71b29871159da5765.jar:/opt/simplex/lib/app/batik-svggen-1.16-48657fb48029f0427b1e34eb2a6884.jar:/opt/simplex/lib/app/batik-svgrasterizer-1.16-649f564439bc465caa6d1fa68ad24.jar:/opt/simplex/lib/app/batik-transcoder-1.16-1290ebbcaf1ebbef5e1675eb639d54c.jar:/opt/simplex/lib/app/batik-util-1.16-d8f93a889db85573d4f8c576ff2ad2f.jar:/opt/simplex/lib/app/batik-xml-1.16-3147e6cfe396df25489c8c589
Launcher Type: SUN_STANDARD

[Global flags]
     intx CICompilerCount                          = 4                                         {product} {ergonomic}
     uint ConcGCThreads                            = 2                                         {product} {ergonomic}
     uint G1ConcRefinementThreads                  = 8                                         {product} {ergonomic}
   size_t G1HeapRegionSize                         = 2097152                                   {product} {ergonomic}
    uintx GCDrainStackTargetSize                   = 64                                        {product} {ergonomic}
   size_t InitialHeapSize                          = 251658240                                 {product} {ergonomic}
   size_t MarkStackSize                            = 4194304                                   {product} {ergonomic}
   size_t MaxHeapSize                              = 3999268864                                {product} {ergonomic}
   size_t MaxNewSize                               = 2399141888                                {product} {ergonomic}
   size_t MinHeapDeltaBytes                        = 2097152                                   {product} {ergonomic}
   size_t MinHeapSize                              = 8388608                                   {product} {ergonomic}
    uintx NonNMethodCodeHeapSize                   = 5839372                                {pd product} {ergonomic}
    uintx NonProfiledCodeHeapSize                  = 122909434                              {pd product} {ergonomic}
    uintx ProfiledCodeHeapSize                     = 122909434                              {pd product} {ergonomic}
    uintx ReservedCodeCacheSize                    = 251658240                              {pd product} {ergonomic}
     bool SegmentedCodeCache                       = true                                      {product} {ergonomic}
   size_t SoftMaxHeapSize                          = 3999268864                             {manageable} {ergonomic}
     bool UseCompressedClassPointers               = true                           {product lp64_product} {ergonomic}
     bool UseCompressedOops                        = true                           {product lp64_product} {ergonomic}
     bool UseG1GC                                  = true                                      {product} {ergonomic}

Logging:
Log output configuration:
 #0: stdout all=warning uptime,level,tags
 #1: stderr all=off uptime,level,tags

Environment Variables:
PATH=/home/mleku/Android/Sdk/cmdline-tools/latest/bin:/home/mleku/Android/Sdk/platform-tools:/home/mleku/.local/bin:/home/mleku/.local/bin:/home/mleku/bin:/home/mleku/.wasmtime/bin:/home/mleku/.local/bin:/home/mleku/go/bin:/home/mleku/.local/bin:/home/mleku/go/bin:/home/mleku/.local/bin:/home/mleku/go/bin:/home/mleku/.local/bin:/home/mleku/go/bin:/home/mleku/.local/bin:/home/mleku/go/bin:/home/mleku/.local/bin:/home/mleku/go/bin:/home/mleku/go/bin:/home/mleku/.local/bin:/usr/local/go/bin:/home/mleku/.local/share/JetBrains/Toolbox/scripts:/home/mleku/.bun/bin:/home/mleku/go/bin:/home/mleku/.local/bin:/home/mleku/.local/bin:/home/mleku/.local/bin:/home/mleku/bin:/home/mleku/.wasmtime/bin:/home/mleku/.local/bin:/home/mleku/go/bin:/home/mleku/.local/bin:/home/mleku/go/bin:/home/mleku/.local/bin:/home/mleku/go/bin:/home/mleku/.local/bin:/home/mleku/go/bin:/home/mleku/.local/bin:/home/mleku/go/bin:/home/mleku/.local/bin:/home/mleku/go/bin:/bin::/usr/local/go/bin:/home/mleku/.local/share/JetBrains/Toolbox/scripts:/home/mleku/.bun/bin:/home/mleku/go/bin:/home/mleku/.local/bin:/home/mleku/.cargo/bin:/usr/local/bin:/usr/bin:/bin:/usr/local/sbin:/opt/android-sdk/platform-tools:/var/lib/flatpak/exports/bin:/usr/lib/jvm/default/bin:/usr/bin/site_perl:/usr/bin/vendor_perl:/usr/bin/core_perl:/opt/rocm/bin:/opt/android-sdk/platform-tools
SHELL=/bin/bash
DISPLAY=:0
LANG=en_AU.UTF-8
LC_NUMERIC=hr_HR.UTF-8
LC_TIME=en_AU.UTF-8
TERM=xterm-256color
TMPDIR=/home/mleku/.cache/tmp

Active Locale:
LC_ALL=LC_CTYPE=en_AU.UTF-8;LC_NUMERIC=hr_HR.UTF-8;LC_TIME=en_AU.UTF-8;LC_COLLATE=en_AU.UTF-8;LC_MONETARY=hr_HR.UTF-8;LC_MESSAGES=en_AU.UTF-8;LC_PAPER=hr_HR.UTF-8;LC_NAME=hr_HR.UTF-8;LC_ADDRESS=hr_HR.UTF-8;LC_TELEPHONE=hr_HR.UTF-8;LC_MEASUREMENT=hr_HR.UTF-8;LC_IDENTIFICATION=hr_HR.UTF-8
LC_COLLATE=en_AU.UTF-8
LC_CTYPE=en_AU.UTF-8
LC_MESSAGES=en_AU.UTF-8
LC_MONETARY=hr_HR.UTF-8
LC_NUMERIC=hr_HR.UTF-8
LC_TIME=en_AU.UTF-8

Signal Handlers:
   SIGSEGV: crash_handler in libjvm.so, mask=11100100010111111101111111111110, flags=SA_RESTART|SA_SIGINFO, unblocked
    SIGBUS: crash_handler in libjvm.so, mask=11100100010111111101111111111110, flags=SA_RESTART|SA_SIGINFO, unblocked
    SIGFPE: crash_handler in libjvm.so, mask=11100100010111111101111111111110, flags=SA_RESTART|SA_SIGINFO, unblocked
   SIGPIPE: SIG_IGN, mask=00000000000010000000000000000000, flags=SA_RESTART, blocked
  *** Handler was modified!
  *** Expected: javaSignalHandler in libjvm.so, mask=11100100110111111111111111111110, flags=SA_RESTART|SA_SIGINFO
   SIGXFSZ: javaSignalHandler in libjvm.so, mask=11100100010111111101111111111110, flags=SA_RESTART|SA_SIGINFO, blocked
    SIGILL: crash_handler in libjvm.so, mask=11100100010111111101111111111110, flags=SA_RESTART|SA_SIGINFO, unblocked
   SIGUSR2: SR_handler in libjvm.so, mask=00000000000000000000000000000000, flags=SA_RESTART|SA_SIGINFO, blocked
    SIGHUP: UserHandler in libjvm.so, mask=11100100010111111101111111111110, flags=SA_RESTART|SA_SIGINFO, blocked
    SIGINT: shutdown_handler in libHSrts-1.0.2_thr-ghc9.6.3.so, mask=00000000000000000000000000000000, flags=none, blocked
   SIGTERM: UserHandler in libjvm.so, mask=11100100010111111101111111111110, flags=SA_RESTART|SA_SIGINFO, blocked
   SIGQUIT: backtrace_handler in libHSrts-1.0.2_thr-ghc9.6.3.so, mask=00000000000000000000000000000000, flags=none, blocked
   SIGTRAP: crash_handler in libjvm.so, mask=11100100010111111101111111111110, flags=SA_RESTART|SA_SIGINFO, unblocked


Periodic native trim disabled


---------------  S Y S T E M  ---------------

OS:
DISTRIB_ID=Garuda
DISTRIB_RELEASE=Soaring
DISTRIB_DESCRIPTION="Garuda Linux Broadwing"
DISTRIB_CODENAME="Broadwing"
uname: Linux 7.1.3-zen1-2-zen #1 ZEN SMP PREEMPT_DYNAMIC Thu, 09 Jul 2026 20:39:38 +0000 x86_64
OS uptime: 4 days 2:37 hours
libc: glibc 2.43 NPTL 2.43 
rlimit (soft/hard): STACK 8192k/infinity , CORE infinity/infinity , NPROC 1048576/1048576 , NOFILE 1048576/1048576 , AS infinity/infinity , CPU infinity/infinity , DATA infinity/infinity , FSIZE infinity/infinity , MEMLOCK infinity/infinity
load average: 7,89 6,75 6,32

/proc/meminfo:
MemTotal:       15619068 kB
MemFree:         1179172 kB
MemAvailable:    6714700 kB
Buffers:              20 kB
Cached:          5791996 kB
SwapCached:        10208 kB
Active:          3118048 kB
Inactive:        8247952 kB
Active(anon):    2397084 kB
Inactive(anon):  3291704 kB
Active(file):     720964 kB
Inactive(file):  4956248 kB
Unevictable:       67968 kB
Mlocked:             152 kB
SwapTotal:      32804856 kB
SwapFree:       26292584 kB
Zswap:                 0 kB
Zswapped:              0 kB
Dirty:             22188 kB
Writeback:             0 kB
AnonPages:       5640432 kB
Mapped:           828084 kB
Shmem:             47488 kB
KReclaimable:     193908 kB
Slab:             466028 kB
SReclaimable:     193908 kB
SUnreclaim:       272120 kB
KernelStack:       30768 kB
PageTables:       118872 kB
SecPageTables:      3632 kB
NFS_Unstable:          0 kB
Bounce:                0 kB
WritebackTmp:          0 kB
CommitLimit:    40614388 kB
Committed_AS:   36994408 kB
VmallocTotal:   34359738367 kB
VmallocUsed:      167700 kB
VmallocChunk:          0 kB
Percpu:             7552 kB
HardwareCorrupted:     0 kB
AnonHugePages:    118784 kB
ShmemHugePages:        0 kB
ShmemPmdMapped:        0 kB
FileHugePages:     67584 kB
FilePmdMapped:     67584 kB
CmaTotal:              0 kB
CmaFree:               0 kB
Unaccepted:            0 kB
Balloon:               0 kB
GPUActive:        123524 kB
GPUReclaim:         9776 kB
HugePages_Total:       0
HugePages_Free:        0
HugePages_Rsvd:        0
HugePages_Surp:        0
Hugepagesize:       2048 kB
Hugetlb:               0 kB
DirectMap4k:     7557120 kB
DirectMap2M:     8466432 kB
DirectMap1G:     1048576 kB

/sys/kernel/mm/transparent_hugepage/enabled: [always] madvise never
/sys/kernel/mm/transparent_hugepage/hpage_pmd_size: 2097152
/sys/kernel/mm/transparent_hugepage/defrag (defrag/compaction efforts parameter): always defer [defer+madvise] madvise never

Process Memory:
Virtual Size: 1084180696K (peak: 1084233220K)
Resident Set Size: 445516K (peak: 445516K) (anon: 202000K, file: 243512K, shmem: 4K)
Swapped out: 0K
C-Heap outstanding allocations: 83296K, retained: 24299K
glibc malloc tunables: (default)

/proc/sys/kernel/threads-max (system-wide limit on the number of threads): 121692
/proc/sys/vm/max_map_count (maximum number of memory map areas a process may have): 1048576
/proc/sys/vm/swappiness (control to define how aggressively the kernel swaps out anonymous memory): 133
/proc/sys/kernel/pid_max (system-wide limit on number of process identifiers): 4194304

container information not found.
Steal ticks since vm start: 0
Steal ticks percentage since vm start:  0,000

CPU: total 8 (initial active 8) (8 cores per cpu, 2 threads per core) family 23 model 160 stepping 0 microcode 0x8a0000b, cx8, cmov, fxsr, ht, mmx, 3dnowpref, sse, sse2, sse3, ssse3, sse4a, sse4.1, sse4.2, popcnt, lzcnt, tsc, tscinvbit, avx, avx2, aes, clmul, bmi1, bmi2, adx, sha, fma, vzeroupper, clflush, clflushopt
CPU Model and flags from /proc/cpuinfo:
model name	: AMD Ryzen 5 7520U with Radeon Graphics
flags		: fpu vme de pse tsc msr pae mce cx8 apic sep mtrr pge mca cmov pat pse36 clflush mmx fxsr sse sse2 ht syscall nx mmxext fxsr_opt pdpe1gb rdtscp lm constant_tsc rep_good nopl xtopology nonstop_tsc cpuid extd_apicid aperfmperf rapl pni pclmulqdq monitor ssse3 fma cx16 sse4_1 sse4_2 x2apic movbe popcnt aes xsave avx f16c rdrand lahf_lm cmp_legacy svm extapic cr8_legacy abm sse4a misalignsse 3dnowprefetch osvw ibs skinit wdt tce topoext perfctr_core perfctr_nb bpext perfctr_llc mwaitx cpb cat_l3 cdp_l3 hw_pstate ssbd mba ibrs ibpb stibp vmmcall fsgsbase bmi1 avx2 smep bmi2 cqm rdt_a rdseed adx smap clflushopt clwb sha_ni xsaveopt xsavec xgetbv1 cqm_llc cqm_occup_llc cqm_mbm_total cqm_mbm_local clzero irperf xsaveerptr rdpru wbnoinvd arat npt lbrv svm_lock nrip_save tsc_scale vmcb_clean flushbyasid decodeassists pausefilter pfthreshold avic v_vmsave_vmload vgif v_spec_ctrl umip rdpid overflow_recov succor smca sev sev_es

Online cpus: 0-7
Offline cpus: 
BIOS frequency limitation: <Not Available>
Frequency switch latency (ns): 0
Available cpu frequencies: <Not Available>
Current governor: powersave
Core performance/turbo boost: 1

Memory: 4k page, physical 15619068k(1179172k free), swap 32804856k(26292584k free)
Page Sizes: 4k

vm_info: OpenJDK 64-Bit Server VM (17.0.19+10) for linux-amd64 JRE (17.0.19+10), built on Apr 21 2026 21:03:50 by "builduser" with gcc 15.2.1 20260209

END.
