#
# A fatal error has been detected by the Java Runtime Environment:
#
#  SIGSEGV (0xb) at pc=0x00007f6be021b84d, pid=810040, tid=810133
#
# JRE version: OpenJDK Runtime Environment (17.0.19+10) (build 17.0.19+10)
# Java VM: OpenJDK 64-Bit Server VM (17.0.19+10, mixed mode, tiered, compressed oops, compressed class ptrs, g1 gc, linux-amd64)
# Problematic frame:
# C  [libHSzstd-0.1.3.0-203b259d81b55151fd2c9ecb432bfa701dfd8529080fb68640d12b8cbccbb2c4-ghc9.6.3.so+0xdb84d]  ZSTD_freeDDict+0xd
#
# Core dump will be written. Default location: Core dumps may be processed with "/usr/lib/systemd/systemd-coredump %P %u %g %s %t %c %h %d %F %I" (or dumping to /home/mleku/s/cipherkeys/core.810040)
#
# If you would like to submit a bug report, please visit:
#   https://bugreport.java.com/bugreport/crash.jsp
# The crash happened outside the Java Virtual Machine in native code.
# See problematic frame for where to report the bug.
#

---------------  S U M M A R Y ------------

Command Line: -Djpackage.app-version=6.5.6 -Dcompose.application.resources.dir=/opt/simplex/lib/app/resources -Dcompose.application.configure.swing.globals=true -Dskiko.library.path=/opt/simplex/lib/app -Djpackage.app-path=/opt/simplex/bin/simplex chat.simplex.desktop.MainKt

Host: AMD Ryzen 5 7520U with Radeon Graphics, 8 cores, 14G, Garuda Linux Broadwing
Time: Wed Jul 22 09:48:53 2026 +04 elapsed time: 8.975807 seconds (0d 0h 0m 8s)

---------------  T H R E A D  ---------------

Current thread (0x00007f6c08dd9510):  JavaThread "AWT-EventQueue-0" [_thread_in_native, id=810133, stack(0x00007f6b8818b000,0x00007f6b8828b000)]

Stack: [0x00007f6b8818b000,0x00007f6b8828b000],  sp=0x00007f6b88285370,  free space=1000k
Native frames: (J=compiled Java code, j=interpreted, Vv=VM code, C=native code)
C  [libHSzstd-0.1.3.0-203b259d81b55151fd2c9ecb432bfa701dfd8529080fb68640d12b8cbccbb2c4-ghc9.6.3.so+0xdb84d]  ZSTD_freeDDict+0xd
C  [libgallium-26.1.4-arch1.1.so+0x612c00]
C  [libgallium-26.1.4-arch1.1.so+0x5cce26]
C  [libgallium-26.1.4-arch1.1.so+0x5cd90e]
C  [libgallium-26.1.4-arch1.1.so+0x5cc60b]
C  [libgallium-26.1.4-arch1.1.so+0x10bab6c]
C  [libgallium-26.1.4-arch1.1.so+0xbb7152]
C  [libgallium-26.1.4-arch1.1.so+0x10aafcd]
C  [libgallium-26.1.4-arch1.1.so+0xba1a2f]
C  [libgallium-26.1.4-arch1.1.so+0x8512ef]
C  [libgallium-26.1.4-arch1.1.so+0x8566ba]
C  [libgallium-26.1.4-arch1.1.so+0x10a3d06]
C  [libgallium-26.1.4-arch1.1.so+0x10a6d02]
C  [libgallium-26.1.4-arch1.1.so+0x10a7aa2]
C  [libgallium-26.1.4-arch1.1.so+0xb7e692]
C  [libgallium-26.1.4-arch1.1.so+0x86fded]
C  [libgallium-26.1.4-arch1.1.so+0x871579]
C  [libgallium-26.1.4-arch1.1.so+0x8720bc]
C  [libgallium-26.1.4-arch1.1.so+0x14479a]
C  [libgallium-26.1.4-arch1.1.so+0x15f9c7]
C  [libgallium-26.1.4-arch1.1.so+0xbb782]  dri_flush+0x102
C  [libgallium-26.1.4-arch1.1.so+0xc0ca6]  loader_dri3_swap_buffers_msc+0x66
C  [libGLX_mesa.so.0+0x29cb6]
C  [libGLX_mesa.so.0+0x1ae9f]
j  org.jetbrains.skiko.redrawer.LinuxOpenGLRedrawerKt.swapBuffers(JJ)V+0
j  org.jetbrains.skiko.redrawer.LinuxOpenGLRedrawerKt.swapBuffers(Lorg/jetbrains/skiko/LinuxDrawingSurface;)V+8
j  org.jetbrains.skiko.redrawer.LinuxOpenGLRedrawerKt.access$swapBuffers(Lorg/jetbrains/skiko/LinuxDrawingSurface;)V+1
j  org.jetbrains.skiko.redrawer.LinuxOpenGLRedrawer.redrawImmediately()V+291
j  org.jetbrains.skiko.SkiaLayer.tryRedrawImmediately()V+35
j  org.jetbrains.skiko.SkiaLayer.paint(Ljava/awt/Graphics;)V+68
j  androidx.compose.ui.scene.skia.WindowSkiaLayerComponent$contentComponent$1.paint(Ljava/awt/Graphics;)V+21
j  javax.swing.JComponent.paintChildren(Ljava/awt/Graphics;)V+523 java.desktop@17.0.19
j  javax.swing.JComponent.paint(Ljava/awt/Graphics;)V+318 java.desktop@17.0.19
j  javax.swing.JLayeredPane.paint(Ljava/awt/Graphics;)V+73 java.desktop@17.0.19
j  androidx.compose.ui.awt.JLayeredPaneWithTransparencyHack.paint(Ljava/awt/Graphics;)V+74
j  javax.swing.JComponent.paintChildren(Ljava/awt/Graphics;)V+523 java.desktop@17.0.19
j  javax.swing.JComponent.paint(Ljava/awt/Graphics;)V+318 java.desktop@17.0.19
j  androidx.compose.ui.window.Window_desktopKt.Window$lambda$40$lambda$39(Landroidx/compose/ui/unit/LayoutDirection;Lkotlin/jvm/functions/Function1;Landroidx/compose/runtime/State;Landroidx/compose/runtime/State;Landroidx/compose/ui/awt/ComposeWindow;)Lkotlin/Unit;+87
j  androidx.compose.ui.window.Window_desktopKt$$Lambda$301+0x000000080039af48.invoke(Ljava/lang/Object;)Ljava/lang/Object;+20
j  androidx.compose.ui.window.AwtWindow_desktopKt.AwtWindow$lambda$7$lambda$6(Lkotlin/jvm/functions/Function1;Landroidx/compose/ui/node/Ref;)Lkotlin/Unit;+7
j  androidx.compose.ui.window.AwtWindow_desktopKt$$Lambda$303+0x000000080039bbe8.invoke()Ljava/lang/Object;+8
j  androidx.compose.ui.util.UpdateEffect_desktopKt.UpdateEffect$lambda$8$lambda$7$performUpdate$lambda$4(Landroidx/compose/runtime/State;)Lkotlin/Unit;+4
j  androidx.compose.ui.util.UpdateEffect_desktopKt$$Lambda$393+0x0000000800406ba8.invoke()Ljava/lang/Object;+4
j  androidx.compose.runtime.snapshots.Snapshot$Companion.observe(Lkotlin/jvm/functions/Function1;Lkotlin/jvm/functions/Function1;Lkotlin/jvm/functions/Function0;)Ljava/lang/Object;+269
j  androidx.compose.runtime.snapshots.SnapshotStateObserver$ObservedScopeMap.observe(Ljava/lang/Object;Lkotlin/jvm/functions/Function1;Lkotlin/jvm/functions/Function0;)V+109
j  androidx.compose.runtime.snapshots.SnapshotStateObserver.observeReads(Ljava/lang/Object;Lkotlin/jvm/functions/Function1;Lkotlin/jvm/functions/Function0;)V+166
j  androidx.compose.ui.util.UpdateEffect_desktopKt.UpdateEffect$lambda$8$lambda$7$performUpdate(Landroidx/compose/runtime/snapshots/SnapshotStateObserver;Lkotlin/jvm/internal/Ref$ObjectRef;Landroidx/compose/runtime/State;)V+33
j  androidx.compose.ui.util.UpdateEffect_desktopKt.UpdateEffect$lambda$8$lambda$7(Lkotlinx/coroutines/channels/Channel;Landroidx/compose/runtime/State;Landroidx/compose/runtime/DisposableEffectScope;)Landroidx/compose/runtime/DisposableEffectResult;+52
j  androidx.compose.ui.util.UpdateEffect_desktopKt$$Lambda$304+0x000000080039e4d0.invoke(Ljava/lang/Object;)Ljava/lang/Object;+12
j  androidx.compose.runtime.DisposableEffectImpl.onRemembered()V+8
j  androidx.compose.runtime.internal.RememberEventDispatcher.dispatchRememberList(Landroidx/compose/runtime/collection/MutableVector;)V+60
j  androidx.compose.runtime.internal.RememberEventDispatcher.dispatchRememberObservers()V+248
j  androidx.compose.runtime.CompositionImpl.applyChangesInLocked(Landroidx/compose/runtime/changelist/ChangeList;)V+242
j  androidx.compose.runtime.CompositionImpl.applyChanges()V+41
j  androidx.compose.runtime.Recomposer.composeInitial$runtime(Landroidx/compose/runtime/ControlledComposition;Lkotlin/jvm/functions/Function2;)V+261
j  androidx.compose.runtime.CompositionImpl.composeInitial(Lkotlin/jvm/functions/Function2;)V+46
j  androidx.compose.runtime.CompositionImpl.setContent(Lkotlin/jvm/functions/Function2;)V+38
j  androidx.compose.ui.window.Application_desktopKt$awaitApplication$2$1$2.invokeSuspend(Ljava/lang/Object;)Ljava/lang/Object;+89
j  kotlin.coroutines.jvm.internal.BaseContinuationImpl.resumeWith(Ljava/lang/Object;)V+40
j  kotlinx.coroutines.DispatchedTask.run()V+317
j  java.awt.event.InvocationEvent.dispatch()V+47 java.desktop@17.0.19
j  java.awt.EventQueue.dispatchEventImpl(Ljava/awt/AWTEvent;Ljava/lang/Object;)V+21 java.desktop@17.0.19
j  java.awt.EventQueue$4.run()Ljava/lang/Void;+32 java.desktop@17.0.19
j  java.awt.EventQueue$4.run()Ljava/lang/Object;+1 java.desktop@17.0.19
J 1298 c1 java.security.AccessController.executePrivileged(Ljava/security/PrivilegedAction;Ljava/security/AccessControlContext;Ljava/lang/Class;)Ljava/lang/Object; java.base@17.0.19 (65 bytes) @ 0x00007f6bf922b134 [0x00007f6bf922afe0+0x0000000000000154]
j  java.security.AccessController.doPrivileged(Ljava/security/PrivilegedAction;Ljava/security/AccessControlContext;)Ljava/lang/Object;+13 java.base@17.0.19
j  java.security.ProtectionDomain$JavaSecurityAccessImpl.doIntersectionPrivilege(Ljava/security/PrivilegedAction;Ljava/security/AccessControlContext;Ljava/security/AccessControlContext;)Ljava/lang/Object;+18 java.base@17.0.19
j  java.awt.EventQueue.dispatchEvent(Ljava/awt/AWTEvent;)V+46 java.desktop@17.0.19
j  java.awt.EventDispatchThread.pumpOneEventForFilters(I)V+81 java.desktop@17.0.19
j  java.awt.EventDispatchThread.pumpEventsForFilter(ILjava/awt/Conditional;Ljava/awt/EventFilter;)V+35 java.desktop@17.0.19
j  java.awt.EventDispatchThread.pumpEventsForHierarchy(ILjava/awt/Conditional;Ljava/awt/Component;)V+11 java.desktop@17.0.19
j  java.awt.EventDispatchThread.pumpEvents(ILjava/awt/Conditional;)V+4 java.desktop@17.0.19
j  java.awt.EventDispatchThread.pumpEvents(Ljava/awt/Conditional;)V+3 java.desktop@17.0.19
j  java.awt.EventDispatchThread.run()V+9 java.desktop@17.0.19
v  ~StubRoutines::call_stub
V  [libjvm.so+0x62b29a]  JavaCalls::call_helper(JavaValue*, methodHandle const&, JavaCallArguments*, JavaThread*)+0x31a
V  [libjvm.so+0x62cc61]  JavaCalls::call_virtual(JavaValue*, Handle, Klass*, Symbol*, Symbol*, JavaThread*)+0x1b1
V  [libjvm.so+0x6fc6ab]  thread_entry(JavaThread*, JavaThread*)+0xab
V  [libjvm.so+0xcc9f5e]  JavaThread::thread_main_inner()+0xee
V  [libjvm.so+0xccdcc2]  Thread::call_run()+0xb2
V  [libjvm.so+0xa67880]  thread_native_entry(Thread*)+0xf0
C  [libc.so.6+0x97739]

Java frames: (J=compiled Java code, j=interpreted, Vv=VM code)
j  org.jetbrains.skiko.redrawer.LinuxOpenGLRedrawerKt.swapBuffers(JJ)V+0
j  org.jetbrains.skiko.redrawer.LinuxOpenGLRedrawerKt.swapBuffers(Lorg/jetbrains/skiko/LinuxDrawingSurface;)V+8
j  org.jetbrains.skiko.redrawer.LinuxOpenGLRedrawerKt.access$swapBuffers(Lorg/jetbrains/skiko/LinuxDrawingSurface;)V+1
j  org.jetbrains.skiko.redrawer.LinuxOpenGLRedrawer.redrawImmediately()V+291
j  org.jetbrains.skiko.SkiaLayer.tryRedrawImmediately()V+35
j  org.jetbrains.skiko.SkiaLayer.paint(Ljava/awt/Graphics;)V+68
j  androidx.compose.ui.scene.skia.WindowSkiaLayerComponent$contentComponent$1.paint(Ljava/awt/Graphics;)V+21
j  javax.swing.JComponent.paintChildren(Ljava/awt/Graphics;)V+523 java.desktop@17.0.19
j  javax.swing.JComponent.paint(Ljava/awt/Graphics;)V+318 java.desktop@17.0.19
j  javax.swing.JLayeredPane.paint(Ljava/awt/Graphics;)V+73 java.desktop@17.0.19
j  androidx.compose.ui.awt.JLayeredPaneWithTransparencyHack.paint(Ljava/awt/Graphics;)V+74
j  javax.swing.JComponent.paintChildren(Ljava/awt/Graphics;)V+523 java.desktop@17.0.19
j  javax.swing.JComponent.paint(Ljava/awt/Graphics;)V+318 java.desktop@17.0.19
j  androidx.compose.ui.window.Window_desktopKt.Window$lambda$40$lambda$39(Landroidx/compose/ui/unit/LayoutDirection;Lkotlin/jvm/functions/Function1;Landroidx/compose/runtime/State;Landroidx/compose/runtime/State;Landroidx/compose/ui/awt/ComposeWindow;)Lkotlin/Unit;+87
j  androidx.compose.ui.window.Window_desktopKt$$Lambda$301+0x000000080039af48.invoke(Ljava/lang/Object;)Ljava/lang/Object;+20
j  androidx.compose.ui.window.AwtWindow_desktopKt.AwtWindow$lambda$7$lambda$6(Lkotlin/jvm/functions/Function1;Landroidx/compose/ui/node/Ref;)Lkotlin/Unit;+7
j  androidx.compose.ui.window.AwtWindow_desktopKt$$Lambda$303+0x000000080039bbe8.invoke()Ljava/lang/Object;+8
j  androidx.compose.ui.util.UpdateEffect_desktopKt.UpdateEffect$lambda$8$lambda$7$performUpdate$lambda$4(Landroidx/compose/runtime/State;)Lkotlin/Unit;+4
j  androidx.compose.ui.util.UpdateEffect_desktopKt$$Lambda$393+0x0000000800406ba8.invoke()Ljava/lang/Object;+4
j  androidx.compose.runtime.snapshots.Snapshot$Companion.observe(Lkotlin/jvm/functions/Function1;Lkotlin/jvm/functions/Function1;Lkotlin/jvm/functions/Function0;)Ljava/lang/Object;+269
j  androidx.compose.runtime.snapshots.SnapshotStateObserver$ObservedScopeMap.observe(Ljava/lang/Object;Lkotlin/jvm/functions/Function1;Lkotlin/jvm/functions/Function0;)V+109
j  androidx.compose.runtime.snapshots.SnapshotStateObserver.observeReads(Ljava/lang/Object;Lkotlin/jvm/functions/Function1;Lkotlin/jvm/functions/Function0;)V+166
j  androidx.compose.ui.util.UpdateEffect_desktopKt.UpdateEffect$lambda$8$lambda$7$performUpdate(Landroidx/compose/runtime/snapshots/SnapshotStateObserver;Lkotlin/jvm/internal/Ref$ObjectRef;Landroidx/compose/runtime/State;)V+33
j  androidx.compose.ui.util.UpdateEffect_desktopKt.UpdateEffect$lambda$8$lambda$7(Lkotlinx/coroutines/channels/Channel;Landroidx/compose/runtime/State;Landroidx/compose/runtime/DisposableEffectScope;)Landroidx/compose/runtime/DisposableEffectResult;+52
j  androidx.compose.ui.util.UpdateEffect_desktopKt$$Lambda$304+0x000000080039e4d0.invoke(Ljava/lang/Object;)Ljava/lang/Object;+12
j  androidx.compose.runtime.DisposableEffectImpl.onRemembered()V+8
j  androidx.compose.runtime.internal.RememberEventDispatcher.dispatchRememberList(Landroidx/compose/runtime/collection/MutableVector;)V+60
j  androidx.compose.runtime.internal.RememberEventDispatcher.dispatchRememberObservers()V+248
j  androidx.compose.runtime.CompositionImpl.applyChangesInLocked(Landroidx/compose/runtime/changelist/ChangeList;)V+242
j  androidx.compose.runtime.CompositionImpl.applyChanges()V+41
j  androidx.compose.runtime.Recomposer.composeInitial$runtime(Landroidx/compose/runtime/ControlledComposition;Lkotlin/jvm/functions/Function2;)V+261
j  androidx.compose.runtime.CompositionImpl.composeInitial(Lkotlin/jvm/functions/Function2;)V+46
j  androidx.compose.runtime.CompositionImpl.setContent(Lkotlin/jvm/functions/Function2;)V+38
j  androidx.compose.ui.window.Application_desktopKt$awaitApplication$2$1$2.invokeSuspend(Ljava/lang/Object;)Ljava/lang/Object;+89
j  kotlin.coroutines.jvm.internal.BaseContinuationImpl.resumeWith(Ljava/lang/Object;)V+40
j  kotlinx.coroutines.DispatchedTask.run()V+317
j  java.awt.event.InvocationEvent.dispatch()V+47 java.desktop@17.0.19
j  java.awt.EventQueue.dispatchEventImpl(Ljava/awt/AWTEvent;Ljava/lang/Object;)V+21 java.desktop@17.0.19
j  java.awt.EventQueue$4.run()Ljava/lang/Void;+32 java.desktop@17.0.19
j  java.awt.EventQueue$4.run()Ljava/lang/Object;+1 java.desktop@17.0.19
J 1298 c1 java.security.AccessController.executePrivileged(Ljava/security/PrivilegedAction;Ljava/security/AccessControlContext;Ljava/lang/Class;)Ljava/lang/Object; java.base@17.0.19 (65 bytes) @ 0x00007f6bf922b134 [0x00007f6bf922afe0+0x0000000000000154]
j  java.security.AccessController.doPrivileged(Ljava/security/PrivilegedAction;Ljava/security/AccessControlContext;)Ljava/lang/Object;+13 java.base@17.0.19
j  java.security.ProtectionDomain$JavaSecurityAccessImpl.doIntersectionPrivilege(Ljava/security/PrivilegedAction;Ljava/security/AccessControlContext;Ljava/security/AccessControlContext;)Ljava/lang/Object;+18 java.base@17.0.19
j  java.awt.EventQueue.dispatchEvent(Ljava/awt/AWTEvent;)V+46 java.desktop@17.0.19
j  java.awt.EventDispatchThread.pumpOneEventForFilters(I)V+81 java.desktop@17.0.19
j  java.awt.EventDispatchThread.pumpEventsForFilter(ILjava/awt/Conditional;Ljava/awt/EventFilter;)V+35 java.desktop@17.0.19
j  java.awt.EventDispatchThread.pumpEventsForHierarchy(ILjava/awt/Conditional;Ljava/awt/Component;)V+11 java.desktop@17.0.19
j  java.awt.EventDispatchThread.pumpEvents(ILjava/awt/Conditional;)V+4 java.desktop@17.0.19
j  java.awt.EventDispatchThread.pumpEvents(Ljava/awt/Conditional;)V+3 java.desktop@17.0.19
j  java.awt.EventDispatchThread.run()V+9 java.desktop@17.0.19
v  ~StubRoutines::call_stub

siginfo: si_signo: 11 (SIGSEGV), si_code: 1 (SEGV_MAPERR), si_addr: 0x0000000100006ad1

Registers:
RAX=0x0000000000000000, RBX=0x0000000100000001, RCX=0x00007f6b44abc29c, RDX=0x00000000000002c0
RSP=0x00007f6b88285370, RBP=0x00007f6b88285430, RSI=0x00007f6b44ae0310, RDI=0x0000000100000001
R8 =0x00000000000000eb, R9 =0x0000000000ae1000, R10=0x00007f6b44ae05e0, R11=0x0000000000000206
R12=0x00007f6b44ae0310, R13=0x00000000000002c0, R14=0x00007f6b44abc29c, R15=0x00000000000000eb
RIP=0x00007f6be021b84d, EFLAGS=0x0000000000010202, CSGSFS=0x002b000000000033, ERR=0x0000000000000004
  TRAPNO=0x000000000000000e

XMM[0]=0x0000000000000000 0x0000000000000000
XMM[1]=0xffffffffffffffff 0xffffffffffffffff
XMM[2]=0xffffffffffffffff 0xffffffffffffffff
XMM[3]=0x3238613163303939 0x6432323962662f38
XMM[4]=0x11942c3034303212 0x3e81c81a41987434
XMM[5]=0x35d0436d46b61163 0x9ec1cf811c7f7f5c
XMM[6]=0x000044000000f400 0x0000000000000400
XMM[7]=0x0000053900000000 0x0000000000000000
XMM[8]=0x000044000000f400 0x0000000000000400
XMM[9]=0x0000f30000000000 0x25e0423900000000
XMM[10]=0x0000000000000000 0x0000000000000000
XMM[11]=0x00463abe01032936 0x01f9969301da4c83
XMM[12]=0xc4eb6000c4870000 0x44eb600000000000
XMM[13]=0x0000000000000000 0x000000003f800000
XMM[14]=0x0c0f0e0d080b0a09 0x0407060500030201
XMM[15]=0x0d0c0f0e09080b0a 0x0504070601000302
  MXCSR=0x00001fa4


Register to memory mapping:

RAX=0x0 is NULL
RBX=0x0000000100000001 is an unknown value
RCX=0x00007f6b44abc29c points into unknown readable memory: 28 b5 2f fd
RDX=0x00000000000002c0 is an unknown value
RSP=0x00007f6b88285370 is pointing into the stack for thread: 0x00007f6c08dd9510
RBP=0x00007f6b88285430 is pointing into the stack for thread: 0x00007f6c08dd9510
RSI=0x00007f6b44ae0310 points into unknown readable memory: 0x0000000000000000 | 00 00 00 00 00 00 00 00
RDI=0x0000000100000001 is an unknown value
R8 =0x00000000000000eb is an unknown value
R9 =0x0000000000ae1000 is an unknown value
R10=0x00007f6b44ae05e0 points into unknown readable memory: 0x0000000000000000 | 00 00 00 00 00 00 00 00
R11=0x0000000000000206 is an unknown value
R12=0x00007f6b44ae0310 points into unknown readable memory: 0x0000000000000000 | 00 00 00 00 00 00 00 00
R13=0x00000000000002c0 is an unknown value
R14=0x00007f6b44abc29c points into unknown readable memory: 28 b5 2f fd
R15=0x00000000000000eb is an unknown value


Top of Stack: (sp=0x00007f6b88285370)
0x00007f6b88285370:   3939643232396266 6262323861316330
0x00007f6b88285380:   00007f6b882853b0 00007f6c114a714e
0x00007f6b88285390:   3162376232363762 3863646561353539
0x00007f6b882853a0:   00007f6b44582e40 00007f6b44ae0310
0x00007f6b882853b0:   00007f6b44ae05e0 00007f6be0222fec
0x00007f6b882853c0:   ebd1b07746a9fc0d 00007f6b44ae05e0
0x00007f6b882853d0:   00007f6b44ae0310 00000000000002c0
0x00007f6b882853e0:   00007f6b44abc29c 00000000000000eb
0x00007f6b882853f0:   0000000000000000 00007f6b90ba843f
0x00007f6b88285400:   00007f6b44abc29c 00007f6b44582e40
0x00007f6b88285410:   00000000000000eb 00000000b3235bb2
0x00007f6b88285420:   00007f6b44abc29c 00007f6b44abc294
0x00007f6b88285430:   00007f6b88285440 00007f6af1012c00
0x00007f6b88285440:   00007f6b882854c0 00007f6af0fcce26
0x00007f6b88285450:   00007f6b44ae0310 00007f6b88285618
0x00007f6b88285460:   00007f6b44abc230 00007f6b44abc387
0x00007f6b88285470:   00007f6b44abc387 00007f6b8828a600
0x00007f6b88285480:   00007f6b882854a0 42954f99d445d900
0x00007f6b88285490:   0000000000000000 00000000000000ba
0x00007f6b882854a0:   00007f6b44abc230 00007f6b44abc1c0
0x00007f6b882854b0:   0000000000000157 0000000000000157
0x00007f6b882854c0:   00007f6b882855b0 00007f6af0fcd90e
0x00007f6b882854d0:   00007f6b88285618 00007f6b44582e40
0x00007f6b882854e0:   0000000000000023 0000000002668a01
0x00007f6b882854f0:   0000000000000001 000003e8000081a4
0x00007f6b88285500:   00000000000003e8 0000000000000000
0x00007f6b88285510:   0000000000000157 0000000000001000
0x00007f6b88285520:   0000000000000008 000000006a55b76c
0x00007f6b88285530:   000000002a1a6fbc 000000006a55b76c
0x00007f6b88285540:   000000002a29b1f6 000000006a55b76c
0x00007f6b88285550:   000000002a29b1f6 0000000000000000
0x00007f6b88285560:   0000000000000000 0000000000000000 

Instructions: (pc=0x00007f6be021b84d)
0x00007f6be021b74d:   48 89 47 08 48 8d 86 20 10 00 00 48 89 47 10 48
0x00007f6be021b75d:   8d 86 30 28 00 00 48 89 47 18 8b 86 34 68 00 00
0x00007f6be021b76d:   89 87 3c 68 00 00 8b 86 38 68 00 00 89 87 40 68
0x00007f6be021b77d:   00 00 8b 86 3c 68 00 00 89 87 44 68 00 00 c3 0f
0x00007f6be021b78d:   1f 40 00 48 c7 87 28 75 00 00 00 00 00 00 c3 0f
0x00007f6be021b79d:   1f 40 00 53 48 89 fb 48 89 f0 48 89 d6 48 89 ca
0x00007f6be021b7ad:   48 83 ec 10 83 e7 07 0f 95 c1 41 83 f8 01 74 63
0x00007f6be021b7bd:   48 8d ba d8 6a 00 00 48 39 f8 72 63 84 c9 75 5f
0x00007f6be021b7cd:   45 85 c0 75 21 48 8d bb d8 6a 00 00 44 89 4c 24
0x00007f6be021b7dd:   0c 48 89 14 24 e8 59 48 f5 ff 44 8b 4c 24 0c 48
0x00007f6be021b7ed:   8b 14 24 48 89 c6 48 89 df 45 89 c8 b9 01 00 00
0x00007f6be021b7fd:   00 e8 0d fd ff ff 48 83 f8 88 b8 00 00 00 00 48
0x00007f6be021b80d:   0f 46 c3 48 83 c4 10 5b c3 66 2e 0f 1f 84 00 00
0x00007f6be021b81d:   00 00 00 48 3d d7 6a 00 00 76 04 84 c9 74 c7 48
0x00007f6be021b82d:   83 c4 10 31 c0 5b c3 90 66 66 2e 0f 1f 84 00 00
0x00007f6be021b83d:   00 00 00 48 85 ff 74 5b 53 48 89 fb 48 83 ec 40
0x00007f6be021b84d:   48 8b 87 d0 6a 00 00 f3 0f 6f 87 c0 6a 00 00 48
0x00007f6be021b85d:   8b 3f 48 89 44 24 30 48 89 44 24 10 0f 29 44 24
0x00007f6be021b86d:   20 0f 11 04 24 e8 39 ca f6 ff 48 8b 44 24 30 66
0x00007f6be021b87d:   0f 6f 44 24 20 48 89 df 48 89 44 24 10 0f 11 04
0x00007f6be021b88d:   24 e8 1d ca f6 ff 48 83 c4 40 31 c0 5b c3 0f 1f
0x00007f6be021b89d:   44 00 00 31 c0 c3 66 90 66 66 2e 0f 1f 84 00 00
0x00007f6be021b8ad:   00 00 00 48 83 ec 28 41 89 d1 48 83 7c 24 30 00
0x00007f6be021b8bd:   0f 94 c2 48 83 7c 24 38 00 0f 94 c0 38 c2 0f 85
0x00007f6be021b8cd:   b3 00 00 00 89 4c 24 08 48 89 5c 24 10 48 89 fb
0x00007f6be021b8dd:   bf d8 6a 00 00 4c 89 74 24 18 49 89 f6 4c 89 7c
0x00007f6be021b8ed:   24 20 48 83 ec 20 45 89 cf 48 8b 44 24 60 f3 0f
0x00007f6be021b8fd:   6f 44 24 50 48 89 44 24 10 0f 11 04 24 e8 41 c9
0x00007f6be021b90d:   f6 ff 48 83 c4 20 48 89 c7 48 85 c0 74 3c f3 0f
0x00007f6be021b91d:   6f 44 24 30 44 89 f9 4c 89 f2 48 89 de 44 8b 44
0x00007f6be021b92d:   24 08 48 89 7c 24 08 0f 11 80 c0 6a 00 00 48 8b
0x00007f6be021b93d:   44 24 40 48 89 87 d0 6a 00 00 e8 c4 fb ff ff 48 


Stack slot to memory mapping:
stack at sp + 0 slots: 0x3939643232396266 is an unknown value
stack at sp + 1 slots: 0x6262323861316330 is an unknown value
stack at sp + 2 slots: 0x00007f6b882853b0 is pointing into the stack for thread: 0x00007f6c08dd9510
stack at sp + 3 slots: 0x00007f6c114a714e: <offset 0x00000000000a714e> in /usr/lib/libc.so.6 at 0x00007f6c11400000
stack at sp + 4 slots: 0x3162376232363762 is an unknown value
stack at sp + 5 slots: 0x3863646561353539 is an unknown value
stack at sp + 6 slots: 0x00007f6b44582e40 points into unknown readable memory: 0x00007f6b44557ee0 | e0 7e 55 44 6b 7f 00 00
stack at sp + 7 slots: 0x00007f6b44ae0310 points into unknown readable memory: 0x0000000000000000 | 00 00 00 00 00 00 00 00


Compiled method (c1) 9005 1298       3       java.security.AccessController::executePrivileged (65 bytes)
 total in heap  [0x00007f6bf922ae10,0x00007f6bf922b3e8] = 1496
 relocation     [0x00007f6bf922af70,0x00007f6bf922afd0] = 96
 main code      [0x00007f6bf922afe0,0x00007f6bf922b280] = 672
 stub code      [0x00007f6bf922b280,0x00007f6bf922b2d0] = 80
 metadata       [0x00007f6bf922b2d0,0x00007f6bf922b2e0] = 16
 scopes data    [0x00007f6bf922b2e0,0x00007f6bf922b350] = 112
 scopes pcs     [0x00007f6bf922b350,0x00007f6bf922b3d0] = 128
 dependencies   [0x00007f6bf922b3d0,0x00007f6bf922b3d8] = 8
 nul chk table  [0x00007f6bf922b3d8,0x00007f6bf922b3e8] = 16

[Constant Pool (empty)]

[MachCode]
[Verified Entry Point]
  # {method} {0x00007f6bd0030e70} 'executePrivileged' '(Ljava/security/PrivilegedAction;Ljava/security/AccessControlContext;Ljava/lang/Class;)Ljava/lang/Object;' in 'java/security/AccessController'
  # parm0:    rsi:rsi   = 'java/security/PrivilegedAction'
  # parm1:    rdx:rdx   = 'java/security/AccessControlContext'
  # parm2:    rcx:rcx   = 'java/lang/Class'
  #           [sp+0x50]  (sp of caller)
  0x00007f6bf922afe0: 8984 2400 | c0fe ff55 | 4883 ec40 | 4889 5424 

  0x00007f6bf922aff0: ;   {metadata(method data for {method} {0x00007f6bd0030e70} 'executePrivileged' '(Ljava/security/PrivilegedAction;Ljava/security/AccessControlContext;Ljava/lang/Class;)Ljava/lang/Object;' in 'java/security/AccessController')}
  0x00007f6bf922aff0: 3048 bfd8 | 3e5c d06b | 7f00 008b | 9ff4 0000 | 0083 c302 | 899f f400 | 0000 81e3 | fe07 0000 
  0x00007f6bf922b010: 83fb 000f | 84b7 0100 | 0048 83fa 

  0x00007f6bf922b01c: ;   {metadata(method data for {method} {0x00007f6bd0030e70} 'executePrivileged' '(Ljava/security/PrivilegedAction;Ljava/security/AccessControlContext;Ljava/lang/Class;)Ljava/lang/Object;' in 'java/security/AccessController')}
  0x00007f6bf922b01c: 0048 bfd8 | 3e5c d06b | 7f00 0048 | c7c3 3801 | 0000 0f84 | 0700 0000 | 48c7 c348 | 0100 0048 
  0x00007f6bf922b03c: 8b04 1f48 | 8d40 0148 | 8904 1f48 | 894c 2428 | 4889 7424 | 200f 841d 

  0x00007f6bf922b054: ;   {metadata(method data for {method} {0x00007f6bd0030e70} 'executePrivileged' '(Ljava/security/PrivilegedAction;Ljava/security/AccessControlContext;Ljava/lang/Class;)Ljava/lang/Object;' in 'java/security/AccessController')}
  0x00007f6bf922b054: 0000 0048 | bfd8 3e5c | d06b 7f00 | 0048 8387 | 5801 0000 | 0148 8bf2 

  0x00007f6bf922b06c: ;   {static_call}
  0x00007f6bf922b06c: 6666 90e8 

  0x00007f6bf922b070: ; ImmutableOopMap {[32]=Oop [40]=Oop [48]=Oop }
                      ;*invokestatic ensureMaterializedForStackWalk {reexecute=0 rethrow=0 return_oop=0}
                      ; - java.security.AccessController::executePrivileged@5
  0x00007f6bf922b070: 1102 0000 

  0x00007f6bf922b074: ;   {metadata(method data for {method} {0x00007f6bd0030e70} 'executePrivileged' '(Ljava/security/PrivilegedAction;Ljava/security/AccessControlContext;Ljava/lang/Class;)Ljava/lang/Object;' in 'java/security/AccessController')}
  0x00007f6bf922b074: 48be d83e | 5cd0 6b7f | 0000 ff86 | 6801 0000 | 488b 7424 | 2048 3b06 

  0x00007f6bf922b08c: ;   {metadata(method data for {method} {0x00007f6bd0030e70} 'executePrivileged' '(Ljava/security/PrivilegedAction;Ljava/security/AccessControlContext;Ljava/lang/Class;)Ljava/lang/Object;' in 'java/security/AccessController')}
  0x00007f6bf922b08c: 488b fe48 | bbd8 3e5c | d06b 7f00 | 008b 7f08 | 49ba 0000 | 0000 0800 | 0000 4903 | fa48 3bbb 
  0x00007f6bf922b0ac: d801 0000 | 750d 4883 | 83e0 0100 | 0001 e966 | 0000 0048 | 3bbb e801 | 0000 750d | 4883 83f0 
  0x00007f6bf922b0cc: 0100 0001 | e950 0000 | 0048 81bb | d801 0000 | 0000 0000 | 7517 4889 | bbd8 0100 | 0048 c783 
  0x00007f6bf922b0ec: e001 0000 | 0100 0000 | e92c 0000 | 0048 81bb | e801 0000 | 0000 0000 | 7517 4889 | bbe8 0100 
  0x00007f6bf922b10c: 0048 c783 | f001 0000 | 0100 0000 | e908 0000 | 0048 8383 | c801 0000 | 0148 b8f0 | 5c0b 8c6b 
  0x00007f6bf922b12c: ;   {virtual_call}
  0x00007f6bf922b12c: 7f00 00e8 

  0x00007f6bf922b130: ; ImmutableOopMap {[40]=Oop [48]=Oop }
                      ;*invokeinterface run {reexecute=0 rethrow=0 return_oop=0}
                      ; - java.security.AccessController::executePrivileged@29
  0x00007f6bf922b130: 4c95 4007 

  0x00007f6bf922b134: ;   {metadata(method data for {method} {0x00007f6bd0030e70} 'executePrivileged' '(Ljava/security/PrivilegedAction;Ljava/security/AccessControlContext;Ljava/lang/Class;)Ljava/lang/Object;' in 'java/security/AccessController')}
  0x00007f6bf922b134: 48be d83e | 5cd0 6b7f | 0000 ff86 | 0002 0000 | 488b 4c24 

  0x00007f6bf922b148: ;   {metadata(method data for {method} {0x00007f6bd0030e70} 'executePrivileged' '(Ljava/security/PrivilegedAction;Ljava/security/AccessControlContext;Ljava/lang/Class;)Ljava/lang/Object;' in 'java/security/AccessController')}
  0x00007f6bf922b148: 2848 bed8 | 3e5c d06b | 7f00 0048 | 8386 6002 

  0x00007f6bf922b158: ;   {metadata(method data for {method} {0x00007f6bd0035d20} 'reachabilityFence' '(Ljava/lang/Object;)V' in 'java/lang/ref/Reference')}
  0x00007f6bf922b158: 0000 0148 | beb0 8238 | d06b 7f00 | 008b bef4 | 0000 0083 | c702 89be | f400 0000 | 81e7 feff 
  0x00007f6bf922b178: 1f00 83ff | 000f 8473 

  0x00007f6bf922b180: ;   {metadata(method data for {method} {0x00007f6bd0030e70} 'executePrivileged' '(Ljava/security/PrivilegedAction;Ljava/security/AccessControlContext;Ljava/lang/Class;)Ljava/lang/Object;' in 'java/security/AccessController')}
  0x00007f6bf922b180: 0000 0048 | bed8 3e5c | d06b 7f00 | 0048 8386 | 7002 0000 

  0x00007f6bf922b194: ;   {metadata(method data for {method} {0x00007f6bd0035d20} 'reachabilityFence' '(Ljava/lang/Object;)V' in 'java/lang/ref/Reference')}
  0x00007f6bf922b194: 0148 beb0 | 8238 d06b | 7f00 008b | bef4 0000 | 0083 c702 | 89be f400 | 0000 81e7 | feff 1f00 
  0x00007f6bf922b1b4: 83ff 000f | 845a 0000 | 0048 83c4 

  0x00007f6bf922b1c0: ;   {poll_return}
  0x00007f6bf922b1c0: 405d 493b | a740 0300 | 000f 8766 | 0000 00c3 

  0x00007f6bf922b1d0: ;   {metadata({method} {0x00007f6bd0030e70} 'executePrivileged' '(Ljava/security/PrivilegedAction;Ljava/security/AccessControlContext;Ljava/lang/Class;)Ljava/lang/Object;' in 'java/security/AccessController')}
  0x00007f6bf922b1d0: 49ba 700e | 03d0 6b7f | 0000 4c89 | 5424 0848 | c704 24ff 

  0x00007f6bf922b1e4: ;   {runtime_call counter_overflow Runtime1 stub}
  0x00007f6bf922b1e4: ffff ffe8 

  0x00007f6bf922b1e8: ; ImmutableOopMap {rsi=Oop rdx=Oop [48]=Oop rcx=Oop }
                      ;*synchronization entry
                      ; - java.security.AccessController::executePrivileged@-1
  0x00007f6bf922b1e8: 1441 4007 | e928 feff 

  0x00007f6bf922b1f0: ;   {runtime_call throw_null_pointer_exception Runtime1 stub}
  0x00007f6bf922b1f0: ffe8 aa2e 

  0x00007f6bf922b1f4: ; ImmutableOopMap {[40]=Oop [48]=Oop rsi=Oop }
                      ;*invokeinterface run {reexecute=0 rethrow=0 return_oop=0}
                      ; - java.security.AccessController::executePrivileged@29
                      ;   {metadata({method} {0x00007f6bd0035d20} 'reachabilityFence' '(Ljava/lang/Object;)V' in 'java/lang/ref/Reference')}
  0x00007f6bf922b1f4: 3707 49ba | 205d 03d0 | 6b7f 0000 | 4c89 5424 | 0848 c704 | 24ff ffff 

  0x00007f6bf922b20c: ;   {runtime_call counter_overflow Runtime1 stub}
  0x00007f6bf922b20c: ffe8 ee40 

  0x00007f6bf922b210: ; ImmutableOopMap {rax=Oop rcx=Oop }
                      ;*synchronization entry
                      ; - java.lang.ref.Reference::reachabilityFence@-1
                      ; - java.security.AccessController::executePrivileged@56
  0x00007f6bf922b210: 4007 e96c 

  0x00007f6bf922b214: ;   {metadata({method} {0x00007f6bd0035d20} 'reachabilityFence' '(Ljava/lang/Object;)V' in 'java/lang/ref/Reference')}
  0x00007f6bf922b214: ffff ff49 | ba20 5d03 | d06b 7f00 | 004c 8954 | 2408 48c7 | 0424 ffff 

  0x00007f6bf922b22c: ;   {runtime_call counter_overflow Runtime1 stub}
  0x00007f6bf922b22c: ffff e8cd 

  0x00007f6bf922b230: ; ImmutableOopMap {rax=Oop }
                      ;*synchronization entry
                      ; - java.lang.ref.Reference::reachabilityFence@-1
                      ; - java.security.AccessController::executePrivileged@60
  0x00007f6bf922b230: 4040 07eb 

  0x00007f6bf922b234: ;   {internal_word}
  0x00007f6bf922b234: 8849 bac2 | b122 f96b | 7f00 004d | 8997 5803 

  0x00007f6bf922b244: ;   {runtime_call SafepointBlob}
  0x00007f6bf922b244: 0000 e9b5 | 3436 0790 | 9049 8b87 | d003 0000 | 49c7 87d0 | 0300 0000 | 0000 0049 | c787 d803 
  0x00007f6bf922b264: 0000 0000 | 0000 4883 

  0x00007f6bf922b26c: ;   {runtime_call unwind_exception Runtime1 stub}
  0x00007f6bf922b26c: c440 5de9 | 0c3d 3707 | f4f4 f4f4 | f4f4 f4f4 | f4f4 f4f4 
[Stub Code]
  0x00007f6bf922b280: ;   {no_reloc}
  0x00007f6bf922b280: 0f1f 4400 

  0x00007f6bf922b284: ;   {static_stub}
  0x00007f6bf922b284: 0048 bbd8 | 0c03 d06b 

  0x00007f6bf922b28c: ;   {runtime_call I2C/C2I adapters}
  0x00007f6bf922b28c: 7f00 00e9 | c517 3607 

  0x00007f6bf922b294: ;   {static_stub}
  0x00007f6bf922b294: 9048 bb00 | 0000 0000 

  0x00007f6bf922b29c: ;   {runtime_call}
  0x00007f6bf922b29c: 0000 00e9 | fbff ffff 
[Exception Handler]
  0x00007f6bf922b2a4: ;   {runtime_call handle_exception_from_callee Runtime1 stub}
  0x00007f6bf922b2a4: e8d7 0f37 

  0x00007f6bf922b2a8: ;   {external_word}
  0x00007f6bf922b2a8: 0748 bf3e | 40fe 106c | 7f00 0048 

  0x00007f6bf922b2b4: ;   {runtime_call MacroAssembler::debug64(char*, long, long*)}
  0x00007f6bf922b2b4: 83e4 f0e8 | 4448 9017 

  0x00007f6bf922b2bc: ;   {section_word}
  0x00007f6bf922b2bc: f449 babd | b222 f96b | 7f00 0041 

  0x00007f6bf922b2c8: ;   {runtime_call DeoptimizationBlob}
  0x00007f6bf922b2c8: 52e9 d226 | 3607 f4f4 
[/MachCode]


---------------  P R O C E S S  ---------------

Threads class SMR info:
_java_thread_list=0x00007f6ad4144dc0, length=33, elements={
0x00007f6c0801a010, 0x00007f6c081c80b0, 0x00007f6c081c9670, 0x00007f6c081eb600,
0x00007f6c081ec9c0, 0x00007f6c081efef0, 0x00007f6c081f18d0, 0x00007f6c081f2e10,
0x00007f6c081f4290, 0x00007f6c08230aa0, 0x00007f6c0823f960, 0x00007f6c085b4ae0,
0x00007f6c085bb310, 0x00007f6c08580660, 0x00007f6c085814d0, 0x00007f6c08b55690,
0x00007f6c08d91090, 0x00007f6c08d92ac0, 0x00007f6c08dd78b0, 0x00007f6c08dd9510,
0x00007f6b8c19bcf0, 0x00007f6b8c19cb80, 0x00007f6b8c1b9d90, 0x00007f6b20001430,
0x00007f6b20002650, 0x00007f6b04000f50, 0x00007f6b8408f540, 0x00007f6b84092390,
0x00007f6c09527ba0, 0x00007f6b4429f9b0, 0x00007f6b449a5550, 0x00007f6b449c4f30,
0x00007f6acc0019b0
}

Java Threads: ( => current thread )
  0x00007f6c0801a010 JavaThread "main" [_thread_blocked, id=810060, stack(0x00007f6c10100000,0x00007f6c10200000)]
  0x00007f6c081c80b0 JavaThread "Reference Handler" daemon [_thread_blocked, id=810068, stack(0x00007f6be1778000,0x00007f6be1878000)]
  0x00007f6c081c9670 JavaThread "Finalizer" daemon [_thread_blocked, id=810069, stack(0x00007f6be1677000,0x00007f6be1777000)]
  0x00007f6c081eb600 JavaThread "Signal Dispatcher" daemon [_thread_blocked, id=810070, stack(0x00007f6be0f00000,0x00007f6be1000000)]
  0x00007f6c081ec9c0 JavaThread "Service Thread" daemon [_thread_blocked, id=810071, stack(0x00007f6be0dff000,0x00007f6be0eff000)]
  0x00007f6c081efef0 JavaThread "Monitor Deflation Thread" daemon [_thread_blocked, id=810072, stack(0x00007f6be0cfe000,0x00007f6be0dfe000)]
  0x00007f6c081f18d0 JavaThread "C2 CompilerThread0" daemon [_thread_blocked, id=810073, stack(0x00007f6be0bfd000,0x00007f6be0cfd000)]
  0x00007f6c081f2e10 JavaThread "C1 CompilerThread0" daemon [_thread_blocked, id=810074, stack(0x00007f6be0afc000,0x00007f6be0bfc000)]
  0x00007f6c081f4290 JavaThread "Sweeper thread" daemon [_thread_blocked, id=810075, stack(0x00007f6be09fb000,0x00007f6be0afb000)]
  0x00007f6c08230aa0 JavaThread "Notification Thread" daemon [_thread_blocked, id=810076, stack(0x00007f6be08fa000,0x00007f6be09fa000)]
  0x00007f6c0823f960 JavaThread "Common-Cleaner" daemon [_thread_blocked, id=810078, stack(0x00007f6be06f8000,0x00007f6be07f8000)]
  0x00007f6c085b4ae0 JavaThread "FileSystemWatchService" daemon [_thread_in_native, id=810079, stack(0x00007f6be05f7000,0x00007f6be06f7000)]
  0x00007f6c085bb310 JavaThread "simplex-single-instance" daemon [_thread_blocked, id=810080, stack(0x00007f6be04f6000,0x00007f6be05f6000)]
  0x00007f6c08580660 JavaThread "DefaultDispatcher-worker-1" daemon [_thread_blocked, id=810104, stack(0x00007f6b90a1a000,0x00007f6b90b1a000)]
  0x00007f6c085814d0 JavaThread "DefaultDispatcher-worker-2" daemon [_thread_blocked, id=810105, stack(0x00007f6b90100000,0x00007f6b90200000)]
  0x00007f6c08b55690 JavaThread "process reaper" daemon [_thread_blocked, id=810116, stack(0x00007f6b91eb0000,0x00007f6b91ed2000)]
  0x00007f6c08d91090 JavaThread "Java2D Disposer" daemon [_thread_blocked, id=810123, stack(0x00007f6b88892000,0x00007f6b88992000)]
  0x00007f6c08d92ac0 JavaThread "AWT-XAWT" daemon [_thread_blocked, id=810124, stack(0x00007f6b88791000,0x00007f6b88891000)]
  0x00007f6c08dd78b0 JavaThread "AWT-Shutdown" [_thread_blocked, id=810132, stack(0x00007f6b8828c000,0x00007f6b8838c000)]
=>0x00007f6c08dd9510 JavaThread "AWT-EventQueue-0" [_thread_in_native, id=810133, stack(0x00007f6b8818b000,0x00007f6b8828b000)]
  0x00007f6b8c19bcf0 JavaThread "OkHttp api.github.com" daemon [_thread_in_native, id=810139, stack(0x00007f6b8808a000,0x00007f6b8818a000)]
  0x00007f6b8c19cb80 JavaThread "OkHttp TaskRunner" daemon [_thread_blocked, id=810140, stack(0x00007f6b3c0a5000,0x00007f6b3c1a5000)]
  0x00007f6b8c1b9d90 JavaThread "Okio Watchdog" daemon [_thread_blocked, id=810141, stack(0x00007f6b34564000,0x00007f6b34664000)]
  0x00007f6b20001430 JavaThread "OkHttp TaskRunner" daemon [_thread_blocked, id=810146, stack(0x00007f6b3434c000,0x00007f6b3444c000)]
  0x00007f6b20002650 JavaThread "OkHttp TaskRunner" daemon [_thread_blocked, id=810147, stack(0x00007f6b3424b000,0x00007f6b3434b000)]
  0x00007f6b04000f50 JavaThread "OkHttp TaskRunner" daemon [_thread_blocked, id=810148, stack(0x00007f6b3414a000,0x00007f6b3424a000)]
  0x00007f6b8408f540 JavaThread "DefaultDispatcher-worker-3" daemon [_thread_blocked, id=810149, stack(0x00007f6b34049000,0x00007f6b34149000)]
  0x00007f6b84092390 JavaThread "kotlinx.coroutines.DefaultExecutor" daemon [_thread_blocked, id=810150, stack(0x00007f6b1e6fd000,0x00007f6b1e7fd000)]
  0x00007f6c09527ba0 JavaThread "Reference Cleaner" daemon [_thread_blocked, id=810151, stack(0x00007f6b1e5fc000,0x00007f6b1e6fc000)]
  0x00007f6b4429f9b0 JavaThread "TimerQueue" daemon [_thread_blocked, id=810165, stack(0x00007f6b1e4fb000,0x00007f6b1e5fb000)]
  0x00007f6b449a5550 JavaThread "pool-2-thread-1" daemon [_thread_blocked, id=810193, stack(0x00007f6b1c2fe000,0x00007f6b1c3fe000)]
  0x00007f6b449c4f30 JavaThread "GTK Theme Detector Thread" daemon [_thread_in_native, id=810199, stack(0x00007f6b1c1fd000,0x00007f6b1c2fd000)]
  0x00007f6acc0019b0 JavaThread "process reaper (pid 810201)" daemon [_thread_in_native, id=810202, stack(0x00007f6b37fd7000,0x00007f6b37ff9000)]

Other Threads:
  0x00007f6c081b88f0 VMThread "VM Thread" [stack: 0x00007f6be1879000,0x00007f6be1979000] [id=810067]
  0x00007f6c08232430 WatcherThread [stack: 0x00007f6be07f9000,0x00007f6be08f9000] [id=810077]
  0x00007f6c080825a0 GCTaskThread "GC Thread#0" [stack: 0x00007f6c0c40d000,0x00007f6c0c50d000] [id=810062]
  0x00007f6bd8005c60 GCTaskThread "GC Thread#1" [stack: 0x00007f6b89afa000,0x00007f6b89bfa000] [id=810110]
  0x00007f6bd8006690 GCTaskThread "GC Thread#2" [stack: 0x00007f6b899f9000,0x00007f6b89af9000] [id=810111]
  0x00007f6bd80070c0 GCTaskThread "GC Thread#3" [stack: 0x00007f6b898f8000,0x00007f6b899f8000] [id=810112]
  0x00007f6bd8007af0 GCTaskThread "GC Thread#4" [stack: 0x00007f6b897f7000,0x00007f6b898f7000] [id=810113]
  0x00007f6bd800e120 GCTaskThread "GC Thread#5" [stack: 0x00007f6b88690000,0x00007f6b88790000] [id=810126]
  0x00007f6bd800e9d0 GCTaskThread "GC Thread#6" [stack: 0x00007f6b8858f000,0x00007f6b8868f000] [id=810127]
  0x00007f6bd800f3c0 GCTaskThread "GC Thread#7" [stack: 0x00007f6b8848e000,0x00007f6b8858e000] [id=810128]
  0x00007f6c08092a10 ConcurrentGCThread "G1 Main Marker" [stack: 0x00007f6c0c30c000,0x00007f6c0c40c000] [id=810063]
  0x00007f6c08093990 ConcurrentGCThread "G1 Conc#0" [stack: 0x00007f6c0c20b000,0x00007f6c0c30b000] [id=810064]
  0x00007f6be4000e10 ConcurrentGCThread "G1 Conc#1" [stack: 0x00007f6b8838d000,0x00007f6b8848d000] [id=810129]
  0x00007f6c081428c0 ConcurrentGCThread "G1 Refine#0" [stack: 0x00007f6be1afc000,0x00007f6be1bfc000] [id=810065]
  0x00007f6c081437d0 ConcurrentGCThread "G1 Service" [stack: 0x00007f6be19fb000,0x00007f6be1afb000] [id=810066]

Threads with active compile tasks:

VM state: not at safepoint (normal execution)

VM Mutex/Monitor currently owned by a thread: None

Heap address: 0x0000000711a00000, size: 3814 MB, Compressed Oops mode: Zero based, Oop shift amount: 3

CDS archive(s) not mapped
Compressed class space mapped at: 0x0000000800000000-0x0000000840000000, reserved size: 1073741824
Narrow klass base: 0x0000000800000000, Narrow klass shift: 0, Narrow klass range: 0x40000000

GC Precious Log:
 CPUs: 8 total, 8 available
 Memory: 15252M
 Large Page Support: Disabled
 NUMA Support: Disabled
 Compressed Oops: Enabled (Zero based)
 Heap Region Size: 2M
 Heap Min Capacity: 8M
 Heap Initial Capacity: 240M
 Heap Max Capacity: 3814M
 Pre-touch: Disabled
 Parallel Workers: 8
 Concurrent Workers: 2
 Concurrent Refinement Workers: 8
 Periodic GC: Disabled

Heap:
 garbage-first heap   total 151552K, used 27562K [0x0000000711a00000, 0x0000000800000000)
  region size 2048K, 8 young (16384K), 2 survivors (4096K)
 Metaspace       used 41884K, committed 42240K, reserved 1114112K
  class space    used 4369K, committed 4544K, reserved 1048576K

Heap Regions: E=young(eden), S=young(survivor), O=old, HS=humongous(starts), HC=humongous(continues), CS=collection set, F=free, OA=open archive, CA=closed archive, TAMS=top-at-mark-start (previous, next)
|   0|0x0000000711a00000, 0x0000000711c00000, 0x0000000711c00000|100%|HS|  |TAMS 0x0000000711c00000, 0x0000000711a00000| Complete 
|   1|0x0000000711c00000, 0x0000000711e00000, 0x0000000711e00000|100%| O|  |TAMS 0x0000000711e00000, 0x0000000711c00000| Untracked 
|   2|0x0000000711e00000, 0x0000000712000000, 0x0000000712000000|100%| O|  |TAMS 0x0000000712000000, 0x0000000711e00000| Untracked 
|   3|0x0000000712000000, 0x0000000712200000, 0x0000000712200000|100%| O|  |TAMS 0x0000000712200000, 0x0000000712000000| Untracked 
|   4|0x0000000712200000, 0x0000000712200000, 0x0000000712400000|  0%| F|  |TAMS 0x0000000712200000, 0x0000000712200000| Untracked 
|   5|0x0000000712400000, 0x0000000712600000, 0x0000000712600000|100%| O|  |TAMS 0x0000000712600000, 0x0000000712400000| Untracked 
|   6|0x0000000712600000, 0x0000000712800000, 0x0000000712800000|100%| O|  |TAMS 0x0000000712800000, 0x0000000712600000| Untracked 
|   7|0x0000000712800000, 0x0000000712800000, 0x0000000712a00000|  0%| F|  |TAMS 0x0000000712800000, 0x0000000712800000| Untracked 
|   8|0x0000000712a00000, 0x0000000712a00000, 0x0000000712c00000|  0%| F|  |TAMS 0x0000000712a00000, 0x0000000712a00000| Untracked 
|   9|0x0000000712c00000, 0x0000000712e00000, 0x0000000712e00000|100%| O|  |TAMS 0x0000000712e00000, 0x0000000712c00000| Untracked 
|  10|0x0000000712e00000, 0x0000000712ebca00, 0x0000000713000000| 36%| O|  |TAMS 0x0000000712ebca00, 0x0000000712e00000| Untracked 
|  11|0x0000000713000000, 0x0000000713000000, 0x0000000713200000|  0%| F|  |TAMS 0x0000000713000000, 0x0000000713000000| Untracked 
|  12|0x0000000713200000, 0x0000000713200000, 0x0000000713400000|  0%| F|  |TAMS 0x0000000713200000, 0x0000000713200000| Untracked 
|  13|0x0000000713400000, 0x0000000713400000, 0x0000000713600000|  0%| F|  |TAMS 0x0000000713400000, 0x0000000713400000| Untracked 
|  14|0x0000000713600000, 0x0000000713600000, 0x0000000713800000|  0%| F|  |TAMS 0x0000000713600000, 0x0000000713600000| Untracked 
|  15|0x0000000713800000, 0x000000071382dee0, 0x0000000713a00000|  8%| S|CS|TAMS 0x0000000713800000, 0x0000000713800000| Complete 
|  16|0x0000000713a00000, 0x0000000713c00000, 0x0000000713c00000|100%| S|CS|TAMS 0x0000000713a00000, 0x0000000713a00000| Complete 
|  17|0x0000000713c00000, 0x0000000713c00000, 0x0000000713e00000|  0%| F|  |TAMS 0x0000000713c00000, 0x0000000713c00000| Untracked 
|  18|0x0000000713e00000, 0x0000000713e00000, 0x0000000714000000|  0%| F|  |TAMS 0x0000000713e00000, 0x0000000713e00000| Untracked 
|  19|0x0000000714000000, 0x0000000714000000, 0x0000000714200000|  0%| F|  |TAMS 0x0000000714000000, 0x0000000714000000| Untracked 
|  20|0x0000000714200000, 0x0000000714200000, 0x0000000714400000|  0%| F|  |TAMS 0x0000000714200000, 0x0000000714200000| Untracked 
|  21|0x0000000714400000, 0x0000000714400000, 0x0000000714600000|  0%| F|  |TAMS 0x0000000714400000, 0x0000000714400000| Untracked 
|  22|0x0000000714600000, 0x0000000714600000, 0x0000000714800000|  0%| F|  |TAMS 0x0000000714600000, 0x0000000714600000| Untracked 
|  23|0x0000000714800000, 0x0000000714800000, 0x0000000714a00000|  0%| F|  |TAMS 0x0000000714800000, 0x0000000714800000| Untracked 
|  24|0x0000000714a00000, 0x0000000714a00000, 0x0000000714c00000|  0%| F|  |TAMS 0x0000000714a00000, 0x0000000714a00000| Untracked 
|  25|0x0000000714c00000, 0x0000000714c00000, 0x0000000714e00000|  0%| F|  |TAMS 0x0000000714c00000, 0x0000000714c00000| Untracked 
|  26|0x0000000714e00000, 0x0000000714e00000, 0x0000000715000000|  0%| F|  |TAMS 0x0000000714e00000, 0x0000000714e00000| Untracked 
|  27|0x0000000715000000, 0x0000000715000000, 0x0000000715200000|  0%| F|  |TAMS 0x0000000715000000, 0x0000000715000000| Untracked 
|  28|0x0000000715200000, 0x0000000715200000, 0x0000000715400000|  0%| F|  |TAMS 0x0000000715200000, 0x0000000715200000| Untracked 
|  29|0x0000000715400000, 0x0000000715400000, 0x0000000715600000|  0%| F|  |TAMS 0x0000000715400000, 0x0000000715400000| Untracked 
|  30|0x0000000715600000, 0x0000000715600000, 0x0000000715800000|  0%| F|  |TAMS 0x0000000715600000, 0x0000000715600000| Untracked 
|  31|0x0000000715800000, 0x0000000715800000, 0x0000000715a00000|  0%| F|  |TAMS 0x0000000715800000, 0x0000000715800000| Untracked 
|  32|0x0000000715a00000, 0x0000000715a00000, 0x0000000715c00000|  0%| F|  |TAMS 0x0000000715a00000, 0x0000000715a00000| Untracked 
|  33|0x0000000715c00000, 0x0000000715c00000, 0x0000000715e00000|  0%| F|  |TAMS 0x0000000715c00000, 0x0000000715c00000| Untracked 
|  34|0x0000000715e00000, 0x0000000715e00000, 0x0000000716000000|  0%| F|  |TAMS 0x0000000715e00000, 0x0000000715e00000| Untracked 
|  35|0x0000000716000000, 0x0000000716000000, 0x0000000716200000|  0%| F|  |TAMS 0x0000000716000000, 0x0000000716000000| Untracked 
|  36|0x0000000716200000, 0x0000000716200000, 0x0000000716400000|  0%| F|  |TAMS 0x0000000716200000, 0x0000000716200000| Untracked 
|  37|0x0000000716400000, 0x0000000716400000, 0x0000000716600000|  0%| F|  |TAMS 0x0000000716400000, 0x0000000716400000| Untracked 
|  38|0x0000000716600000, 0x0000000716600000, 0x0000000716800000|  0%| F|  |TAMS 0x0000000716600000, 0x0000000716600000| Untracked 
|  39|0x0000000716800000, 0x0000000716800000, 0x0000000716a00000|  0%| F|  |TAMS 0x0000000716800000, 0x0000000716800000| Untracked 
|  40|0x0000000716a00000, 0x0000000716a00000, 0x0000000716c00000|  0%| F|  |TAMS 0x0000000716a00000, 0x0000000716a00000| Untracked 
|  41|0x0000000716c00000, 0x0000000716c00000, 0x0000000716e00000|  0%| F|  |TAMS 0x0000000716c00000, 0x0000000716c00000| Untracked 
|  42|0x0000000716e00000, 0x0000000716e00000, 0x0000000717000000|  0%| F|  |TAMS 0x0000000716e00000, 0x0000000716e00000| Untracked 
|  43|0x0000000717000000, 0x0000000717000000, 0x0000000717200000|  0%| F|  |TAMS 0x0000000717000000, 0x0000000717000000| Untracked 
|  44|0x0000000717200000, 0x0000000717200000, 0x0000000717400000|  0%| F|  |TAMS 0x0000000717200000, 0x0000000717200000| Untracked 
|  45|0x0000000717400000, 0x0000000717400000, 0x0000000717600000|  0%| F|  |TAMS 0x0000000717400000, 0x0000000717400000| Untracked 
|  46|0x0000000717600000, 0x0000000717600000, 0x0000000717800000|  0%| F|  |TAMS 0x0000000717600000, 0x0000000717600000| Untracked 
|  47|0x0000000717800000, 0x0000000717800000, 0x0000000717a00000|  0%| F|  |TAMS 0x0000000717800000, 0x0000000717800000| Untracked 
|  48|0x0000000717a00000, 0x0000000717a00000, 0x0000000717c00000|  0%| F|  |TAMS 0x0000000717a00000, 0x0000000717a00000| Untracked 
|  49|0x0000000717c00000, 0x0000000717c00000, 0x0000000717e00000|  0%| F|  |TAMS 0x0000000717c00000, 0x0000000717c00000| Untracked 
|  50|0x0000000717e00000, 0x0000000717e00000, 0x0000000718000000|  0%| F|  |TAMS 0x0000000717e00000, 0x0000000717e00000| Untracked 
|  51|0x0000000718000000, 0x0000000718000000, 0x0000000718200000|  0%| F|  |TAMS 0x0000000718000000, 0x0000000718000000| Untracked 
|  52|0x0000000718200000, 0x0000000718200000, 0x0000000718400000|  0%| F|  |TAMS 0x0000000718200000, 0x0000000718200000| Untracked 
|  53|0x0000000718400000, 0x0000000718400000, 0x0000000718600000|  0%| F|  |TAMS 0x0000000718400000, 0x0000000718400000| Untracked 
|  54|0x0000000718600000, 0x0000000718600000, 0x0000000718800000|  0%| F|  |TAMS 0x0000000718600000, 0x0000000718600000| Untracked 
|  55|0x0000000718800000, 0x0000000718800000, 0x0000000718a00000|  0%| F|  |TAMS 0x0000000718800000, 0x0000000718800000| Untracked 
|  56|0x0000000718a00000, 0x0000000718a00000, 0x0000000718c00000|  0%| F|  |TAMS 0x0000000718a00000, 0x0000000718a00000| Untracked 
|  57|0x0000000718c00000, 0x0000000718c00000, 0x0000000718e00000|  0%| F|  |TAMS 0x0000000718c00000, 0x0000000718c00000| Untracked 
|  58|0x0000000718e00000, 0x0000000718e00000, 0x0000000719000000|  0%| F|  |TAMS 0x0000000718e00000, 0x0000000718e00000| Untracked 
|  59|0x0000000719000000, 0x0000000719000000, 0x0000000719200000|  0%| F|  |TAMS 0x0000000719000000, 0x0000000719000000| Untracked 
|  60|0x0000000719200000, 0x0000000719200000, 0x0000000719400000|  0%| F|  |TAMS 0x0000000719200000, 0x0000000719200000| Untracked 
|  61|0x0000000719400000, 0x0000000719400000, 0x0000000719600000|  0%| F|  |TAMS 0x0000000719400000, 0x0000000719400000| Untracked 
|  62|0x0000000719600000, 0x0000000719600000, 0x0000000719800000|  0%| F|  |TAMS 0x0000000719600000, 0x0000000719600000| Untracked 
|  63|0x0000000719800000, 0x0000000719800000, 0x0000000719a00000|  0%| F|  |TAMS 0x0000000719800000, 0x0000000719800000| Untracked 
|  64|0x0000000719a00000, 0x0000000719a00000, 0x0000000719c00000|  0%| F|  |TAMS 0x0000000719a00000, 0x0000000719a00000| Untracked 
|  65|0x0000000719c00000, 0x0000000719c00000, 0x0000000719e00000|  0%| F|  |TAMS 0x0000000719c00000, 0x0000000719c00000| Untracked 
|  66|0x0000000719e00000, 0x0000000719e00000, 0x000000071a000000|  0%| F|  |TAMS 0x0000000719e00000, 0x0000000719e00000| Untracked 
|  67|0x000000071a000000, 0x000000071a000000, 0x000000071a200000|  0%| F|  |TAMS 0x000000071a000000, 0x000000071a000000| Untracked 
|  68|0x000000071a200000, 0x000000071a3ce070, 0x000000071a400000| 90%| E|  |TAMS 0x000000071a200000, 0x000000071a200000| Complete 
|  69|0x000000071a400000, 0x000000071a600000, 0x000000071a600000|100%| E|CS|TAMS 0x000000071a400000, 0x000000071a400000| Complete 
|  70|0x000000071a600000, 0x000000071a800000, 0x000000071a800000|100%| E|CS|TAMS 0x000000071a600000, 0x000000071a600000| Complete 
| 104|0x000000071ea00000, 0x000000071ec00000, 0x000000071ec00000|100%| E|CS|TAMS 0x000000071ea00000, 0x000000071ea00000| Complete 
| 105|0x000000071ec00000, 0x000000071ee00000, 0x000000071ee00000|100%| E|CS|TAMS 0x000000071ec00000, 0x000000071ec00000| Complete 
| 119|0x0000000720800000, 0x0000000720a00000, 0x0000000720a00000|100%| E|CS|TAMS 0x0000000720800000, 0x0000000720800000| Complete 

Card table byte_map: [0x00007f6bf811a000,0x00007f6bf888d000] _byte_map_base: 0x00007f6bf488d000

Marking Bits (Prev, Next): (CMBitMap*) 0x00007f6c08083040, (CMBitMap*) 0x00007f6c08083080
 Prev Bits: [0x00007f6bf3e0f000, 0x00007f6bf79a7000)
 Next Bits: [0x00007f6bf0277000, 0x00007f6bf3e0f000)

Polling page: 0x00007f6c11761000

Metaspace:

Usage:
  Non-class:     36,64 MB used.
      Class:      4,27 MB used.
       Both:     40,90 MB used.

Virtual space:
  Non-class space:       64,00 MB reserved,      36,81 MB ( 58%) committed,  1 nodes.
      Class space:        1,00 GB reserved,       4,44 MB ( <1%) committed,  1 nodes.
             Both:        1,06 GB reserved,      41,25 MB (  4%) committed. 

Chunk freelists:
   Non-Class:  10,27 MB
       Class:  11,57 MB
        Both:  21,84 MB

MaxMetaspaceSize: unlimited
CompressedClassSpaceSize: 1,00 GB
Initial GC threshold: 21,00 MB
Current GC threshold: 58,88 MB
CDS: off
MetaspaceReclaimPolicy: balanced
 - commit_granule_bytes: 65536.
 - commit_granule_words: 8192.
 - virtual_space_node_default_size: 8388608.
 - enlarge_chunks_in_place: 1.
 - new_chunks_are_fully_committed: 0.
 - uncommit_free_chunks: 1.
 - use_allocation_guard: 0.
 - handle_deallocations: 1.


Internal statistics:

num_allocs_failed_limit: 6.
num_arena_births: 398.
num_arena_deaths: 0.
num_vsnodes_births: 2.
num_vsnodes_deaths: 0.
num_space_committed: 657.
num_space_uncommitted: 0.
num_chunks_returned_to_freelist: 6.
num_chunks_taken_from_freelist: 1278.
num_chunk_merges: 6.
num_chunk_splits: 909.
num_chunks_enlarged: 718.
num_inconsistent_stats: 0.

CodeHeap 'non-profiled nmethods': size=120028Kb used=1240Kb max_used=1240Kb free=118788Kb
 bounds [0x00007f6c00ac9000, 0x00007f6c00d39000, 0x00007f6c08000000]
CodeHeap 'profiled nmethods': size=120028Kb used=5013Kb max_used=5013Kb free=115014Kb
 bounds [0x00007f6bf9000000, 0x00007f6bf94f0000, 0x00007f6c00537000]
CodeHeap 'non-nmethods': size=5704Kb used=1799Kb max_used=1823Kb free=3904Kb
 bounds [0x00007f6c00537000, 0x00007f6c007a7000, 0x00007f6c00ac9000]
 total_blobs=3998 nmethods=2741 adapters=1171
 compilation: enabled
              stopped_count=0, restarted_count=0
 full_count=0

Compilation events (20 events):
Event: 8,934 Thread 0x00007f6c081f2e10 2729       1       androidx.compose.ui.node.LayoutNodeLayoutDelegate::getMeasurePassDelegate$ui (5 bytes)
Event: 8,934 Thread 0x00007f6c081f2e10 nmethod 2729 0x00007f6c00bfd510 code [0x00007f6c00bfd6a0, 0x00007f6c00bfd770]
Event: 8,935 Thread 0x00007f6c081f2e10 2730       1       androidx.compose.ui.node.NodeChain::getInnerCoordinator$ui (5 bytes)
Event: 8,935 Thread 0x00007f6c081f2e10 nmethod 2730 0x00007f6c00bfd810 code [0x00007f6c00bfd9a0, 0x00007f6c00bfda70]
Event: 8,939 Thread 0x00007f6c081f2e10 2731       1       androidx.compose.ui.Modifier$Node::getAggregateChildKindSet$ui (5 bytes)
Event: 8,939 Thread 0x00007f6c081f2e10 nmethod 2731 0x00007f6c00bfdb10 code [0x00007f6c00bfdca0, 0x00007f6c00bfdd70]
Event: 8,939 Thread 0x00007f6c081f2e10 2732       3       androidx.collection.IntObjectMap::get (305 bytes)
Event: 8,940 Thread 0x00007f6c081f2e10 nmethod 2732 0x00007f6bf94e3990 code [0x00007f6bf94e3b80, 0x00007f6bf94e4180]
Event: 8,949 Thread 0x00007f6c081f2e10 2737       1       androidx.compose.runtime.snapshots.SnapshotStateObserver$ObservedScopeMap::getOnChanged (5 bytes)
Event: 8,949 Thread 0x00007f6c081f2e10 nmethod 2737 0x00007f6c00bfea10 code [0x00007f6c00bfeba0, 0x00007f6c00bfec70]
Event: 8,952 Thread 0x00007f6c081f2e10 2738       1       org.jetbrains.skia.impl.Native::get_ptr$skiko (5 bytes)
Event: 8,952 Thread 0x00007f6c081f2e10 nmethod 2738 0x00007f6c00bfed10 code [0x00007f6c00bfeea0, 0x00007f6c00bfef70]
Event: 8,963 Thread 0x00007f6c081f2e10 2739       3       java.lang.Class$Atomic::casReflectionData (13 bytes)
Event: 8,963 Thread 0x00007f6c081f2e10 nmethod 2739 0x00007f6bf94e4510 code [0x00007f6bf94e46a0, 0x00007f6bf94e47f0]
Event: 8,971 Thread 0x00007f6c081f2e10 2740       3       java.util.concurrent.ConcurrentHashMap::values (25 bytes)
Event: 8,972 Thread 0x00007f6c081f2e10 nmethod 2740 0x00007f6bf94e4890 code [0x00007f6bf94e4a60, 0x00007f6bf94e4e10]
Event: 8,972 Thread 0x00007f6c081f2e10 2741       3       java.util.concurrent.ConcurrentHashMap$ValuesView::iterator (34 bytes)
Event: 8,972 Thread 0x00007f6c081f2e10 nmethod 2741 0x00007f6bf94e4f10 code [0x00007f6bf94e50c0, 0x00007f6bf94e52e0]
Event: 8,972 Thread 0x00007f6c081f2e10 2742       3       java.util.concurrent.ConcurrentHashMap$ValueIterator::<init> (12 bytes)
Event: 8,972 Thread 0x00007f6c081f2e10 nmethod 2742 0x00007f6bf94e5410 code [0x00007f6bf94e55c0, 0x00007f6bf94e5700]

GC Heap History (12 events):
Event: 1,912 GC heap before
{Heap before GC invocations=0 (full 0):
 garbage-first heap   total 245760K, used 22528K [0x0000000711a00000, 0x0000000800000000)
  region size 2048K, 11 young (22528K), 0 survivors (0K)
 Metaspace       used 9541K, committed 9664K, reserved 1114112K
  class space    used 843K, committed 896K, reserved 1048576K
}
Event: 1,920 GC heap after
{Heap after GC invocations=1 (full 0):
 garbage-first heap   total 245760K, used 8834K [0x0000000711a00000, 0x0000000800000000)
  region size 2048K, 2 young (4096K), 2 survivors (4096K)
 Metaspace       used 9541K, committed 9664K, reserved 1114112K
  class space    used 843K, committed 896K, reserved 1048576K
}
Event: 3,400 GC heap before
{Heap before GC invocations=1 (full 0):
 garbage-first heap   total 245760K, used 29314K [0x0000000711a00000, 0x0000000800000000)
  region size 2048K, 14 young (28672K), 2 survivors (4096K)
 Metaspace       used 21234K, committed 21504K, reserved 1114112K
  class space    used 2017K, committed 2176K, reserved 1048576K
}
Event: 3,425 GC heap after
{Heap after GC invocations=2 (full 0):
 garbage-first heap   total 245760K, used 11828K [0x0000000711a00000, 0x0000000800000000)
  region size 2048K, 2 young (4096K), 2 survivors (4096K)
 Metaspace       used 21234K, committed 21504K, reserved 1114112K
  class space    used 2017K, committed 2176K, reserved 1048576K
}
Event: 4,741 GC heap before
{Heap before GC invocations=3 (full 0):
 garbage-first heap   total 55296K, used 34356K [0x0000000711a00000, 0x0000000800000000)
  region size 2048K, 14 young (28672K), 2 survivors (4096K)
 Metaspace       used 32529K, committed 32832K, reserved 1114112K
  class space    used 3291K, committed 3456K, reserved 1048576K
}
Event: 4,757 GC heap after
{Heap after GC invocations=4 (full 0):
 garbage-first heap   total 55296K, used 16132K [0x0000000711a00000, 0x0000000800000000)
  region size 2048K, 2 young (4096K), 2 survivors (4096K)
 Metaspace       used 32529K, committed 32832K, reserved 1114112K
  class space    used 3291K, committed 3456K, reserved 1048576K
}
Event: 4,829 GC heap before
{Heap before GC invocations=4 (full 0):
 garbage-first heap   total 55296K, used 22276K [0x0000000711a00000, 0x0000000800000000)
  region size 2048K, 3 young (6144K), 2 survivors (4096K)
 Metaspace       used 32911K, committed 33152K, reserved 1114112K
  class space    used 3345K, committed 3456K, reserved 1048576K
}
Event: 4,839 GC heap after
{Heap after GC invocations=5 (full 0):
 garbage-first heap   total 55296K, used 17632K [0x0000000711a00000, 0x0000000800000000)
  region size 2048K, 1 young (2048K), 1 survivors (2048K)
 Metaspace       used 32911K, committed 33152K, reserved 1114112K
  class space    used 3345K, committed 3456K, reserved 1048576K
}
Event: 5,356 GC heap before
{Heap before GC invocations=5 (full 0):
 garbage-first heap   total 55296K, used 29920K [0x0000000711a00000, 0x0000000800000000)
  region size 2048K, 8 young (16384K), 1 survivors (2048K)
 Metaspace       used 35735K, committed 35968K, reserved 1114112K
  class space    used 3705K, committed 3840K, reserved 1048576K
}
Event: 5,361 GC heap after
{Heap after GC invocations=6 (full 0):
 garbage-first heap   total 55296K, used 15763K [0x0000000711a00000, 0x0000000800000000)
  region size 2048K, 1 young (2048K), 1 survivors (2048K)
 Metaspace       used 35735K, committed 35968K, reserved 1114112K
  class space    used 3705K, committed 3840K, reserved 1048576K
}
Event: 7,596 GC heap before
{Heap before GC invocations=7 (full 0):
 garbage-first heap   total 55296K, used 34195K [0x0000000711a00000, 0x0000000800000000)
  region size 2048K, 10 young (20480K), 1 survivors (2048K)
 Metaspace       used 39612K, committed 39936K, reserved 1114112K
  class space    used 4108K, committed 4288K, reserved 1048576K
}
Event: 7,603 GC heap after
{Heap after GC invocations=8 (full 0):
 garbage-first heap   total 151552K, used 17322K [0x0000000711a00000, 0x0000000800000000)
  region size 2048K, 2 young (4096K), 2 survivors (4096K)
 Metaspace       used 39612K, committed 39936K, reserved 1114112K
  class space    used 4108K, committed 4288K, reserved 1048576K
}

Dll operation events (10 events):
Event: 0,005 Loaded shared library /opt/simplex/lib/runtime/lib/libjava.so
Event: 0,132 Loaded shared library /opt/simplex/lib/runtime/lib/libnio.so
Event: 0,141 Loaded shared library /opt/simplex/lib/runtime/lib/libzip.so
Event: 0,498 Loaded shared library /opt/simplex/lib/runtime/lib/libnet.so
Event: 1,042 Loaded shared library /opt/simplex/lib/app/resources/libapp-lib.so
Event: 2,001 Loaded shared library /opt/simplex/lib/runtime/lib/libjimage.so
Event: 3,197 Loaded shared library /opt/simplex/lib/runtime/lib/libawt.so
Event: 3,202 Loaded shared library /opt/simplex/lib/runtime/lib/libawt_xawt.so
Event: 3,252 Loaded shared library /opt/simplex/lib/runtime/lib/libfontmanager.so
Event: 3,854 Loaded shared library /opt/simplex/lib/app/libskiko-linux-x64.so

Deoptimization events (20 events):
Event: 4,942 Thread 0x00007f6c08580660 DEOPT PACKING pc=0x00007f6bf93c01c3 sp=0x00007f6b90b16c60
Event: 4,942 Thread 0x00007f6c08580660 DEOPT UNPACKING pc=0x00007f6c0058de2f sp=0x00007f6b90b161b8 mode 0
Event: 4,945 Thread 0x00007f6c08580660 DEOPT PACKING pc=0x00007f6bf93c01c3 sp=0x00007f6b90b168a0
Event: 4,945 Thread 0x00007f6c08580660 DEOPT UNPACKING pc=0x00007f6c0058de2f sp=0x00007f6b90b15df8 mode 0
Event: 4,948 Thread 0x00007f6c08580660 DEOPT PACKING pc=0x00007f6bf93c01c3 sp=0x00007f6b90b169f0
Event: 4,948 Thread 0x00007f6c08580660 DEOPT UNPACKING pc=0x00007f6c0058de2f sp=0x00007f6b90b15f48 mode 0
Event: 4,948 Thread 0x00007f6c08580660 DEOPT PACKING pc=0x00007f6bf93c01c3 sp=0x00007f6b90b169f0
Event: 4,948 Thread 0x00007f6c08580660 DEOPT UNPACKING pc=0x00007f6c0058de2f sp=0x00007f6b90b15f48 mode 0
Event: 4,949 Thread 0x00007f6c08580660 DEOPT PACKING pc=0x00007f6bf93c01c3 sp=0x00007f6b90b168a0
Event: 4,949 Thread 0x00007f6c08580660 DEOPT UNPACKING pc=0x00007f6c0058de2f sp=0x00007f6b90b15df8 mode 0
Event: 4,951 Thread 0x00007f6c08580660 DEOPT PACKING pc=0x00007f6bf93c01c3 sp=0x00007f6b90b16bb0
Event: 4,951 Thread 0x00007f6c08580660 DEOPT UNPACKING pc=0x00007f6c0058de2f sp=0x00007f6b90b16108 mode 0
Event: 5,037 Thread 0x00007f6c08dd9510 Uncommon trap: trap_request=0xffffff45 fr.pc=0x00007f6c00b7ef84 relative=0x0000000000001024
Event: 5,037 Thread 0x00007f6c08dd9510 Uncommon trap: reason=unstable_if action=reinterpret pc=0x00007f6c00b7ef84 method=jdk.internal.org.objectweb.asm.ByteVector.enlarge(I)V @ 17 c2
Event: 5,037 Thread 0x00007f6c08dd9510 DEOPT PACKING pc=0x00007f6c00b7ef84 sp=0x00007f6b882868d0
Event: 5,037 Thread 0x00007f6c08dd9510 DEOPT UNPACKING pc=0x00007f6c0058d699 sp=0x00007f6b882867b8 mode 2
Event: 5,733 Thread 0x00007f6c08dd9510 Uncommon trap: trap_request=0xffffff45 fr.pc=0x00007f6c00bad0e8 relative=0x00000000000002c8
Event: 5,733 Thread 0x00007f6c08dd9510 Uncommon trap: reason=unstable_if action=reinterpret pc=0x00007f6c00bad0e8 method=java.util.WeakHashMap.expungeStaleEntries()V @ 9 c2
Event: 5,733 Thread 0x00007f6c08dd9510 DEOPT PACKING pc=0x00007f6c00bad0e8 sp=0x00007f6b88287980
Event: 5,733 Thread 0x00007f6c08dd9510 DEOPT UNPACKING pc=0x00007f6c0058d699 sp=0x00007f6b88287918 mode 2

Classes loaded (20 events):
Event: 8,812 Loading class java/awt/DefaultKeyboardFocusManager$TypeAheadMarker
Event: 8,812 Loading class java/awt/DefaultKeyboardFocusManager$TypeAheadMarker done
Event: 8,812 Loading class java/awt/KeyboardFocusManager$HeavyweightFocusRequest
Event: 8,812 Loading class java/awt/KeyboardFocusManager$HeavyweightFocusRequest done
Event: 8,812 Loading class java/awt/KeyboardFocusManager$LightweightFocusRequest
Event: 8,812 Loading class java/awt/KeyboardFocusManager$LightweightFocusRequest done
Event: 8,818 Loading class com/sun/java/swing/plaf/gtk/GTKPainter
Event: 8,818 Loading class javax/swing/plaf/synth/SynthPainter
Event: 8,819 Loading class javax/swing/plaf/synth/SynthPainter done
Event: 8,819 Loading class com/sun/java/swing/plaf/gtk/GTKPainter done
Event: 8,819 Loading class javax/swing/plaf/synth/SynthPainter$1
Event: 8,819 Loading class javax/swing/plaf/synth/SynthPainter$1 done
Event: 8,819 Loading class com/sun/java/swing/plaf/gtk/GTKConstants$PositionType
Event: 8,819 Loading class com/sun/java/swing/plaf/gtk/GTKConstants$PositionType done
Event: 8,819 Loading class com/sun/java/swing/plaf/gtk/GTKConstants$ShadowType
Event: 8,819 Loading class com/sun/java/swing/plaf/gtk/GTKConstants$ShadowType done
Event: 8,820 Loading class javax/swing/CellRendererPane
Event: 8,820 Loading class javax/swing/CellRendererPane done
Event: 8,879 Loading class java/io/NotSerializableException
Event: 8,879 Loading class java/io/NotSerializableException done

Classes unloaded (0 events):
No events

Classes redefined (0 events):
No events

Internal exceptions (20 events):
Event: 5,067 Thread 0x00007f6c08dd9510 Exception <a 'java/lang/NoSuchMethodError'{0x0000000714459fa0}: 'java.lang.Object java.lang.invoke.DirectMethodHandle$Holder.newInvokeSpecial(java.lang.Object, int, java.lang.Object)'> (0x0000000714459fa0) 
thrown [/usr/src/debug/java17-openjdk/jdk17u-jdk-17.0.19-10/src/hotspot/share/interpreter/linkResolver.cpp, line 758]
Event: 5,190 Thread 0x00007f6c08dd9510 Exception <a 'java/lang/NoSuchMethodError'{0x000000071459ff90}: 'void java.lang.invoke.DirectMethodHandle$Holder.invokeStatic(java.lang.Object, java.lang.Object, java.lang.Object)'> (0x000000071459ff90) 
thrown [/usr/src/debug/java17-openjdk/jdk17u-jdk-17.0.19-10/src/hotspot/share/interpreter/linkResolver.cpp, line 758]
Event: 5,681 Thread 0x00007f6c08dd9510 Exception <a 'java/lang/NoSuchMethodError'{0x00000007149fd5b0}: 'java.lang.Object java.lang.invoke.DirectMethodHandle$Holder.invokeStaticInit(java.lang.Object, java.lang.Object, float)'> (0x00000007149fd5b0) 
thrown [/usr/src/debug/java17-openjdk/jdk17u-jdk-17.0.19-10/src/hotspot/share/interpreter/linkResolver.cpp, line 758]
Event: 5,705 Thread 0x00007f6c08dd9510 Exception <a 'java/lang/NoSuchMethodError'{0x0000000714689950}: 'void java.lang.invoke.DirectMethodHandle$Holder.invokeStatic(java.lang.Object, java.lang.Object, java.lang.Object, java.lang.Object)'> (0x0000000714689950) 
thrown [/usr/src/debug/java17-openjdk/jdk17u-jdk-17.0.19-10/src/hotspot/share/interpreter/linkResolver.cpp, line 758]
Event: 5,716 Thread 0x00007f6c08dd9510 Exception <a 'java/lang/NoSuchMethodError'{0x00000007146c3518}: 'java.lang.Object java.lang.invoke.DirectMethodHandle$Holder.newInvokeSpecial(java.lang.Object, java.lang.Object, java.lang.Object, java.lang.Object, java.lang.Object, java.lang.Object, java.lang.Object, java.lang.Object, java.lang.Object, java.lang.Object)'> (0x00000007146c3518) 
thrown [/usr/src/debug/java17-openjdk/jdk17u-jdk-17.0.19-10/src/hotspot/share/interpreter/linkResolver.cpp, line 758]
Event: 5,717 Thread 0x00007f6c08dd9510 Exception <a 'java/lang/NoSuchMethodError'{0x00000007146c84b0}: 'java.lang.Object java.lang.invoke.DirectMethodHandle$Holder.invokeSpecial(java.lang.Object, java.lang.Object, java.lang.Object, java.lang.Object, java.lang.Object, java.lang.Object, java.lang.Object, java.lang.Object, java.lang.Object, java.lang.Object, java.lang.Object)'> (0x00000007146c84b0) 
thrown [/usr/src/debug/java17-openjdk/jdk17u-jdk-17.0.19-10/src/hotspot/share/interpreter/linkResolver.cpp, line 758]
Event: 5,717 Thread 0x00007f6c08dd9510 Exception <a 'java/lang/NoSuchMethodError'{0x00000007146cc8c8}: 'java.lang.Object java.lang.invoke.Invokers$Holder.linkToTargetMethod(java.lang.Object, java.lang.Object, java.lang.Object, java.lang.Object, java.lang.Object, java.lang.Object, java.lang.Object, java.lang.Object, java.lang.Object, java.lang.Object)'> (0x00000007146cc8c8) 
thrown [/usr/src/debug/java17-openjdk/jdk17u-jdk-17.0.19-10/src/hotspot/share/interpreter/linkResolver.cpp, line 758]
Event: 5,988 Thread 0x00007f6c08dd9510 Exception <a 'java/lang/NoSuchMethodError'{0x00000007145b3820}: 'java.lang.Object java.lang.invoke.DirectMethodHandle$Holder.invokeStaticInit(java.lang.Object, java.lang.Object, int)'> (0x00000007145b3820) 
thrown [/usr/src/debug/java17-openjdk/jdk17u-jdk-17.0.19-10/src/hotspot/share/interpreter/linkResolver.cpp, line 758]
Event: 6,040 Thread 0x00007f6c08dd9510 Exception <a 'java/lang/NoSuchMethodError'{0x00000007142acd10}: 'void java.lang.invoke.DirectMethodHandle$Holder.invokeStatic(java.lang.Object, int)'> (0x00000007142acd10) 
thrown [/usr/src/debug/java17-openjdk/jdk17u-jdk-17.0.19-10/src/hotspot/share/interpreter/linkResolver.cpp, line 758]
Event: 8,569 Thread 0x00007f6c08dd9510 Exception <a 'java/lang/NoSuchMethodError'{0x000000071ea62868}: 'float java.lang.invoke.DirectMethodHandle$Holder.invokeStatic(java.lang.Object)'> (0x000000071ea62868) 
thrown [/usr/src/debug/java17-openjdk/jdk17u-jdk-17.0.19-10/src/hotspot/share/interpreter/linkResolver.cpp, line 758]
Event: 8,569 Thread 0x00007f6c08dd9510 Exception <a 'java/lang/NoSuchMethodError'{0x000000071ea667b8}: 'float java.lang.invoke.DirectMethodHandle$Holder.invokeStaticInit(java.lang.Object)'> (0x000000071ea667b8) 
thrown [/usr/src/debug/java17-openjdk/jdk17u-jdk-17.0.19-10/src/hotspot/share/interpreter/linkResolver.cpp, line 758]
Event: 8,689 Thread 0x00007f6c08dd9510 Exception <a 'java/lang/NoSuchMethodError'{0x000000071a6ba6f0}: 'java.lang.Object java.lang.invoke.DirectMethodHandle$Holder.newInvokeSpecial(java.lang.Object, java.lang.Object, java.lang.Object, java.lang.Object, int)'> (0x000000071a6ba6f0) 
thrown [/usr/src/debug/java17-openjdk/jdk17u-jdk-17.0.19-10/src/hotspot/share/interpreter/linkResolver.cpp, line 758]
Event: 8,690 Thread 0x00007f6c08dd9510 Exception <a 'java/lang/NoSuchMethodError'{0x000000071a6bf770}: 'java.lang.Object java.lang.invoke.DirectMethodHandle$Holder.invokeSpecial(java.lang.Object, java.lang.Object, java.lang.Object, java.lang.Object, java.lang.Object, int)'> (0x000000071a6bf770) 
thrown [/usr/src/debug/java17-openjdk/jdk17u-jdk-17.0.19-10/src/hotspot/share/interpreter/linkResolver.cpp, line 758]
Event: 8,691 Thread 0x00007f6c08dd9510 Exception <a 'java/lang/NoSuchMethodError'{0x000000071a6c41a0}: 'java.lang.Object java.lang.invoke.Invokers$Holder.linkToTargetMethod(java.lang.Object, java.lang.Object, java.lang.Object, int, java.lang.Object)'> (0x000000071a6c41a0) 
thrown [/usr/src/debug/java17-openjdk/jdk17u-jdk-17.0.19-10/src/hotspot/share/interpreter/linkResolver.cpp, line 758]
Event: 8,750 Thread 0x00007f6c08dd9510 Exception <a 'java/lang/NoSuchMethodError'{0x000000071a7b32c8}: 'java.lang.Object java.lang.invoke.DirectMethodHandle$Holder.invokeSpecial(java.lang.Object, java.lang.Object, java.lang.Object, java.lang.Object, int, int)'> (0x000000071a7b32c8) 
thrown [/usr/src/debug/java17-openjdk/jdk17u-jdk-17.0.19-10/src/hotspot/share/interpreter/linkResolver.cpp, line 758]
Event: 8,821 Thread 0x00007f6c08dd9510 Exception <a 'java/lang/NoSuchMethodError'{0x000000071a5013e0}: 'java.lang.Object java.lang.invoke.DirectMethodHandle$Holder.invokeStatic(java.lang.Object, java.lang.Object, java.lang.Object, long)'> (0x000000071a5013e0) 
thrown [/usr/src/debug/java17-openjdk/jdk17u-jdk-17.0.19-10/src/hotspot/share/interpreter/linkResolver.cpp, line 758]
Event: 8,823 Thread 0x00007f6c08dd9510 Exception <a 'java/lang/NoSuchMethodError'{0x000000071a508a48}: 'java.lang.Object java.lang.invoke.DirectMethodHandle$Holder.newInvokeSpecial(java.lang.Object, java.lang.Object, java.lang.Object, long)'> (0x000000071a508a48) 
thrown [/usr/src/debug/java17-openjdk/jdk17u-jdk-17.0.19-10/src/hotspot/share/interpreter/linkResolver.cpp, line 758]
Event: 8,824 Thread 0x00007f6c08dd9510 Exception <a 'java/lang/NoSuchMethodError'{0x000000071a50ce08}: 'java.lang.Object java.lang.invoke.DirectMethodHandle$Holder.invokeSpecial(java.lang.Object, java.lang.Object, java.lang.Object, java.lang.Object, long)'> (0x000000071a50ce08) 
thrown [/usr/src/debug/java17-openjdk/jdk17u-jdk-17.0.19-10/src/hotspot/share/interpreter/linkResolver.cpp, line 758]
Event: 8,825 Thread 0x00007f6c08dd9510 Exception <a 'java/lang/NoSuchMethodError'{0x000000071a510c80}: 'java.lang.Object java.lang.invoke.Invokers$Holder.linkToTargetMethod(java.lang.Object, java.lang.Object, long, java.lang.Object)'> (0x000000071a510c80) 
thrown [/usr/src/debug/java17-openjdk/jdk17u-jdk-17.0.19-10/src/hotspot/share/interpreter/linkResolver.cpp, line 758]
Event: 8,898 Thread 0x00007f6c08dd9510 Exception <a 'java/lang/NoSuchMethodError'{0x000000071a5d54e8}: 'java.lang.Object java.lang.invoke.DirectMethodHandle$Holder.newInvokeSpecial(java.lang.Object, java.lang.Object, java.lang.Object, java.lang.Object, int, int, java.lang.Object)'> (0x000000071a5d54e8) 
thrown [/usr/src/debug/java17-openjdk/jdk17u-jdk-17.0.19-10/src/hotspot/share/interpreter/linkResolver.cpp, line 758]

VM Operations (20 events):
Event: 4,741 Executing VM operation: G1CollectForAllocation
Event: 4,757 Executing VM operation: G1CollectForAllocation done
Event: 4,829 Executing VM operation: G1CollectForAllocation
Event: 4,839 Executing VM operation: G1CollectForAllocation done
Event: 5,356 Executing VM operation: CollectForMetadataAllocation
Event: 5,363 Executing VM operation: CollectForMetadataAllocation done
Event: 5,385 Executing VM operation: G1PauseRemark
Event: 5,394 Executing VM operation: G1PauseRemark done
Event: 5,399 Executing VM operation: G1PauseCleanup
Event: 5,399 Executing VM operation: G1PauseCleanup done
Event: 6,399 Executing VM operation: Cleanup
Event: 6,400 Executing VM operation: Cleanup done
Event: 7,400 Executing VM operation: Cleanup
Event: 7,400 Executing VM operation: Cleanup done
Event: 7,596 Executing VM operation: G1CollectForAllocation
Event: 7,603 Executing VM operation: G1CollectForAllocation done
Event: 8,603 Executing VM operation: Cleanup
Event: 8,603 Executing VM operation: Cleanup done
Event: 8,880 Executing VM operation: HandshakeAllThreads
Event: 8,881 Executing VM operation: HandshakeAllThreads done

Memory protections (20 events):
Event: 2,280 Protecting memory [0x00007f6b91eb0000,0x00007f6b91eb4000] with protection modes 0
Event: 3,361 Protecting memory [0x00007f6b88892000,0x00007f6b88896000] with protection modes 0
Event: 3,370 Protecting memory [0x00007f6b88791000,0x00007f6b88795000] with protection modes 0
Event: 3,693 Protecting memory [0x00007f6b8828c000,0x00007f6b88290000] with protection modes 0
Event: 3,698 Protecting memory [0x00007f6b8818b000,0x00007f6b8818f000] with protection modes 0
Event: 3,765 Protecting memory [0x00007f6b8808a000,0x00007f6b8808e000] with protection modes 0
Event: 4,404 Protecting memory [0x00007f6b8808a000,0x00007f6b8808e000] with protection modes 0
Event: 4,408 Protecting memory [0x00007f6b3c0a5000,0x00007f6b3c0a9000] with protection modes 0
Event: 4,428 Protecting memory [0x00007f6b34564000,0x00007f6b34568000] with protection modes 0
Event: 4,478 Protecting memory [0x00007f6b3434c000,0x00007f6b34350000] with protection modes 0
Event: 4,478 Protecting memory [0x00007f6b3424b000,0x00007f6b3424f000] with protection modes 0
Event: 4,480 Protecting memory [0x00007f6b3414a000,0x00007f6b3414e000] with protection modes 0
Event: 4,493 Protecting memory [0x00007f6b34049000,0x00007f6b3404d000] with protection modes 0
Event: 4,499 Protecting memory [0x00007f6b1e6fd000,0x00007f6b1e701000] with protection modes 0
Event: 4,501 Protecting memory [0x00007f6b1e5fc000,0x00007f6b1e600000] with protection modes 0
Event: 5,327 Protecting memory [0x00007f6b1e4fb000,0x00007f6b1e4ff000] with protection modes 0
Event: 5,944 Protecting memory [0x00007f6b1c2fe000,0x00007f6b1c302000] with protection modes 0
Event: 6,060 Protecting memory [0x00007f6b1c1fd000,0x00007f6b1c201000] with protection modes 0
Event: 6,077 Protecting memory [0x00007f6b37fd7000,0x00007f6b37fdb000] with protection modes 0
Event: 6,258 Protecting memory [0x00007f6aebf00000,0x00007f6aebf04000] with protection modes 0

Nmethod flushes (0 events):
No events

Events (20 events):
Event: 3,369 Thread 0x00007f6c0801a010 Thread added: 0x00007f6c08d92ac0
Event: 3,693 Thread 0x00007f6c0801a010 Thread added: 0x00007f6c08dd78b0
Event: 3,698 Thread 0x00007f6c0801a010 Thread added: 0x00007f6c08dd9510
Event: 3,765 Thread 0x00007f6c0801a010 Thread added: 0x00007f6c08dde090
Event: 3,768 Thread 0x00007f6c08dde090 Thread exited: 0x00007f6c08dde090
Event: 4,402 Thread 0x00007f6c08580660 Thread added: 0x00007f6b8c19bcf0
Event: 4,408 Thread 0x00007f6c08580660 Thread added: 0x00007f6b8c19cb80
Event: 4,428 Thread 0x00007f6c08580660 Thread added: 0x00007f6b8c1b9d90
Event: 4,476 Thread 0x00007f6b8c19cb80 Thread added: 0x00007f6b20001430
Event: 4,478 Thread 0x00007f6b8c19cb80 Thread added: 0x00007f6b20002650
Event: 4,480 Thread 0x00007f6b20001430 Thread added: 0x00007f6b04000f50
Event: 4,493 Thread 0x00007f6c085814d0 Thread added: 0x00007f6b8408f540
Event: 4,499 Thread 0x00007f6c085814d0 Thread added: 0x00007f6b84092390
Event: 4,501 Thread 0x00007f6c0801a010 Thread added: 0x00007f6c09527ba0
Event: 5,327 Thread 0x00007f6c08dd9510 Thread added: 0x00007f6b4429f9b0
Event: 5,943 Thread 0x00007f6c08dd9510 Thread added: 0x00007f6b449a5550
Event: 6,059 Thread 0x00007f6c08dd9510 Thread added: 0x00007f6b449c4f30
Event: 6,077 Thread 0x00007f6b449c4f30 Thread added: 0x00007f6acc0019b0
Event: 6,258 Thread 0x00007f6c081f2e10 Thread added: 0x00007f6bb0493c30
Event: 6,692 Thread 0x00007f6bb0493c30 Thread exited: 0x00007f6bb0493c30


Dynamic libraries:
711a00000-71a800000 rw-p 00000000 00:00 0 
71a800000-71ea00000 ---p 00000000 00:00 0 
71ea00000-71ee00000 rw-p 00000000 00:00 0 
71ee00000-720800000 ---p 00000000 00:00 0 
720800000-720a00000 rw-p 00000000 00:00 0 
720a00000-800000000 ---p 00000000 00:00 0 
800000000-800020000 rw-p 00000000 00:00 0 
800020000-800040000 rw-p 00000000 00:00 0 
800040000-8000c0000 rw-p 00000000 00:00 0 
8000c0000-800100000 rw-p 00000000 00:00 0 
800100000-800140000 rw-p 00000000 00:00 0 
800140000-800180000 rw-p 00000000 00:00 0 
800180000-8001c0000 rw-p 00000000 00:00 0 
8001c0000-800220000 rw-p 00000000 00:00 0 
800220000-800240000 rw-p 00000000 00:00 0 
800240000-8002c0000 rw-p 00000000 00:00 0 
8002c0000-8002e0000 rw-p 00000000 00:00 0 
8002e0000-800340000 rw-p 00000000 00:00 0 
800340000-800470000 rw-p 00000000 00:00 0 
800470000-840000000 ---p 00000000 00:00 0 
4200000000-4204300000 rw-p 00000000 00:00 0 
4204300000-14200100000 ---p 00000000 00:00 0 
55cd81da4000-55cd81da5000 r--p 00000000 00:22 10698259                   /opt/simplex/bin/simplex
55cd81da5000-55cd81da6000 r-xp 00001000 00:22 10698259                   /opt/simplex/bin/simplex
55cd81da6000-55cd81da7000 r--p 00002000 00:22 10698259                   /opt/simplex/bin/simplex
55cd81da7000-55cd81da8000 r--p 00002000 00:22 10698259                   /opt/simplex/bin/simplex
55cd81da8000-55cd81da9000 rw-p 00003000 00:22 10698259                   /opt/simplex/bin/simplex
55cda4431000-55cda447d000 rw-p 00000000 00:00 0                          [heap]
7f6ac256f000-7f6ac27fd000 rw-p 00000000 00:00 0 
7f6ac27fd000-7f6ac4000000 rw-p 00000000 00:00 0 
7f6ac4000000-7f6ac4021000 rw-p 00000000 00:00 0 
7f6ac4021000-7f6ac8000000 ---p 00000000 00:00 0 
7f6ac8000000-7f6ac8021000 rw-p 00000000 00:00 0 
7f6ac8021000-7f6acc000000 ---p 00000000 00:00 0 
7f6acc000000-7f6acc021000 rw-p 00000000 00:00 0 
7f6acc021000-7f6ad0000000 ---p 00000000 00:00 0 
7f6ad0000000-7f6ad0021000 rw-p 00000000 00:00 0 
7f6ad0021000-7f6ad4000000 ---p 00000000 00:00 0 
7f6ad4000000-7f6ad41db000 rw-p 00000000 00:00 0 
7f6ad41db000-7f6ad8000000 ---p 00000000 00:00 0 
7f6ad8000000-7f6ad8021000 rw-p 00000000 00:00 0 
7f6ad8021000-7f6adc000000 ---p 00000000 00:00 0 
7f6adc000000-7f6adc021000 rw-p 00000000 00:00 0 
7f6adc021000-7f6ae0000000 ---p 00000000 00:00 0 
7f6ae01fd000-7f6ae1a00000 rw-p 00000000 00:00 0 
7f6ae1a00000-7f6ae1f5b000 r--p 00000000 00:22 10407070                   /usr/lib/libLLVM.so.22.1
7f6ae1f5b000-7f6ae7c0a000 r-xp 0055b000 00:22 10407070                   /usr/lib/libLLVM.so.22.1
7f6ae7c0a000-7f6aebb58000 r--p 0620a000 00:22 10407070                   /usr/lib/libLLVM.so.22.1
7f6aebb58000-7f6aebd74000 r--p 0a158000 00:22 10407070                   /usr/lib/libLLVM.so.22.1
7f6aebd74000-7f6aebd7e000 rw-p 0a374000 00:22 10407070                   /usr/lib/libLLVM.so.22.1
7f6aebd7e000-7f6aebe4e000 rw-p 00000000 00:00 0 
7f6aebeff000-7f6aebf00000 rw-p 00000000 00:00 0 
7f6aebf00000-7f6aebf04000 ---p 00000000 00:00 0 
7f6aebf04000-7f6aec000000 rw-p 00000000 00:00 0 
7f6aec000000-7f6aec021000 rw-p 00000000 00:00 0 
7f6aec021000-7f6af0000000 ---p 00000000 00:00 0 
7f6af01ff000-7f6af0a00000 rw-p 00000000 00:00 0 
7f6af0a00000-7f6af0a1a000 r--p 00000000 00:22 10096457                   /usr/lib/libgallium-26.1.4-arch1.1.so
7f6af0a1a000-7f6af29eb000 r-xp 0001a000 00:22 10096457                   /usr/lib/libgallium-26.1.4-arch1.1.so
7f6af29eb000-7f6af3bdd000 r--p 01feb000 00:22 10096457                   /usr/lib/libgallium-26.1.4-arch1.1.so
7f6af3bdd000-7f6af3d51000 r--p 031dc000 00:22 10096457                   /usr/lib/libgallium-26.1.4-arch1.1.so
7f6af3d51000-7f6af3d87000 rw-p 03350000 00:22 10096457                   /usr/lib/libgallium-26.1.4-arch1.1.so
7f6af3d87000-7f6af3f54000 rw-p 00000000 00:00 0 
7f6af4000000-7f6af4021000 rw-p 00000000 00:00 0 
7f6af4021000-7f6af8000000 ---p 00000000 00:00 0 
7f6af8000000-7f6af8021000 rw-p 00000000 00:00 0 
7f6af8021000-7f6afc000000 ---p 00000000 00:00 0 
7f6afc000000-7f6afc021000 rw-p 00000000 00:00 0 
7f6afc021000-7f6b00000000 ---p 00000000 00:00 0 
7f6b00000000-7f6b00021000 rw-p 00000000 00:00 0 
7f6b00021000-7f6b04000000 ---p 00000000 00:00 0 
7f6b04000000-7f6b04021000 rw-p 00000000 00:00 0 
7f6b04021000-7f6b08000000 ---p 00000000 00:00 0 
7f6b08000000-7f6b08021000 rw-p 00000000 00:00 0 
7f6b08021000-7f6b0c000000 ---p 00000000 00:00 0 
7f6b0c000000-7f6b0c021000 rw-p 00000000 00:00 0 
7f6b0c021000-7f6b10000000 ---p 00000000 00:00 0 
7f6b10000000-7f6b10021000 rw-p 00000000 00:00 0 
7f6b10021000-7f6b14000000 ---p 00000000 00:00 0 
7f6b14000000-7f6b14021000 rw-p 00000000 00:00 0 
7f6b14021000-7f6b18000000 ---p 00000000 00:00 0 
7f6b18000000-7f6b18021000 rw-p 00000000 00:00 0 
7f6b18021000-7f6b1c000000 ---p 00000000 00:00 0 
7f6b1c1fc000-7f6b1c1fd000 rw-p 00000000 00:00 0 
7f6b1c1fd000-7f6b1c201000 ---p 00000000 00:00 0 
7f6b1c201000-7f6b1c2fe000 rw-p 00000000 00:00 0 
7f6b1c2fe000-7f6b1c302000 ---p 00000000 00:00 0 
7f6b1c302000-7f6b1c3fe000 rw-p 00000000 00:00 0 
7f6b1c3fe000-7f6b1c5fe000 rw-s 129eae000 00:07 806                       /dev/dri/renderD128
7f6b1c5fe000-7f6b1c7fe000 rw-s 106f54000 00:07 806                       /dev/dri/renderD128
7f6b1c7fe000-7f6b1d800000 rw-p 00000000 00:00 0 
7f6b1d800000-7f6b1da01000 rw-s 00000000 00:22 3041                       /home/mleku/.cache/mesa_shader_cache/index
7f6b1da03000-7f6b1e204000 rw-p 00000000 00:00 0 
7f6b1e204000-7f6b1e211000 r--p 00000000 00:22 6914745                    /usr/lib/libncursesw.so.6.6
7f6b1e211000-7f6b1e259000 r-xp 0000d000 00:22 6914745                    /usr/lib/libncursesw.so.6.6
7f6b1e259000-7f6b1e26f000 r--p 00055000 00:22 6914745                    /usr/lib/libncursesw.so.6.6
7f6b1e26f000-7f6b1e274000 r--p 0006a000 00:22 6914745                    /usr/lib/libncursesw.so.6.6
7f6b1e274000-7f6b1e275000 rw-p 0006f000 00:22 6914745                    /usr/lib/libncursesw.so.6.6
7f6b1e275000-7f6b1e27b000 r--p 00000000 00:22 9263247                    /usr/lib/libedit.so.0.0.78
7f6b1e27b000-7f6b1e29d000 r-xp 00006000 00:22 9263247                    /usr/lib/libedit.so.0.0.78
7f6b1e29d000-7f6b1e2aa000 r--p 00028000 00:22 9263247                    /usr/lib/libedit.so.0.0.78
7f6b1e2aa000-7f6b1e2ad000 r--p 00034000 00:22 9263247                    /usr/lib/libedit.so.0.0.78
7f6b1e2ad000-7f6b1e2ae000 rw-p 00037000 00:22 9263247                    /usr/lib/libedit.so.0.0.78
7f6b1e2ae000-7f6b1e2b1000 rw-p 00000000 00:00 0 
7f6b1e2b1000-7f6b1e2b4000 r--p 00000000 00:22 9645161                    /usr/lib/libdrm_intel.so.1.134.0
7f6b1e2b4000-7f6b1e2cb000 r-xp 00003000 00:22 9645161                    /usr/lib/libdrm_intel.so.1.134.0
7f6b1e2cb000-7f6b1e2d5000 r--p 0001a000 00:22 9645161                    /usr/lib/libdrm_intel.so.1.134.0
7f6b1e2d5000-7f6b1e2d6000 r--p 00023000 00:22 9645161                    /usr/lib/libdrm_intel.so.1.134.0
7f6b1e2d6000-7f6b1e2d7000 rw-p 00024000 00:22 9645161                    /usr/lib/libdrm_intel.so.1.134.0
7f6b1e2d7000-7f6b1e2ee000 r--p 00000000 00:22 9645241                    /usr/lib/libSPIRV-Tools.so
7f6b1e2ee000-7f6b1e41a000 r-xp 00017000 00:22 9645241                    /usr/lib/libSPIRV-Tools.so
7f6b1e41a000-7f6b1e49c000 r--p 00143000 00:22 9645241                    /usr/lib/libSPIRV-Tools.so
7f6b1e49c000-7f6b1e49f000 r--p 001c5000 00:22 9645241                    /usr/lib/libSPIRV-Tools.so
7f6b1e49f000-7f6b1e4a0000 rw-p 001c8000 00:22 9645241                    /usr/lib/libSPIRV-Tools.so
7f6b1e4a0000-7f6b1e4a5000 r--p 00000000 00:22 10096456                   /usr/lib/libGLX_mesa.so.0.0.0
7f6b1e4a5000-7f6b1e4e5000 r-xp 00005000 00:22 10096456                   /usr/lib/libGLX_mesa.so.0.0.0
7f6b1e4e5000-7f6b1e4f5000 r--p 00045000 00:22 10096456                   /usr/lib/libGLX_mesa.so.0.0.0
7f6b1e4f5000-7f6b1e4f9000 r--p 00054000 00:22 10096456                   /usr/lib/libGLX_mesa.so.0.0.0
7f6b1e4f9000-7f6b1e4fa000 rw-p 00058000 00:22 10096456                   /usr/lib/libGLX_mesa.so.0.0.0
7f6b1e4fa000-7f6b1e4fb000 rw-p 00000000 00:00 0 
7f6b1e4fb000-7f6b1e4ff000 ---p 00000000 00:00 0 
7f6b1e4ff000-7f6b1e5fc000 rw-p 00000000 00:00 0 
7f6b1e5fc000-7f6b1e600000 ---p 00000000 00:00 0 
7f6b1e600000-7f6b1e6fd000 rw-p 00000000 00:00 0 
7f6b1e6fd000-7f6b1e701000 ---p 00000000 00:00 0 
7f6b1e701000-7f6b20000000 rw-p 00000000 00:00 0 
7f6b20000000-7f6b20021000 rw-p 00000000 00:00 0 
7f6b20021000-7f6b24000000 ---p 00000000 00:00 0 
7f6b24000000-7f6b24021000 rw-p 00000000 00:00 0 
7f6b24021000-7f6b28000000 ---p 00000000 00:00 0 
7f6b28000000-7f6b28021000 rw-p 00000000 00:00 0 
7f6b28021000-7f6b2c000000 ---p 00000000 00:00 0 
7f6b2c000000-7f6b2c021000 rw-p 00000000 00:00 0 
7f6b2c021000-7f6b30000000 ---p 00000000 00:00 0 
7f6b30000000-7f6b30021000 rw-p 00000000 00:00 0 
7f6b30021000-7f6b34000000 ---p 00000000 00:00 0 
7f6b3400a000-7f6b3400c000 r--p 00000000 00:22 6746945                    /usr/lib/libpciaccess.so.0.11.1
7f6b3400c000-7f6b34011000 r-xp 00002000 00:22 6746945                    /usr/lib/libpciaccess.so.0.11.1
7f6b34011000-7f6b34013000 r--p 00007000 00:22 6746945                    /usr/lib/libpciaccess.so.0.11.1
7f6b34013000-7f6b34014000 r--p 00008000 00:22 6746945                    /usr/lib/libpciaccess.so.0.11.1
7f6b34014000-7f6b34015000 rw-p 00009000 00:22 6746945                    /usr/lib/libpciaccess.so.0.11.1
7f6b34015000-7f6b34018000 r--p 00000000 00:22 9645158                    /usr/lib/libdrm_amdgpu.so.1.134.0
7f6b34018000-7f6b3401e000 r-xp 00003000 00:22 9645158                    /usr/lib/libdrm_amdgpu.so.1.134.0
7f6b3401e000-7f6b34020000 r--p 00009000 00:22 9645158                    /usr/lib/libdrm_amdgpu.so.1.134.0
7f6b34020000-7f6b34021000 r--p 0000a000 00:22 9645158                    /usr/lib/libdrm_amdgpu.so.1.134.0
7f6b34021000-7f6b34022000 rw-p 0000b000 00:22 9645158                    /usr/lib/libdrm_amdgpu.so.1.134.0
7f6b34022000-7f6b34025000 r--p 00000000 00:22 9103650                    /usr/lib/libelf-0.195.so
7f6b34025000-7f6b34039000 r-xp 00003000 00:22 9103650                    /usr/lib/libelf-0.195.so
7f6b34039000-7f6b3403d000 r--p 00017000 00:22 9103650                    /usr/lib/libelf-0.195.so
7f6b3403d000-7f6b3403e000 r--p 0001b000 00:22 9103650                    /usr/lib/libelf-0.195.so
7f6b3403e000-7f6b3403f000 rw-p 0001c000 00:22 9103650                    /usr/lib/libelf-0.195.so
7f6b3403f000-7f6b34042000 r--p 00000000 00:22 10257                      /usr/lib/libxcb-sync.so.1.0.0
7f6b34042000-7f6b34045000 r-xp 00003000 00:22 10257                      /usr/lib/libxcb-sync.so.1.0.0
7f6b34045000-7f6b34046000 r--p 00006000 00:22 10257                      /usr/lib/libxcb-sync.so.1.0.0
7f6b34046000-7f6b34047000 r--p 00007000 00:22 10257                      /usr/lib/libxcb-sync.so.1.0.0
7f6b34047000-7f6b34048000 rw-p 00008000 00:22 10257                      /usr/lib/libxcb-sync.so.1.0.0
7f6b34048000-7f6b34049000 rw-p 00000000 00:00 0 
7f6b34049000-7f6b3404d000 ---p 00000000 00:00 0 
7f6b3404d000-7f6b3414a000 rw-p 00000000 00:00 0 
7f6b3414a000-7f6b3414e000 ---p 00000000 00:00 0 
7f6b3414e000-7f6b3424b000 rw-p 00000000 00:00 0 
7f6b3424b000-7f6b3424f000 ---p 00000000 00:00 0 
7f6b3424f000-7f6b3434c000 rw-p 00000000 00:00 0 
7f6b3434c000-7f6b34350000 ---p 00000000 00:00 0 
7f6b34350000-7f6b3444c000 rw-p 00000000 00:00 0 
7f6b3444c000-7f6b3445b000 r--p 00000000 00:22 9189652                    /usr/lib/libibus-1.0.so.5.0.534
7f6b3445b000-7f6b34492000 r-xp 0000f000 00:22 9189652                    /usr/lib/libibus-1.0.so.5.0.534
7f6b34492000-7f6b344cd000 r--p 00046000 00:22 9189652                    /usr/lib/libibus-1.0.so.5.0.534
7f6b344cd000-7f6b344d0000 r--p 00080000 00:22 9189652                    /usr/lib/libibus-1.0.so.5.0.534
7f6b344d0000-7f6b344d1000 rw-p 00083000 00:22 9189652                    /usr/lib/libibus-1.0.so.5.0.534
7f6b344d1000-7f6b34563000 r--p 00000000 00:22 10097834                   /usr/share/fonts/noto/NotoSansMono-Regular.ttf
7f6b34563000-7f6b34564000 rw-p 00000000 00:00 0 
7f6b34564000-7f6b34568000 ---p 00000000 00:00 0 
7f6b34568000-7f6b34664000 rw-p 00000000 00:00 0 
7f6b34664000-7f6b346fc000 r--p 00000000 00:22 10097593                   /usr/share/fonts/noto/NotoSans-Regular.ttf
7f6b346fc000-7f6b347d2000 rw-p 00000000 00:00 0 
7f6b347d2000-7f6b347d9000 r--p 00000000 00:22 10250                      /usr/lib/libxcb-randr.so.0.1.0
7f6b347d9000-7f6b347df000 r-xp 00007000 00:22 10250                      /usr/lib/libxcb-randr.so.0.1.0
7f6b347df000-7f6b347e2000 r--p 0000d000 00:22 10250                      /usr/lib/libxcb-randr.so.0.1.0
7f6b347e2000-7f6b347e3000 r--p 00010000 00:22 10250                      /usr/lib/libxcb-randr.so.0.1.0
7f6b347e3000-7f6b347e4000 rw-p 00011000 00:22 10250                      /usr/lib/libxcb-randr.so.0.1.0
7f6b347e4000-7f6b347e6000 r--p 00000000 00:22 309095                     /usr/lib/libsensors.so.5.0.0
7f6b347e6000-7f6b347ee000 r-xp 00002000 00:22 309095                     /usr/lib/libsensors.so.5.0.0
7f6b347ee000-7f6b347f2000 r--p 0000a000 00:22 309095                     /usr/lib/libsensors.so.5.0.0
7f6b347f2000-7f6b347f3000 r--p 0000e000 00:22 309095                     /usr/lib/libsensors.so.5.0.0
7f6b347f3000-7f6b347f4000 rw-p 0000f000 00:22 309095                     /usr/lib/libsensors.so.5.0.0
7f6b347f4000-7f6b347f7000 r--p 00000000 00:22 10259                      /usr/lib/libxcb-xfixes.so.0.0.0
7f6b347f7000-7f6b347fa000 r-xp 00003000 00:22 10259                      /usr/lib/libxcb-xfixes.so.0.0.0
7f6b347fa000-7f6b347fb000 r--p 00006000 00:22 10259                      /usr/lib/libxcb-xfixes.so.0.0.0
7f6b347fb000-7f6b347fc000 r--p 00007000 00:22 10259                      /usr/lib/libxcb-xfixes.so.0.0.0
7f6b347fc000-7f6b347fd000 rw-p 00008000 00:22 10259                      /usr/lib/libxcb-xfixes.so.0.0.0
7f6b347fd000-7f6b36000000 rw-p 00000000 00:00 0 
7f6b36000000-7f6b37f94000 r--p 00000000 00:22 6744665                    /usr/lib/libicudata.so.78.3
7f6b37f94000-7f6b37f95000 r--p 01f93000 00:22 6744665                    /usr/lib/libicudata.so.78.3
7f6b37f9d000-7f6b37f9f000 r--p 00000000 00:22 10247                      /usr/lib/libxcb-dri3.so.0.1.0
7f6b37f9f000-7f6b37fa1000 r-xp 00002000 00:22 10247                      /usr/lib/libxcb-dri3.so.0.1.0
7f6b37fa1000-7f6b37fa2000 r--p 00004000 00:22 10247                      /usr/lib/libxcb-dri3.so.0.1.0
7f6b37fa2000-7f6b37fa3000 r--p 00004000 00:22 10247                      /usr/lib/libxcb-dri3.so.0.1.0
7f6b37fa3000-7f6b37fa4000 rw-p 00005000 00:22 10247                      /usr/lib/libxcb-dri3.so.0.1.0
7f6b37fa4000-7f6b37fb0000 r--p 00000000 00:22 10248                      /usr/lib/libxcb-glx.so.0.0.0
7f6b37fb0000-7f6b37fb9000 r-xp 0000c000 00:22 10248                      /usr/lib/libxcb-glx.so.0.0.0
7f6b37fb9000-7f6b37fbe000 r--p 00015000 00:22 10248                      /usr/lib/libxcb-glx.so.0.0.0
7f6b37fbe000-7f6b37fc0000 r--p 0001a000 00:22 10248                      /usr/lib/libxcb-glx.so.0.0.0
7f6b37fc0000-7f6b37fc1000 rw-p 0001c000 00:22 10248                      /usr/lib/libxcb-glx.so.0.0.0
7f6b37fd6000-7f6b37fd7000 rw-p 00000000 00:00 0 
7f6b37fd7000-7f6b37fdb000 ---p 00000000 00:00 0 
7f6b37fdb000-7f6b37ff9000 rw-p 00000000 00:00 0 
7f6b37ff9000-7f6b38000000 r--s 00000000 00:22 10088609                   /usr/lib/gconv/gconv-modules.cache
7f6b38000000-7f6b380a2000 rw-p 00000000 00:00 0 
7f6b380a2000-7f6b3c000000 ---p 00000000 00:00 0 
7f6b3c000000-7f6b3c001000 r--p 00000000 00:22 117573                     /usr/lib/libxshmfence.so.1.0.0
7f6b3c001000-7f6b3c002000 r-xp 00001000 00:22 117573                     /usr/lib/libxshmfence.so.1.0.0
7f6b3c002000-7f6b3c003000 r--p 00002000 00:22 117573                     /usr/lib/libxshmfence.so.1.0.0
7f6b3c003000-7f6b3c004000 r--p 00002000 00:22 117573                     /usr/lib/libxshmfence.so.1.0.0
7f6b3c004000-7f6b3c005000 rw-p 00003000 00:22 117573                     /usr/lib/libxshmfence.so.1.0.0
7f6b3c005000-7f6b3c006000 r--p 00000000 00:22 1663804                    /usr/lib/libXxf86vm.so.1.0.0
7f6b3c006000-7f6b3c009000 r-xp 00001000 00:22 1663804                    /usr/lib/libXxf86vm.so.1.0.0
7f6b3c009000-7f6b3c00a000 r--p 00004000 00:22 1663804                    /usr/lib/libXxf86vm.so.1.0.0
7f6b3c00a000-7f6b3c00b000 r--p 00004000 00:22 1663804                    /usr/lib/libXxf86vm.so.1.0.0
7f6b3c00b000-7f6b3c00c000 rw-p 00005000 00:22 1663804                    /usr/lib/libXxf86vm.so.1.0.0
7f6b3c00c000-7f6b3c0a4000 r--p 00000000 00:22 10097593                   /usr/share/fonts/noto/NotoSans-Regular.ttf
7f6b3c0a4000-7f6b3c0a5000 rw-p 00000000 00:00 0 
7f6b3c0a5000-7f6b3c0a9000 ---p 00000000 00:00 0 
7f6b3c0a9000-7f6b3c1a5000 rw-p 00000000 00:00 0 
7f6b3c1a5000-7f6b3c1b3000 r--p 00000000 00:22 10164432                   /usr/lib/gvfs/libgvfscommon.so
7f6b3c1b3000-7f6b3c1ce000 r-xp 0000e000 00:22 10164432                   /usr/lib/gvfs/libgvfscommon.so
7f6b3c1ce000-7f6b3c1da000 r--p 00029000 00:22 10164432                   /usr/lib/gvfs/libgvfscommon.so
7f6b3c1da000-7f6b3c1e0000 r--p 00035000 00:22 10164432                   /usr/lib/gvfs/libgvfscommon.so
7f6b3c1e0000-7f6b3c1e1000 rw-p 0003b000 00:22 10164432                   /usr/lib/gvfs/libgvfscommon.so
7f6b3c1e1000-7f6b3c1eb000 r--p 00000000 00:22 10164430                   /usr/lib/gio/modules/libgvfsdbus.so
7f6b3c1eb000-7f6b3c207000 r-xp 0000a000 00:22 10164430                   /usr/lib/gio/modules/libgvfsdbus.so
7f6b3c207000-7f6b3c210000 r--p 00026000 00:22 10164430                   /usr/lib/gio/modules/libgvfsdbus.so
7f6b3c210000-7f6b3c212000 r--p 0002f000 00:22 10164430                   /usr/lib/gio/modules/libgvfsdbus.so
7f6b3c212000-7f6b3c213000 rw-p 00031000 00:22 10164430                   /usr/lib/gio/modules/libgvfsdbus.so
7f6b3c213000-7f6b3c32b000 r--s 00000000 00:22 21833                      /var/cache/fontconfig/923e285e415b1073c8df160bee08820f-le64.cache-11
7f6b3c32b000-7f6b3c39b000 r--s 00000000 00:22 19795                      /var/cache/fontconfig/f6b893a7224233d96cb72fd88691c0b4-le64.cache-11
7f6b3c39b000-7f6b3c400000 r--s 00000000 00:22 28524892                   /home/mleku/.cache/fontconfig/5ced086c378f87cc8519016917c034bd-le64.cache-11
7f6b3c400000-7f6b3c448000 r--p 00000000 00:22 6744680                    /usr/lib/libicuuc.so.78.3
7f6b3c448000-7f6b3c565000 r-xp 00048000 00:22 6744680                    /usr/lib/libicuuc.so.78.3
7f6b3c565000-7f6b3c5f8000 r--p 00165000 00:22 6744680                    /usr/lib/libicuuc.so.78.3
7f6b3c5f8000-7f6b3c60b000 r--p 001f8000 00:22 6744680                    /usr/lib/libicuuc.so.78.3
7f6b3c60b000-7f6b3c60c000 rw-p 0020b000 00:22 6744680                    /usr/lib/libicuuc.so.78.3
7f6b3c60c000-7f6b3c60e000 rw-p 00000000 00:00 0 
7f6b3c60f000-7f6b3c610000 r--p 00000000 00:22 10249                      /usr/lib/libxcb-present.so.0.0.0
7f6b3c610000-7f6b3c611000 r-xp 00001000 00:22 10249                      /usr/lib/libxcb-present.so.0.0.0
7f6b3c611000-7f6b3c612000 r--p 00002000 00:22 10249                      /usr/lib/libxcb-present.so.0.0.0
7f6b3c612000-7f6b3c613000 r--p 00002000 00:22 10249                      /usr/lib/libxcb-present.so.0.0.0
7f6b3c613000-7f6b3c614000 rw-p 00003000 00:22 10249                      /usr/lib/libxcb-present.so.0.0.0
7f6b3c614000-7f6b3c615000 r--p 00000000 00:22 5529099                    /usr/lib/libX11-xcb.so.1.0.0
7f6b3c615000-7f6b3c616000 r-xp 00001000 00:22 5529099                    /usr/lib/libX11-xcb.so.1.0.0
7f6b3c616000-7f6b3c617000 r--p 00002000 00:22 5529099                    /usr/lib/libX11-xcb.so.1.0.0
7f6b3c617000-7f6b3c618000 r--p 00002000 00:22 5529099                    /usr/lib/libX11-xcb.so.1.0.0
7f6b3c618000-7f6b3c619000 rw-p 00003000 00:22 5529099                    /usr/lib/libX11-xcb.so.1.0.0
7f6b3c619000-7f6b3c61e000 r--p 00000000 00:22 9645155                    /usr/lib/libdrm.so.2.134.0
7f6b3c61e000-7f6b3c62a000 r-xp 00005000 00:22 9645155                    /usr/lib/libdrm.so.2.134.0
7f6b3c62a000-7f6b3c62e000 r--p 00011000 00:22 9645155                    /usr/lib/libdrm.so.2.134.0
7f6b3c62e000-7f6b3c62f000 r--p 00015000 00:22 9645155                    /usr/lib/libdrm.so.2.134.0
7f6b3c62f000-7f6b3c630000 rw-p 00016000 00:22 9645155                    /usr/lib/libdrm.so.2.134.0
7f6b3c630000-7f6b3c631000 r--p 00000000 00:22 10699823                   /opt/simplex/lib/runtime/lib/libjawt.so
7f6b3c631000-7f6b3c632000 r-xp 00001000 00:22 10699823                   /opt/simplex/lib/runtime/lib/libjawt.so
7f6b3c632000-7f6b3c633000 r--p 00002000 00:22 10699823                   /opt/simplex/lib/runtime/lib/libjawt.so
7f6b3c633000-7f6b3c634000 r--p 00002000 00:22 10699823                   /opt/simplex/lib/runtime/lib/libjawt.so
7f6b3c634000-7f6b3c635000 rw-p 00003000 00:22 10699823                   /opt/simplex/lib/runtime/lib/libjawt.so
7f6b3c635000-7f6b3c65e000 r--s 00000000 00:22 19811                      /var/cache/fontconfig/f2e43df3287529323e79e7929dc44cc9-le64.cache-11
7f6b3c65e000-7f6b3c660000 r--p 00000000 00:22 329580                     /usr/lib/libogg.so.0.8.6
7f6b3c660000-7f6b3c663000 r-xp 00002000 00:22 329580                     /usr/lib/libogg.so.0.8.6
7f6b3c663000-7f6b3c666000 r--p 00005000 00:22 329580                     /usr/lib/libogg.so.0.8.6
7f6b3c666000-7f6b3c667000 r--p 00008000 00:22 329580                     /usr/lib/libogg.so.0.8.6
7f6b3c667000-7f6b3c668000 rw-p 00009000 00:22 329580                     /usr/lib/libogg.so.0.8.6
7f6b3c668000-7f6b3c66b000 r--p 00000000 00:22 117519                     /usr/lib/libvorbis.so.0.4.9
7f6b3c66b000-7f6b3c683000 r-xp 00003000 00:22 117519                     /usr/lib/libvorbis.so.0.4.9
7f6b3c683000-7f6b3c694000 r--p 0001b000 00:22 117519                     /usr/lib/libvorbis.so.0.4.9
7f6b3c694000-7f6b3c695000 r--p 0002b000 00:22 117519                     /usr/lib/libvorbis.so.0.4.9
7f6b3c695000-7f6b3c696000 rw-p 0002c000 00:22 117519                     /usr/lib/libvorbis.so.0.4.9
7f6b3c696000-7f6b3c69a000 r--p 00000000 00:22 1664640                    /usr/lib/libtdb.so.1.4.15
7f6b3c69a000-7f6b3c6a8000 r-xp 00004000 00:22 1664640                    /usr/lib/libtdb.so.1.4.15
7f6b3c6a8000-7f6b3c6ad000 r--p 00012000 00:22 1664640                    /usr/lib/libtdb.so.1.4.15
7f6b3c6ad000-7f6b3c6ae000 r--p 00016000 00:22 1664640                    /usr/lib/libtdb.so.1.4.15
7f6b3c6ae000-7f6b3c6af000 rw-p 00017000 00:22 1664640                    /usr/lib/libtdb.so.1.4.15
7f6b3c6af000-7f6b3c6b2000 r--p 00000000 00:22 333741                     /usr/lib/libcanberra.so.0.2.5
7f6b3c6b2000-7f6b3c6bc000 r-xp 00003000 00:22 333741                     /usr/lib/libcanberra.so.0.2.5
7f6b3c6bc000-7f6b3c6bf000 r--p 0000d000 00:22 333741                     /usr/lib/libcanberra.so.0.2.5
7f6b3c6bf000-7f6b3c6c0000 r--p 00010000 00:22 333741                     /usr/lib/libcanberra.so.0.2.5
7f6b3c6c0000-7f6b3c6c1000 rw-p 00011000 00:22 333741                     /usr/lib/libcanberra.so.0.2.5
7f6b3c6c1000-7f6b3c6c5000 r--p 00000000 00:22 1665341                    /usr/lib/libxkbfile.so.1.0.2
7f6b3c6c5000-7f6b3c6e0000 r-xp 00004000 00:22 1665341                    /usr/lib/libxkbfile.so.1.0.2
7f6b3c6e0000-7f6b3c6e6000 r--p 0001f000 00:22 1665341                    /usr/lib/libxkbfile.so.1.0.2
7f6b3c6e6000-7f6b3c6e7000 r--p 00025000 00:22 1665341                    /usr/lib/libxkbfile.so.1.0.2
7f6b3c6e7000-7f6b3c6e8000 rw-p 00026000 00:22 1665341                    /usr/lib/libxkbfile.so.1.0.2
7f6b3c6e8000-7f6b3c6ee000 r--p 00000000 00:22 336386                     /usr/lib/libxklavier.so.16.4.0
7f6b3c6ee000-7f6b3c6fa000 r-xp 00006000 00:22 336386                     /usr/lib/libxklavier.so.16.4.0
7f6b3c6fa000-7f6b3c701000 r--p 00012000 00:22 336386                     /usr/lib/libxklavier.so.16.4.0
7f6b3c701000-7f6b3c702000 r--p 00018000 00:22 336386                     /usr/lib/libxklavier.so.16.4.0
7f6b3c702000-7f6b3c703000 rw-p 00019000 00:22 336386                     /usr/lib/libxklavier.so.16.4.0
7f6b3c703000-7f6b3c714000 r--p 00000000 00:22 336436                     /usr/lib/libxapp.so.3.2.2
7f6b3c714000-7f6b3c72f000 r-xp 00011000 00:22 336436                     /usr/lib/libxapp.so.3.2.2
7f6b3c72f000-7f6b3c73b000 r--p 0002c000 00:22 336436                     /usr/lib/libxapp.so.3.2.2
7f6b3c73b000-7f6b3c73e000 r--p 00037000 00:22 336436                     /usr/lib/libxapp.so.3.2.2
7f6b3c73e000-7f6b3c73f000 rw-p 0003a000 00:22 336436                     /usr/lib/libxapp.so.3.2.2
7f6b3c740000-7f6b3c744000 r--p 00000000 00:22 9189671                    /usr/lib/gtk-3.0/3.0.0/immodules/im-ibus.so
7f6b3c744000-7f6b3c748000 r-xp 00004000 00:22 9189671                    /usr/lib/gtk-3.0/3.0.0/immodules/im-ibus.so
7f6b3c748000-7f6b3c74a000 r--p 00008000 00:22 9189671                    /usr/lib/gtk-3.0/3.0.0/immodules/im-ibus.so
7f6b3c74a000-7f6b3c74b000 r--p 00009000 00:22 9189671                    /usr/lib/gtk-3.0/3.0.0/immodules/im-ibus.so
7f6b3c74b000-7f6b3c74c000 rw-p 0000a000 00:22 9189671                    /usr/lib/gtk-3.0/3.0.0/immodules/im-ibus.so
7f6b3c74c000-7f6b3c75c000 r--s 00000000 00:22 19807                      /var/cache/fontconfig/8d4af663993b81a124ee82e610bb31f9-le64.cache-11
7f6b3c75c000-7f6b3c762000 r--s 00000000 00:22 19805                      /var/cache/fontconfig/b67b32625a2bb51b023d3814a918f351-le64.cache-11
7f6b3c762000-7f6b3c772000 r--s 00000000 00:22 19803                      /var/cache/fontconfig/491f45a0a771fef1c10b9b647a97fb82-le64.cache-11
7f6b3c772000-7f6b3c77e000 r--s 00000000 00:22 19793                      /var/cache/fontconfig/4b31aef11cb0687b6d280d34cbe23592-le64.cache-11
7f6b3c77e000-7f6b3c787000 r--p 00000000 00:22 9102852                    /usr/lib/liblcms2.so.2.0.19
7f6b3c787000-7f6b3c7ce000 r-xp 00009000 00:22 9102852                    /usr/lib/liblcms2.so.2.0.19
7f6b3c7ce000-7f6b3c7e3000 r--p 00050000 00:22 9102852                    /usr/lib/liblcms2.so.2.0.19
7f6b3c7e3000-7f6b3c7e6000 r--p 00064000 00:22 9102852                    /usr/lib/liblcms2.so.2.0.19
7f6b3c7e6000-7f6b3c7e9000 rw-p 00067000 00:22 9102852                    /usr/lib/liblcms2.so.2.0.19
7f6b3c7e9000-7f6b3c7ea000 rw-p 00000000 00:00 0 
7f6b3c7ea000-7f6b3c7ff000 r--p 00000000 00:22 10089244                   /usr/lib/libsystemd.so.0.44.0
7f6b3c7ff000-7f6b3c8d7000 r-xp 00015000 00:22 10089244                   /usr/lib/libsystemd.so.0.44.0
7f6b3c8d7000-7f6b3c926000 r--p 000ed000 00:22 10089244                   /usr/lib/libsystemd.so.0.44.0
7f6b3c926000-7f6b3c92f000 r--p 0013b000 00:22 10089244                   /usr/lib/libsystemd.so.0.44.0
7f6b3c92f000-7f6b3c930000 rw-p 00144000 00:22 10089244                   /usr/lib/libsystemd.so.0.44.0
7f6b3c930000-7f6b3c931000 rw-p 00000000 00:00 0 
7f6b3c931000-7f6b3c93b000 r--p 00000000 00:22 10088679                   /usr/lib/libsqlite3.so.3.53.3
7f6b3c93b000-7f6b3ca8a000 r-xp 0000a000 00:22 10088679                   /usr/lib/libsqlite3.so.3.53.3
7f6b3ca8a000-7f6b3cac1000 r--p 00159000 00:22 10088679                   /usr/lib/libsqlite3.so.3.53.3
7f6b3cac1000-7f6b3cac5000 r--p 00190000 00:22 10088679                   /usr/lib/libsqlite3.so.3.53.3
7f6b3cac5000-7f6b3caca000 rw-p 00194000 00:22 10088679                   /usr/lib/libsqlite3.so.3.53.3
7f6b3caca000-7f6b3cae4000 r--p 00000000 00:22 8968455                    /usr/lib/libxml2.so.16.1.3
7f6b3cae4000-7f6b3cbb8000 r-xp 0001a000 00:22 8968455                    /usr/lib/libxml2.so.16.1.3
7f6b3cbb8000-7f6b3cbf5000 r--p 000ee000 00:22 8968455                    /usr/lib/libxml2.so.16.1.3
7f6b3cbf5000-7f6b3cbfe000 r--p 0012b000 00:22 8968455                    /usr/lib/libxml2.so.16.1.3
7f6b3cbfe000-7f6b3cbff000 rw-p 00134000 00:22 8968455                    /usr/lib/libxml2.so.16.1.3
7f6b3cbff000-7f6b3cc00000 rw-p 00000000 00:00 0 
7f6b3cc00000-7f6b3ccc3000 r--p 00000000 00:22 10407137                   /usr/lib/libglycin-2.so.0
7f6b3ccc3000-7f6b3cfe0000 r-xp 000c2000 00:22 10407137                   /usr/lib/libglycin-2.so.0
7f6b3cfe0000-7f6b3cff9000 r--p 003de000 00:22 10407137                   /usr/lib/libglycin-2.so.0
7f6b3cff9000-7f6b3cffd000 rw-p 003f6000 00:22 10407137                   /usr/lib/libglycin-2.so.0
7f6b3cffe000-7f6b3d000000 r--p 00000000 00:22 10098408                   /usr/lib/libltdl.so.7.3.6
7f6b3d000000-7f6b3d005000 r-xp 00002000 00:22 10098408                   /usr/lib/libltdl.so.7.3.6
7f6b3d005000-7f6b3d007000 r--p 00007000 00:22 10098408                   /usr/lib/libltdl.so.7.3.6
7f6b3d007000-7f6b3d008000 r--p 00009000 00:22 10098408                   /usr/lib/libltdl.so.7.3.6
7f6b3d008000-7f6b3d009000 rw-p 0000a000 00:22 10098408                   /usr/lib/libltdl.so.7.3.6
7f6b3d009000-7f6b3d00b000 r--p 00000000 00:22 265340                     /usr/lib/libseccomp.so.2.6.0
7f6b3d00b000-7f6b3d01b000 r-xp 00002000 00:22 265340                     /usr/lib/libseccomp.so.2.6.0
7f6b3d01b000-7f6b3d034000 r--p 00012000 00:22 265340                     /usr/lib/libseccomp.so.2.6.0
7f6b3d034000-7f6b3d035000 r--p 0002b000 00:22 265340                     /usr/lib/libseccomp.so.2.6.0
7f6b3d035000-7f6b3d036000 rw-p 0002c000 00:22 265340                     /usr/lib/libseccomp.so.2.6.0
7f6b3d036000-7f6b3d038000 r--p 00000000 00:22 288663                     /usr/lib/libdatrie.so.1.4.1
7f6b3d038000-7f6b3d03c000 r-xp 00002000 00:22 288663                     /usr/lib/libdatrie.so.1.4.1
7f6b3d03c000-7f6b3d03d000 r--p 00006000 00:22 288663                     /usr/lib/libdatrie.so.1.4.1
7f6b3d03d000-7f6b3d03e000 r--p 00006000 00:22 288663                     /usr/lib/libdatrie.so.1.4.1
7f6b3d03e000-7f6b3d03f000 rw-p 00007000 00:22 288663                     /usr/lib/libdatrie.so.1.4.1
7f6b3d03f000-7f6b3d044000 r--p 00000000 00:22 9612533                    /usr/lib/libblkid.so.1.1.0
7f6b3d044000-7f6b3d06d000 r-xp 00005000 00:22 9612533                    /usr/lib/libblkid.so.1.1.0
7f6b3d06d000-7f6b3d078000 r--p 0002e000 00:22 9612533                    /usr/lib/libblkid.so.1.1.0
7f6b3d078000-7f6b3d07e000 r--p 00038000 00:22 9612533                    /usr/lib/libblkid.so.1.1.0
7f6b3d07e000-7f6b3d07f000 rw-p 0003e000 00:22 9612533                    /usr/lib/libblkid.so.1.1.0
7f6b3d07f000-7f6b3d088000 r--p 00000000 00:22 309824                     /usr/lib/libjson-glib-1.0.so.0.1000.8
7f6b3d088000-7f6b3d09e000 r-xp 00009000 00:22 309824                     /usr/lib/libjson-glib-1.0.so.0.1000.8
7f6b3d09e000-7f6b3d0a7000 r--p 0001f000 00:22 309824                     /usr/lib/libjson-glib-1.0.so.0.1000.8
7f6b3d0a7000-7f6b3d0a8000 r--p 00028000 00:22 309824                     /usr/lib/libjson-glib-1.0.so.0.1000.8
7f6b3d0a8000-7f6b3d0a9000 rw-p 00029000 00:22 309824                     /usr/lib/libjson-glib-1.0.so.0.1000.8
7f6b3d0a9000-7f6b3d0b7000 r--p 00000000 00:22 9909                       /usr/lib/libdbus-1.so.3.38.3
7f6b3d0b7000-7f6b3d0e8000 r-xp 0000e000 00:22 9909                       /usr/lib/libdbus-1.so.3.38.3
7f6b3d0e8000-7f6b3d0f9000 r--p 0003f000 00:22 9909                       /usr/lib/libdbus-1.so.3.38.3
7f6b3d0f9000-7f6b3d0fb000 r--p 0004f000 00:22 9909                       /usr/lib/libdbus-1.so.3.38.3
7f6b3d0fb000-7f6b3d0fc000 rw-p 00051000 00:22 9909                       /usr/lib/libdbus-1.so.3.38.3
7f6b3d0fc000-7f6b3d10a000 r--p 00000000 00:22 10094198                   /usr/lib/libatspi.so.0.0.1
7f6b3d10a000-7f6b3d125000 r-xp 0000e000 00:22 10094198                   /usr/lib/libatspi.so.0.0.1
7f6b3d125000-7f6b3d133000 r--p 00029000 00:22 10094198                   /usr/lib/libatspi.so.0.0.1
7f6b3d133000-7f6b3d137000 r--p 00037000 00:22 10094198                   /usr/lib/libatspi.so.0.0.1
7f6b3d137000-7f6b3d138000 rw-p 0003b000 00:22 10094198                   /usr/lib/libatspi.so.0.0.1
7f6b3d138000-7f6b3d13d000 r--p 00000000 00:22 287982                     /usr/lib/libpixman-1.so.0.46.4
7f6b3d13d000-7f6b3d1ce000 r-xp 00005000 00:22 287982                     /usr/lib/libpixman-1.so.0.46.4
7f6b3d1ce000-7f6b3d1de000 r--p 00096000 00:22 287982                     /usr/lib/libpixman-1.so.0.46.4
7f6b3d1de000-7f6b3d1e6000 r--p 000a6000 00:22 287982                     /usr/lib/libpixman-1.so.0.46.4
7f6b3d1e6000-7f6b3d1e7000 rw-p 000ae000 00:22 287982                     /usr/lib/libpixman-1.so.0.46.4
7f6b3d1e7000-7f6b3d1e8000 r--p 00000000 00:22 10256                      /usr/lib/libxcb-shm.so.0.0.0
7f6b3d1e8000-7f6b3d1e9000 r-xp 00001000 00:22 10256                      /usr/lib/libxcb-shm.so.0.0.0
7f6b3d1e9000-7f6b3d1ea000 r--p 00002000 00:22 10256                      /usr/lib/libxcb-shm.so.0.0.0
7f6b3d1ea000-7f6b3d1eb000 r--p 00002000 00:22 10256                      /usr/lib/libxcb-shm.so.0.0.0
7f6b3d1eb000-7f6b3d1ec000 rw-p 00003000 00:22 10256                      /usr/lib/libxcb-shm.so.0.0.0
7f6b3d1ec000-7f6b3d1f2000 r--p 00000000 00:22 10252                      /usr/lib/libxcb-render.so.0.0.0
7f6b3d1f2000-7f6b3d1f7000 r-xp 00006000 00:22 10252                      /usr/lib/libxcb-render.so.0.0.0
7f6b3d1f7000-7f6b3d1f9000 r--p 0000b000 00:22 10252                      /usr/lib/libxcb-render.so.0.0.0
7f6b3d1f9000-7f6b3d1fa000 r--p 0000d000 00:22 10252                      /usr/lib/libxcb-render.so.0.0.0
7f6b3d1fa000-7f6b3d1fb000 rw-p 0000e000 00:22 10252                      /usr/lib/libxcb-render.so.0.0.0
7f6b3d1fb000-7f6b3d205000 r--p 00000000 00:22 9612542                    /usr/lib/libmount.so.1.1.0
7f6b3d205000-7f6b3d243000 r-xp 0000a000 00:22 9612542                    /usr/lib/libmount.so.1.1.0
7f6b3d243000-7f6b3d254000 r--p 00048000 00:22 9612542                    /usr/lib/libmount.so.1.1.0
7f6b3d254000-7f6b3d256000 r--p 00059000 00:22 9612542                    /usr/lib/libmount.so.1.1.0
7f6b3d256000-7f6b3d257000 rw-p 0005b000 00:22 9612542                    /usr/lib/libmount.so.1.1.0
7f6b3d257000-7f6b3d259000 r--p 00000000 00:22 1663735                    /usr/lib/libXrandr.so.2.2.0
7f6b3d259000-7f6b3d260000 r-xp 00002000 00:22 1663735                    /usr/lib/libXrandr.so.2.2.0
7f6b3d260000-7f6b3d262000 r--p 00009000 00:22 1663735                    /usr/lib/libXrandr.so.2.2.0
7f6b3d262000-7f6b3d263000 r--p 0000a000 00:22 1663735                    /usr/lib/libXrandr.so.2.2.0
7f6b3d263000-7f6b3d264000 rw-p 0000b000 00:22 1663735                    /usr/lib/libXrandr.so.2.2.0
7f6b3d264000-7f6b3d268000 r--p 00000000 00:22 9645073                    /usr/lib/libxkbcommon.so.0.13.2
7f6b3d268000-7f6b3d297000 r-xp 00004000 00:22 9645073                    /usr/lib/libxkbcommon.so.0.13.2
7f6b3d297000-7f6b3d2c0000 r--p 00033000 00:22 9645073                    /usr/lib/libxkbcommon.so.0.13.2
7f6b3d2c0000-7f6b3d2c2000 r--p 0005b000 00:22 9645073                    /usr/lib/libxkbcommon.so.0.13.2
7f6b3d2c2000-7f6b3d2c3000 rw-p 0005d000 00:22 9645073                    /usr/lib/libxkbcommon.so.0.13.2
7f6b3d2c3000-7f6b3d2d3000 r--p 00000000 00:22 8971165                    /usr/lib/libtinysparql-3.0.so.0.1101.0
7f6b3d2d3000-7f6b3d352000 r-xp 00010000 00:22 8971165                    /usr/lib/libtinysparql-3.0.so.0.1101.0
7f6b3d352000-7f6b3d387000 r--p 0008f000 00:22 8971165                    /usr/lib/libtinysparql-3.0.so.0.1101.0
7f6b3d387000-7f6b3d396000 r--p 000c3000 00:22 8971165                    /usr/lib/libtinysparql-3.0.so.0.1101.0
7f6b3d396000-7f6b3d397000 rw-p 000d2000 00:22 8971165                    /usr/lib/libtinysparql-3.0.so.0.1101.0
7f6b3d397000-7f6b3d39e000 r--p 00000000 00:22 308910                     /usr/lib/libcloudproviders.so.0.4.0
7f6b3d39e000-7f6b3d3a8000 r-xp 00007000 00:22 308910                     /usr/lib/libcloudproviders.so.0.4.0
7f6b3d3a8000-7f6b3d3ad000 r--p 00011000 00:22 308910                     /usr/lib/libcloudproviders.so.0.4.0
7f6b3d3ad000-7f6b3d3ae000 r--p 00016000 00:22 308910                     /usr/lib/libcloudproviders.so.0.4.0
7f6b3d3ae000-7f6b3d3af000 rw-p 00017000 00:22 308910                     /usr/lib/libcloudproviders.so.0.4.0
7f6b3d3af000-7f6b3d3ba000 r--p 00000000 00:22 10094195                   /usr/lib/libatk-bridge-2.0.so.0.0.0
7f6b3d3ba000-7f6b3d3d3000 r-xp 0000b000 00:22 10094195                   /usr/lib/libatk-bridge-2.0.so.0.0.0
7f6b3d3d3000-7f6b3d3e7000 r--p 00024000 00:22 10094195                   /usr/lib/libatk-bridge-2.0.so.0.0.0
7f6b3d3e7000-7f6b3d3e9000 r--p 00037000 00:22 10094195                   /usr/lib/libatk-bridge-2.0.so.0.0.0
7f6b3d3e9000-7f6b3d3eb000 rw-p 00039000 00:22 10094195                   /usr/lib/libatk-bridge-2.0.so.0.0.0
7f6b3d3eb000-7f6b3d435000 r--p 00000000 00:22 117087                     /usr/lib/libepoxy.so.0.0.0
7f6b3d435000-7f6b3d49b000 r-xp 0004a000 00:22 117087                     /usr/lib/libepoxy.so.0.0.0
7f6b3d49b000-7f6b3d4e9000 r--p 000b0000 00:22 117087                     /usr/lib/libepoxy.so.0.0.0
7f6b3d4e9000-7f6b3d4f1000 r--p 000fd000 00:22 117087                     /usr/lib/libepoxy.so.0.0.0
7f6b3d4f1000-7f6b3d4f8000 rw-p 00105000 00:22 117087                     /usr/lib/libepoxy.so.0.0.0
7f6b3d4f8000-7f6b3d500000 r--p 00000000 00:22 10094192                   /usr/lib/libatk-1.0.so.0.26014.1
7f6b3d500000-7f6b3d510000 r-xp 00008000 00:22 10094192                   /usr/lib/libatk-1.0.so.0.26014.1
7f6b3d510000-7f6b3d51b000 r--p 00018000 00:22 10094192                   /usr/lib/libatk-1.0.so.0.26014.1
7f6b3d51b000-7f6b3d51e000 r--p 00023000 00:22 10094192                   /usr/lib/libatk-1.0.so.0.26014.1
7f6b3d51e000-7f6b3d51f000 rw-p 00026000 00:22 10094192                   /usr/lib/libatk-1.0.so.0.26014.1
7f6b3d51f000-7f6b3d526000 r--p 00000000 00:22 10096258                   /usr/lib/libgdk_pixbuf-2.0.so.0.4400.7
7f6b3d526000-7f6b3d548000 r-xp 00007000 00:22 10096258                   /usr/lib/libgdk_pixbuf-2.0.so.0.4400.7
7f6b3d548000-7f6b3d556000 r--p 00029000 00:22 10096258                   /usr/lib/libgdk_pixbuf-2.0.so.0.4400.7
7f6b3d556000-7f6b3d558000 r--p 00036000 00:22 10096258                   /usr/lib/libgdk_pixbuf-2.0.so.0.4400.7
7f6b3d558000-7f6b3d559000 rw-p 00038000 00:22 10096258                   /usr/lib/libgdk_pixbuf-2.0.so.0.4400.7
7f6b3d559000-7f6b3d55b000 r--p 00000000 00:22 288618                     /usr/lib/libfribidi.so.0.4.0
7f6b3d55b000-7f6b3d560000 r-xp 00002000 00:22 288618                     /usr/lib/libfribidi.so.0.4.0
7f6b3d560000-7f6b3d577000 r--p 00007000 00:22 288618                     /usr/lib/libfribidi.so.0.4.0
7f6b3d577000-7f6b3d578000 r--p 0001d000 00:22 288618                     /usr/lib/libfribidi.so.0.4.0
7f6b3d578000-7f6b3d579000 rw-p 0001e000 00:22 288618                     /usr/lib/libfribidi.so.0.4.0
7f6b3d579000-7f6b3d587000 r--p 00000000 00:22 288015                     /usr/lib/libcairo.so.2.11804.4
7f6b3d587000-7f6b3d67a000 r-xp 0000e000 00:22 288015                     /usr/lib/libcairo.so.2.11804.4
7f6b3d67a000-7f6b3d6af000 r--p 00101000 00:22 288015                     /usr/lib/libcairo.so.2.11804.4
7f6b3d6af000-7f6b3d6b3000 r--p 00136000 00:22 288015                     /usr/lib/libcairo.so.2.11804.4
7f6b3d6b3000-7f6b3d6b5000 rw-p 0013a000 00:22 288015                     /usr/lib/libcairo.so.2.11804.4
7f6b3d6b5000-7f6b3d6b6000 rw-p 00000000 00:00 0 
7f6b3d6b6000-7f6b3d6c4000 r--p 00000000 00:22 10096090                   /usr/lib/libpango-1.0.so.0.5800.0
7f6b3d6c4000-7f6b3d704000 r-xp 0000e000 00:22 10096090                   /usr/lib/libpango-1.0.so.0.5800.0
7f6b3d704000-7f6b3d720000 r--p 0004e000 00:22 10096090                   /usr/lib/libpango-1.0.so.0.5800.0
7f6b3d720000-7f6b3d724000 r--p 00069000 00:22 10096090                   /usr/lib/libpango-1.0.so.0.5800.0
7f6b3d724000-7f6b3d725000 rw-p 0006d000 00:22 10096090                   /usr/lib/libpango-1.0.so.0.5800.0
7f6b3d725000-7f6b3d757000 r--p 00000000 00:22 10089022                   /usr/lib/libgio-2.0.so.0.8800.2
7f6b3d757000-7f6b3d886000 r-xp 00032000 00:22 10089022                   /usr/lib/libgio-2.0.so.0.8800.2
7f6b3d886000-7f6b3d907000 r--p 00161000 00:22 10089022                   /usr/lib/libgio-2.0.so.0.8800.2
7f6b3d907000-7f6b3d910000 r--p 001e1000 00:22 10089022                   /usr/lib/libgio-2.0.so.0.8800.2
7f6b3d910000-7f6b3d911000 rw-p 001ea000 00:22 10089022                   /usr/lib/libgio-2.0.so.0.8800.2
7f6b3d911000-7f6b3d913000 rw-p 00000000 00:00 0 
7f6b3d913000-7f6b3d930000 r--p 00000000 00:22 6931860                    /usr/lib/libgdk-3.so.0.2420.32
7f6b3d930000-7f6b3d9b2000 r-xp 0001d000 00:22 6931860                    /usr/lib/libgdk-3.so.0.2420.32
7f6b3d9b2000-7f6b3d9f4000 r--p 0009f000 00:22 6931860                    /usr/lib/libgdk-3.so.0.2420.32
7f6b3d9f4000-7f6b3d9fe000 r--p 000e0000 00:22 6931860                    /usr/lib/libgdk-3.so.0.2420.32
7f6b3d9fe000-7f6b3da00000 rw-p 000ea000 00:22 6931860                    /usr/lib/libgdk-3.so.0.2420.32
7f6b3da00000-7f6b3da70000 r--p 00000000 00:22 6931863                    /usr/lib/libgtk-3.so.0.2420.32
7f6b3da70000-7f6b3de27000 r-xp 00070000 00:22 6931863                    /usr/lib/libgtk-3.so.0.2420.32
7f6b3de27000-7f6b3e0e5000 r--p 00427000 00:22 6931863                    /usr/lib/libgtk-3.so.0.2420.32
7f6b3e0e5000-7f6b3e0f7000 r--p 006e5000 00:22 6931863                    /usr/lib/libgtk-3.so.0.2420.32
7f6b3e0f7000-7f6b3e0f9000 rw-p 006f7000 00:22 6931863                    /usr/lib/libgtk-3.so.0.2420.32
7f6b3e0f9000-7f6b3e0fe000 rw-p 00000000 00:00 0 
7f6b3e0ff000-7f6b3e101000 r--p 00000000 00:22 288717                     /usr/lib/libthai.so.0.3.2
7f6b3e101000-7f6b3e105000 r-xp 00002000 00:22 288717                     /usr/lib/libthai.so.0.3.2
7f6b3e105000-7f6b3e108000 r--p 00006000 00:22 288717                     /usr/lib/libthai.so.0.3.2
7f6b3e108000-7f6b3e109000 r--p 00008000 00:22 288717                     /usr/lib/libthai.so.0.3.2
7f6b3e109000-7f6b3e10a000 rw-p 00009000 00:22 288717                     /usr/lib/libthai.so.0.3.2
7f6b3e10a000-7f6b3e10b000 r--p 00000000 00:22 8971016                    /usr/lib/libwayland-cursor.so.0.25.0
7f6b3e10b000-7f6b3e10d000 r-xp 00001000 00:22 8971016                    /usr/lib/libwayland-cursor.so.0.25.0
7f6b3e10d000-7f6b3e10e000 r--p 00003000 00:22 8971016                    /usr/lib/libwayland-cursor.so.0.25.0
7f6b3e10e000-7f6b3e10f000 r--p 00003000 00:22 8971016                    /usr/lib/libwayland-cursor.so.0.25.0
7f6b3e10f000-7f6b3e113000 rw-p 00004000 00:22 8971016                    /usr/lib/libwayland-cursor.so.0.25.0
7f6b3e113000-7f6b3e11f000 r--p 00000000 00:22 10089038                   /usr/lib/libgobject-2.0.so.0.8800.2
7f6b3e11f000-7f6b3e158000 r-xp 0000c000 00:22 10089038                   /usr/lib/libgobject-2.0.so.0.8800.2
7f6b3e158000-7f6b3e172000 r--p 00045000 00:22 10089038                   /usr/lib/libgobject-2.0.so.0.8800.2
7f6b3e172000-7f6b3e175000 r--p 0005e000 00:22 10089038                   /usr/lib/libgobject-2.0.so.0.8800.2
7f6b3e175000-7f6b3e176000 rw-p 00061000 00:22 10089038                   /usr/lib/libgobject-2.0.so.0.8800.2
7f6b3e176000-7f6b3e179000 r--p 00000000 00:22 10089238                   /usr/lib/libnss_myhostname.so.2
7f6b3e179000-7f6b3e194000 r-xp 00003000 00:22 10089238                   /usr/lib/libnss_myhostname.so.2
7f6b3e194000-7f6b3e1a4000 r--p 0001e000 00:22 10089238                   /usr/lib/libnss_myhostname.so.2
7f6b3e1a4000-7f6b3e1a9000 r--p 0002e000 00:22 10089238                   /usr/lib/libnss_myhostname.so.2
7f6b3e1a9000-7f6b3e1aa000 rw-p 00033000 00:22 10089238                   /usr/lib/libnss_myhostname.so.2
7f6b3e1aa000-7f6b3e1ad000 r--p 00000000 00:22 10089240                   /usr/lib/libnss_resolve.so.2
7f6b3e1ad000-7f6b3e1e0000 r-xp 00003000 00:22 10089240                   /usr/lib/libnss_resolve.so.2
7f6b3e1e0000-7f6b3e1f8000 r--p 00036000 00:22 10089240                   /usr/lib/libnss_resolve.so.2
7f6b3e1f8000-7f6b3e1ff000 r--p 0004e000 00:22 10089240                   /usr/lib/libnss_resolve.so.2
7f6b3e1ff000-7f6b3e200000 rw-p 00055000 00:22 10089240                   /usr/lib/libnss_resolve.so.2
7f6b3e200000-7f6b3fbd8000 r-xp 00000000 00:22 10698342                   /opt/simplex/lib/app/libskiko-linux-x64.so
7f6b3fbd8000-7f6b3fdd8000 ---p 019d8000 00:22 10698342                   /opt/simplex/lib/app/libskiko-linux-x64.so
7f6b3fdd8000-7f6b3fe16000 r--p 019d8000 00:22 10698342                   /opt/simplex/lib/app/libskiko-linux-x64.so
7f6b3fe16000-7f6b3fe19000 rw-p 01a16000 00:22 10698342                   /opt/simplex/lib/app/libskiko-linux-x64.so
7f6b3fe19000-7f6b3fe25000 rw-p 00000000 00:00 0 
7f6b3fe25000-7f6b3fe26000 r--p 00000000 00:22 1663760                    /usr/lib/libXcomposite.so.1.0.0
7f6b3fe26000-7f6b3fe27000 r-xp 00001000 00:22 1663760                    /usr/lib/libXcomposite.so.1.0.0
7f6b3fe27000-7f6b3fe28000 r--p 00002000 00:22 1663760                    /usr/lib/libXcomposite.so.1.0.0
7f6b3fe28000-7f6b3fe29000 r--p 00002000 00:22 1663760                    /usr/lib/libXcomposite.so.1.0.0
7f6b3fe29000-7f6b3fe2a000 rw-p 00003000 00:22 1663760                    /usr/lib/libXcomposite.so.1.0.0
7f6b3fe2a000-7f6b3fe2d000 r--p 00000000 00:22 8971013                    /usr/lib/libwayland-client.so.0.25.0
7f6b3fe2d000-7f6b3fe34000 r-xp 00003000 00:22 8971013                    /usr/lib/libwayland-client.so.0.25.0
7f6b3fe34000-7f6b3fe37000 r--p 0000a000 00:22 8971013                    /usr/lib/libwayland-client.so.0.25.0
7f6b3fe37000-7f6b3fe39000 r--p 0000c000 00:22 8971013                    /usr/lib/libwayland-client.so.0.25.0
7f6b3fe39000-7f6b3fe3a000 rw-p 0000e000 00:22 8971013                    /usr/lib/libwayland-client.so.0.25.0
7f6b3fe3a000-7f6b3fe42000 r--p 00000000 00:22 10096096                   /usr/lib/libpangoft2-1.0.so.0.5800.0
7f6b3fe42000-7f6b3fe51000 r-xp 00008000 00:22 10096096                   /usr/lib/libpangoft2-1.0.so.0.5800.0
7f6b3fe51000-7f6b3fe56000 r--p 00017000 00:22 10096096                   /usr/lib/libpangoft2-1.0.so.0.5800.0
7f6b3fe56000-7f6b3fe57000 r--p 0001c000 00:22 10096096                   /usr/lib/libpangoft2-1.0.so.0.5800.0
7f6b3fe57000-7f6b3fe58000 rw-p 0001d000 00:22 10096096                   /usr/lib/libpangoft2-1.0.so.0.5800.0
7f6b3fe58000-7f6b3fe5c000 r--p 00000000 00:22 10089239                   /usr/lib/libnss_mymachines.so.2
7f6b3fe5c000-7f6b3fead000 r-xp 00004000 00:22 10089239                   /usr/lib/libnss_mymachines.so.2
7f6b3fead000-7f6b3fec7000 r--p 00055000 00:22 10089239                   /usr/lib/libnss_mymachines.so.2
7f6b3fec7000-7f6b3feca000 r--p 0006f000 00:22 10089239                   /usr/lib/libnss_mymachines.so.2
7f6b3feca000-7f6b3fecb000 rw-p 00072000 00:22 10089239                   /usr/lib/libnss_mymachines.so.2
7f6b3fecb000-7f6b3fecd000 r--p 00000000 00:22 10090289                   /usr/lib/libexpat.so.1.12.2
7f6b3fecd000-7f6b3feed000 r-xp 00002000 00:22 10090289                   /usr/lib/libexpat.so.1.12.2
7f6b3feed000-7f6b3fef6000 r--p 00022000 00:22 10090289                   /usr/lib/libexpat.so.1.12.2
7f6b3fef6000-7f6b3fef8000 r--p 0002a000 00:22 10090289                   /usr/lib/libexpat.so.1.12.2
7f6b3fef8000-7f6b3fef9000 rw-p 0002c000 00:22 10090289                   /usr/lib/libexpat.so.1.12.2
7f6b3fef9000-7f6b3fefb000 r--p 00000000 00:22 309330                     /usr/lib/libGLX.so.0.0.0
7f6b3fefb000-7f6b3ff15000 r-xp 00002000 00:22 309330                     /usr/lib/libGLX.so.0.0.0
7f6b3ff15000-7f6b3ff18000 r--p 0001c000 00:22 309330                     /usr/lib/libGLX.so.0.0.0
7f6b3ff18000-7f6b3ff19000 r--p 0001f000 00:22 309330                     /usr/lib/libGLX.so.0.0.0
7f6b3ff19000-7f6b3ff1a000 rw-p 00020000 00:22 309330                     /usr/lib/libGLX.so.0.0.0
7f6b3ff1a000-7f6b3ff2a000 rw-p 00000000 00:00 0 
7f6b3ff2a000-7f6b3ff2c000 r--p 00000000 00:22 309333                     /usr/lib/libGLdispatch.so.0.0.0
7f6b3ff2c000-7f6b3ff6b000 r-xp 00002000 00:22 309333                     /usr/lib/libGLdispatch.so.0.0.0
7f6b3ff6b000-7f6b3ff7e000 r--p 00041000 00:22 309333                     /usr/lib/libGLdispatch.so.0.0.0
7f6b3ff7e000-7f6b3ff9a000 r--p 00054000 00:22 309333                     /usr/lib/libGLdispatch.so.0.0.0
7f6b3ff9a000-7f6b3ff9b000 rw-p 00070000 00:22 309333                     /usr/lib/libGLdispatch.so.0.0.0
7f6b3ff9b000-7f6b3ffa3000 rw-p 00000000 00:00 0 
7f6b3ffa3000-7f6b3ffa9000 r--p 00000000 00:22 9623971                    /usr/lib/libfontconfig.so.1.17.0
7f6b3ffa9000-7f6b3ffdd000 r-xp 00006000 00:22 9623971                    /usr/lib/libfontconfig.so.1.17.0
7f6b3ffdd000-7f6b3fff6000 r--p 0003a000 00:22 9623971                    /usr/lib/libfontconfig.so.1.17.0
7f6b3fff6000-7f6b3ffff000 r--p 00053000 00:22 9623971                    /usr/lib/libfontconfig.so.1.17.0
7f6b3ffff000-7f6b40000000 rw-p 0005c000 00:22 9623971                    /usr/lib/libfontconfig.so.1.17.0
7f6b40000000-7f6b40021000 rw-p 00000000 00:00 0 
7f6b40021000-7f6b44000000 ---p 00000000 00:00 0 
7f6b44000000-7f6b44c82000 rw-p 00000000 00:00 0 
7f6b44c82000-7f6b48000000 ---p 00000000 00:00 0 
7f6b48000000-7f6b48021000 rw-p 00000000 00:00 0 
7f6b48021000-7f6b4c000000 ---p 00000000 00:00 0 
7f6b4c000000-7f6b4c021000 rw-p 00000000 00:00 0 
7f6b4c021000-7f6b50000000 ---p 00000000 00:00 0 
7f6b50000000-7f6b50021000 rw-p 00000000 00:00 0 
7f6b50021000-7f6b54000000 ---p 00000000 00:00 0 
7f6b54000000-7f6b54021000 rw-p 00000000 00:00 0 
7f6b54021000-7f6b58000000 ---p 00000000 00:00 0 
7f6b58000000-7f6b58021000 rw-p 00000000 00:00 0 
7f6b58021000-7f6b5c000000 ---p 00000000 00:00 0 
7f6b5c000000-7f6b5c021000 rw-p 00000000 00:00 0 
7f6b5c021000-7f6b60000000 ---p 00000000 00:00 0 
7f6b60000000-7f6b60021000 rw-p 00000000 00:00 0 
7f6b60021000-7f6b64000000 ---p 00000000 00:00 0 
7f6b64000000-7f6b64021000 rw-p 00000000 00:00 0 
7f6b64021000-7f6b68000000 ---p 00000000 00:00 0 
7f6b68000000-7f6b68021000 rw-p 00000000 00:00 0 
7f6b68021000-7f6b6c000000 ---p 00000000 00:00 0 
7f6b6c000000-7f6b6c021000 rw-p 00000000 00:00 0 
7f6b6c021000-7f6b70000000 ---p 00000000 00:00 0 
7f6b70000000-7f6b70021000 rw-p 00000000 00:00 0 
7f6b70021000-7f6b74000000 ---p 00000000 00:00 0 
7f6b74000000-7f6b74021000 rw-p 00000000 00:00 0 
7f6b74021000-7f6b78000000 ---p 00000000 00:00 0 
7f6b78000000-7f6b78021000 rw-p 00000000 00:00 0 
7f6b78021000-7f6b7c000000 ---p 00000000 00:00 0 
7f6b7c000000-7f6b7c021000 rw-p 00000000 00:00 0 
7f6b7c021000-7f6b80000000 ---p 00000000 00:00 0 
7f6b80000000-7f6b80021000 rw-p 00000000 00:00 0 
7f6b80021000-7f6b84000000 ---p 00000000 00:00 0 
7f6b84000000-7f6b84097000 rw-p 00000000 00:00 0 
7f6b84097000-7f6b88000000 ---p 00000000 00:00 0 
7f6b88000000-7f6b88001000 r--p 00000000 00:22 1663709                    /usr/lib/libXdamage.so.1.1.0
7f6b88001000-7f6b88002000 r-xp 00001000 00:22 1663709                    /usr/lib/libXdamage.so.1.1.0
7f6b88002000-7f6b88003000 r--p 00002000 00:22 1663709                    /usr/lib/libXdamage.so.1.1.0
7f6b88003000-7f6b88004000 r--p 00002000 00:22 1663709                    /usr/lib/libXdamage.so.1.1.0
7f6b88004000-7f6b88005000 rw-p 00003000 00:22 1663709                    /usr/lib/libXdamage.so.1.1.0
7f6b88005000-7f6b8800a000 r--p 00000000 00:22 10096093                   /usr/lib/libpangocairo-1.0.so.0.5800.0
7f6b8800a000-7f6b88013000 r-xp 00005000 00:22 10096093                   /usr/lib/libpangocairo-1.0.so.0.5800.0
7f6b88013000-7f6b88015000 r--p 0000e000 00:22 10096093                   /usr/lib/libpangocairo-1.0.so.0.5800.0
7f6b88015000-7f6b88016000 r--p 00010000 00:22 10096093                   /usr/lib/libpangocairo-1.0.so.0.5800.0
7f6b88016000-7f6b88017000 rw-p 00011000 00:22 10096093                   /usr/lib/libpangocairo-1.0.so.0.5800.0
7f6b88017000-7f6b88046000 r--p 00000000 00:22 309324                     /usr/lib/libGL.so.1.7.0
7f6b88046000-7f6b88065000 r-xp 0002f000 00:22 309324                     /usr/lib/libGL.so.1.7.0
7f6b88065000-7f6b88079000 r--p 0004e000 00:22 309324                     /usr/lib/libGL.so.1.7.0
7f6b88079000-7f6b88087000 r--p 00062000 00:22 309324                     /usr/lib/libGL.so.1.7.0
7f6b88087000-7f6b88088000 rw-p 00070000 00:22 309324                     /usr/lib/libGL.so.1.7.0
7f6b88088000-7f6b88089000 rw-p 00000000 00:00 0 
7f6b88089000-7f6b8808a000 rw-p 00000000 00:00 0 
7f6b8808a000-7f6b8808e000 ---p 00000000 00:00 0 
7f6b8808e000-7f6b8818b000 rw-p 00000000 00:00 0 
7f6b8818b000-7f6b8818f000 ---p 00000000 00:00 0 
7f6b8818f000-7f6b8828c000 rw-p 00000000 00:00 0 
7f6b8828c000-7f6b88290000 ---p 00000000 00:00 0 
7f6b88290000-7f6b88791000 rw-p 00000000 00:00 0 
7f6b88791000-7f6b88795000 ---p 00000000 00:00 0 
7f6b88795000-7f6b88892000 rw-p 00000000 00:00 0 
7f6b88892000-7f6b88896000 ---p 00000000 00:00 0 
7f6b88896000-7f6b88992000 rw-p 00000000 00:00 0 
7f6b88992000-7f6b88995000 r--p 00000000 00:22 265592                     /usr/lib/libpcre2-8.so.0.15.0
7f6b88995000-7f6b88a13000 r-xp 00003000 00:22 265592                     /usr/lib/libpcre2-8.so.0.15.0
7f6b88a13000-7f6b88a3e000 r--p 00081000 00:22 265592                     /usr/lib/libpcre2-8.so.0.15.0
7f6b88a3e000-7f6b88a3f000 r--p 000ab000 00:22 265592                     /usr/lib/libpcre2-8.so.0.15.0
7f6b88a3f000-7f6b88a40000 rw-p 000ac000 00:22 265592                     /usr/lib/libpcre2-8.so.0.15.0
7f6b88a40000-7f6b88a5e000 r--p 00000000 00:22 10089030                   /usr/lib/libglib-2.0.so.0.8800.2
7f6b88a5e000-7f6b88b0c000 r-xp 0001e000 00:22 10089030                   /usr/lib/libglib-2.0.so.0.8800.2
7f6b88b0c000-7f6b88ba0000 r--p 000cc000 00:22 10089030                   /usr/lib/libglib-2.0.so.0.8800.2
7f6b88ba0000-7f6b88ba1000 r--p 00160000 00:22 10089030                   /usr/lib/libglib-2.0.so.0.8800.2
7f6b88ba1000-7f6b88ba2000 rw-p 00161000 00:22 10089030                   /usr/lib/libglib-2.0.so.0.8800.2
7f6b88ba2000-7f6b88ba3000 rw-p 00000000 00:00 0 
7f6b88ba3000-7f6b88ba9000 r--p 00000000 00:22 6923027                    /usr/lib/libfreetype.so.6.20.6
7f6b88ba9000-7f6b88c41000 r-xp 00006000 00:22 6923027                    /usr/lib/libfreetype.so.6.20.6
7f6b88c41000-7f6b88c6a000 r--p 0009e000 00:22 6923027                    /usr/lib/libfreetype.so.6.20.6
7f6b88c6a000-7f6b88c72000 r--p 000c6000 00:22 6923027                    /usr/lib/libfreetype.so.6.20.6
7f6b88c72000-7f6b88c73000 rw-p 000ce000 00:22 6923027                    /usr/lib/libfreetype.so.6.20.6
7f6b88c73000-7f6b88c80000 r--p 00000000 00:22 9624374                    /usr/lib/libharfbuzz.so.0.61421.0
7f6b88c80000-7f6b88d76000 r-xp 0000d000 00:22 9624374                    /usr/lib/libharfbuzz.so.0.61421.0
7f6b88d76000-7f6b88daa000 r--p 00103000 00:22 9624374                    /usr/lib/libharfbuzz.so.0.61421.0
7f6b88daa000-7f6b88dac000 r--p 00136000 00:22 9624374                    /usr/lib/libharfbuzz.so.0.61421.0
7f6b88dac000-7f6b88dad000 rw-p 00138000 00:22 9624374                    /usr/lib/libharfbuzz.so.0.61421.0
7f6b88dad000-7f6b88dc4000 r--p 00000000 00:22 5529102                    /usr/lib/libX11.so.6.4.0
7f6b88dc4000-7f6b88e59000 r-xp 00017000 00:22 5529102                    /usr/lib/libX11.so.6.4.0
7f6b88e59000-7f6b88ee8000 r--p 000ac000 00:22 5529102                    /usr/lib/libX11.so.6.4.0
7f6b88ee8000-7f6b88eeb000 r--p 0013a000 00:22 5529102                    /usr/lib/libX11.so.6.4.0
7f6b88eeb000-7f6b88eef000 rw-p 0013d000 00:22 5529102                    /usr/lib/libX11.so.6.4.0
7f6b88eef000-7f6b88f1a000 r--p 00000000 00:22 10699817                   /opt/simplex/lib/runtime/lib/libawt.so
7f6b88f1a000-7f6b88fb7000 r-xp 0002b000 00:22 10699817                   /opt/simplex/lib/runtime/lib/libawt.so
7f6b88fb7000-7f6b88fc4000 r--p 000c8000 00:22 10699817                   /opt/simplex/lib/runtime/lib/libawt.so
7f6b88fc4000-7f6b88fc5000 r--p 000d4000 00:22 10699817                   /opt/simplex/lib/runtime/lib/libawt.so
7f6b88fc5000-7f6b88fd0000 rw-p 000d5000 00:22 10699817                   /opt/simplex/lib/runtime/lib/libawt.so
7f6b88fd0000-7f6b88ff5000 rw-p 00000000 00:00 0 
7f6b88ff5000-7f6b8bbfe000 rw-p 00000000 00:00 0 
7f6b8bbfe000-7f6b8c1e0000 rw-p 00000000 00:00 0 
7f6b8c1e0000-7f6b90000000 ---p 00000000 00:00 0 
7f6b90002000-7f6b90004000 r--p 00000000 00:22 288009                     /usr/lib/libcairo-gobject.so.2.11804.4
7f6b90004000-7f6b90006000 r-xp 00002000 00:22 288009                     /usr/lib/libcairo-gobject.so.2.11804.4
7f6b90006000-7f6b90008000 r--p 00004000 00:22 288009                     /usr/lib/libcairo-gobject.so.2.11804.4
7f6b90008000-7f6b9000a000 r--p 00006000 00:22 288009                     /usr/lib/libcairo-gobject.so.2.11804.4
7f6b9000a000-7f6b9000b000 rw-p 00008000 00:22 288009                     /usr/lib/libcairo-gobject.so.2.11804.4
7f6b9000b000-7f6b9000d000 r--p 00000000 00:22 10089034                   /usr/lib/libgmodule-2.0.so.0.8800.2
7f6b9000d000-7f6b9000f000 r-xp 00002000 00:22 10089034                   /usr/lib/libgmodule-2.0.so.0.8800.2
7f6b9000f000-7f6b90010000 r--p 00004000 00:22 10089034                   /usr/lib/libgmodule-2.0.so.0.8800.2
7f6b90010000-7f6b90011000 r--p 00004000 00:22 10089034                   /usr/lib/libgmodule-2.0.so.0.8800.2
7f6b90011000-7f6b90012000 rw-p 00005000 00:22 10089034                   /usr/lib/libgmodule-2.0.so.0.8800.2
7f6b90012000-7f6b90018000 r--p 00000000 00:22 10093585                   /usr/lib/libpng16.so.16.58.0
7f6b90018000-7f6b90043000 r-xp 00006000 00:22 10093585                   /usr/lib/libpng16.so.16.58.0
7f6b90043000-7f6b9004d000 r--p 00031000 00:22 10093585                   /usr/lib/libpng16.so.16.58.0
7f6b9004d000-7f6b9004e000 r--p 0003a000 00:22 10093585                   /usr/lib/libpng16.so.16.58.0
7f6b9004e000-7f6b9004f000 rw-p 0003b000 00:22 10093585                   /usr/lib/libpng16.so.16.58.0
7f6b90050000-7f6b90052000 r--p 00000000 00:22 117521                     /usr/lib/libvorbisfile.so.3.3.8
7f6b90052000-7f6b90057000 r-xp 00002000 00:22 117521                     /usr/lib/libvorbisfile.so.3.3.8
7f6b90057000-7f6b90058000 r--p 00007000 00:22 117521                     /usr/lib/libvorbisfile.so.3.3.8
7f6b90058000-7f6b90059000 r--p 00007000 00:22 117521                     /usr/lib/libvorbisfile.so.3.3.8
7f6b90059000-7f6b9005a000 rw-p 00008000 00:22 117521                     /usr/lib/libvorbisfile.so.3.3.8
7f6b9005a000-7f6b9005c000 r--p 00000000 00:22 333738                     /usr/lib/libcanberra-gtk3.so.0.1.9
7f6b9005c000-7f6b9005e000 r-xp 00002000 00:22 333738                     /usr/lib/libcanberra-gtk3.so.0.1.9
7f6b9005e000-7f6b9005f000 r--p 00004000 00:22 333738                     /usr/lib/libcanberra-gtk3.so.0.1.9
7f6b9005f000-7f6b90060000 r--p 00004000 00:22 333738                     /usr/lib/libcanberra-gtk3.so.0.1.9
7f6b90060000-7f6b90061000 rw-p 00005000 00:22 333738                     /usr/lib/libcanberra-gtk3.so.0.1.9
7f6b90061000-7f6b90063000 r--p 00000000 00:22 333727                     /usr/lib/gtk-3.0/modules/libcanberra-gtk3-module.so
7f6b90063000-7f6b90066000 r-xp 00002000 00:22 333727                     /usr/lib/gtk-3.0/modules/libcanberra-gtk3-module.so
7f6b90066000-7f6b90067000 r--p 00005000 00:22 333727                     /usr/lib/gtk-3.0/modules/libcanberra-gtk3-module.so
7f6b90067000-7f6b90068000 r--p 00005000 00:22 333727                     /usr/lib/gtk-3.0/modules/libcanberra-gtk3-module.so
7f6b90068000-7f6b90069000 rw-p 00006000 00:22 333727                     /usr/lib/gtk-3.0/modules/libcanberra-gtk3-module.so
7f6b90069000-7f6b9006c000 r--p 00000000 00:22 1675018                    /usr/lib/libgnomekbd.so.8.0.0
7f6b9006c000-7f6b9006f000 r-xp 00003000 00:22 1675018                    /usr/lib/libgnomekbd.so.8.0.0
7f6b9006f000-7f6b90070000 r--p 00006000 00:22 1675018                    /usr/lib/libgnomekbd.so.8.0.0
7f6b90070000-7f6b90071000 r--p 00007000 00:22 1675018                    /usr/lib/libgnomekbd.so.8.0.0
7f6b90071000-7f6b90072000 rw-p 00008000 00:22 1675018                    /usr/lib/libgnomekbd.so.8.0.0
7f6b90072000-7f6b9007a000 r--p 00000000 00:22 1675021                    /usr/lib/libgnomekbdui.so.8.0.0
7f6b9007a000-7f6b90083000 r-xp 00008000 00:22 1675021                    /usr/lib/libgnomekbdui.so.8.0.0
7f6b90083000-7f6b90087000 r--p 00011000 00:22 1675021                    /usr/lib/libgnomekbdui.so.8.0.0
7f6b90087000-7f6b90088000 r--p 00015000 00:22 1675021                    /usr/lib/libgnomekbdui.so.8.0.0
7f6b90088000-7f6b90089000 rw-p 00016000 00:22 1675021                    /usr/lib/libgnomekbdui.so.8.0.0
7f6b90089000-7f6b9008a000 r--p 00000000 00:22 336433                     /usr/lib/gtk-3.0/modules/libxapp-gtk3-module.so
7f6b9008a000-7f6b9008b000 r-xp 00001000 00:22 336433                     /usr/lib/gtk-3.0/modules/libxapp-gtk3-module.so
7f6b9008b000-7f6b9008c000 r--p 00002000 00:22 336433                     /usr/lib/gtk-3.0/modules/libxapp-gtk3-module.so
7f6b9008c000-7f6b9008d000 r--p 00002000 00:22 336433                     /usr/lib/gtk-3.0/modules/libxapp-gtk3-module.so
7f6b9008d000-7f6b9008e000 rw-p 00003000 00:22 336433                     /usr/lib/gtk-3.0/modules/libxapp-gtk3-module.so
7f6b9008e000-7f6b9009c000 r--p 00000000 00:22 10699819                   /opt/simplex/lib/runtime/lib/libawt_xawt.so
7f6b9009c000-7f6b900e5000 r-xp 0000e000 00:22 10699819                   /opt/simplex/lib/runtime/lib/libawt_xawt.so
7f6b900e5000-7f6b900f9000 r--p 00057000 00:22 10699819                   /opt/simplex/lib/runtime/lib/libawt_xawt.so
7f6b900f9000-7f6b900fb000 r--p 0006b000 00:22 10699819                   /opt/simplex/lib/runtime/lib/libawt_xawt.so
7f6b900fb000-7f6b900fd000 rw-p 0006d000 00:22 10699819                   /opt/simplex/lib/runtime/lib/libawt_xawt.so
7f6b900fd000-7f6b900ff000 rw-p 00000000 00:00 0 
7f6b900ff000-7f6b90100000 rw-p 00000000 00:00 0 
7f6b90100000-7f6b90104000 ---p 00000000 00:00 0 
7f6b90104000-7f6b90200000 rw-p 00000000 00:00 0 
7f6b90200000-7f6b90253000 r--p 00000000 00:22 9605042                    /usr/lib/libcrypto.so.3
7f6b90253000-7f6b905ff000 r-xp 00053000 00:22 9605042                    /usr/lib/libcrypto.so.3
7f6b905ff000-7f6b90725000 r--p 003ff000 00:22 9605042                    /usr/lib/libcrypto.so.3
7f6b90725000-7f6b907a3000 r--p 00525000 00:22 9605042                    /usr/lib/libcrypto.so.3
7f6b907a3000-7f6b907a6000 rw-p 005a3000 00:22 9605042                    /usr/lib/libcrypto.so.3
7f6b907a6000-7f6b907a9000 rw-p 00000000 00:00 0 
7f6b907ab000-7f6b907ad000 r--p 00000000 00:22 290724                     /usr/lib/libXfixes.so.3.1.0
7f6b907ad000-7f6b907b0000 r-xp 00002000 00:22 290724                     /usr/lib/libXfixes.so.3.1.0
7f6b907b0000-7f6b907b1000 r--p 00005000 00:22 290724                     /usr/lib/libXfixes.so.3.1.0
7f6b907b1000-7f6b907b2000 r--p 00005000 00:22 290724                     /usr/lib/libXfixes.so.3.1.0
7f6b907b2000-7f6b907b3000 rw-p 00006000 00:22 290724                     /usr/lib/libXfixes.so.3.1.0
7f6b907b3000-7f6b907b6000 r--p 00000000 00:22 116796                     /usr/lib/libXcursor.so.1.0.2
7f6b907b6000-7f6b907bc000 r-xp 00003000 00:22 116796                     /usr/lib/libXcursor.so.1.0.2
7f6b907bc000-7f6b907be000 r--p 00009000 00:22 116796                     /usr/lib/libXcursor.so.1.0.2
7f6b907be000-7f6b907bf000 r--p 0000a000 00:22 116796                     /usr/lib/libXcursor.so.1.0.2
7f6b907bf000-7f6b907c0000 rw-p 0000b000 00:22 116796                     /usr/lib/libXcursor.so.1.0.2
7f6b907c0000-7f6b907cc000 r--p 00000000 00:22 10266                      /usr/lib/libxcb.so.1.1.0
7f6b907cc000-7f6b907e0000 r-xp 0000c000 00:22 10266                      /usr/lib/libxcb.so.1.1.0
7f6b907e0000-7f6b907e9000 r--p 00020000 00:22 10266                      /usr/lib/libxcb.so.1.1.0
7f6b907e9000-7f6b907ea000 r--p 00028000 00:22 10266                      /usr/lib/libxcb.so.1.1.0
7f6b907ea000-7f6b907eb000 rw-p 00029000 00:22 10266                      /usr/lib/libxcb.so.1.1.0
7f6b907eb000-7f6b907ee000 r--p 00000000 00:22 9262718                    /usr/lib/libXi.so.6.1.0
7f6b907ee000-7f6b907fb000 r-xp 00003000 00:22 9262718                    /usr/lib/libXi.so.6.1.0
7f6b907fb000-7f6b907fe000 r--p 00010000 00:22 9262718                    /usr/lib/libXi.so.6.1.0
7f6b907fe000-7f6b907ff000 r--p 00012000 00:22 9262718                    /usr/lib/libXi.so.6.1.0
7f6b907ff000-7f6b90800000 rw-p 00013000 00:22 9262718                    /usr/lib/libXi.so.6.1.0
7f6b90800000-7f6b90812000 r-xp 00000000 00:22 41241164                   /home/mleku/.ghcup/ghc/9.6.3/lib/ghc-9.6.3/lib/x86_64-linux-ghc-9.6.3/libffi.so.8
7f6b90812000-7f6b90a11000 ---p 00012000 00:22 41241164                   /home/mleku/.ghcup/ghc/9.6.3/lib/ghc-9.6.3/lib/x86_64-linux-ghc-9.6.3/libffi.so.8
7f6b90a11000-7f6b90a12000 r--p 00011000 00:22 41241164                   /home/mleku/.ghcup/ghc/9.6.3/lib/ghc-9.6.3/lib/x86_64-linux-ghc-9.6.3/libffi.so.8
7f6b90a12000-7f6b90a13000 rw-p 00012000 00:22 41241164                   /home/mleku/.ghcup/ghc/9.6.3/lib/ghc-9.6.3/lib/x86_64-linux-ghc-9.6.3/libffi.so.8
7f6b90a14000-7f6b90a15000 r--p 00000000 00:22 8971019                    /usr/lib/libwayland-egl.so.1.25.0
7f6b90a15000-7f6b90a16000 r-xp 00001000 00:22 8971019                    /usr/lib/libwayland-egl.so.1.25.0
7f6b90a16000-7f6b90a17000 r--p 00002000 00:22 8971019                    /usr/lib/libwayland-egl.so.1.25.0
7f6b90a17000-7f6b90a18000 r--p 00002000 00:22 8971019                    /usr/lib/libwayland-egl.so.1.25.0
7f6b90a18000-7f6b90a19000 rw-p 00003000 00:22 8971019                    /usr/lib/libwayland-egl.so.1.25.0
7f6b90a19000-7f6b90a1a000 rw-p 00000000 00:00 0 
7f6b90a1a000-7f6b90a1e000 ---p 00000000 00:00 0 
7f6b90a1e000-7f6b90b1a000 rw-p 00000000 00:00 0 
7f6b90b1a000-7f6b90b26000 r--p 00000000 00:22 5932547                    /usr/lib/libzstd.so.1.5.7
7f6b90b26000-7f6b90bed000 r-xp 0000c000 00:22 5932547                    /usr/lib/libzstd.so.1.5.7
7f6b90bed000-7f6b90bfe000 r--p 000d3000 00:22 5932547                    /usr/lib/libzstd.so.1.5.7
7f6b90bfe000-7f6b90bff000 r--p 000e4000 00:22 5932547                    /usr/lib/libzstd.so.1.5.7
7f6b90bff000-7f6b90c00000 rw-p 000e5000 00:22 5932547                    /usr/lib/libzstd.so.1.5.7
7f6b90c00000-7f6b91016000 r-xp 00000000 00:22 41240781                   /home/mleku/.ghcup/ghc/9.6.3/lib/ghc-9.6.3/lib/x86_64-linux-ghc-9.6.3/libHSghc-prim-0.10.0-ghc9.6.3.so
7f6b91016000-7f6b91017000 ---p 00416000 00:22 41240781                   /home/mleku/.ghcup/ghc/9.6.3/lib/ghc-9.6.3/lib/x86_64-linux-ghc-9.6.3/libHSghc-prim-0.10.0-ghc9.6.3.so
7f6b91017000-7f6b91018000 r--p 00416000 00:22 41240781                   /home/mleku/.ghcup/ghc/9.6.3/lib/ghc-9.6.3/lib/x86_64-linux-ghc-9.6.3/libHSghc-prim-0.10.0-ghc9.6.3.so
7f6b91018000-7f6b910f7000 rw-p 00417000 00:22 41240781                   /home/mleku/.ghcup/ghc/9.6.3/lib/ghc-9.6.3/lib/x86_64-linux-ghc-9.6.3/libHSghc-prim-0.10.0-ghc9.6.3.so
7f6b910fb000-7f6b910fd000 r--p 00000000 00:22 9884                       /usr/lib/libbz2.so.1.0.8
7f6b910fd000-7f6b9110a000 r-xp 00002000 00:22 9884                       /usr/lib/libbz2.so.1.0.8
7f6b9110a000-7f6b9110c000 r--p 0000f000 00:22 9884                       /usr/lib/libbz2.so.1.0.8
7f6b9110c000-7f6b9110d000 r--p 00010000 00:22 9884                       /usr/lib/libbz2.so.1.0.8
7f6b9110d000-7f6b9110e000 rw-p 00011000 00:22 9884                       /usr/lib/libbz2.so.1.0.8
7f6b9110e000-7f6b91110000 r--p 00000000 00:22 9624303                    /usr/lib/libgraphite2.so.3.3.1
7f6b91110000-7f6b91129000 r-xp 00002000 00:22 9624303                    /usr/lib/libgraphite2.so.3.3.1
7f6b91129000-7f6b9112e000 r--p 0001b000 00:22 9624303                    /usr/lib/libgraphite2.so.3.3.1
7f6b9112e000-7f6b91130000 r--p 0001f000 00:22 9624303                    /usr/lib/libgraphite2.so.3.3.1
7f6b91130000-7f6b91131000 rw-p 00021000 00:22 9624303                    /usr/lib/libgraphite2.so.3.3.1
7f6b91131000-7f6b91134000 r--p 00000000 00:22 10699820                   /opt/simplex/lib/runtime/lib/libfontmanager.so
7f6b91134000-7f6b9113c000 r-xp 00003000 00:22 10699820                   /opt/simplex/lib/runtime/lib/libfontmanager.so
7f6b9113c000-7f6b9113e000 r--p 0000b000 00:22 10699820                   /opt/simplex/lib/runtime/lib/libfontmanager.so
7f6b9113e000-7f6b9113f000 r--p 0000c000 00:22 10699820                   /opt/simplex/lib/runtime/lib/libfontmanager.so
7f6b9113f000-7f6b91140000 rw-p 0000d000 00:22 10699820                   /opt/simplex/lib/runtime/lib/libfontmanager.so
7f6b91140000-7f6b91141000 r--p 00000000 00:22 268364                     /usr/lib/libbrotlienc.so.1.2.0
7f6b91141000-7f6b911ae000 r-xp 00001000 00:22 268364                     /usr/lib/libbrotlienc.so.1.2.0
7f6b911ae000-7f6b911fe000 r--p 0006e000 00:22 268364                     /usr/lib/libbrotlienc.so.1.2.0
7f6b911fe000-7f6b911ff000 r--p 000bd000 00:22 268364                     /usr/lib/libbrotlienc.so.1.2.0
7f6b911ff000-7f6b91200000 rw-p 000be000 00:22 268364                     /usr/lib/libbrotlienc.so.1.2.0
7f6b91200000-7f6b91d19000 r-xp 00000000 00:22 41239372                   /home/mleku/.ghcup/ghc/9.6.3/lib/ghc-9.6.3/lib/x86_64-linux-ghc-9.6.3/libHSbase-4.18.1.0-ghc9.6.3.so
7f6b91d19000-7f6b91d1a000 ---p 00b19000 00:22 41239372                   /home/mleku/.ghcup/ghc/9.6.3/lib/ghc-9.6.3/lib/x86_64-linux-ghc-9.6.3/libHSbase-4.18.1.0-ghc9.6.3.so
7f6b91d1a000-7f6b91d1c000 r--p 00b19000 00:22 41239372                   /home/mleku/.ghcup/ghc/9.6.3/lib/ghc-9.6.3/lib/x86_64-linux-ghc-9.6.3/libHSbase-4.18.1.0-ghc9.6.3.so
7f6b91d1c000-7f6b91dc7000 rw-p 00b1b000 00:22 41239372                   /home/mleku/.ghcup/ghc/9.6.3/lib/ghc-9.6.3/lib/x86_64-linux-ghc-9.6.3/libHSbase-4.18.1.0-ghc9.6.3.so
7f6b91dc9000-7f6b91dca000 r--p 00000000 00:22 268358                     /usr/lib/libbrotlicommon.so.1.2.0
7f6b91dca000-7f6b91dcb000 r-xp 00001000 00:22 268358                     /usr/lib/libbrotlicommon.so.1.2.0
7f6b91dcb000-7f6b91dea000 r--p 00002000 00:22 268358                     /usr/lib/libbrotlicommon.so.1.2.0
7f6b91dea000-7f6b91deb000 r--p 00021000 00:22 268358                     /usr/lib/libbrotlicommon.so.1.2.0
7f6b91deb000-7f6b91dec000 rw-p 00022000 00:22 268358                     /usr/lib/libbrotlicommon.so.1.2.0
7f6b91dec000-7f6b91dfd000 r--p 00000000 00:22 5932587                    /usr/lib/libgmp.so.10.5.0
7f6b91dfd000-7f6b91e7b000 r-xp 00011000 00:22 5932587                    /usr/lib/libgmp.so.10.5.0
7f6b91e7b000-7f6b91e90000 r--p 0008f000 00:22 5932587                    /usr/lib/libgmp.so.10.5.0
7f6b91e90000-7f6b91e92000 r--p 000a3000 00:22 5932587                    /usr/lib/libgmp.so.10.5.0
7f6b91e92000-7f6b91e93000 rw-p 000a5000 00:22 5932587                    /usr/lib/libgmp.so.10.5.0
7f6b91e93000-7f6b91e95000 r--p 00000000 00:22 7067331                    /usr/lib/libXdmcp.so.6.0.0
7f6b91e95000-7f6b91e97000 r-xp 00002000 00:22 7067331                    /usr/lib/libXdmcp.so.6.0.0
7f6b91e97000-7f6b91e99000 r--p 00004000 00:22 7067331                    /usr/lib/libXdmcp.so.6.0.0
7f6b91e99000-7f6b91e9a000 r--p 00005000 00:22 7067331                    /usr/lib/libXdmcp.so.6.0.0
7f6b91e9a000-7f6b91e9b000 rw-p 00006000 00:22 7067331                    /usr/lib/libXdmcp.so.6.0.0
7f6b91e9b000-7f6b91e9d000 r--p 00000000 00:22 116812                     /usr/lib/libXtst.so.6.1.0
7f6b91e9d000-7f6b91ea0000 r-xp 00002000 00:22 116812                     /usr/lib/libXtst.so.6.1.0
7f6b91ea0000-7f6b91ea1000 r--p 00005000 00:22 116812                     /usr/lib/libXtst.so.6.1.0
7f6b91ea1000-7f6b91ea2000 r--p 00005000 00:22 116812                     /usr/lib/libXtst.so.6.1.0
7f6b91ea2000-7f6b91ea3000 rw-p 00006000 00:22 116812                     /usr/lib/libXtst.so.6.1.0
7f6b91ea3000-7f6b91ea5000 r--p 00000000 00:22 116809                     /usr/lib/libXrender.so.1.3.0
7f6b91ea5000-7f6b91eac000 r-xp 00002000 00:22 116809                     /usr/lib/libXrender.so.1.3.0
7f6b91eac000-7f6b91ead000 r--p 00009000 00:22 116809                     /usr/lib/libXrender.so.1.3.0
7f6b91ead000-7f6b91eae000 r--p 00009000 00:22 116809                     /usr/lib/libXrender.so.1.3.0
7f6b91eae000-7f6b91eaf000 rw-p 0000a000 00:22 116809                     /usr/lib/libXrender.so.1.3.0
7f6b91eaf000-7f6b91eb0000 rw-p 00000000 00:00 0 
7f6b91eb0000-7f6b91eb4000 ---p 00000000 00:00 0 
7f6b91eb4000-7f6b91ed2000 rw-p 00000000 00:00 0 
7f6b91ed2000-7f6b91f71000 r-xp 00000000 00:22 41240378                   /home/mleku/.ghcup/ghc/9.6.3/lib/ghc-9.6.3/lib/x86_64-linux-ghc-9.6.3/libHSrts-1.0.2_thr-ghc9.6.3.so
7f6b91f71000-7f6b91f72000 ---p 0009f000 00:22 41240378                   /home/mleku/.ghcup/ghc/9.6.3/lib/ghc-9.6.3/lib/x86_64-linux-ghc-9.6.3/libHSrts-1.0.2_thr-ghc9.6.3.so
7f6b91f72000-7f6b91f73000 r--p 0009f000 00:22 41240378                   /home/mleku/.ghcup/ghc/9.6.3/lib/ghc-9.6.3/lib/x86_64-linux-ghc-9.6.3/libHSrts-1.0.2_thr-ghc9.6.3.so
7f6b91f73000-7f6b91f7b000 rw-p 000a0000 00:22 41240378                   /home/mleku/.ghcup/ghc/9.6.3/lib/ghc-9.6.3/lib/x86_64-linux-ghc-9.6.3/libHSrts-1.0.2_thr-ghc9.6.3.so
7f6b91f7b000-7f6b91f7e000 rw-p 00000000 00:00 0 
7f6b91f7e000-7f6b91ff9000 r-xp 00000000 00:22 41240306                   /home/mleku/.ghcup/ghc/9.6.3/lib/ghc-9.6.3/lib/x86_64-linux-ghc-9.6.3/libHSarray-0.5.5.0-ghc9.6.3.so
7f6b91ff9000-7f6b91ffa000 ---p 0007b000 00:22 41240306                   /home/mleku/.ghcup/ghc/9.6.3/lib/ghc-9.6.3/lib/x86_64-linux-ghc-9.6.3/libHSarray-0.5.5.0-ghc9.6.3.so
7f6b91ffa000-7f6b91ffb000 r--p 0007b000 00:22 41240306                   /home/mleku/.ghcup/ghc/9.6.3/lib/ghc-9.6.3/lib/x86_64-linux-ghc-9.6.3/libHSarray-0.5.5.0-ghc9.6.3.so
7f6b91ffb000-7f6b92000000 rw-p 0007c000 00:22 41240306                   /home/mleku/.ghcup/ghc/9.6.3/lib/ghc-9.6.3/lib/x86_64-linux-ghc-9.6.3/libHSarray-0.5.5.0-ghc9.6.3.so
7f6b92000000-7f6b92371000 r-xp 00000000 00:22 41239369                   /home/mleku/.ghcup/ghc/9.6.3/lib/ghc-9.6.3/lib/x86_64-linux-ghc-9.6.3/libHStemplate-haskell-2.20.0.0-ghc9.6.3.so
7f6b92371000-7f6b92372000 ---p 00371000 00:22 41239369                   /home/mleku/.ghcup/ghc/9.6.3/lib/ghc-9.6.3/lib/x86_64-linux-ghc-9.6.3/libHStemplate-haskell-2.20.0.0-ghc9.6.3.so
7f6b92372000-7f6b92373000 r--p 00371000 00:22 41239369                   /home/mleku/.ghcup/ghc/9.6.3/lib/ghc-9.6.3/lib/x86_64-linux-ghc-9.6.3/libHStemplate-haskell-2.20.0.0-ghc9.6.3.so
7f6b92373000-7f6b923a9000 rw-p 00372000 00:22 41239369                   /home/mleku/.ghcup/ghc/9.6.3/lib/ghc-9.6.3/lib/x86_64-linux-ghc-9.6.3/libHStemplate-haskell-2.20.0.0-ghc9.6.3.so
7f6b923ac000-7f6b923fb000 r-xp 00000000 00:22 41238563                   /home/mleku/.ghcup/ghc/9.6.3/lib/ghc-9.6.3/lib/x86_64-linux-ghc-9.6.3/libHSghc-bignum-1.3-ghc9.6.3.so
7f6b923fb000-7f6b923fc000 r--p 0004e000 00:22 41238563                   /home/mleku/.ghcup/ghc/9.6.3/lib/ghc-9.6.3/lib/x86_64-linux-ghc-9.6.3/libHSghc-bignum-1.3-ghc9.6.3.so
7f6b923fc000-7f6b92400000 rw-p 0004f000 00:22 41238563                   /home/mleku/.ghcup/ghc/9.6.3/lib/ghc-9.6.3/lib/x86_64-linux-ghc-9.6.3/libHSghc-bignum-1.3-ghc9.6.3.so
7f6b92400000-7f6b9277b000 r-xp 00000000 00:22 41238484                   /home/mleku/.ghcup/ghc/9.6.3/lib/ghc-9.6.3/lib/x86_64-linux-ghc-9.6.3/libHScontainers-0.6.7-ghc9.6.3.so
7f6b9277b000-7f6b9277c000 r--p 0037a000 00:22 41238484                   /home/mleku/.ghcup/ghc/9.6.3/lib/ghc-9.6.3/lib/x86_64-linux-ghc-9.6.3/libHScontainers-0.6.7-ghc9.6.3.so
7f6b9277c000-7f6b92798000 rw-p 0037b000 00:22 41238484                   /home/mleku/.ghcup/ghc/9.6.3/lib/ghc-9.6.3/lib/x86_64-linux-ghc-9.6.3/libHScontainers-0.6.7-ghc9.6.3.so
7f6b9279b000-7f6b9279f000 r--p 00000000 00:22 1663633                    /usr/lib/libXext.so.6.4.0
7f6b9279f000-7f6b927aa000 r-xp 00004000 00:22 1663633                    /usr/lib/libXext.so.6.4.0
7f6b927aa000-7f6b927ad000 r--p 0000f000 00:22 1663633                    /usr/lib/libXext.so.6.4.0
7f6b927ad000-7f6b927ae000 r--p 00011000 00:22 1663633                    /usr/lib/libXext.so.6.4.0
7f6b927ae000-7f6b927af000 rw-p 00012000 00:22 1663633                    /usr/lib/libXext.so.6.4.0
7f6b927af000-7f6b927b0000 r--p 00000000 00:22 268361                     /usr/lib/libbrotlidec.so.1.2.0
7f6b927b0000-7f6b927b9000 r-xp 00001000 00:22 268361                     /usr/lib/libbrotlidec.so.1.2.0
7f6b927b9000-7f6b927bc000 r--p 0000a000 00:22 268361                     /usr/lib/libbrotlidec.so.1.2.0
7f6b927bc000-7f6b927bd000 r--p 0000c000 00:22 268361                     /usr/lib/libbrotlidec.so.1.2.0
7f6b927bd000-7f6b927be000 rw-p 0000d000 00:22 268361                     /usr/lib/libbrotlidec.so.1.2.0
7f6b927be000-7f6b927f4000 r-xp 00000000 00:22 41238651                   /home/mleku/.ghcup/ghc/9.6.3/lib/ghc-9.6.3/lib/x86_64-linux-ghc-9.6.3/libHSghc-boot-th-9.6.3-ghc9.6.3.so
7f6b927f4000-7f6b927f5000 ---p 00036000 00:22 41238651                   /home/mleku/.ghcup/ghc/9.6.3/lib/ghc-9.6.3/lib/x86_64-linux-ghc-9.6.3/libHSghc-boot-th-9.6.3-ghc9.6.3.so
7f6b927f5000-7f6b927f6000 r--p 00036000 00:22 41238651                   /home/mleku/.ghcup/ghc/9.6.3/lib/ghc-9.6.3/lib/x86_64-linux-ghc-9.6.3/libHSghc-boot-th-9.6.3-ghc9.6.3.so
7f6b927f6000-7f6b927ff000 rw-p 00037000 00:22 41238651                   /home/mleku/.ghcup/ghc/9.6.3/lib/ghc-9.6.3/lib/x86_64-linux-ghc-9.6.3/libHSghc-boot-th-9.6.3-ghc9.6.3.so
7f6b927ff000-7f6b9281b000 r-xp 00000000 00:22 41240376                   /home/mleku/.ghcup/ghc/9.6.3/lib/ghc-9.6.3/lib/x86_64-linux-ghc-9.6.3/libHSdeepseq-1.4.8.1-ghc9.6.3.so
7f6b9281b000-7f6b9281c000 ---p 0001c000 00:22 41240376                   /home/mleku/.ghcup/ghc/9.6.3/lib/ghc-9.6.3/lib/x86_64-linux-ghc-9.6.3/libHSdeepseq-1.4.8.1-ghc9.6.3.so
7f6b9281c000-7f6b9281d000 r--p 0001c000 00:22 41240376                   /home/mleku/.ghcup/ghc/9.6.3/lib/ghc-9.6.3/lib/x86_64-linux-ghc-9.6.3/libHSdeepseq-1.4.8.1-ghc9.6.3.so
7f6b9281d000-7f6b9281e000 rw-p 0001d000 00:22 41240376                   /home/mleku/.ghcup/ghc/9.6.3/lib/ghc-9.6.3/lib/x86_64-linux-ghc-9.6.3/libHSdeepseq-1.4.8.1-ghc9.6.3.so
7f6b9281e000-7f6b92887000 r-xp 00000000 00:22 41240782                   /home/mleku/.ghcup/ghc/9.6.3/lib/ghc-9.6.3/lib/x86_64-linux-ghc-9.6.3/libHSpretty-1.1.3.6-ghc9.6.3.so
7f6b92887000-7f6b92888000 ---p 00069000 00:22 41240782                   /home/mleku/.ghcup/ghc/9.6.3/lib/ghc-9.6.3/lib/x86_64-linux-ghc-9.6.3/libHSpretty-1.1.3.6-ghc9.6.3.so
7f6b92888000-7f6b92889000 r--p 00069000 00:22 41240782                   /home/mleku/.ghcup/ghc/9.6.3/lib/ghc-9.6.3/lib/x86_64-linux-ghc-9.6.3/libHSpretty-1.1.3.6-ghc9.6.3.so
7f6b92889000-7f6b92891000 rw-p 0006a000 00:22 41240782                   /home/mleku/.ghcup/ghc/9.6.3/lib/ghc-9.6.3/lib/x86_64-linux-ghc-9.6.3/libHSpretty-1.1.3.6-ghc9.6.3.so
7f6b92891000-7f6b929e3000 r-xp 00000000 00:22 41238650                   /home/mleku/.ghcup/ghc/9.6.3/lib/ghc-9.6.3/lib/x86_64-linux-ghc-9.6.3/libHSbytestring-0.11.5.2-ghc9.6.3.so
7f6b929e3000-7f6b929e4000 r--p 00151000 00:22 41238650                   /home/mleku/.ghcup/ghc/9.6.3/lib/ghc-9.6.3/lib/x86_64-linux-ghc-9.6.3/libHSbytestring-0.11.5.2-ghc9.6.3.so
7f6b929e4000-7f6b929f6000 rw-p 00152000 00:22 41238650                   /home/mleku/.ghcup/ghc/9.6.3/lib/ghc-9.6.3/lib/x86_64-linux-ghc-9.6.3/libHSbytestring-0.11.5.2-ghc9.6.3.so
7f6b929f6000-7f6b92b07000 r-xp 00000000 00:22 41240377                   /home/mleku/.ghcup/ghc/9.6.3/lib/ghc-9.6.3/lib/x86_64-linux-ghc-9.6.3/libHStransformers-0.6.1.0-ghc9.6.3.so
7f6b92b07000-7f6b92b08000 r--p 00110000 00:22 41240377                   /home/mleku/.ghcup/ghc/9.6.3/lib/ghc-9.6.3/lib/x86_64-linux-ghc-9.6.3/libHStransformers-0.6.1.0-ghc9.6.3.so
7f6b92b08000-7f6b92b13000 rw-p 00111000 00:22 41240377                   /home/mleku/.ghcup/ghc/9.6.3/lib/ghc-9.6.3/lib/x86_64-linux-ghc-9.6.3/libHStransformers-0.6.1.0-ghc9.6.3.so
7f6b92b13000-7f6b92b6c000 r--p 00000000 00:22 41267162                   /home/mleku/.local/state/cabal/store/ghc-9.6.3/random-1.2.1.1-f75323201d1b45182ed9370fb261ee029c5dbe1b59bf181cffc1aadffc6d66a4/lib/libHSrandom-1.2.1.1-f75323201d1b45182ed9370fb261ee029c5dbe1b59bf181cffc1aadffc6d66a4-ghc9.6.3.so
7f6b92b6c000-7f6b92bf7000 r-xp 00059000 00:22 41267162                   /home/mleku/.local/state/cabal/store/ghc-9.6.3/random-1.2.1.1-f75323201d1b45182ed9370fb261ee029c5dbe1b59bf181cffc1aadffc6d66a4/lib/libHSrandom-1.2.1.1-f75323201d1b45182ed9370fb261ee029c5dbe1b59bf181cffc1aadffc6d66a4-ghc9.6.3.so
7f6b92bf7000-7f6b92bf8000 r--p 000e4000 00:22 41267162                   /home/mleku/.local/state/cabal/store/ghc-9.6.3/random-1.2.1.1-f75323201d1b45182ed9370fb261ee029c5dbe1b59bf181cffc1aadffc6d66a4/lib/libHSrandom-1.2.1.1-f75323201d1b45182ed9370fb261ee029c5dbe1b59bf181cffc1aadffc6d66a4-ghc9.6.3.so
7f6b92bf8000-7f6b92bf9000 r--p 000e5000 00:22 41267162                   /home/mleku/.local/state/cabal/store/ghc-9.6.3/random-1.2.1.1-f75323201d1b45182ed9370fb261ee029c5dbe1b59bf181cffc1aadffc6d66a4/lib/libHSrandom-1.2.1.1-f75323201d1b45182ed9370fb261ee029c5dbe1b59bf181cffc1aadffc6d66a4-ghc9.6.3.so
7f6b92bf9000-7f6b92c00000 rw-p 000e6000 00:22 41267162                   /home/mleku/.local/state/cabal/store/ghc-9.6.3/random-1.2.1.1-f75323201d1b45182ed9370fb261ee029c5dbe1b59bf181cffc1aadffc6d66a4/lib/libHSrandom-1.2.1.1-f75323201d1b45182ed9370fb261ee029c5dbe1b59bf181cffc1aadffc6d66a4-ghc9.6.3.so
7f6b92c00000-7f6b92d13000 r--p 00000000 00:22 41272676                   /home/mleku/.local/state/cabal/store/ghc-9.6.3/QuickCheck-2.14.3-42e7b27f0bb2b87c0930816285f53ba2bdf063e20fd76cc59871d58e800a849e/lib/libHSQuickCheck-2.14.3-42e7b27f0bb2b87c0930816285f53ba2bdf063e20fd76cc59871d58e800a849e-ghc9.6.3.so
7f6b92d13000-7f6b92dfb000 r-xp 00113000 00:22 41272676                   /home/mleku/.local/state/cabal/store/ghc-9.6.3/QuickCheck-2.14.3-42e7b27f0bb2b87c0930816285f53ba2bdf063e20fd76cc59871d58e800a849e/lib/libHSQuickCheck-2.14.3-42e7b27f0bb2b87c0930816285f53ba2bdf063e20fd76cc59871d58e800a849e-ghc9.6.3.so
7f6b92dfb000-7f6b92dfe000 r--p 001fb000 00:22 41272676                   /home/mleku/.local/state/cabal/store/ghc-9.6.3/QuickCheck-2.14.3-42e7b27f0bb2b87c0930816285f53ba2bdf063e20fd76cc59871d58e800a849e/lib/libHSQuickCheck-2.14.3-42e7b27f0bb2b87c0930816285f53ba2bdf063e20fd76cc59871d58e800a849e-ghc9.6.3.so
7f6b92dfe000-7f6b92e00000 r--p 001fd000 00:22 41272676                   /home/mleku/.local/state/cabal/store/ghc-9.6.3/QuickCheck-2.14.3-42e7b27f0bb2b87c0930816285f53ba2bdf063e20fd76cc59871d58e800a849e/lib/libHSQuickCheck-2.14.3-42e7b27f0bb2b87c0930816285f53ba2bdf063e20fd76cc59871d58e800a849e-ghc9.6.3.so
7f6b92e00000-7f6b92e16000 rw-p 001ff000 00:22 41272676                   /home/mleku/.local/state/cabal/store/ghc-9.6.3/QuickCheck-2.14.3-42e7b27f0bb2b87c0930816285f53ba2bdf063e20fd76cc59871d58e800a849e/lib/libHSQuickCheck-2.14.3-42e7b27f0bb2b87c0930816285f53ba2bdf063e20fd76cc59871d58e800a849e-ghc9.6.3.so
7f6b92e17000-7f6b92e18000 r--p 00000000 00:22 10119                      /usr/lib/libnss_mdns_minimal.so.2
7f6b92e18000-7f6b92e1a000 r-xp 00001000 00:22 10119                      /usr/lib/libnss_mdns_minimal.so.2
7f6b92e1a000-7f6b92e1b000 r--p 00003000 00:22 10119                      /usr/lib/libnss_mdns_minimal.so.2
7f6b92e1b000-7f6b92e1c000 r--p 00003000 00:22 10119                      /usr/lib/libnss_mdns_minimal.so.2
7f6b92e1c000-7f6b92e1d000 rw-p 00004000 00:22 10119                      /usr/lib/libnss_mdns_minimal.so.2
7f6b92e1d000-7f6b92e69000 r-xp 00000000 00:22 41238647                   /home/mleku/.ghcup/ghc/9.6.3/lib/ghc-9.6.3/lib/x86_64-linux-ghc-9.6.3/libHSmtl-2.3.1-ghc9.6.3.so
7f6b92e69000-7f6b92e6a000 ---p 0004c000 00:22 41238647                   /home/mleku/.ghcup/ghc/9.6.3/lib/ghc-9.6.3/lib/x86_64-linux-ghc-9.6.3/libHSmtl-2.3.1-ghc9.6.3.so
7f6b92e6a000-7f6b92e6b000 r--p 0004c000 00:22 41238647                   /home/mleku/.ghcup/ghc/9.6.3/lib/ghc-9.6.3/lib/x86_64-linux-ghc-9.6.3/libHSmtl-2.3.1-ghc9.6.3.so
7f6b92e6b000-7f6b92e6e000 rw-p 0004d000 00:22 41238647                   /home/mleku/.ghcup/ghc/9.6.3/lib/ghc-9.6.3/lib/x86_64-linux-ghc-9.6.3/libHSmtl-2.3.1-ghc9.6.3.so
7f6b92e6e000-7f6b92f25000 r-xp 00000000 00:22 41238544                   /home/mleku/.ghcup/ghc/9.6.3/lib/ghc-9.6.3/lib/x86_64-linux-ghc-9.6.3/libHSfilepath-1.4.100.4-ghc9.6.3.so
7f6b92f25000-7f6b92f26000 r--p 000b6000 00:22 41238544                   /home/mleku/.ghcup/ghc/9.6.3/lib/ghc-9.6.3/lib/x86_64-linux-ghc-9.6.3/libHSfilepath-1.4.100.4-ghc9.6.3.so
7f6b92f26000-7f6b92f32000 rw-p 000b7000 00:22 41238544                   /home/mleku/.ghcup/ghc/9.6.3/lib/ghc-9.6.3/lib/x86_64-linux-ghc-9.6.3/libHSfilepath-1.4.100.4-ghc9.6.3.so
7f6b92f32000-7f6b92ff8000 r-xp 00000000 00:22 41238562                   /home/mleku/.ghcup/ghc/9.6.3/lib/ghc-9.6.3/lib/x86_64-linux-ghc-9.6.3/libHSbinary-0.8.9.1-ghc9.6.3.so
7f6b92ff8000-7f6b92ff9000 ---p 000c6000 00:22 41238562                   /home/mleku/.ghcup/ghc/9.6.3/lib/ghc-9.6.3/lib/x86_64-linux-ghc-9.6.3/libHSbinary-0.8.9.1-ghc9.6.3.so
7f6b92ff9000-7f6b92ffa000 r--p 000c6000 00:22 41238562                   /home/mleku/.ghcup/ghc/9.6.3/lib/ghc-9.6.3/lib/x86_64-linux-ghc-9.6.3/libHSbinary-0.8.9.1-ghc9.6.3.so
7f6b92ffa000-7f6b93000000 rw-p 000c7000 00:22 41238562                   /home/mleku/.ghcup/ghc/9.6.3/lib/ghc-9.6.3/lib/x86_64-linux-ghc-9.6.3/libHSbinary-0.8.9.1-ghc9.6.3.so
7f6b93000000-7f6b932ef000 r-xp 00000000 00:22 41240679                   /home/mleku/.ghcup/ghc/9.6.3/lib/ghc-9.6.3/lib/x86_64-linux-ghc-9.6.3/libHStext-2.0.2-ghc9.6.3.so
7f6b932ef000-7f6b932f0000 r--p 002ee000 00:22 41240679                   /home/mleku/.ghcup/ghc/9.6.3/lib/ghc-9.6.3/lib/x86_64-linux-ghc-9.6.3/libHStext-2.0.2-ghc9.6.3.so
7f6b932f0000-7f6b93308000 rw-p 002ef000 00:22 41240679                   /home/mleku/.ghcup/ghc/9.6.3/lib/ghc-9.6.3/lib/x86_64-linux-ghc-9.6.3/libHStext-2.0.2-ghc9.6.3.so
7f6b9330a000-7f6b9330b000 r--p 00000000 00:22 1663720                    /usr/lib/libXinerama.so.1.0.0
7f6b9330b000-7f6b9330c000 r-xp 00001000 00:22 1663720                    /usr/lib/libXinerama.so.1.0.0
7f6b9330c000-7f6b9330d000 r--p 00002000 00:22 1663720                    /usr/lib/libXinerama.so.1.0.0
7f6b9330d000-7f6b9330e000 r--p 00002000 00:22 1663720                    /usr/lib/libXinerama.so.1.0.0
7f6b9330e000-7f6b9330f000 rw-p 00003000 00:22 1663720                    /usr/lib/libXinerama.so.1.0.0
7f6b9330f000-7f6b9331f000 r--p 00000000 00:22 41259505                   /home/mleku/.local/state/cabal/store/ghc-9.6.3/splitmix-0.1.0.5-4d43824a2aa15437e433f1a344653af933edf881ad9f72fc820c1c827832bfcb/lib/libHSsplitmix-0.1.0.5-4d43824a2aa15437e433f1a344653af933edf881ad9f72fc820c1c827832bfcb-ghc9.6.3.so
7f6b9331f000-7f6b93328000 r-xp 00010000 00:22 41259505                   /home/mleku/.local/state/cabal/store/ghc-9.6.3/splitmix-0.1.0.5-4d43824a2aa15437e433f1a344653af933edf881ad9f72fc820c1c827832bfcb/lib/libHSsplitmix-0.1.0.5-4d43824a2aa15437e433f1a344653af933edf881ad9f72fc820c1c827832bfcb-ghc9.6.3.so
7f6b93328000-7f6b93329000 r--p 00019000 00:22 41259505                   /home/mleku/.local/state/cabal/store/ghc-9.6.3/splitmix-0.1.0.5-4d43824a2aa15437e433f1a344653af933edf881ad9f72fc820c1c827832bfcb/lib/libHSsplitmix-0.1.0.5-4d43824a2aa15437e433f1a344653af933edf881ad9f72fc820c1c827832bfcb-ghc9.6.3.so
7f6b93329000-7f6b9332a000 r--p 00019000 00:22 41259505                   /home/mleku/.local/state/cabal/store/ghc-9.6.3/splitmix-0.1.0.5-4d43824a2aa15437e433f1a344653af933edf881ad9f72fc820c1c827832bfcb/lib/libHSsplitmix-0.1.0.5-4d43824a2aa15437e433f1a344653af933edf881ad9f72fc820c1c827832bfcb-ghc9.6.3.so
7f6b9332a000-7f6b9332c000 rw-p 0001a000 00:22 41259505                   /home/mleku/.local/state/cabal/store/ghc-9.6.3/splitmix-0.1.0.5-4d43824a2aa15437e433f1a344653af933edf881ad9f72fc820c1c827832bfcb/lib/libHSsplitmix-0.1.0.5-4d43824a2aa15437e433f1a344653af933edf881ad9f72fc820c1c827832bfcb-ghc9.6.3.so
7f6b9332c000-7f6b93349000 r-xp 00000000 00:22 41239371                   /home/mleku/.ghcup/ghc/9.6.3/lib/ghc-9.6.3/lib/x86_64-linux-ghc-9.6.3/libHSstm-2.5.1.0-ghc9.6.3.so
7f6b93349000-7f6b9334a000 ---p 0001d000 00:22 41239371                   /home/mleku/.ghcup/ghc/9.6.3/lib/ghc-9.6.3/lib/x86_64-linux-ghc-9.6.3/libHSstm-2.5.1.0-ghc9.6.3.so
7f6b9334a000-7f6b9334b000 r--p 0001d000 00:22 41239371                   /home/mleku/.ghcup/ghc/9.6.3/lib/ghc-9.6.3/lib/x86_64-linux-ghc-9.6.3/libHSstm-2.5.1.0-ghc9.6.3.so
7f6b9334b000-7f6b9334e000 rw-p 0001e000 00:22 41239371                   /home/mleku/.ghcup/ghc/9.6.3/lib/ghc-9.6.3/lib/x86_64-linux-ghc-9.6.3/libHSstm-2.5.1.0-ghc9.6.3.so
7f6b9334e000-7f6b9338d000 r-xp 00000000 00:22 41240678                   /home/mleku/.ghcup/ghc/9.6.3/lib/ghc-9.6.3/lib/x86_64-linux-ghc-9.6.3/libHSexceptions-0.10.7-ghc9.6.3.so
7f6b9338d000-7f6b9338e000 r--p 0003e000 00:22 41240678                   /home/mleku/.ghcup/ghc/9.6.3/lib/ghc-9.6.3/lib/x86_64-linux-ghc-9.6.3/libHSexceptions-0.10.7-ghc9.6.3.so
7f6b9338e000-7f6b93392000 rw-p 0003f000 00:22 41240678                   /home/mleku/.ghcup/ghc/9.6.3/lib/ghc-9.6.3/lib/x86_64-linux-ghc-9.6.3/libHSexceptions-0.10.7-ghc9.6.3.so
7f6b93392000-7f6b933c6000 r--p 00000000 00:22 41256777                   /home/mleku/.local/state/cabal/store/ghc-9.6.3/hashable-1.4.3.0-98acfc8d400a5c987d553ee7033a1f0d4393f505a0071034b204862e7038d80e/lib/libHShashable-1.4.3.0-98acfc8d400a5c987d553ee7033a1f0d4393f505a0071034b204862e7038d80e-ghc9.6.3.so
7f6b933c6000-7f6b933e5000 r-xp 00034000 00:22 41256777                   /home/mleku/.local/state/cabal/store/ghc-9.6.3/hashable-1.4.3.0-98acfc8d400a5c987d553ee7033a1f0d4393f505a0071034b204862e7038d80e/lib/libHShashable-1.4.3.0-98acfc8d400a5c987d553ee7033a1f0d4393f505a0071034b204862e7038d80e-ghc9.6.3.so
7f6b933e5000-7f6b933e6000 r--p 00053000 00:22 41256777                   /home/mleku/.local/state/cabal/store/ghc-9.6.3/hashable-1.4.3.0-98acfc8d400a5c987d553ee7033a1f0d4393f505a0071034b204862e7038d80e/lib/libHShashable-1.4.3.0-98acfc8d400a5c987d553ee7033a1f0d4393f505a0071034b204862e7038d80e-ghc9.6.3.so
7f6b933e6000-7f6b933e7000 r--p 00053000 00:22 41256777                   /home/mleku/.local/state/cabal/store/ghc-9.6.3/hashable-1.4.3.0-98acfc8d400a5c987d553ee7033a1f0d4393f505a0071034b204862e7038d80e/lib/libHShashable-1.4.3.0-98acfc8d400a5c987d553ee7033a1f0d4393f505a0071034b204862e7038d80e-ghc9.6.3.so
7f6b933e7000-7f6b933ea000 rw-p 00054000 00:22 41256777                   /home/mleku/.local/state/cabal/store/ghc-9.6.3/hashable-1.4.3.0-98acfc8d400a5c987d553ee7033a1f0d4393f505a0071034b204862e7038d80e/lib/libHShashable-1.4.3.0-98acfc8d400a5c987d553ee7033a1f0d4393f505a0071034b204862e7038d80e-ghc9.6.3.so
7f6b933ea000-7f6b933f9000 r--p 00000000 00:22 41263249                   /home/mleku/.local/state/cabal/store/ghc-9.6.3/data-fix-0.3.2-4404532ec4620d7c25dfbde142be7414df2f51c7512f2c63e2cf5ae3482c5071/lib/libHSdata-fix-0.3.2-4404532ec4620d7c25dfbde142be7414df2f51c7512f2c63e2cf5ae3482c5071-ghc9.6.3.so
7f6b933f9000-7f6b93403000 r-xp 0000f000 00:22 41263249                   /home/mleku/.local/state/cabal/store/ghc-9.6.3/data-fix-0.3.2-4404532ec4620d7c25dfbde142be7414df2f51c7512f2c63e2cf5ae3482c5071/lib/libHSdata-fix-0.3.2-4404532ec4620d7c25dfbde142be7414df2f51c7512f2c63e2cf5ae3482c5071-ghc9.6.3.so
7f6b93403000-7f6b93404000 r--p 00019000 00:22 41263249                   /home/mleku/.local/state/cabal/store/ghc-9.6.3/data-fix-0.3.2-4404532ec4620d7c25dfbde142be7414df2f51c7512f2c63e2cf5ae3482c5071/lib/libHSdata-fix-0.3.2-4404532ec4620d7c25dfbde142be7414df2f51c7512f2c63e2cf5ae3482c5071-ghc9.6.3.so
7f6b93404000-7f6b93405000 r--p 00019000 00:22 41263249                   /home/mleku/.local/state/cabal/store/ghc-9.6.3/data-fix-0.3.2-4404532ec4620d7c25dfbde142be7414df2f51c7512f2c63e2cf5ae3482c5071/lib/libHSdata-fix-0.3.2-4404532ec4620d7c25dfbde142be7414df2f51c7512f2c63e2cf5ae3482c5071-ghc9.6.3.so
7f6b93405000-7f6b93406000 rw-p 0001a000 00:22 41263249                   /home/mleku/.local/state/cabal/store/ghc-9.6.3/data-fix-0.3.2-4404532ec4620d7c25dfbde142be7414df2f51c7512f2c63e2cf5ae3482c5071/lib/libHSdata-fix-0.3.2-4404532ec4620d7c25dfbde142be7414df2f51c7512f2c63e2cf5ae3482c5071-ghc9.6.3.so
7f6b93406000-7f6b9343e000 r--p 00000000 00:22 41258076                   /home/mleku/.local/state/cabal/store/ghc-9.6.3/indexed-traversable-0.1.3-5c151c51a16fe848251abf60409384564a48ba07895ffcc7c55051ccad6ef1c8/lib/libHSindexed-traversable-0.1.3-5c151c51a16fe848251abf60409384564a48ba07895ffcc7c55051ccad6ef1c8-ghc9.6.3.so
7f6b9343e000-7f6b93467000 r-xp 00038000 00:22 41258076                   /home/mleku/.local/state/cabal/store/ghc-9.6.3/indexed-traversable-0.1.3-5c151c51a16fe848251abf60409384564a48ba07895ffcc7c55051ccad6ef1c8/lib/libHSindexed-traversable-0.1.3-5c151c51a16fe848251abf60409384564a48ba07895ffcc7c55051ccad6ef1c8-ghc9.6.3.so
7f6b93467000-7f6b93468000 r--p 00061000 00:22 41258076                   /home/mleku/.local/state/cabal/store/ghc-9.6.3/indexed-traversable-0.1.3-5c151c51a16fe848251abf60409384564a48ba07895ffcc7c55051ccad6ef1c8/lib/libHSindexed-traversable-0.1.3-5c151c51a16fe848251abf60409384564a48ba07895ffcc7c55051ccad6ef1c8-ghc9.6.3.so
7f6b93468000-7f6b93469000 r--p 00061000 00:22 41258076                   /home/mleku/.local/state/cabal/store/ghc-9.6.3/indexed-traversable-0.1.3-5c151c51a16fe848251abf60409384564a48ba07895ffcc7c55051ccad6ef1c8/lib/libHSindexed-traversable-0.1.3-5c151c51a16fe848251abf60409384564a48ba07895ffcc7c55051ccad6ef1c8-ghc9.6.3.so
7f6b93469000-7f6b9346c000 rw-p 00062000 00:22 41258076                   /home/mleku/.local/state/cabal/store/ghc-9.6.3/indexed-traversable-0.1.3-5c151c51a16fe848251abf60409384564a48ba07895ffcc7c55051ccad6ef1c8/lib/libHSindexed-traversable-0.1.3-5c151c51a16fe848251abf60409384564a48ba07895ffcc7c55051ccad6ef1c8-ghc9.6.3.so
7f6b9346c000-7f6b934ee000 r--p 00000000 00:22 41260988                   /home/mleku/.local/state/cabal/store/ghc-9.6.3/primitive-0.8.0.0-1668d91881d295d36b48f2796497f2026070412919828ab5bdf883bdf10dfdf1/lib/libHSprimitive-0.8.0.0-1668d91881d295d36b48f2796497f2026070412919828ab5bdf883bdf10dfdf1-ghc9.6.3.so
7f6b934ee000-7f6b9353f000 r-xp 00082000 00:22 41260988                   /home/mleku/.local/state/cabal/store/ghc-9.6.3/primitive-0.8.0.0-1668d91881d295d36b48f2796497f2026070412919828ab5bdf883bdf10dfdf1/lib/libHSprimitive-0.8.0.0-1668d91881d295d36b48f2796497f2026070412919828ab5bdf883bdf10dfdf1-ghc9.6.3.so
7f6b9353f000-7f6b93541000 r--p 000d3000 00:22 41260988                   /home/mleku/.local/state/cabal/store/ghc-9.6.3/primitive-0.8.0.0-1668d91881d295d36b48f2796497f2026070412919828ab5bdf883bdf10dfdf1/lib/libHSprimitive-0.8.0.0-1668d91881d295d36b48f2796497f2026070412919828ab5bdf883bdf10dfdf1-ghc9.6.3.so
7f6b93541000-7f6b93542000 r--p 000d4000 00:22 41260988                   /home/mleku/.local/state/cabal/store/ghc-9.6.3/primitive-0.8.0.0-1668d91881d295d36b48f2796497f2026070412919828ab5bdf883bdf10dfdf1/lib/libHSprimitive-0.8.0.0-1668d91881d295d36b48f2796497f2026070412919828ab5bdf883bdf10dfdf1-ghc9.6.3.so
7f6b93542000-7f6b9354f000 rw-p 000d5000 00:22 41260988                   /home/mleku/.local/state/cabal/store/ghc-9.6.3/primitive-0.8.0.0-1668d91881d295d36b48f2796497f2026070412919828ab5bdf883bdf10dfdf1/lib/libHSprimitive-0.8.0.0-1668d91881d295d36b48f2796497f2026070412919828ab5bdf883bdf10dfdf1-ghc9.6.3.so
7f6b9354f000-7f6b93641000 r-xp 00000000 00:22 41238561                   /home/mleku/.ghcup/ghc/9.6.3/lib/ghc-9.6.3/lib/x86_64-linux-ghc-9.6.3/libHSparsec-3.1.16.1-ghc9.6.3.so
7f6b93641000-7f6b93642000 ---p 000f2000 00:22 41238561                   /home/mleku/.ghcup/ghc/9.6.3/lib/ghc-9.6.3/lib/x86_64-linux-ghc-9.6.3/libHSparsec-3.1.16.1-ghc9.6.3.so
7f6b93642000-7f6b93643000 r--p 000f2000 00:22 41238561                   /home/mleku/.ghcup/ghc/9.6.3/lib/ghc-9.6.3/lib/x86_64-linux-ghc-9.6.3/libHSparsec-3.1.16.1-ghc9.6.3.so
7f6b93643000-7f6b9364f000 rw-p 000f3000 00:22 41238561                   /home/mleku/.ghcup/ghc/9.6.3/lib/ghc-9.6.3/lib/x86_64-linux-ghc-9.6.3/libHSparsec-3.1.16.1-ghc9.6.3.so
7f6b9364f000-7f6b93671000 r--p 00000000 00:22 41265359                   /home/mleku/.local/state/cabal/store/ghc-9.6.3/network-uri-2.6.4.2-1b28555ec16212e9f20752fce0460b0baff485858922e9bd4f037e02858e9015/lib/libHSnetwork-uri-2.6.4.2-1b28555ec16212e9f20752fce0460b0baff485858922e9bd4f037e02858e9015-ghc9.6.3.so
7f6b93671000-7f6b936d3000 r-xp 00022000 00:22 41265359                   /home/mleku/.local/state/cabal/store/ghc-9.6.3/network-uri-2.6.4.2-1b28555ec16212e9f20752fce0460b0baff485858922e9bd4f037e02858e9015/lib/libHSnetwork-uri-2.6.4.2-1b28555ec16212e9f20752fce0460b0baff485858922e9bd4f037e02858e9015-ghc9.6.3.so
7f6b936d3000-7f6b936d4000 r--p 00084000 00:22 41265359                   /home/mleku/.local/state/cabal/store/ghc-9.6.3/network-uri-2.6.4.2-1b28555ec16212e9f20752fce0460b0baff485858922e9bd4f037e02858e9015/lib/libHSnetwork-uri-2.6.4.2-1b28555ec16212e9f20752fce0460b0baff485858922e9bd4f037e02858e9015-ghc9.6.3.so
7f6b936d4000-7f6b936d5000 r--p 00084000 00:22 41265359                   /home/mleku/.local/state/cabal/store/ghc-9.6.3/network-uri-2.6.4.2-1b28555ec16212e9f20752fce0460b0baff485858922e9bd4f037e02858e9015/lib/libHSnetwork-uri-2.6.4.2-1b28555ec16212e9f20752fce0460b0baff485858922e9bd4f037e02858e9015-ghc9.6.3.so
7f6b936d5000-7f6b936d9000 rw-p 00085000 00:22 41265359                   /home/mleku/.local/state/cabal/store/ghc-9.6.3/network-uri-2.6.4.2-1b28555ec16212e9f20752fce0460b0baff485858922e9bd4f037e02858e9015/lib/libHSnetwork-uri-2.6.4.2-1b28555ec16212e9f20752fce0460b0baff485858922e9bd4f037e02858e9015-ghc9.6.3.so
7f6b936d9000-7f6b936fd000 r--p 00000000 00:22 41266377                   /home/mleku/.local/state/cabal/store/ghc-9.6.3/scientific-0.3.7.0-7a07b5ac361675a639efba043eabeed19b465966ead7cf70752d089759ceb598/lib/libHSscientific-0.3.7.0-7a07b5ac361675a639efba043eabeed19b465966ead7cf70752d089759ceb598-ghc9.6.3.so
7f6b936fd000-7f6b93733000 r-xp 00024000 00:22 41266377                   /home/mleku/.local/state/cabal/store/ghc-9.6.3/scientific-0.3.7.0-7a07b5ac361675a639efba043eabeed19b465966ead7cf70752d089759ceb598/lib/libHSscientific-0.3.7.0-7a07b5ac361675a639efba043eabeed19b465966ead7cf70752d089759ceb598-ghc9.6.3.so
7f6b93733000-7f6b93734000 r--p 0005a000 00:22 41266377                   /home/mleku/.local/state/cabal/store/ghc-9.6.3/scientific-0.3.7.0-7a07b5ac361675a639efba043eabeed19b465966ead7cf70752d089759ceb598/lib/libHSscientific-0.3.7.0-7a07b5ac361675a639efba043eabeed19b465966ead7cf70752d089759ceb598-ghc9.6.3.so
7f6b93734000-7f6b93735000 r--p 0005b000 00:22 41266377                   /home/mleku/.local/state/cabal/store/ghc-9.6.3/scientific-0.3.7.0-7a07b5ac361675a639efba043eabeed19b465966ead7cf70752d089759ceb598/lib/libHSscientific-0.3.7.0-7a07b5ac361675a639efba043eabeed19b465966ead7cf70752d089759ceb598-ghc9.6.3.so
7f6b93735000-7f6b9373a000 rw-p 0005c000 00:22 41266377                   /home/mleku/.local/state/cabal/store/ghc-9.6.3/scientific-0.3.7.0-7a07b5ac361675a639efba043eabeed19b465966ead7cf70752d089759ceb598/lib/libHSscientific-0.3.7.0-7a07b5ac361675a639efba043eabeed19b465966ead7cf70752d089759ceb598-ghc9.6.3.so
7f6b9373a000-7f6b93779000 r--p 00000000 00:22 41265616                   /home/mleku/.local/state/cabal/store/ghc-9.6.3/unordered-containers-0.2.19.1-fe823f0c4c35e091e52d2033a63fb26d634c96f699768c5240411cca0b2d0108/lib/libHSunordered-containers-0.2.19.1-fe823f0c4c35e091e52d2033a63fb26d634c96f699768c5240411cca0b2d0108-ghc9.6.3.so
7f6b93779000-7f6b937f9000 r-xp 0003f000 00:22 41265616                   /home/mleku/.local/state/cabal/store/ghc-9.6.3/unordered-containers-0.2.19.1-fe823f0c4c35e091e52d2033a63fb26d634c96f699768c5240411cca0b2d0108/lib/libHSunordered-containers-0.2.19.1-fe823f0c4c35e091e52d2033a63fb26d634c96f699768c5240411cca0b2d0108-ghc9.6.3.so
7f6b937f9000-7f6b937fa000 r--p 000bf000 00:22 41265616                   /home/mleku/.local/state/cabal/store/ghc-9.6.3/unordered-containers-0.2.19.1-fe823f0c4c35e091e52d2033a63fb26d634c96f699768c5240411cca0b2d0108/lib/libHSunordered-containers-0.2.19.1-fe823f0c4c35e091e52d2033a63fb26d634c96f699768c5240411cca0b2d0108-ghc9.6.3.so
7f6b937fa000-7f6b937fb000 r--p 000c0000 00:22 41265616                   /home/mleku/.local/state/cabal/store/ghc-9.6.3/unordered-containers-0.2.19.1-fe823f0c4c35e091e52d2033a63fb26d634c96f699768c5240411cca0b2d0108/lib/libHSunordered-containers-0.2.19.1-fe823f0c4c35e091e52d2033a63fb26d634c96f699768c5240411cca0b2d0108-ghc9.6.3.so
7f6b937fb000-7f6b93800000 rw-p 000c1000 00:22 41265616                   /home/mleku/.local/state/cabal/store/ghc-9.6.3/unordered-containers-0.2.19.1-fe823f0c4c35e091e52d2033a63fb26d634c96f699768c5240411cca0b2d0108/lib/libHSunordered-containers-0.2.19.1-fe823f0c4c35e091e52d2033a63fb26d634c96f699768c5240411cca0b2d0108-ghc9.6.3.so
7f6b93800000-7f6b93986000 r--p 00000000 00:22 41277320                   /home/mleku/.local/state/cabal/store/ghc-9.6.3/vector-0.13.1.0-cf8a0ecaaaf2c3a8a67fd3a90b4673e394789ff172620844d9169dac0c285184/lib/libHSvector-0.13.1.0-cf8a0ecaaaf2c3a8a67fd3a90b4673e394789ff172620844d9169dac0c285184-ghc9.6.3.so
7f6b93986000-7f6b93d18000 r-xp 00186000 00:22 41277320                   /home/mleku/.local/state/cabal/store/ghc-9.6.3/vector-0.13.1.0-cf8a0ecaaaf2c3a8a67fd3a90b4673e394789ff172620844d9169dac0c285184/lib/libHSvector-0.13.1.0-cf8a0ecaaaf2c3a8a67fd3a90b4673e394789ff172620844d9169dac0c285184-ghc9.6.3.so
7f6b93d18000-7f6b93d1a000 r--p 00518000 00:22 41277320                   /home/mleku/.local/state/cabal/store/ghc-9.6.3/vector-0.13.1.0-cf8a0ecaaaf2c3a8a67fd3a90b4673e394789ff172620844d9169dac0c285184/lib/libHSvector-0.13.1.0-cf8a0ecaaaf2c3a8a67fd3a90b4673e394789ff172620844d9169dac0c285184-ghc9.6.3.so
7f6b93d1a000-7f6b93d1b000 r--p 0051a000 00:22 41277320                   /home/mleku/.local/state/cabal/store/ghc-9.6.3/vector-0.13.1.0-cf8a0ecaaaf2c3a8a67fd3a90b4673e394789ff172620844d9169dac0c285184/lib/libHSvector-0.13.1.0-cf8a0ecaaaf2c3a8a67fd3a90b4673e394789ff172620844d9169dac0c285184-ghc9.6.3.so
7f6b93d1b000-7f6b93d49000 rw-p 0051b000 00:22 41277320                   /home/mleku/.local/state/cabal/store/ghc-9.6.3/vector-0.13.1.0-cf8a0ecaaaf2c3a8a67fd3a90b4673e394789ff172620844d9169dac0c285184/lib/libHSvector-0.13.1.0-cf8a0ecaaaf2c3a8a67fd3a90b4673e394789ff172620844d9169dac0c285184-ghc9.6.3.so
7f6b93d4a000-7f6b93d4b000 r--p 00000000 00:22 9847                       /usr/lib/libXau.so.6.0.0
7f6b93d4b000-7f6b93d4c000 r-xp 00001000 00:22 9847                       /usr/lib/libXau.so.6.0.0
7f6b93d4c000-7f6b93d4d000 r--p 00002000 00:22 9847                       /usr/lib/libXau.so.6.0.0
7f6b93d4d000-7f6b93d4e000 r--p 00002000 00:22 9847                       /usr/lib/libXau.so.6.0.0
7f6b93d4e000-7f6b93d4f000 rw-p 00003000 00:22 9847                       /usr/lib/libXau.so.6.0.0
7f6b93d4f000-7f6b93d50000 r--p 00000000 00:22 10087913                   /usr/lib/libpthread.so.0
7f6b93d50000-7f6b93d51000 r-xp 00001000 00:22 10087913                   /usr/lib/libpthread.so.0
7f6b93d51000-7f6b93d52000 r--p 00002000 00:22 10087913                   /usr/lib/libpthread.so.0
7f6b93d52000-7f6b93d53000 r--p 00002000 00:22 10087913                   /usr/lib/libpthread.so.0
7f6b93d53000-7f6b93d54000 rw-p 00003000 00:22 10087913                   /usr/lib/libpthread.so.0
7f6b93d54000-7f6b93d69000 r--p 00000000 00:22 41256123                   /home/mleku/.local/state/cabal/store/ghc-9.6.3/dlist-1.0-19350425ea16e193b94f3155032af71150aa52f121d0da6d2b4a052ebe8b472e/lib/libHSdlist-1.0-19350425ea16e193b94f3155032af71150aa52f121d0da6d2b4a052ebe8b472e-ghc9.6.3.so
7f6b93d69000-7f6b93d77000 r-xp 00015000 00:22 41256123                   /home/mleku/.local/state/cabal/store/ghc-9.6.3/dlist-1.0-19350425ea16e193b94f3155032af71150aa52f121d0da6d2b4a052ebe8b472e/lib/libHSdlist-1.0-19350425ea16e193b94f3155032af71150aa52f121d0da6d2b4a052ebe8b472e-ghc9.6.3.so
7f6b93d77000-7f6b93d78000 r--p 00023000 00:22 41256123                   /home/mleku/.local/state/cabal/store/ghc-9.6.3/dlist-1.0-19350425ea16e193b94f3155032af71150aa52f121d0da6d2b4a052ebe8b472e/lib/libHSdlist-1.0-19350425ea16e193b94f3155032af71150aa52f121d0da6d2b4a052ebe8b472e-ghc9.6.3.so
7f6b93d78000-7f6b93d79000 r--p 00023000 00:22 41256123                   /home/mleku/.local/state/cabal/store/ghc-9.6.3/dlist-1.0-19350425ea16e193b94f3155032af71150aa52f121d0da6d2b4a052ebe8b472e/lib/libHSdlist-1.0-19350425ea16e193b94f3155032af71150aa52f121d0da6d2b4a052ebe8b472e-ghc9.6.3.so
7f6b93d79000-7f6b93d7b000 rw-p 00024000 00:22 41256123                   /home/mleku/.local/state/cabal/store/ghc-9.6.3/dlist-1.0-19350425ea16e193b94f3155032af71150aa52f121d0da6d2b4a052ebe8b472e/lib/libHSdlist-1.0-19350425ea16e193b94f3155032af71150aa52f121d0da6d2b4a052ebe8b472e-ghc9.6.3.so
7f6b93d7b000-7f6b93d86000 r--p 00000000 00:22 41257837                   /home/mleku/.local/state/cabal/store/ghc-9.6.3/integer-logarithms-1.0.3.1-967596eee7d227357a19cc7ecdd12c181b8bbc7a88c7e90578ac5595d559b732/lib/libHSinteger-logarithms-1.0.3.1-967596eee7d227357a19cc7ecdd12c181b8bbc7a88c7e90578ac5595d559b732-ghc9.6.3.so
7f6b93d86000-7f6b93d97000 r-xp 0000b000 00:22 41257837                   /home/mleku/.local/state/cabal/store/ghc-9.6.3/integer-logarithms-1.0.3.1-967596eee7d227357a19cc7ecdd12c181b8bbc7a88c7e90578ac5595d559b732/lib/libHSinteger-logarithms-1.0.3.1-967596eee7d227357a19cc7ecdd12c181b8bbc7a88c7e90578ac5595d559b732-ghc9.6.3.so
7f6b93d97000-7f6b93d98000 r--p 0001c000 00:22 41257837                   /home/mleku/.local/state/cabal/store/ghc-9.6.3/integer-logarithms-1.0.3.1-967596eee7d227357a19cc7ecdd12c181b8bbc7a88c7e90578ac5595d559b732/lib/libHSinteger-logarithms-1.0.3.1-967596eee7d227357a19cc7ecdd12c181b8bbc7a88c7e90578ac5595d559b732-ghc9.6.3.so
7f6b93d98000-7f6b93d99000 r--p 0001c000 00:22 41257837                   /home/mleku/.local/state/cabal/store/ghc-9.6.3/integer-logarithms-1.0.3.1-967596eee7d227357a19cc7ecdd12c181b8bbc7a88c7e90578ac5595d559b732/lib/libHSinteger-logarithms-1.0.3.1-967596eee7d227357a19cc7ecdd12c181b8bbc7a88c7e90578ac5595d559b732-ghc9.6.3.so
7f6b93d99000-7f6b93d9c000 rw-p 0001d000 00:22 41257837                   /home/mleku/.local/state/cabal/store/ghc-9.6.3/integer-logarithms-1.0.3.1-967596eee7d227357a19cc7ecdd12c181b8bbc7a88c7e90578ac5595d559b732/lib/libHSinteger-logarithms-1.0.3.1-967596eee7d227357a19cc7ecdd12c181b8bbc7a88c7e90578ac5595d559b732-ghc9.6.3.so
7f6b93d9c000-7f6b93db8000 r--p 00000000 00:22 41259937                   /home/mleku/.local/state/cabal/store/ghc-9.6.3/tagged-0.8.8-245207977ddabd2449b4b7811802701130827478b7f71185ea9f91ae936b7797/lib/libHStagged-0.8.8-245207977ddabd2449b4b7811802701130827478b7f71185ea9f91ae936b7797-ghc9.6.3.so
7f6b93db8000-7f6b93dc7000 r-xp 0001c000 00:22 41259937                   /home/mleku/.local/state/cabal/store/ghc-9.6.3/tagged-0.8.8-245207977ddabd2449b4b7811802701130827478b7f71185ea9f91ae936b7797/lib/libHStagged-0.8.8-245207977ddabd2449b4b7811802701130827478b7f71185ea9f91ae936b7797-ghc9.6.3.so
7f6b93dc7000-7f6b93dc8000 r--p 0002b000 00:22 41259937                   /home/mleku/.local/state/cabal/store/ghc-9.6.3/tagged-0.8.8-245207977ddabd2449b4b7811802701130827478b7f71185ea9f91ae936b7797/lib/libHStagged-0.8.8-245207977ddabd2449b4b7811802701130827478b7f71185ea9f91ae936b7797-ghc9.6.3.so
7f6b93dc8000-7f6b93dc9000 r--p 0002b000 00:22 41259937                   /home/mleku/.local/state/cabal/store/ghc-9.6.3/tagged-0.8.8-245207977ddabd2449b4b7811802701130827478b7f71185ea9f91ae936b7797/lib/libHStagged-0.8.8-245207977ddabd2449b4b7811802701130827478b7f71185ea9f91ae936b7797-ghc9.6.3.so
7f6b93dc9000-7f6b93dcb000 rw-p 0002c000 00:22 41259937                   /home/mleku/.local/state/cabal/store/ghc-9.6.3/tagged-0.8.8-245207977ddabd2449b4b7811802701130827478b7f71185ea9f91ae936b7797/lib/libHStagged-0.8.8-245207977ddabd2449b4b7811802701130827478b7f71185ea9f91ae936b7797-ghc9.6.3.so
7f6b93dcb000-7f6b93ddf000 r--p 00000000 00:22 41261670                   /home/mleku/.local/state/cabal/store/ghc-9.6.3/vector-stream-0.1.0.0-cd544f2a524119b745a23e3409aa3f38b5d18471174a3ec15e48fdb0b32df517/lib/libHSvector-stream-0.1.0.0-cd544f2a524119b745a23e3409aa3f38b5d18471174a3ec15e48fdb0b32df517-ghc9.6.3.so
7f6b93ddf000-7f6b93e1d000 r-xp 00014000 00:22 41261670                   /home/mleku/.local/state/cabal/store/ghc-9.6.3/vector-stream-0.1.0.0-cd544f2a524119b745a23e3409aa3f38b5d18471174a3ec15e48fdb0b32df517/lib/libHSvector-stream-0.1.0.0-cd544f2a524119b745a23e3409aa3f38b5d18471174a3ec15e48fdb0b32df517-ghc9.6.3.so
7f6b93e1d000-7f6b93e1e000 r--p 00052000 00:22 41261670                   /home/mleku/.local/state/cabal/store/ghc-9.6.3/vector-stream-0.1.0.0-cd544f2a524119b745a23e3409aa3f38b5d18471174a3ec15e48fdb0b32df517/lib/libHSvector-stream-0.1.0.0-cd544f2a524119b745a23e3409aa3f38b5d18471174a3ec15e48fdb0b32df517-ghc9.6.3.so
7f6b93e1e000-7f6b93e1f000 r--p 00052000 00:22 41261670                   /home/mleku/.local/state/cabal/store/ghc-9.6.3/vector-stream-0.1.0.0-cd544f2a524119b745a23e3409aa3f38b5d18471174a3ec15e48fdb0b32df517/lib/libHSvector-stream-0.1.0.0-cd544f2a524119b745a23e3409aa3f38b5d18471174a3ec15e48fdb0b32df517-ghc9.6.3.so
7f6b93e1f000-7f6b93e21000 rw-p 00053000 00:22 41261670                   /home/mleku/.local/state/cabal/store/ghc-9.6.3/vector-stream-0.1.0.0-cd544f2a524119b745a23e3409aa3f38b5d18471174a3ec15e48fdb0b32df517/lib/libHSvector-stream-0.1.0.0-cd544f2a524119b745a23e3409aa3f38b5d18471174a3ec15e48fdb0b32df517-ghc9.6.3.so
7f6b93e21000-7f6b93e33000 r--p 00000000 00:22 41264536                   /home/mleku/.local/state/cabal/store/ghc-9.6.3/distributive-0.6.2.1-424d6f2381d9c9b4606d8ef373e84068158bda1024a3a03ef04f8b94e363236b/lib/libHSdistributive-0.6.2.1-424d6f2381d9c9b4606d8ef373e84068158bda1024a3a03ef04f8b94e363236b-ghc9.6.3.so
7f6b93e33000-7f6b93e3f000 r-xp 00012000 00:22 41264536                   /home/mleku/.local/state/cabal/store/ghc-9.6.3/distributive-0.6.2.1-424d6f2381d9c9b4606d8ef373e84068158bda1024a3a03ef04f8b94e363236b/lib/libHSdistributive-0.6.2.1-424d6f2381d9c9b4606d8ef373e84068158bda1024a3a03ef04f8b94e363236b-ghc9.6.3.so
7f6b93e3f000-7f6b93e40000 r--p 0001e000 00:22 41264536                   /home/mleku/.local/state/cabal/store/ghc-9.6.3/distributive-0.6.2.1-424d6f2381d9c9b4606d8ef373e84068158bda1024a3a03ef04f8b94e363236b/lib/libHSdistributive-0.6.2.1-424d6f2381d9c9b4606d8ef373e84068158bda1024a3a03ef04f8b94e363236b-ghc9.6.3.so
7f6b93e40000-7f6b93e41000 r--p 0001e000 00:22 41264536                   /home/mleku/.local/state/cabal/store/ghc-9.6.3/distributive-0.6.2.1-424d6f2381d9c9b4606d8ef373e84068158bda1024a3a03ef04f8b94e363236b/lib/libHSdistributive-0.6.2.1-424d6f2381d9c9b4606d8ef373e84068158bda1024a3a03ef04f8b94e363236b-ghc9.6.3.so
7f6b93e41000-7f6b93e42000 rw-p 0001f000 00:22 41264536                   /home/mleku/.local/state/cabal/store/ghc-9.6.3/distributive-0.6.2.1-424d6f2381d9c9b4606d8ef373e84068158bda1024a3a03ef04f8b94e363236b/lib/libHSdistributive-0.6.2.1-424d6f2381d9c9b4606d8ef373e84068158bda1024a3a03ef04f8b94e363236b-ghc9.6.3.so
7f6b93e42000-7f6b93e84000 r--p 00000000 00:22 41260391                   /home/mleku/.local/state/cabal/store/ghc-9.6.3/transformers-compat-0.7.2-25923a9ee3488abd71a022b0310fa410647c6ac733dd896576b6e366ef80fd82/lib/libHStransformers-compat-0.7.2-25923a9ee3488abd71a022b0310fa410647c6ac733dd896576b6e366ef80fd82-ghc9.6.3.so
7f6b93e84000-7f6b93e9d000 r-xp 00042000 00:22 41260391                   /home/mleku/.local/state/cabal/store/ghc-9.6.3/transformers-compat-0.7.2-25923a9ee3488abd71a022b0310fa410647c6ac733dd896576b6e366ef80fd82/lib/libHStransformers-compat-0.7.2-25923a9ee3488abd71a022b0310fa410647c6ac733dd896576b6e366ef80fd82-ghc9.6.3.so
7f6b93e9d000-7f6b93e9f000 r--p 0005b000 00:22 41260391                   /home/mleku/.local/state/cabal/store/ghc-9.6.3/transformers-compat-0.7.2-25923a9ee3488abd71a022b0310fa410647c6ac733dd896576b6e366ef80fd82/lib/libHStransformers-compat-0.7.2-25923a9ee3488abd71a022b0310fa410647c6ac733dd896576b6e366ef80fd82-ghc9.6.3.so
7f6b93e9f000-7f6b93ea0000 r--p 0005c000 00:22 41260391                   /home/mleku/.local/state/cabal/store/ghc-9.6.3/transformers-compat-0.7.2-25923a9ee3488abd71a022b0310fa410647c6ac733dd896576b6e366ef80fd82/lib/libHStransformers-compat-0.7.2-25923a9ee3488abd71a022b0310fa410647c6ac733dd896576b6e366ef80fd82-ghc9.6.3.so
7f6b93ea0000-7f6b93ea5000 rw-p 0005d000 00:22 41260391                   /home/mleku/.local/state/cabal/store/ghc-9.6.3/transformers-compat-0.7.2-25923a9ee3488abd71a022b0310fa410647c6ac733dd896576b6e366ef80fd82/lib/libHStransformers-compat-0.7.2-25923a9ee3488abd71a022b0310fa410647c6ac733dd896576b6e366ef80fd82-ghc9.6.3.so
7f6b93ea5000-7f6b93ed4000 r--p 00000000 00:22 41269041                   /home/mleku/.local/state/cabal/store/ghc-9.6.3/comonad-5.0.8-db6fdc8475375a8088bde8f5f0a18ec7839b5f7135bfd4a1b039ae844bb9f9f7/lib/libHScomonad-5.0.8-db6fdc8475375a8088bde8f5f0a18ec7839b5f7135bfd4a1b039ae844bb9f9f7-ghc9.6.3.so
7f6b93ed4000-7f6b93ef0000 r-xp 0002f000 00:22 41269041                   /home/mleku/.local/state/cabal/store/ghc-9.6.3/comonad-5.0.8-db6fdc8475375a8088bde8f5f0a18ec7839b5f7135bfd4a1b039ae844bb9f9f7/lib/libHScomonad-5.0.8-db6fdc8475375a8088bde8f5f0a18ec7839b5f7135bfd4a1b039ae844bb9f9f7-ghc9.6.3.so
7f6b93ef0000-7f6b93ef1000 r--p 0004b000 00:22 41269041                   /home/mleku/.local/state/cabal/store/ghc-9.6.3/comonad-5.0.8-db6fdc8475375a8088bde8f5f0a18ec7839b5f7135bfd4a1b039ae844bb9f9f7/lib/libHScomonad-5.0.8-db6fdc8475375a8088bde8f5f0a18ec7839b5f7135bfd4a1b039ae844bb9f9f7-ghc9.6.3.so
7f6b93ef1000-7f6b93ef2000 r--p 0004b000 00:22 41269041                   /home/mleku/.local/state/cabal/store/ghc-9.6.3/comonad-5.0.8-db6fdc8475375a8088bde8f5f0a18ec7839b5f7135bfd4a1b039ae844bb9f9f7/lib/libHScomonad-5.0.8-db6fdc8475375a8088bde8f5f0a18ec7839b5f7135bfd4a1b039ae844bb9f9f7-ghc9.6.3.so
7f6b93ef2000-7f6b93ef5000 rw-p 0004c000 00:22 41269041                   /home/mleku/.local/state/cabal/store/ghc-9.6.3/comonad-5.0.8-db6fdc8475375a8088bde8f5f0a18ec7839b5f7135bfd4a1b039ae844bb9f9f7/lib/libHScomonad-5.0.8-db6fdc8475375a8088bde8f5f0a18ec7839b5f7135bfd4a1b039ae844bb9f9f7-ghc9.6.3.so
7f6b93ef5000-7f6b93f41000 r--p 00000000 00:22 41261037                   /home/mleku/.local/state/cabal/store/ghc-9.6.3/th-abstraction-0.6.0.0-4b7fd6ddae43ee14f43798c73010233dd357bc47de41458d8a4e4c8fc084082b/lib/libHSth-abstraction-0.6.0.0-4b7fd6ddae43ee14f43798c73010233dd357bc47de41458d8a4e4c8fc084082b-ghc9.6.3.so
7f6b93f41000-7f6b93f88000 r-xp 0004c000 00:22 41261037                   /home/mleku/.local/state/cabal/store/ghc-9.6.3/th-abstraction-0.6.0.0-4b7fd6ddae43ee14f43798c73010233dd357bc47de41458d8a4e4c8fc084082b/lib/libHSth-abstraction-0.6.0.0-4b7fd6ddae43ee14f43798c73010233dd357bc47de41458d8a4e4c8fc084082b-ghc9.6.3.so
7f6b93f88000-7f6b93f8a000 r--p 00093000 00:22 41261037                   /home/mleku/.local/state/cabal/store/ghc-9.6.3/th-abstraction-0.6.0.0-4b7fd6ddae43ee14f43798c73010233dd357bc47de41458d8a4e4c8fc084082b/lib/libHSth-abstraction-0.6.0.0-4b7fd6ddae43ee14f43798c73010233dd357bc47de41458d8a4e4c8fc084082b-ghc9.6.3.so
7f6b93f8a000-7f6b93f8b000 r--p 00095000 00:22 41261037                   /home/mleku/.local/state/cabal/store/ghc-9.6.3/th-abstraction-0.6.0.0-4b7fd6ddae43ee14f43798c73010233dd357bc47de41458d8a4e4c8fc084082b/lib/libHSth-abstraction-0.6.0.0-4b7fd6ddae43ee14f43798c73010233dd357bc47de41458d8a4e4c8fc084082b-ghc9.6.3.so
7f6b93f8b000-7f6b93f92000 rw-p 00096000 00:22 41261037                   /home/mleku/.local/state/cabal/store/ghc-9.6.3/th-abstraction-0.6.0.0-4b7fd6ddae43ee14f43798c73010233dd357bc47de41458d8a4e4c8fc084082b/lib/libHSth-abstraction-0.6.0.0-4b7fd6ddae43ee14f43798c73010233dd357bc47de41458d8a4e4c8fc084082b-ghc9.6.3.so
7f6b93f92000-7f6b94058000 r--p 00000000 00:22 41272828                   /home/mleku/.local/state/cabal/store/ghc-9.6.3/bifunctors-5.6.1-821163cc03fae21b74f29dca370e811f63a65f46c62cfe96d1425caa200f3c5c/lib/libHSbifunctors-5.6.1-821163cc03fae21b74f29dca370e811f63a65f46c62cfe96d1425caa200f3c5c-ghc9.6.3.so
7f6b94058000-7f6b940f9000 r-xp 000c6000 00:22 41272828                   /home/mleku/.local/state/cabal/store/ghc-9.6.3/bifunctors-5.6.1-821163cc03fae21b74f29dca370e811f63a65f46c62cfe96d1425caa200f3c5c/lib/libHSbifunctors-5.6.1-821163cc03fae21b74f29dca370e811f63a65f46c62cfe96d1425caa200f3c5c-ghc9.6.3.so
7f6b940f9000-7f6b940fb000 r--p 00167000 00:22 41272828                   /home/mleku/.local/state/cabal/store/ghc-9.6.3/bifunctors-5.6.1-821163cc03fae21b74f29dca370e811f63a65f46c62cfe96d1425caa200f3c5c/lib/libHSbifunctors-5.6.1-821163cc03fae21b74f29dca370e811f63a65f46c62cfe96d1425caa200f3c5c-ghc9.6.3.so
7f6b940fb000-7f6b940fc000 r--p 00169000 00:22 41272828                   /home/mleku/.local/state/cabal/store/ghc-9.6.3/bifunctors-5.6.1-821163cc03fae21b74f29dca370e811f63a65f46c62cfe96d1425caa200f3c5c/lib/libHSbifunctors-5.6.1-821163cc03fae21b74f29dca370e811f63a65f46c62cfe96d1425caa200f3c5c-ghc9.6.3.so
7f6b940fc000-7f6b9410b000 rw-p 0016a000 00:22 41272828                   /home/mleku/.local/state/cabal/store/ghc-9.6.3/bifunctors-5.6.1-821163cc03fae21b74f29dca370e811f63a65f46c62cfe96d1425caa200f3c5c/lib/libHSbifunctors-5.6.1-821163cc03fae21b74f29dca370e811f63a65f46c62cfe96d1425caa200f3c5c-ghc9.6.3.so
7f6b9410b000-7f6b9412d000 r--p 00000000 00:22 41263664                   /home/mleku/.local/state/cabal/store/ghc-9.6.3/contravariant-1.5.5-70d7f156408038e9752dcbba632c9c365900dde64d1872b1b3f3370b60d23395/lib/libHScontravariant-1.5.5-70d7f156408038e9752dcbba632c9c365900dde64d1872b1b3f3370b60d23395-ghc9.6.3.so
7f6b9412d000-7f6b9413c000 r-xp 00022000 00:22 41263664                   /home/mleku/.local/state/cabal/store/ghc-9.6.3/contravariant-1.5.5-70d7f156408038e9752dcbba632c9c365900dde64d1872b1b3f3370b60d23395/lib/libHScontravariant-1.5.5-70d7f156408038e9752dcbba632c9c365900dde64d1872b1b3f3370b60d23395-ghc9.6.3.so
7f6b9413c000-7f6b9413d000 r--p 00031000 00:22 41263664                   /home/mleku/.local/state/cabal/store/ghc-9.6.3/contravariant-1.5.5-70d7f156408038e9752dcbba632c9c365900dde64d1872b1b3f3370b60d23395/lib/libHScontravariant-1.5.5-70d7f156408038e9752dcbba632c9c365900dde64d1872b1b3f3370b60d23395-ghc9.6.3.so
7f6b9413d000-7f6b9413e000 r--p 00031000 00:22 41263664                   /home/mleku/.local/state/cabal/store/ghc-9.6.3/contravariant-1.5.5-70d7f156408038e9752dcbba632c9c365900dde64d1872b1b3f3370b60d23395/lib/libHScontravariant-1.5.5-70d7f156408038e9752dcbba632c9c365900dde64d1872b1b3f3370b60d23395-ghc9.6.3.so
7f6b9413e000-7f6b94140000 rw-p 00032000 00:22 41263664                   /home/mleku/.local/state/cabal/store/ghc-9.6.3/contravariant-1.5.5-70d7f156408038e9752dcbba632c9c365900dde64d1872b1b3f3370b60d23395/lib/libHScontravariant-1.5.5-70d7f156408038e9752dcbba632c9c365900dde64d1872b1b3f3370b60d23395-ghc9.6.3.so
7f6b94140000-7f6b941f6000 r--p 00000000 00:22 41275153                   /home/mleku/.local/state/cabal/store/ghc-9.6.3/semigroupoids-6.0.0.1-d56f88db2e1891ee087502046796957cae68c5b2ce657ace8f34eccdd8b0241a/lib/libHSsemigroupoids-6.0.0.1-d56f88db2e1891ee087502046796957cae68c5b2ce657ace8f34eccdd8b0241a-ghc9.6.3.so
7f6b941f6000-7f6b94262000 r-xp 000b6000 00:22 41275153                   /home/mleku/.local/state/cabal/store/ghc-9.6.3/semigroupoids-6.0.0.1-d56f88db2e1891ee087502046796957cae68c5b2ce657ace8f34eccdd8b0241a/lib/libHSsemigroupoids-6.0.0.1-d56f88db2e1891ee087502046796957cae68c5b2ce657ace8f34eccdd8b0241a-ghc9.6.3.so
7f6b94262000-7f6b94263000 r--p 00122000 00:22 41275153                   /home/mleku/.local/state/cabal/store/ghc-9.6.3/semigroupoids-6.0.0.1-d56f88db2e1891ee087502046796957cae68c5b2ce657ace8f34eccdd8b0241a/lib/libHSsemigroupoids-6.0.0.1-d56f88db2e1891ee087502046796957cae68c5b2ce657ace8f34eccdd8b0241a-ghc9.6.3.so
7f6b94263000-7f6b94264000 r--p 00123000 00:22 41275153                   /home/mleku/.local/state/cabal/store/ghc-9.6.3/semigroupoids-6.0.0.1-d56f88db2e1891ee087502046796957cae68c5b2ce657ace8f34eccdd8b0241a/lib/libHSsemigroupoids-6.0.0.1-d56f88db2e1891ee087502046796957cae68c5b2ce657ace8f34eccdd8b0241a-ghc9.6.3.so
7f6b94264000-7f6b9426c000 rw-p 00124000 00:22 41275153                   /home/mleku/.local/state/cabal/store/ghc-9.6.3/semigroupoids-6.0.0.1-d56f88db2e1891ee087502046796957cae68c5b2ce657ace8f34eccdd8b0241a/lib/libHSsemigroupoids-6.0.0.1-d56f88db2e1891ee087502046796957cae68c5b2ce657ace8f34eccdd8b0241a-ghc9.6.3.so
7f6b9426c000-7f6b94294000 r--p 00000000 00:22 41269970                   /home/mleku/.local/state/cabal/store/ghc-9.6.3/these-1.2-3b1f6a11eac936dc57ccf3a6f07e8171cab1162bd8998b3ed3f34a6961b31092/lib/libHSthese-1.2-3b1f6a11eac936dc57ccf3a6f07e8171cab1162bd8998b3ed3f34a6961b31092-ghc9.6.3.so
7f6b94294000-7f6b942b9000 r-xp 00028000 00:22 41269970                   /home/mleku/.local/state/cabal/store/ghc-9.6.3/these-1.2-3b1f6a11eac936dc57ccf3a6f07e8171cab1162bd8998b3ed3f34a6961b31092/lib/libHSthese-1.2-3b1f6a11eac936dc57ccf3a6f07e8171cab1162bd8998b3ed3f34a6961b31092-ghc9.6.3.so
7f6b942b9000-7f6b942ba000 r--p 0004d000 00:22 41269970                   /home/mleku/.local/state/cabal/store/ghc-9.6.3/these-1.2-3b1f6a11eac936dc57ccf3a6f07e8171cab1162bd8998b3ed3f34a6961b31092/lib/libHSthese-1.2-3b1f6a11eac936dc57ccf3a6f07e8171cab1162bd8998b3ed3f34a6961b31092-ghc9.6.3.so
7f6b942ba000-7f6b942bb000 r--p 0004d000 00:22 41269970                   /home/mleku/.local/state/cabal/store/ghc-9.6.3/these-1.2-3b1f6a11eac936dc57ccf3a6f07e8171cab1162bd8998b3ed3f34a6961b31092/lib/libHSthese-1.2-3b1f6a11eac936dc57ccf3a6f07e8171cab1162bd8998b3ed3f34a6961b31092-ghc9.6.3.so
7f6b942bb000-7f6b942be000 rw-p 0004e000 00:22 41269970                   /home/mleku/.local/state/cabal/store/ghc-9.6.3/these-1.2-3b1f6a11eac936dc57ccf3a6f07e8171cab1162bd8998b3ed3f34a6961b31092/lib/libHSthese-1.2-3b1f6a11eac936dc57ccf3a6f07e8171cab1162bd8998b3ed3f34a6961b31092-ghc9.6.3.so
7f6b942be000-7f6b942f7000 r--p 00000000 00:22 41278303                   /home/mleku/.local/state/cabal/store/ghc-9.6.3/semialign-1.3-99ac2e818d746a6df401718f0e74d0c6627f6b1f9a710e172a601f5dd48242ec/lib/libHSsemialign-1.3-99ac2e818d746a6df401718f0e74d0c6627f6b1f9a710e172a601f5dd48242ec-ghc9.6.3.so
7f6b942f7000-7f6b94327000 r-xp 00039000 00:22 41278303                   /home/mleku/.local/state/cabal/store/ghc-9.6.3/semialign-1.3-99ac2e818d746a6df401718f0e74d0c6627f6b1f9a710e172a601f5dd48242ec/lib/libHSsemialign-1.3-99ac2e818d746a6df401718f0e74d0c6627f6b1f9a710e172a601f5dd48242ec-ghc9.6.3.so
7f6b94327000-7f6b94328000 r--p 00069000 00:22 41278303                   /home/mleku/.local/state/cabal/store/ghc-9.6.3/semialign-1.3-99ac2e818d746a6df401718f0e74d0c6627f6b1f9a710e172a601f5dd48242ec/lib/libHSsemialign-1.3-99ac2e818d746a6df401718f0e74d0c6627f6b1f9a710e172a601f5dd48242ec-ghc9.6.3.so
7f6b94328000-7f6b94329000 r--p 0006a000 00:22 41278303                   /home/mleku/.local/state/cabal/store/ghc-9.6.3/semialign-1.3-99ac2e818d746a6df401718f0e74d0c6627f6b1f9a710e172a601f5dd48242ec/lib/libHSsemialign-1.3-99ac2e818d746a6df401718f0e74d0c6627f6b1f9a710e172a601f5dd48242ec-ghc9.6.3.so
7f6b94329000-7f6b9432d000 rw-p 0006b000 00:22 41278303                   /home/mleku/.local/state/cabal/store/ghc-9.6.3/semialign-1.3-99ac2e818d746a6df401718f0e74d0c6627f6b1f9a710e172a601f5dd48242ec/lib/libHSsemialign-1.3-99ac2e818d746a6df401718f0e74d0c6627f6b1f9a710e172a601f5dd48242ec-ghc9.6.3.so
7f6b9432d000-7f6b94377000 r--p 00000000 00:22 41273300                   /home/mleku/.local/state/cabal/store/ghc-9.6.3/strict-0.5-1a0c8f31aff2b2f1a8ae2f87d1569e7d08ca311d4a6f56f8f2ee0b62023ef159/lib/libHSstrict-0.5-1a0c8f31aff2b2f1a8ae2f87d1569e7d08ca311d4a6f56f8f2ee0b62023ef159-ghc9.6.3.so
7f6b94377000-7f6b943b0000 r-xp 0004a000 00:22 41273300                   /home/mleku/.local/state/cabal/store/ghc-9.6.3/strict-0.5-1a0c8f31aff2b2f1a8ae2f87d1569e7d08ca311d4a6f56f8f2ee0b62023ef159/lib/libHSstrict-0.5-1a0c8f31aff2b2f1a8ae2f87d1569e7d08ca311d4a6f56f8f2ee0b62023ef159-ghc9.6.3.so
7f6b943b0000-7f6b943b1000 r--p 00083000 00:22 41273300                   /home/mleku/.local/state/cabal/store/ghc-9.6.3/strict-0.5-1a0c8f31aff2b2f1a8ae2f87d1569e7d08ca311d4a6f56f8f2ee0b62023ef159/lib/libHSstrict-0.5-1a0c8f31aff2b2f1a8ae2f87d1569e7d08ca311d4a6f56f8f2ee0b62023ef159-ghc9.6.3.so
7f6b943b1000-7f6b943b2000 r--p 00083000 00:22 41273300                   /home/mleku/.local/state/cabal/store/ghc-9.6.3/strict-0.5-1a0c8f31aff2b2f1a8ae2f87d1569e7d08ca311d4a6f56f8f2ee0b62023ef159/lib/libHSstrict-0.5-1a0c8f31aff2b2f1a8ae2f87d1569e7d08ca311d4a6f56f8f2ee0b62023ef159-ghc9.6.3.so
7f6b943b2000-7f6b943b8000 rw-p 00084000 00:22 41273300                   /home/mleku/.local/state/cabal/store/ghc-9.6.3/strict-0.5-1a0c8f31aff2b2f1a8ae2f87d1569e7d08ca311d4a6f56f8f2ee0b62023ef159/lib/libHSstrict-0.5-1a0c8f31aff2b2f1a8ae2f87d1569e7d08ca311d4a6f56f8f2ee0b62023ef159-ghc9.6.3.so
7f6b943b8000-7f6b94527000 r-xp 00000000 00:22 41238866                   /home/mleku/.ghcup/ghc/9.6.3/lib/ghc-9.6.3/lib/x86_64-linux-ghc-9.6.3/libHStime-1.12.2-ghc9.6.3.so
7f6b94527000-7f6b94528000 ---p 0016f000 00:22 41238866                   /home/mleku/.ghcup/ghc/9.6.3/lib/ghc-9.6.3/lib/x86_64-linux-ghc-9.6.3/libHStime-1.12.2-ghc9.6.3.so
7f6b94528000-7f6b94529000 r--p 0016f000 00:22 41238866                   /home/mleku/.ghcup/ghc/9.6.3/lib/ghc-9.6.3/lib/x86_64-linux-ghc-9.6.3/libHStime-1.12.2-ghc9.6.3.so
7f6b94529000-7f6b94545000 rw-p 00170000 00:22 41238866                   /home/mleku/.ghcup/ghc/9.6.3/lib/ghc-9.6.3/lib/x86_64-linux-ghc-9.6.3/libHStime-1.12.2-ghc9.6.3.so
7f6b94545000-7f6b94561000 r--p 00000000 00:22 41262719                   /home/mleku/.local/state/cabal/store/ghc-9.6.3/time-compat-1.9.6.1-d15b6a338416dabcd597571a5e582e7c8fcc7d68279f99ccd7cd20e024900e44/lib/libHStime-compat-1.9.6.1-d15b6a338416dabcd597571a5e582e7c8fcc7d68279f99ccd7cd20e024900e44-ghc9.6.3.so
7f6b94561000-7f6b9456e000 r-xp 0001c000 00:22 41262719                   /home/mleku/.local/state/cabal/store/ghc-9.6.3/time-compat-1.9.6.1-d15b6a338416dabcd597571a5e582e7c8fcc7d68279f99ccd7cd20e024900e44/lib/libHStime-compat-1.9.6.1-d15b6a338416dabcd597571a5e582e7c8fcc7d68279f99ccd7cd20e024900e44-ghc9.6.3.so
7f6b9456e000-7f6b9456f000 r--p 00029000 00:22 41262719                   /home/mleku/.local/state/cabal/store/ghc-9.6.3/time-compat-1.9.6.1-d15b6a338416dabcd597571a5e582e7c8fcc7d68279f99ccd7cd20e024900e44/lib/libHStime-compat-1.9.6.1-d15b6a338416dabcd597571a5e582e7c8fcc7d68279f99ccd7cd20e024900e44-ghc9.6.3.so
7f6b9456f000-7f6b94570000 r--p 00029000 00:22 41262719                   /home/mleku/.local/state/cabal/store/ghc-9.6.3/time-compat-1.9.6.1-d15b6a338416dabcd597571a5e582e7c8fcc7d68279f99ccd7cd20e024900e44/lib/libHStime-compat-1.9.6.1-d15b6a338416dabcd597571a5e582e7c8fcc7d68279f99ccd7cd20e024900e44-ghc9.6.3.so
7f6b94570000-7f6b94572000 rw-p 0002a000 00:22 41262719                   /home/mleku/.local/state/cabal/store/ghc-9.6.3/time-compat-1.9.6.1-d15b6a338416dabcd597571a5e582e7c8fcc7d68279f99ccd7cd20e024900e44/lib/libHStime-compat-1.9.6.1-d15b6a338416dabcd597571a5e582e7c8fcc7d68279f99ccd7cd20e024900e44-ghc9.6.3.so
7f6b94572000-7f6b94581000 r--p 00000000 00:22 41270422                   /home/mleku/.local/state/cabal/store/ghc-9.6.3/text-iso8601-0.1-55382b463885bb513191a122ae0f82efcc92d62419c514170d7c421c5a196612/lib/libHStext-iso8601-0.1-55382b463885bb513191a122ae0f82efcc92d62419c514170d7c421c5a196612-ghc9.6.3.so
7f6b94581000-7f6b945c7000 r-xp 0000f000 00:22 41270422                   /home/mleku/.local/state/cabal/store/ghc-9.6.3/text-iso8601-0.1-55382b463885bb513191a122ae0f82efcc92d62419c514170d7c421c5a196612/lib/libHStext-iso8601-0.1-55382b463885bb513191a122ae0f82efcc92d62419c514170d7c421c5a196612-ghc9.6.3.so
7f6b945c7000-7f6b945c8000 r--p 00055000 00:22 41270422                   /home/mleku/.local/state/cabal/store/ghc-9.6.3/text-iso8601-0.1-55382b463885bb513191a122ae0f82efcc92d62419c514170d7c421c5a196612/lib/libHStext-iso8601-0.1-55382b463885bb513191a122ae0f82efcc92d62419c514170d7c421c5a196612-ghc9.6.3.so
7f6b945c8000-7f6b945c9000 r--p 00055000 00:22 41270422                   /home/mleku/.local/state/cabal/store/ghc-9.6.3/text-iso8601-0.1-55382b463885bb513191a122ae0f82efcc92d62419c514170d7c421c5a196612/lib/libHStext-iso8601-0.1-55382b463885bb513191a122ae0f82efcc92d62419c514170d7c421c5a196612-ghc9.6.3.so
7f6b945c9000-7f6b945cc000 rw-p 00056000 00:22 41270422                   /home/mleku/.local/state/cabal/store/ghc-9.6.3/text-iso8601-0.1-55382b463885bb513191a122ae0f82efcc92d62419c514170d7c421c5a196612/lib/libHStext-iso8601-0.1-55382b463885bb513191a122ae0f82efcc92d62419c514170d7c421c5a196612-ghc9.6.3.so
7f6b945cc000-7f6b945e8000 r--p 00000000 00:22 41263030                   /home/mleku/.local/state/cabal/store/ghc-9.6.3/text-short-0.1.5-94b1ede93059468211e0353054f11cad674c09aa84b5716555f3f5b4564c6195/lib/libHStext-short-0.1.5-94b1ede93059468211e0353054f11cad674c09aa84b5716555f3f5b4564c6195-ghc9.6.3.so
7f6b945e8000-7f6b945fb000 r-xp 0001c000 00:22 41263030                   /home/mleku/.local/state/cabal/store/ghc-9.6.3/text-short-0.1.5-94b1ede93059468211e0353054f11cad674c09aa84b5716555f3f5b4564c6195/lib/libHStext-short-0.1.5-94b1ede93059468211e0353054f11cad674c09aa84b5716555f3f5b4564c6195-ghc9.6.3.so
7f6b945fb000-7f6b945fc000 r--p 0002f000 00:22 41263030                   /home/mleku/.local/state/cabal/store/ghc-9.6.3/text-short-0.1.5-94b1ede93059468211e0353054f11cad674c09aa84b5716555f3f5b4564c6195/lib/libHStext-short-0.1.5-94b1ede93059468211e0353054f11cad674c09aa84b5716555f3f5b4564c6195-ghc9.6.3.so
7f6b945fc000-7f6b945fd000 r--p 0002f000 00:22 41263030                   /home/mleku/.local/state/cabal/store/ghc-9.6.3/text-short-0.1.5-94b1ede93059468211e0353054f11cad674c09aa84b5716555f3f5b4564c6195/lib/libHStext-short-0.1.5-94b1ede93059468211e0353054f11cad674c09aa84b5716555f3f5b4564c6195-ghc9.6.3.so
7f6b945fd000-7f6b94600000 rw-p 00030000 00:22 41263030                   /home/mleku/.local/state/cabal/store/ghc-9.6.3/text-short-0.1.5-94b1ede93059468211e0353054f11cad674c09aa84b5716555f3f5b4564c6195/lib/libHStext-short-0.1.5-94b1ede93059468211e0353054f11cad674c09aa84b5716555f3f5b4564c6195-ghc9.6.3.so
7f6b94600000-7f6b9482c000 r--p 00000000 00:22 41280658                   /home/mleku/.local/state/cabal/store/ghc-9.6.3/aeson-2.2.1.0-cf52746d31b8346dfd448c16593c61264a0cdb15506adcbb2603cfff8af08098/lib/libHSaeson-2.2.1.0-cf52746d31b8346dfd448c16593c61264a0cdb15506adcbb2603cfff8af08098-ghc9.6.3.so
7f6b9482c000-7f6b94b1b000 r-xp 0022c000 00:22 41280658                   /home/mleku/.local/state/cabal/store/ghc-9.6.3/aeson-2.2.1.0-cf52746d31b8346dfd448c16593c61264a0cdb15506adcbb2603cfff8af08098/lib/libHSaeson-2.2.1.0-cf52746d31b8346dfd448c16593c61264a0cdb15506adcbb2603cfff8af08098-ghc9.6.3.so
7f6b94b1b000-7f6b94b22000 r--p 0051b000 00:22 41280658                   /home/mleku/.local/state/cabal/store/ghc-9.6.3/aeson-2.2.1.0-cf52746d31b8346dfd448c16593c61264a0cdb15506adcbb2603cfff8af08098/lib/libHSaeson-2.2.1.0-cf52746d31b8346dfd448c16593c61264a0cdb15506adcbb2603cfff8af08098-ghc9.6.3.so
7f6b94b22000-7f6b94b24000 r--p 00522000 00:22 41280658                   /home/mleku/.local/state/cabal/store/ghc-9.6.3/aeson-2.2.1.0-cf52746d31b8346dfd448c16593c61264a0cdb15506adcbb2603cfff8af08098/lib/libHSaeson-2.2.1.0-cf52746d31b8346dfd448c16593c61264a0cdb15506adcbb2603cfff8af08098-ghc9.6.3.so
7f6b94b24000-7f6b94b55000 rw-p 00524000 00:22 41280658                   /home/mleku/.local/state/cabal/store/ghc-9.6.3/aeson-2.2.1.0-cf52746d31b8346dfd448c16593c61264a0cdb15506adcbb2603cfff8af08098/lib/libHSaeson-2.2.1.0-cf52746d31b8346dfd448c16593c61264a0cdb15506adcbb2603cfff8af08098-ghc9.6.3.so
7f6b94b58000-7f6b94b72000 r--p 00000000 00:22 41271022                   /home/mleku/.local/state/cabal/store/ghc-9.6.3/uuid-types-1.0.5.1-865f4cc89d0ca4f6a3f59698789a19e889c9c7269183681c34c38a1ec3a0c155/lib/libHSuuid-types-1.0.5.1-865f4cc89d0ca4f6a3f59698789a19e889c9c7269183681c34c38a1ec3a0c155-ghc9.6.3.so
7f6b94b72000-7f6b94b87000 r-xp 0001a000 00:22 41271022                   /home/mleku/.local/state/cabal/store/ghc-9.6.3/uuid-types-1.0.5.1-865f4cc89d0ca4f6a3f59698789a19e889c9c7269183681c34c38a1ec3a0c155/lib/libHSuuid-types-1.0.5.1-865f4cc89d0ca4f6a3f59698789a19e889c9c7269183681c34c38a1ec3a0c155-ghc9.6.3.so
7f6b94b87000-7f6b94b88000 r--p 0002f000 00:22 41271022                   /home/mleku/.local/state/cabal/store/ghc-9.6.3/uuid-types-1.0.5.1-865f4cc89d0ca4f6a3f59698789a19e889c9c7269183681c34c38a1ec3a0c155/lib/libHSuuid-types-1.0.5.1-865f4cc89d0ca4f6a3f59698789a19e889c9c7269183681c34c38a1ec3a0c155-ghc9.6.3.so
7f6b94b88000-7f6b94b89000 r--p 0002f000 00:22 41271022                   /home/mleku/.local/state/cabal/store/ghc-9.6.3/uuid-types-1.0.5.1-865f4cc89d0ca4f6a3f59698789a19e889c9c7269183681c34c38a1ec3a0c155/lib/libHSuuid-types-1.0.5.1-865f4cc89d0ca4f6a3f59698789a19e889c9c7269183681c34c38a1ec3a0c155-ghc9.6.3.so
7f6b94b89000-7f6b94b8b000 rw-p 00030000 00:22 41271022                   /home/mleku/.local/state/cabal/store/ghc-9.6.3/uuid-types-1.0.5.1-865f4cc89d0ca4f6a3f59698789a19e889c9c7269183681c34c38a1ec3a0c155/lib/libHSuuid-types-1.0.5.1-865f4cc89d0ca4f6a3f59698789a19e889c9c7269183681c34c38a1ec3a0c155-ghc9.6.3.so
7f6b94b8b000-7f6b94bc4000 r--p 00000000 00:22 41278369                   /home/mleku/.local/state/cabal/store/ghc-9.6.3/witherable-0.4.2-8d7489e64c055b44e3c3ece47851fb23685c037eaadda9898ec23ce12482c663/lib/libHSwitherable-0.4.2-8d7489e64c055b44e3c3ece47851fb23685c037eaadda9898ec23ce12482c663-ghc9.6.3.so
7f6b94bc4000-7f6b94bfb000 r-xp 00039000 00:22 41278369                   /home/mleku/.local/state/cabal/store/ghc-9.6.3/witherable-0.4.2-8d7489e64c055b44e3c3ece47851fb23685c037eaadda9898ec23ce12482c663/lib/libHSwitherable-0.4.2-8d7489e64c055b44e3c3ece47851fb23685c037eaadda9898ec23ce12482c663-ghc9.6.3.so
7f6b94bfb000-7f6b94bfc000 r--p 00070000 00:22 41278369                   /home/mleku/.local/state/cabal/store/ghc-9.6.3/witherable-0.4.2-8d7489e64c055b44e3c3ece47851fb23685c037eaadda9898ec23ce12482c663/lib/libHSwitherable-0.4.2-8d7489e64c055b44e3c3ece47851fb23685c037eaadda9898ec23ce12482c663-ghc9.6.3.so
7f6b94bfc000-7f6b94bfd000 r--p 00070000 00:22 41278369                   /home/mleku/.local/state/cabal/store/ghc-9.6.3/witherable-0.4.2-8d7489e64c055b44e3c3ece47851fb23685c037eaadda9898ec23ce12482c663/lib/libHSwitherable-0.4.2-8d7489e64c055b44e3c3ece47851fb23685c037eaadda9898ec23ce12482c663-ghc9.6.3.so
7f6b94bfd000-7f6b94c00000 rw-p 00071000 00:22 41278369                   /home/mleku/.local/state/cabal/store/ghc-9.6.3/witherable-0.4.2-8d7489e64c055b44e3c3ece47851fb23685c037eaadda9898ec23ce12482c663/lib/libHSwitherable-0.4.2-8d7489e64c055b44e3c3ece47851fb23685c037eaadda9898ec23ce12482c663-ghc9.6.3.so
7f6b94c00000-7f6b94c58000 r--p 00000000 00:22 41274576                   /home/mleku/.local/state/cabal/store/ghc-9.6.3/attoparsec-0.14.4-4f4ea7336683751fc7ddafd5d6b7f267d5cd03d53ffa54f447c4d22956ac93d0/lib/libHSattoparsec-0.14.4-4f4ea7336683751fc7ddafd5d6b7f267d5cd03d53ffa54f447c4d22956ac93d0-ghc9.6.3.so
7f6b94c58000-7f6b94e18000 r-xp 00058000 00:22 41274576                   /home/mleku/.local/state/cabal/store/ghc-9.6.3/attoparsec-0.14.4-4f4ea7336683751fc7ddafd5d6b7f267d5cd03d53ffa54f447c4d22956ac93d0/lib/libHSattoparsec-0.14.4-4f4ea7336683751fc7ddafd5d6b7f267d5cd03d53ffa54f447c4d22956ac93d0-ghc9.6.3.so
7f6b94e18000-7f6b94e19000 r--p 00218000 00:22 41274576                   /home/mleku/.local/state/cabal/store/ghc-9.6.3/attoparsec-0.14.4-4f4ea7336683751fc7ddafd5d6b7f267d5cd03d53ffa54f447c4d22956ac93d0/lib/libHSattoparsec-0.14.4-4f4ea7336683751fc7ddafd5d6b7f267d5cd03d53ffa54f447c4d22956ac93d0-ghc9.6.3.so
7f6b94e19000-7f6b94e1a000 r--p 00219000 00:22 41274576                   /home/mleku/.local/state/cabal/store/ghc-9.6.3/attoparsec-0.14.4-4f4ea7336683751fc7ddafd5d6b7f267d5cd03d53ffa54f447c4d22956ac93d0/lib/libHSattoparsec-0.14.4-4f4ea7336683751fc7ddafd5d6b7f267d5cd03d53ffa54f447c4d22956ac93d0-ghc9.6.3.so
7f6b94e1a000-7f6b94e24000 rw-p 0021a000 00:22 41274576                   /home/mleku/.local/state/cabal/store/ghc-9.6.3/attoparsec-0.14.4-4f4ea7336683751fc7ddafd5d6b7f267d5cd03d53ffa54f447c4d22956ac93d0/lib/libHSattoparsec-0.14.4-4f4ea7336683751fc7ddafd5d6b7f267d5cd03d53ffa54f447c4d22956ac93d0-ghc9.6.3.so
7f6b94e26000-7f6b94e27000 r--p 00000000 00:22 10087891                   /usr/lib/libdl.so.2
7f6b94e27000-7f6b94e28000 r-xp 00001000 00:22 10087891                   /usr/lib/libdl.so.2
7f6b94e28000-7f6b94e29000 r--p 00002000 00:22 10087891                   /usr/lib/libdl.so.2
7f6b94e29000-7f6b94e2a000 r--p 00002000 00:22 10087891                   /usr/lib/libdl.so.2
7f6b94e2a000-7f6b94e2b000 rw-p 00003000 00:22 10087891                   /usr/lib/libdl.so.2
7f6b94e2b000-7f6b94e36000 r--p 00000000 00:22 41259864                   /home/mleku/.local/state/cabal/store/ghc-9.6.3/th-compat-0.1.4-0067826cccf2ecd73fb3b4a3646f25bf76c4c0471063cc62f191ddab844b4926/lib/libHSth-compat-0.1.4-0067826cccf2ecd73fb3b4a3646f25bf76c4c0471063cc62f191ddab844b4926-ghc9.6.3.so
7f6b94e36000-7f6b94e38000 r-xp 0000b000 00:22 41259864                   /home/mleku/.local/state/cabal/store/ghc-9.6.3/th-compat-0.1.4-0067826cccf2ecd73fb3b4a3646f25bf76c4c0471063cc62f191ddab844b4926/lib/libHSth-compat-0.1.4-0067826cccf2ecd73fb3b4a3646f25bf76c4c0471063cc62f191ddab844b4926-ghc9.6.3.so
7f6b94e38000-7f6b94e39000 r--p 0000d000 00:22 41259864                   /home/mleku/.local/state/cabal/store/ghc-9.6.3/th-compat-0.1.4-0067826cccf2ecd73fb3b4a3646f25bf76c4c0471063cc62f191ddab844b4926/lib/libHSth-compat-0.1.4-0067826cccf2ecd73fb3b4a3646f25bf76c4c0471063cc62f191ddab844b4926-ghc9.6.3.so
7f6b94e39000-7f6b94e3a000 r--p 0000d000 00:22 41259864                   /home/mleku/.local/state/cabal/store/ghc-9.6.3/th-compat-0.1.4-0067826cccf2ecd73fb3b4a3646f25bf76c4c0471063cc62f191ddab844b4926/lib/libHSth-compat-0.1.4-0067826cccf2ecd73fb3b4a3646f25bf76c4c0471063cc62f191ddab844b4926-ghc9.6.3.so
7f6b94e3a000-7f6b94e3c000 rw-p 0000e000 00:22 41259864                   /home/mleku/.local/state/cabal/store/ghc-9.6.3/th-compat-0.1.4-0067826cccf2ecd73fb3b4a3646f25bf76c4c0471063cc62f191ddab844b4926/lib/libHSth-compat-0.1.4-0067826cccf2ecd73fb3b4a3646f25bf76c4c0471063cc62f191ddab844b4926-ghc9.6.3.so
7f6b94e3c000-7f6b94e83000 r--p 00000000 00:22 41255059                   /home/mleku/.local/state/cabal/store/ghc-9.6.3/colour-2.3.6-8ea7c1420185239be8ef23631a149d777e07d29385b36df7ab60fb829c47b836/lib/libHScolour-2.3.6-8ea7c1420185239be8ef23631a149d777e07d29385b36df7ab60fb829c47b836-ghc9.6.3.so
7f6b94e83000-7f6b94ecd000 r-xp 00047000 00:22 41255059                   /home/mleku/.local/state/cabal/store/ghc-9.6.3/colour-2.3.6-8ea7c1420185239be8ef23631a149d777e07d29385b36df7ab60fb829c47b836/lib/libHScolour-2.3.6-8ea7c1420185239be8ef23631a149d777e07d29385b36df7ab60fb829c47b836-ghc9.6.3.so
7f6b94ecd000-7f6b94ece000 r--p 00091000 00:22 41255059                   /home/mleku/.local/state/cabal/store/ghc-9.6.3/colour-2.3.6-8ea7c1420185239be8ef23631a149d777e07d29385b36df7ab60fb829c47b836/lib/libHScolour-2.3.6-8ea7c1420185239be8ef23631a149d777e07d29385b36df7ab60fb829c47b836-ghc9.6.3.so
7f6b94ece000-7f6b94ecf000 r--p 00092000 00:22 41255059                   /home/mleku/.local/state/cabal/store/ghc-9.6.3/colour-2.3.6-8ea7c1420185239be8ef23631a149d777e07d29385b36df7ab60fb829c47b836/lib/libHScolour-2.3.6-8ea7c1420185239be8ef23631a149d777e07d29385b36df7ab60fb829c47b836-ghc9.6.3.so
7f6b94ecf000-7f6b94ed7000 rw-p 00093000 00:22 41255059                   /home/mleku/.local/state/cabal/store/ghc-9.6.3/colour-2.3.6-8ea7c1420185239be8ef23631a149d777e07d29385b36df7ab60fb829c47b836/lib/libHScolour-2.3.6-8ea7c1420185239be8ef23631a149d777e07d29385b36df7ab60fb829c47b836-ghc9.6.3.so
7f6b94ed7000-7f6b94f0d000 r--p 00000000 00:22 41261481                   /home/mleku/.local/state/cabal/store/ghc-9.6.3/ansi-terminal-types-0.11.5-4ee3a76fe47abcaa37b7bdb9a45b814da28b7b793448bc9f72187556bbf30827/lib/libHSansi-terminal-types-0.11.5-4ee3a76fe47abcaa37b7bdb9a45b814da28b7b793448bc9f72187556bbf30827-ghc9.6.3.so
7f6b94f0d000-7f6b94f2c000 r-xp 00036000 00:22 41261481                   /home/mleku/.local/state/cabal/store/ghc-9.6.3/ansi-terminal-types-0.11.5-4ee3a76fe47abcaa37b7bdb9a45b814da28b7b793448bc9f72187556bbf30827/lib/libHSansi-terminal-types-0.11.5-4ee3a76fe47abcaa37b7bdb9a45b814da28b7b793448bc9f72187556bbf30827-ghc9.6.3.so
7f6b94f2c000-7f6b94f2e000 r--p 00055000 00:22 41261481                   /home/mleku/.local/state/cabal/store/ghc-9.6.3/ansi-terminal-types-0.11.5-4ee3a76fe47abcaa37b7bdb9a45b814da28b7b793448bc9f72187556bbf30827/lib/libHSansi-terminal-types-0.11.5-4ee3a76fe47abcaa37b7bdb9a45b814da28b7b793448bc9f72187556bbf30827-ghc9.6.3.so
7f6b94f2e000-7f6b94f2f000 r--p 00056000 00:22 41261481                   /home/mleku/.local/state/cabal/store/ghc-9.6.3/ansi-terminal-types-0.11.5-4ee3a76fe47abcaa37b7bdb9a45b814da28b7b793448bc9f72187556bbf30827/lib/libHSansi-terminal-types-0.11.5-4ee3a76fe47abcaa37b7bdb9a45b814da28b7b793448bc9f72187556bbf30827-ghc9.6.3.so
7f6b94f2f000-7f6b94f34000 rw-p 00057000 00:22 41261481                   /home/mleku/.local/state/cabal/store/ghc-9.6.3/ansi-terminal-types-0.11.5-4ee3a76fe47abcaa37b7bdb9a45b814da28b7b793448bc9f72187556bbf30827/lib/libHSansi-terminal-types-0.11.5-4ee3a76fe47abcaa37b7bdb9a45b814da28b7b793448bc9f72187556bbf30827-ghc9.6.3.so
7f6b94f34000-7f6b94fd6000 r--p 00000000 00:22 41265718                   /home/mleku/.local/state/cabal/store/ghc-9.6.3/constraints-0.13.4-51395134fd9d2fb4ac419e99718fc4d2fa1bca3d7018f1ba7a849169d0aefc3f/lib/libHSconstraints-0.13.4-51395134fd9d2fb4ac419e99718fc4d2fa1bca3d7018f1ba7a849169d0aefc3f-ghc9.6.3.so
7f6b94fd6000-7f6b94ff6000 r-xp 000a2000 00:22 41265718                   /home/mleku/.local/state/cabal/store/ghc-9.6.3/constraints-0.13.4-51395134fd9d2fb4ac419e99718fc4d2fa1bca3d7018f1ba7a849169d0aefc3f/lib/libHSconstraints-0.13.4-51395134fd9d2fb4ac419e99718fc4d2fa1bca3d7018f1ba7a849169d0aefc3f-ghc9.6.3.so
7f6b94ff6000-7f6b94ff7000 r--p 000c2000 00:22 41265718                   /home/mleku/.local/state/cabal/store/ghc-9.6.3/constraints-0.13.4-51395134fd9d2fb4ac419e99718fc4d2fa1bca3d7018f1ba7a849169d0aefc3f/lib/libHSconstraints-0.13.4-51395134fd9d2fb4ac419e99718fc4d2fa1bca3d7018f1ba7a849169d0aefc3f-ghc9.6.3.so
7f6b94ff7000-7f6b94ff9000 r--p 000c2000 00:22 41265718                   /home/mleku/.local/state/cabal/store/ghc-9.6.3/constraints-0.13.4-51395134fd9d2fb4ac419e99718fc4d2fa1bca3d7018f1ba7a849169d0aefc3f/lib/libHSconstraints-0.13.4-51395134fd9d2fb4ac419e99718fc4d2fa1bca3d7018f1ba7a849169d0aefc3f-ghc9.6.3.so
7f6b94ff9000-7f6b95000000 rw-p 000c4000 00:22 41265718                   /home/mleku/.local/state/cabal/store/ghc-9.6.3/constraints-0.13.4-51395134fd9d2fb4ac419e99718fc4d2fa1bca3d7018f1ba7a849169d0aefc3f/lib/libHSconstraints-0.13.4-51395134fd9d2fb4ac419e99718fc4d2fa1bca3d7018f1ba7a849169d0aefc3f-ghc9.6.3.so
7f6b95000000-7f6b951ba000 r--p 00000000 00:22 41254998                   /home/mleku/.local/state/cabal/store/ghc-9.6.3/basement-0.0.16-7f05c347fcfef1382c7a2079f658dc2b01997ca155fed4ad49b55f2f5fcdf0cf/lib/libHSbasement-0.0.16-7f05c347fcfef1382c7a2079f658dc2b01997ca155fed4ad49b55f2f5fcdf0cf-ghc9.6.3.so
7f6b951ba000-7f6b952f0000 r-xp 001ba000 00:22 41254998                   /home/mleku/.local/state/cabal/store/ghc-9.6.3/basement-0.0.16-7f05c347fcfef1382c7a2079f658dc2b01997ca155fed4ad49b55f2f5fcdf0cf/lib/libHSbasement-0.0.16-7f05c347fcfef1382c7a2079f658dc2b01997ca155fed4ad49b55f2f5fcdf0cf-ghc9.6.3.so
7f6b952f0000-7f6b952f9000 r--p 002f0000 00:22 41254998                   /home/mleku/.local/state/cabal/store/ghc-9.6.3/basement-0.0.16-7f05c347fcfef1382c7a2079f658dc2b01997ca155fed4ad49b55f2f5fcdf0cf/lib/libHSbasement-0.0.16-7f05c347fcfef1382c7a2079f658dc2b01997ca155fed4ad49b55f2f5fcdf0cf-ghc9.6.3.so
7f6b952f9000-7f6b952fa000 r--p 002f9000 00:22 41254998                   /home/mleku/.local/state/cabal/store/ghc-9.6.3/basement-0.0.16-7f05c347fcfef1382c7a2079f658dc2b01997ca155fed4ad49b55f2f5fcdf0cf/lib/libHSbasement-0.0.16-7f05c347fcfef1382c7a2079f658dc2b01997ca155fed4ad49b55f2f5fcdf0cf-ghc9.6.3.so
7f6b952fa000-7f6b9531b000 rw-p 002fa000 00:22 41254998                   /home/mleku/.local/state/cabal/store/ghc-9.6.3/basement-0.0.16-7f05c347fcfef1382c7a2079f658dc2b01997ca155fed4ad49b55f2f5fcdf0cf/lib/libHSbasement-0.0.16-7f05c347fcfef1382c7a2079f658dc2b01997ca155fed4ad49b55f2f5fcdf0cf-ghc9.6.3.so
7f6b9531d000-7f6b9531e000 r--p 00000000 00:22 10087922                   /usr/lib/libutil.so.1
7f6b9531e000-7f6b9531f000 r-xp 00001000 00:22 10087922                   /usr/lib/libutil.so.1
7f6b9531f000-7f6b95320000 r--p 00002000 00:22 10087922                   /usr/lib/libutil.so.1
7f6b95320000-7f6b95321000 r--p 00002000 00:22 10087922                   /usr/lib/libutil.so.1
7f6b95321000-7f6b95322000 rw-p 00003000 00:22 10087922                   /usr/lib/libutil.so.1
7f6b95322000-7f6b95323000 r--p 00000000 00:22 10087918                   /usr/lib/librt.so.1
7f6b95323000-7f6b95324000 r-xp 00001000 00:22 10087918                   /usr/lib/librt.so.1
7f6b95324000-7f6b95325000 r--p 00002000 00:22 10087918                   /usr/lib/librt.so.1
7f6b95325000-7f6b95326000 r--p 00002000 00:22 10087918                   /usr/lib/librt.so.1
7f6b95326000-7f6b95327000 rw-p 00003000 00:22 10087918                   /usr/lib/librt.so.1
7f6b95327000-7f6b9532e000 r--p 00000000 00:22 41277701                   /home/mleku/.local/state/cabal/store/ghc-9.6.3/indexed-traversable-instances-0.1.1.2-e658ac3e748a41c0cc81fb89dc42bd36a8d5b56479ebba7f4257689b2a550fd3/lib/libHSindexed-traversable-instances-0.1.1.2-e658ac3e748a41c0cc81fb89dc42bd36a8d5b56479ebba7f4257689b2a550fd3-ghc9.6.3.so
7f6b9532e000-7f6b95332000 r-xp 00007000 00:22 41277701                   /home/mleku/.local/state/cabal/store/ghc-9.6.3/indexed-traversable-instances-0.1.1.2-e658ac3e748a41c0cc81fb89dc42bd36a8d5b56479ebba7f4257689b2a550fd3/lib/libHSindexed-traversable-instances-0.1.1.2-e658ac3e748a41c0cc81fb89dc42bd36a8d5b56479ebba7f4257689b2a550fd3-ghc9.6.3.so
7f6b95332000-7f6b95333000 r--p 0000b000 00:22 41277701                   /home/mleku/.local/state/cabal/store/ghc-9.6.3/indexed-traversable-instances-0.1.1.2-e658ac3e748a41c0cc81fb89dc42bd36a8d5b56479ebba7f4257689b2a550fd3/lib/libHSindexed-traversable-instances-0.1.1.2-e658ac3e748a41c0cc81fb89dc42bd36a8d5b56479ebba7f4257689b2a550fd3-ghc9.6.3.so
7f6b95333000-7f6b95334000 r--p 0000b000 00:22 41277701                   /home/mleku/.local/state/cabal/store/ghc-9.6.3/indexed-traversable-instances-0.1.1.2-e658ac3e748a41c0cc81fb89dc42bd36a8d5b56479ebba7f4257689b2a550fd3/lib/libHSindexed-traversable-instances-0.1.1.2-e658ac3e748a41c0cc81fb89dc42bd36a8d5b56479ebba7f4257689b2a550fd3-ghc9.6.3.so
7f6b95334000-7f6b95335000 rw-p 0000c000 00:22 41277701                   /home/mleku/.local/state/cabal/store/ghc-9.6.3/indexed-traversable-instances-0.1.1.2-e658ac3e748a41c0cc81fb89dc42bd36a8d5b56479ebba7f4257689b2a550fd3/lib/libHSindexed-traversable-instances-0.1.1.2-e658ac3e748a41c0cc81fb89dc42bd36a8d5b56479ebba7f4257689b2a550fd3-ghc9.6.3.so
7f6b95335000-7f6b95352000 r--p 00000000 00:22 41266993                   /home/mleku/.local/state/cabal/store/ghc-9.6.3/ansi-terminal-0.11.5-6a9402a4880013edc495bbed56c88d36a8b264c1157297c88c41965b09fc017c/lib/libHSansi-terminal-0.11.5-6a9402a4880013edc495bbed56c88d36a8b264c1157297c88c41965b09fc017c-ghc9.6.3.so
7f6b95352000-7f6b9535d000 r-xp 0001d000 00:22 41266993                   /home/mleku/.local/state/cabal/store/ghc-9.6.3/ansi-terminal-0.11.5-6a9402a4880013edc495bbed56c88d36a8b264c1157297c88c41965b09fc017c/lib/libHSansi-terminal-0.11.5-6a9402a4880013edc495bbed56c88d36a8b264c1157297c88c41965b09fc017c-ghc9.6.3.so
7f6b9535d000-7f6b9535e000 r--p 00028000 00:22 41266993                   /home/mleku/.local/state/cabal/store/ghc-9.6.3/ansi-terminal-0.11.5-6a9402a4880013edc495bbed56c88d36a8b264c1157297c88c41965b09fc017c/lib/libHSansi-terminal-0.11.5-6a9402a4880013edc495bbed56c88d36a8b264c1157297c88c41965b09fc017c-ghc9.6.3.so
7f6b9535e000-7f6b9535f000 r--p 00028000 00:22 41266993                   /home/mleku/.local/state/cabal/store/ghc-9.6.3/ansi-terminal-0.11.5-6a9402a4880013edc495bbed56c88d36a8b264c1157297c88c41965b09fc017c/lib/libHSansi-terminal-0.11.5-6a9402a4880013edc495bbed56c88d36a8b264c1157297c88c41965b09fc017c-ghc9.6.3.so
7f6b9535f000-7f6b95362000 rw-p 00029000 00:22 41266993                   /home/mleku/.local/state/cabal/store/ghc-9.6.3/ansi-terminal-0.11.5-6a9402a4880013edc495bbed56c88d36a8b264c1157297c88c41965b09fc017c/lib/libHSansi-terminal-0.11.5-6a9402a4880013edc495bbed56c88d36a8b264c1157297c88c41965b09fc017c-ghc9.6.3.so
7f6b95362000-7f6b953c2000 r--p 00000000 00:22 41262901                   /home/mleku/.local/state/cabal/store/ghc-9.6.3/memory-0.18.0-86df06eca77fa38fe27d9ccf54ec9e5bdd4cf7adfe9cca5b11aa4b3fd5ae2fa1/lib/libHSmemory-0.18.0-86df06eca77fa38fe27d9ccf54ec9e5bdd4cf7adfe9cca5b11aa4b3fd5ae2fa1-ghc9.6.3.so
7f6b953c2000-7f6b953f5000 r-xp 00060000 00:22 41262901                   /home/mleku/.local/state/cabal/store/ghc-9.6.3/memory-0.18.0-86df06eca77fa38fe27d9ccf54ec9e5bdd4cf7adfe9cca5b11aa4b3fd5ae2fa1/lib/libHSmemory-0.18.0-86df06eca77fa38fe27d9ccf54ec9e5bdd4cf7adfe9cca5b11aa4b3fd5ae2fa1-ghc9.6.3.so
7f6b953f5000-7f6b953f8000 r--p 00093000 00:22 41262901                   /home/mleku/.local/state/cabal/store/ghc-9.6.3/memory-0.18.0-86df06eca77fa38fe27d9ccf54ec9e5bdd4cf7adfe9cca5b11aa4b3fd5ae2fa1/lib/libHSmemory-0.18.0-86df06eca77fa38fe27d9ccf54ec9e5bdd4cf7adfe9cca5b11aa4b3fd5ae2fa1-ghc9.6.3.so
7f6b953f8000-7f6b953f9000 r--p 00095000 00:22 41262901                   /home/mleku/.local/state/cabal/store/ghc-9.6.3/memory-0.18.0-86df06eca77fa38fe27d9ccf54ec9e5bdd4cf7adfe9cca5b11aa4b3fd5ae2fa1/lib/libHSmemory-0.18.0-86df06eca77fa38fe27d9ccf54ec9e5bdd4cf7adfe9cca5b11aa4b3fd5ae2fa1-ghc9.6.3.so
7f6b953f9000-7f6b95400000 rw-p 00096000 00:22 41262901                   /home/mleku/.local/state/cabal/store/ghc-9.6.3/memory-0.18.0-86df06eca77fa38fe27d9ccf54ec9e5bdd4cf7adfe9cca5b11aa4b3fd5ae2fa1/lib/libHSmemory-0.18.0-86df06eca77fa38fe27d9ccf54ec9e5bdd4cf7adfe9cca5b11aa4b3fd5ae2fa1-ghc9.6.3.so
7f6b95400000-7f6b957cb000 r--p 00000000 00:22 41276162                   /home/mleku/.local/state/cabal/store/ghc-9.6.3/crypton-0.34-b2399ccbd1993e3b036c7a317962fb65ffa85a86b669ebe78d5cb7ba52c2fa2b/lib/libHScrypton-0.34-b2399ccbd1993e3b036c7a317962fb65ffa85a86b669ebe78d5cb7ba52c2fa2b-ghc9.6.3.so
7f6b957cb000-7f6b95a0e000 r-xp 003cb000 00:22 41276162                   /home/mleku/.local/state/cabal/store/ghc-9.6.3/crypton-0.34-b2399ccbd1993e3b036c7a317962fb65ffa85a86b669ebe78d5cb7ba52c2fa2b/lib/libHScrypton-0.34-b2399ccbd1993e3b036c7a317962fb65ffa85a86b669ebe78d5cb7ba52c2fa2b-ghc9.6.3.so
7f6b95a0e000-7f6b95a39000 r--p 0060e000 00:22 41276162                   /home/mleku/.local/state/cabal/store/ghc-9.6.3/crypton-0.34-b2399ccbd1993e3b036c7a317962fb65ffa85a86b669ebe78d5cb7ba52c2fa2b/lib/libHScrypton-0.34-b2399ccbd1993e3b036c7a317962fb65ffa85a86b669ebe78d5cb7ba52c2fa2b-ghc9.6.3.so
7f6b95a39000-7f6b95a3b000 r--p 00638000 00:22 41276162                   /home/mleku/.local/state/cabal/store/ghc-9.6.3/crypton-0.34-b2399ccbd1993e3b036c7a317962fb65ffa85a86b669ebe78d5cb7ba52c2fa2b/lib/libHScrypton-0.34-b2399ccbd1993e3b036c7a317962fb65ffa85a86b669ebe78d5cb7ba52c2fa2b-ghc9.6.3.so
7f6b95a3b000-7f6b95aa3000 rw-p 0063a000 00:22 41276162                   /home/mleku/.local/state/cabal/store/ghc-9.6.3/crypton-0.34-b2399ccbd1993e3b036c7a317962fb65ffa85a86b669ebe78d5cb7ba52c2fa2b/lib/libHScrypton-0.34-b2399ccbd1993e3b036c7a317962fb65ffa85a86b669ebe78d5cb7ba52c2fa2b-ghc9.6.3.so
7f6b95aa6000-7f6b95aaa000 r--p 00000000 00:22 41266050                   /home/mleku/.local/state/cabal/store/ghc-9.6.3/integer-conversion-0.1.0.1-2601c7292b651aa00336b33dba37461eb02d4288e078d53e9050188c4a03e67f/lib/libHSinteger-conversion-0.1.0.1-2601c7292b651aa00336b33dba37461eb02d4288e078d53e9050188c4a03e67f-ghc9.6.3.so
7f6b95aaa000-7f6b95aad000 r-xp 00004000 00:22 41266050                   /home/mleku/.local/state/cabal/store/ghc-9.6.3/integer-conversion-0.1.0.1-2601c7292b651aa00336b33dba37461eb02d4288e078d53e9050188c4a03e67f/lib/libHSinteger-conversion-0.1.0.1-2601c7292b651aa00336b33dba37461eb02d4288e078d53e9050188c4a03e67f-ghc9.6.3.so
7f6b95aad000-7f6b95aae000 r--p 00007000 00:22 41266050                   /home/mleku/.local/state/cabal/store/ghc-9.6.3/integer-conversion-0.1.0.1-2601c7292b651aa00336b33dba37461eb02d4288e078d53e9050188c4a03e67f/lib/libHSinteger-conversion-0.1.0.1-2601c7292b651aa00336b33dba37461eb02d4288e078d53e9050188c4a03e67f-ghc9.6.3.so
7f6b95aae000-7f6b95aaf000 r--p 00007000 00:22 41266050                   /home/mleku/.local/state/cabal/store/ghc-9.6.3/integer-conversion-0.1.0.1-2601c7292b651aa00336b33dba37461eb02d4288e078d53e9050188c4a03e67f/lib/libHSinteger-conversion-0.1.0.1-2601c7292b651aa00336b33dba37461eb02d4288e078d53e9050188c4a03e67f-ghc9.6.3.so
7f6b95aaf000-7f6b95ab0000 rw-p 00008000 00:22 41266050                   /home/mleku/.local/state/cabal/store/ghc-9.6.3/integer-conversion-0.1.0.1-2601c7292b651aa00336b33dba37461eb02d4288e078d53e9050188c4a03e67f/lib/libHSinteger-conversion-0.1.0.1-2601c7292b651aa00336b33dba37461eb02d4288e078d53e9050188c4a03e67f-ghc9.6.3.so
7f6b95ab0000-7f6b95acc000 r--p 00000000 00:22 41263696                   /home/mleku/.local/state/cabal/store/ghc-9.6.3/async-2.2.5-f240644c06d60420051c45977a93932ce6ee3ff3009f928ccb9f2acf95c571dd/lib/libHSasync-2.2.5-f240644c06d60420051c45977a93932ce6ee3ff3009f928ccb9f2acf95c571dd-ghc9.6.3.so
7f6b95acc000-7f6b95ae4000 r-xp 0001c000 00:22 41263696                   /home/mleku/.local/state/cabal/store/ghc-9.6.3/async-2.2.5-f240644c06d60420051c45977a93932ce6ee3ff3009f928ccb9f2acf95c571dd/lib/libHSasync-2.2.5-f240644c06d60420051c45977a93932ce6ee3ff3009f928ccb9f2acf95c571dd-ghc9.6.3.so
7f6b95ae4000-7f6b95ae5000 r--p 00034000 00:22 41263696                   /home/mleku/.local/state/cabal/store/ghc-9.6.3/async-2.2.5-f240644c06d60420051c45977a93932ce6ee3ff3009f928ccb9f2acf95c571dd/lib/libHSasync-2.2.5-f240644c06d60420051c45977a93932ce6ee3ff3009f928ccb9f2acf95c571dd-ghc9.6.3.so
7f6b95ae5000-7f6b95ae6000 r--p 00034000 00:22 41263696                   /home/mleku/.local/state/cabal/store/ghc-9.6.3/async-2.2.5-f240644c06d60420051c45977a93932ce6ee3ff3009f928ccb9f2acf95c571dd/lib/libHSasync-2.2.5-f240644c06d60420051c45977a93932ce6ee3ff3009f928ccb9f2acf95c571dd-ghc9.6.3.so
7f6b95ae6000-7f6b95ae8000 rw-p 00035000 00:22 41263696                   /home/mleku/.local/state/cabal/store/ghc-9.6.3/async-2.2.5-f240644c06d60420051c45977a93932ce6ee3ff3009f928ccb9f2acf95c571dd/lib/libHSasync-2.2.5-f240644c06d60420051c45977a93932ce6ee3ff3009f928ccb9f2acf95c571dd-ghc9.6.3.so
7f6b95ae8000-7f6b95afd000 r--p 00000000 00:22 41254689                   /home/mleku/.local/state/cabal/store/ghc-9.6.3/attoparsec-0.14.4-l-attoparsec-internal-e9490ddaea4841a79fc251813223287bd9e65e0510180febd5e98a6907758746/lib/libHSattoparsec-0.14.4-l-attoparsec-internal-e9490ddaea4841a79fc251813223287bd9e65e0510180febd5e98a6907758746-ghc9.6.3.so
7f6b95afd000-7f6b95b08000 r-xp 00015000 00:22 41254689                   /home/mleku/.local/state/cabal/store/ghc-9.6.3/attoparsec-0.14.4-l-attoparsec-internal-e9490ddaea4841a79fc251813223287bd9e65e0510180febd5e98a6907758746/lib/libHSattoparsec-0.14.4-l-attoparsec-internal-e9490ddaea4841a79fc251813223287bd9e65e0510180febd5e98a6907758746-ghc9.6.3.so
7f6b95b08000-7f6b95b09000 r--p 00020000 00:22 41254689                   /home/mleku/.local/state/cabal/store/ghc-9.6.3/attoparsec-0.14.4-l-attoparsec-internal-e9490ddaea4841a79fc251813223287bd9e65e0510180febd5e98a6907758746/lib/libHSattoparsec-0.14.4-l-attoparsec-internal-e9490ddaea4841a79fc251813223287bd9e65e0510180febd5e98a6907758746-ghc9.6.3.so
7f6b95b09000-7f6b95b0a000 r--p 00020000 00:22 41254689                   /home/mleku/.local/state/cabal/store/ghc-9.6.3/attoparsec-0.14.4-l-attoparsec-internal-e9490ddaea4841a79fc251813223287bd9e65e0510180febd5e98a6907758746/lib/libHSattoparsec-0.14.4-l-attoparsec-internal-e9490ddaea4841a79fc251813223287bd9e65e0510180febd5e98a6907758746-ghc9.6.3.so
7f6b95b0a000-7f6b95b0c000 rw-p 00021000 00:22 41254689                   /home/mleku/.local/state/cabal/store/ghc-9.6.3/attoparsec-0.14.4-l-attoparsec-internal-e9490ddaea4841a79fc251813223287bd9e65e0510180febd5e98a6907758746/lib/libHSattoparsec-0.14.4-l-attoparsec-internal-e9490ddaea4841a79fc251813223287bd9e65e0510180febd5e98a6907758746-ghc9.6.3.so
7f6b95b0c000-7f6b95bb2000 r--p 00000000 00:22 41257977                   /home/mleku/.local/state/cabal/store/ghc-9.6.3/hourglass-0.2.12-f636396f2d46bc10697cc675793b72a77a91d145e2ab377dfdb4cc7920021f54/lib/libHShourglass-0.2.12-f636396f2d46bc10697cc675793b72a77a91d145e2ab377dfdb4cc7920021f54-ghc9.6.3.so
7f6b95bb2000-7f6b95c16000 r-xp 000a6000 00:22 41257977                   /home/mleku/.local/state/cabal/store/ghc-9.6.3/hourglass-0.2.12-f636396f2d46bc10697cc675793b72a77a91d145e2ab377dfdb4cc7920021f54/lib/libHShourglass-0.2.12-f636396f2d46bc10697cc675793b72a77a91d145e2ab377dfdb4cc7920021f54-ghc9.6.3.so
7f6b95c16000-7f6b95c1a000 r--p 0010a000 00:22 41257977                   /home/mleku/.local/state/cabal/store/ghc-9.6.3/hourglass-0.2.12-f636396f2d46bc10697cc675793b72a77a91d145e2ab377dfdb4cc7920021f54/lib/libHShourglass-0.2.12-f636396f2d46bc10697cc675793b72a77a91d145e2ab377dfdb4cc7920021f54-ghc9.6.3.so
7f6b95c1a000-7f6b95c1b000 r--p 0010d000 00:22 41257977                   /home/mleku/.local/state/cabal/store/ghc-9.6.3/hourglass-0.2.12-f636396f2d46bc10697cc675793b72a77a91d145e2ab377dfdb4cc7920021f54/lib/libHShourglass-0.2.12-f636396f2d46bc10697cc675793b72a77a91d145e2ab377dfdb4cc7920021f54-ghc9.6.3.so
7f6b95c1b000-7f6b95c2c000 rw-p 0010e000 00:22 41257977                   /home/mleku/.local/state/cabal/store/ghc-9.6.3/hourglass-0.2.12-f636396f2d46bc10697cc675793b72a77a91d145e2ab377dfdb4cc7920021f54/lib/libHShourglass-0.2.12-f636396f2d46bc10697cc675793b72a77a91d145e2ab377dfdb4cc7920021f54-ghc9.6.3.so
7f6b95c2c000-7f6b95c5c000 r--p 00000000 00:22 41267761                   /home/mleku/.local/state/cabal/store/ghc-9.6.3/asn1-types-0.3.4-52ab490310e9cb8ba1462a6195d007877c2fc9dcfb589a53e3803b95b1e1307d/lib/libHSasn1-types-0.3.4-52ab490310e9cb8ba1462a6195d007877c2fc9dcfb589a53e3803b95b1e1307d-ghc9.6.3.so
7f6b95c5c000-7f6b95c76000 r-xp 00030000 00:22 41267761                   /home/mleku/.local/state/cabal/store/ghc-9.6.3/asn1-types-0.3.4-52ab490310e9cb8ba1462a6195d007877c2fc9dcfb589a53e3803b95b1e1307d/lib/libHSasn1-types-0.3.4-52ab490310e9cb8ba1462a6195d007877c2fc9dcfb589a53e3803b95b1e1307d-ghc9.6.3.so
7f6b95c76000-7f6b95c79000 r--p 0004a000 00:22 41267761                   /home/mleku/.local/state/cabal/store/ghc-9.6.3/asn1-types-0.3.4-52ab490310e9cb8ba1462a6195d007877c2fc9dcfb589a53e3803b95b1e1307d/lib/libHSasn1-types-0.3.4-52ab490310e9cb8ba1462a6195d007877c2fc9dcfb589a53e3803b95b1e1307d-ghc9.6.3.so
7f6b95c79000-7f6b95c7a000 r--p 0004c000 00:22 41267761                   /home/mleku/.local/state/cabal/store/ghc-9.6.3/asn1-types-0.3.4-52ab490310e9cb8ba1462a6195d007877c2fc9dcfb589a53e3803b95b1e1307d/lib/libHSasn1-types-0.3.4-52ab490310e9cb8ba1462a6195d007877c2fc9dcfb589a53e3803b95b1e1307d-ghc9.6.3.so
7f6b95c7a000-7f6b95c80000 rw-p 0004d000 00:22 41267761                   /home/mleku/.local/state/cabal/store/ghc-9.6.3/asn1-types-0.3.4-52ab490310e9cb8ba1462a6195d007877c2fc9dcfb589a53e3803b95b1e1307d/lib/libHSasn1-types-0.3.4-52ab490310e9cb8ba1462a6195d007877c2fc9dcfb589a53e3803b95b1e1307d-ghc9.6.3.so
7f6b95c80000-7f6b95cad000 r--p 00000000 00:22 41271460                   /home/mleku/.local/state/cabal/store/ghc-9.6.3/asn1-encoding-0.9.6-7a9728b8adee899eed9bb97cf06c9589da9228bd00263511eb8e7834935a11f6/lib/libHSasn1-encoding-0.9.6-7a9728b8adee899eed9bb97cf06c9589da9228bd00263511eb8e7834935a11f6-ghc9.6.3.so
7f6b95cad000-7f6b95ccc000 r-xp 0002d000 00:22 41271460                   /home/mleku/.local/state/cabal/store/ghc-9.6.3/asn1-encoding-0.9.6-7a9728b8adee899eed9bb97cf06c9589da9228bd00263511eb8e7834935a11f6/lib/libHSasn1-encoding-0.9.6-7a9728b8adee899eed9bb97cf06c9589da9228bd00263511eb8e7834935a11f6-ghc9.6.3.so
7f6b95ccc000-7f6b95cce000 r--p 0004c000 00:22 41271460                   /home/mleku/.local/state/cabal/store/ghc-9.6.3/asn1-encoding-0.9.6-7a9728b8adee899eed9bb97cf06c9589da9228bd00263511eb8e7834935a11f6/lib/libHSasn1-encoding-0.9.6-7a9728b8adee899eed9bb97cf06c9589da9228bd00263511eb8e7834935a11f6-ghc9.6.3.so
7f6b95cce000-7f6b95ccf000 r--p 0004e000 00:22 41271460                   /home/mleku/.local/state/cabal/store/ghc-9.6.3/asn1-encoding-0.9.6-7a9728b8adee899eed9bb97cf06c9589da9228bd00263511eb8e7834935a11f6/lib/libHSasn1-encoding-0.9.6-7a9728b8adee899eed9bb97cf06c9589da9228bd00263511eb8e7834935a11f6-ghc9.6.3.so
7f6b95ccf000-7f6b95cd5000 rw-p 0004f000 00:22 41271460                   /home/mleku/.local/state/cabal/store/ghc-9.6.3/asn1-encoding-0.9.6-7a9728b8adee899eed9bb97cf06c9589da9228bd00263511eb8e7834935a11f6/lib/libHSasn1-encoding-0.9.6-7a9728b8adee899eed9bb97cf06c9589da9228bd00263511eb8e7834935a11f6-ghc9.6.3.so
7f6b95cd5000-7f6b95d8a000 r--p 00000000 00:22 41276380                   /home/mleku/.local/state/cabal/store/ghc-9.6.3/crypton-x509-1.7.6-998bb4ca6b85e4b9e331aa23ce277793a0beb37932d7c40b81027f8c9c5501bd/lib/libHScrypton-x509-1.7.6-998bb4ca6b85e4b9e331aa23ce277793a0beb37932d7c40b81027f8c9c5501bd-ghc9.6.3.so
7f6b95d8a000-7f6b95de6000 r-xp 000b5000 00:22 41276380                   /home/mleku/.local/state/cabal/store/ghc-9.6.3/crypton-x509-1.7.6-998bb4ca6b85e4b9e331aa23ce277793a0beb37932d7c40b81027f8c9c5501bd/lib/libHScrypton-x509-1.7.6-998bb4ca6b85e4b9e331aa23ce277793a0beb37932d7c40b81027f8c9c5501bd-ghc9.6.3.so
7f6b95de6000-7f6b95dec000 r--p 00111000 00:22 41276380                   /home/mleku/.local/state/cabal/store/ghc-9.6.3/crypton-x509-1.7.6-998bb4ca6b85e4b9e331aa23ce277793a0beb37932d7c40b81027f8c9c5501bd/lib/libHScrypton-x509-1.7.6-998bb4ca6b85e4b9e331aa23ce277793a0beb37932d7c40b81027f8c9c5501bd-ghc9.6.3.so
7f6b95dec000-7f6b95ded000 r--p 00117000 00:22 41276380                   /home/mleku/.local/state/cabal/store/ghc-9.6.3/crypton-x509-1.7.6-998bb4ca6b85e4b9e331aa23ce277793a0beb37932d7c40b81027f8c9c5501bd/lib/libHScrypton-x509-1.7.6-998bb4ca6b85e4b9e331aa23ce277793a0beb37932d7c40b81027f8c9c5501bd-ghc9.6.3.so
7f6b95ded000-7f6b95e00000 rw-p 00118000 00:22 41276380                   /home/mleku/.local/state/cabal/store/ghc-9.6.3/crypton-x509-1.7.6-998bb4ca6b85e4b9e331aa23ce277793a0beb37932d7c40b81027f8c9c5501bd/lib/libHScrypton-x509-1.7.6-998bb4ca6b85e4b9e331aa23ce277793a0beb37932d7c40b81027f8c9c5501bd-ghc9.6.3.so
7f6b95e00000-7f6b95e9e000 r--p 00000000 00:22 41274915                   /home/mleku/.local/state/cabal/store/ghc-9.6.3/direct-sqlcipher-2.3.28-669d2466da6028eaba8e8152fad6fcf8cd71a309fe99cd842ba434cd8b49e2be/lib/libHSdirect-sqlcipher-2.3.28-669d2466da6028eaba8e8152fad6fcf8cd71a309fe99cd842ba434cd8b49e2be-ghc9.6.3.so
7f6b95e9e000-7f6b95fde000 r-xp 0009e000 00:22 41274915                   /home/mleku/.local/state/cabal/store/ghc-9.6.3/direct-sqlcipher-2.3.28-669d2466da6028eaba8e8152fad6fcf8cd71a309fe99cd842ba434cd8b49e2be/lib/libHSdirect-sqlcipher-2.3.28-669d2466da6028eaba8e8152fad6fcf8cd71a309fe99cd842ba434cd8b49e2be-ghc9.6.3.so
7f6b95fde000-7f6b96016000 r--p 001de000 00:22 41274915                   /home/mleku/.local/state/cabal/store/ghc-9.6.3/direct-sqlcipher-2.3.28-669d2466da6028eaba8e8152fad6fcf8cd71a309fe99cd842ba434cd8b49e2be/lib/libHSdirect-sqlcipher-2.3.28-669d2466da6028eaba8e8152fad6fcf8cd71a309fe99cd842ba434cd8b49e2be-ghc9.6.3.so
7f6b96016000-7f6b9601a000 r--p 00216000 00:22 41274915                   /home/mleku/.local/state/cabal/store/ghc-9.6.3/direct-sqlcipher-2.3.28-669d2466da6028eaba8e8152fad6fcf8cd71a309fe99cd842ba434cd8b49e2be/lib/libHSdirect-sqlcipher-2.3.28-669d2466da6028eaba8e8152fad6fcf8cd71a309fe99cd842ba434cd8b49e2be-ghc9.6.3.so
7f6b9601a000-7f6b9602d000 rw-p 0021a000 00:22 41274915                   /home/mleku/.local/state/cabal/store/ghc-9.6.3/direct-sqlcipher-2.3.28-669d2466da6028eaba8e8152fad6fcf8cd71a309fe99cd842ba434cd8b49e2be/lib/libHSdirect-sqlcipher-2.3.28-669d2466da6028eaba8e8152fad6fcf8cd71a309fe99cd842ba434cd8b49e2be-ghc9.6.3.so
7f6b9602d000-7f6b9602e000 rw-p 00000000 00:00 0 
7f6b9602f000-7f6b96034000 r--p 00000000 00:22 41252404                   /home/mleku/.local/state/cabal/store/ghc-9.6.3/base-orphans-0.9.1-264c535ac11fa2bb1dc61e9601fa533869cc15baf045a8637949e684cef27141/lib/libHSbase-orphans-0.9.1-264c535ac11fa2bb1dc61e9601fa533869cc15baf045a8637949e684cef27141-ghc9.6.3.so
7f6b96034000-7f6b96036000 r-xp 00005000 00:22 41252404                   /home/mleku/.local/state/cabal/store/ghc-9.6.3/base-orphans-0.9.1-264c535ac11fa2bb1dc61e9601fa533869cc15baf045a8637949e684cef27141/lib/libHSbase-orphans-0.9.1-264c535ac11fa2bb1dc61e9601fa533869cc15baf045a8637949e684cef27141-ghc9.6.3.so
7f6b96036000-7f6b96037000 r--p 00007000 00:22 41252404                   /home/mleku/.local/state/cabal/store/ghc-9.6.3/base-orphans-0.9.1-264c535ac11fa2bb1dc61e9601fa533869cc15baf045a8637949e684cef27141/lib/libHSbase-orphans-0.9.1-264c535ac11fa2bb1dc61e9601fa533869cc15baf045a8637949e684cef27141-ghc9.6.3.so
7f6b96037000-7f6b96038000 r--p 00007000 00:22 41252404                   /home/mleku/.local/state/cabal/store/ghc-9.6.3/base-orphans-0.9.1-264c535ac11fa2bb1dc61e9601fa533869cc15baf045a8637949e684cef27141/lib/libHSbase-orphans-0.9.1-264c535ac11fa2bb1dc61e9601fa533869cc15baf045a8637949e684cef27141-ghc9.6.3.so
7f6b96038000-7f6b96039000 rw-p 00008000 00:22 41252404                   /home/mleku/.local/state/cabal/store/ghc-9.6.3/base-orphans-0.9.1-264c535ac11fa2bb1dc61e9601fa533869cc15baf045a8637949e684cef27141/lib/libHSbase-orphans-0.9.1-264c535ac11fa2bb1dc61e9601fa533869cc15baf045a8637949e684cef27141-ghc9.6.3.so
7f6b96039000-7f6b96046000 r--p 00000000 00:22 41253392                   /home/mleku/.local/state/cabal/store/ghc-9.6.3/base64-bytestring-1.2.1.0-49cd5e3a01c30b8823595cd1048fbeedf7d533d7f39e6c22a14019c54fec245b/lib/libHSbase64-bytestring-1.2.1.0-49cd5e3a01c30b8823595cd1048fbeedf7d533d7f39e6c22a14019c54fec245b-ghc9.6.3.so
7f6b96046000-7f6b96050000 r-xp 0000d000 00:22 41253392                   /home/mleku/.local/state/cabal/store/ghc-9.6.3/base64-bytestring-1.2.1.0-49cd5e3a01c30b8823595cd1048fbeedf7d533d7f39e6c22a14019c54fec245b/lib/libHSbase64-bytestring-1.2.1.0-49cd5e3a01c30b8823595cd1048fbeedf7d533d7f39e6c22a14019c54fec245b-ghc9.6.3.so
7f6b96050000-7f6b96051000 r--p 00017000 00:22 41253392                   /home/mleku/.local/state/cabal/store/ghc-9.6.3/base64-bytestring-1.2.1.0-49cd5e3a01c30b8823595cd1048fbeedf7d533d7f39e6c22a14019c54fec245b/lib/libHSbase64-bytestring-1.2.1.0-49cd5e3a01c30b8823595cd1048fbeedf7d533d7f39e6c22a14019c54fec245b-ghc9.6.3.so
7f6b96051000-7f6b96052000 r--p 00017000 00:22 41253392                   /home/mleku/.local/state/cabal/store/ghc-9.6.3/base64-bytestring-1.2.1.0-49cd5e3a01c30b8823595cd1048fbeedf7d533d7f39e6c22a14019c54fec245b/lib/libHSbase64-bytestring-1.2.1.0-49cd5e3a01c30b8823595cd1048fbeedf7d533d7f39e6c22a14019c54fec245b-ghc9.6.3.so
7f6b96052000-7f6b96054000 rw-p 00018000 00:22 41253392                   /home/mleku/.local/state/cabal/store/ghc-9.6.3/base64-bytestring-1.2.1.0-49cd5e3a01c30b8823595cd1048fbeedf7d533d7f39e6c22a14019c54fec245b/lib/libHSbase64-bytestring-1.2.1.0-49cd5e3a01c30b8823595cd1048fbeedf7d533d7f39e6c22a14019c54fec245b-ghc9.6.3.so
7f6b96054000-7f6b96167000 r-xp 00000000 00:22 41240305                   /home/mleku/.ghcup/ghc/9.6.3/lib/ghc-9.6.3/lib/x86_64-linux-ghc-9.6.3/libHSunix-2.8.1.0-ghc9.6.3.so
7f6b96167000-7f6b96168000 ---p 00113000 00:22 41240305                   /home/mleku/.ghcup/ghc/9.6.3/lib/ghc-9.6.3/lib/x86_64-linux-ghc-9.6.3/libHSunix-2.8.1.0-ghc9.6.3.so
7f6b96168000-7f6b96169000 r--p 00113000 00:22 41240305                   /home/mleku/.ghcup/ghc/9.6.3/lib/ghc-9.6.3/lib/x86_64-linux-ghc-9.6.3/libHSunix-2.8.1.0-ghc9.6.3.so
7f6b96169000-7f6b9617e000 rw-p 00114000 00:22 41240305                   /home/mleku/.ghcup/ghc/9.6.3/lib/ghc-9.6.3/lib/x86_64-linux-ghc-9.6.3/libHSunix-2.8.1.0-ghc9.6.3.so
7f6b9617e000-7f6b961f7000 r-xp 00000000 00:22 41238649                   /home/mleku/.ghcup/ghc/9.6.3/lib/ghc-9.6.3/lib/x86_64-linux-ghc-9.6.3/libHSdirectory-1.3.8.1-ghc9.6.3.so
7f6b961f7000-7f6b961f8000 r--p 00078000 00:22 41238649                   /home/mleku/.ghcup/ghc/9.6.3/lib/ghc-9.6.3/lib/x86_64-linux-ghc-9.6.3/libHSdirectory-1.3.8.1-ghc9.6.3.so
7f6b961f8000-7f6b96200000 rw-p 00079000 00:22 41238649                   /home/mleku/.ghcup/ghc/9.6.3/lib/ghc-9.6.3/lib/x86_64-linux-ghc-9.6.3/libHSdirectory-1.3.8.1-ghc9.6.3.so
7f6b96200000-7f6b96380000 r--p 00000000 00:22 41275544                   /home/mleku/.local/state/cabal/store/ghc-9.6.3/http2-4.2.2-279e9f93a2a789f5c64f9764f7bd3769d90a8545611b3427359c36d57278b0f6/lib/libHShttp2-4.2.2-279e9f93a2a789f5c64f9764f7bd3769d90a8545611b3427359c36d57278b0f6-ghc9.6.3.so
7f6b96380000-7f6b96435000 r-xp 00180000 00:22 41275544                   /home/mleku/.local/state/cabal/store/ghc-9.6.3/http2-4.2.2-279e9f93a2a789f5c64f9764f7bd3769d90a8545611b3427359c36d57278b0f6/lib/libHShttp2-4.2.2-279e9f93a2a789f5c64f9764f7bd3769d90a8545611b3427359c36d57278b0f6-ghc9.6.3.so
7f6b96435000-7f6b9643c000 r--p 00235000 00:22 41275544                   /home/mleku/.local/state/cabal/store/ghc-9.6.3/http2-4.2.2-279e9f93a2a789f5c64f9764f7bd3769d90a8545611b3427359c36d57278b0f6/lib/libHShttp2-4.2.2-279e9f93a2a789f5c64f9764f7bd3769d90a8545611b3427359c36d57278b0f6-ghc9.6.3.so
7f6b9643c000-7f6b9643d000 r--p 0023c000 00:22 41275544                   /home/mleku/.local/state/cabal/store/ghc-9.6.3/http2-4.2.2-279e9f93a2a789f5c64f9764f7bd3769d90a8545611b3427359c36d57278b0f6/lib/libHShttp2-4.2.2-279e9f93a2a789f5c64f9764f7bd3769d90a8545611b3427359c36d57278b0f6-ghc9.6.3.so
7f6b9643d000-7f6b9646f000 rw-p 0023d000 00:22 41275544                   /home/mleku/.local/state/cabal/store/ghc-9.6.3/http2-4.2.2-279e9f93a2a789f5c64f9764f7bd3769d90a8545611b3427359c36d57278b0f6/lib/libHShttp2-4.2.2-279e9f93a2a789f5c64f9764f7bd3769d90a8545611b3427359c36d57278b0f6-ghc9.6.3.so
7f6b9646f000-7f6b96477000 r--p 00000000 00:22 41257231                   /home/mleku/.local/state/cabal/store/ghc-9.6.3/StateVar-1.2.2-a828c4fffd0a9f376bdf1d2a0630fdc0e11764f2810422e01054ef1e5ae7a0d9/lib/libHSStateVar-1.2.2-a828c4fffd0a9f376bdf1d2a0630fdc0e11764f2810422e01054ef1e5ae7a0d9-ghc9.6.3.so
7f6b96477000-7f6b9647a000 r-xp 00008000 00:22 41257231                   /home/mleku/.local/state/cabal/store/ghc-9.6.3/StateVar-1.2.2-a828c4fffd0a9f376bdf1d2a0630fdc0e11764f2810422e01054ef1e5ae7a0d9/lib/libHSStateVar-1.2.2-a828c4fffd0a9f376bdf1d2a0630fdc0e11764f2810422e01054ef1e5ae7a0d9-ghc9.6.3.so
7f6b9647a000-7f6b9647b000 r--p 0000b000 00:22 41257231                   /home/mleku/.local/state/cabal/store/ghc-9.6.3/StateVar-1.2.2-a828c4fffd0a9f376bdf1d2a0630fdc0e11764f2810422e01054ef1e5ae7a0d9/lib/libHSStateVar-1.2.2-a828c4fffd0a9f376bdf1d2a0630fdc0e11764f2810422e01054ef1e5ae7a0d9-ghc9.6.3.so
7f6b9647b000-7f6b9647c000 r--p 0000b000 00:22 41257231                   /home/mleku/.local/state/cabal/store/ghc-9.6.3/StateVar-1.2.2-a828c4fffd0a9f376bdf1d2a0630fdc0e11764f2810422e01054ef1e5ae7a0d9/lib/libHSStateVar-1.2.2-a828c4fffd0a9f376bdf1d2a0630fdc0e11764f2810422e01054ef1e5ae7a0d9-ghc9.6.3.so
7f6b9647c000-7f6b9647d000 rw-p 0000c000 00:22 41257231                   /home/mleku/.local/state/cabal/store/ghc-9.6.3/StateVar-1.2.2-a828c4fffd0a9f376bdf1d2a0630fdc0e11764f2810422e01054ef1e5ae7a0d9/lib/libHSStateVar-1.2.2-a828c4fffd0a9f376bdf1d2a0630fdc0e11764f2810422e01054ef1e5ae7a0d9-ghc9.6.3.so
7f6b9647d000-7f6b96489000 r-xp 00000000 00:22 41240783                   /home/mleku/.ghcup/ghc/9.6.3/lib/ghc-9.6.3/lib/x86_64-linux-ghc-9.6.3/libHSinteger-gmp-1.1-ghc9.6.3.so
7f6b96489000-7f6b9648a000 r--p 0000b000 00:22 41240783                   /home/mleku/.ghcup/ghc/9.6.3/lib/ghc-9.6.3/lib/x86_64-linux-ghc-9.6.3/libHSinteger-gmp-1.1-ghc9.6.3.so
7f6b9648a000-7f6b9648b000 rw-p 0000c000 00:22 41240783                   /home/mleku/.ghcup/ghc/9.6.3/lib/ghc-9.6.3/lib/x86_64-linux-ghc-9.6.3/libHSinteger-gmp-1.1-ghc9.6.3.so
7f6b9648b000-7f6b964d9000 r--p 00000000 00:22 41268072                   /home/mleku/.local/state/cabal/store/ghc-9.6.3/http-types-0.12.4-04b79bbaa320685b0d9adb7fa02616087e75618cb90fa0923146d636c6dc5c73/lib/libHShttp-types-0.12.4-04b79bbaa320685b0d9adb7fa02616087e75618cb90fa0923146d636c6dc5c73-ghc9.6.3.so
7f6b964d9000-7f6b96502000 r-xp 0004e000 00:22 41268072                   /home/mleku/.local/state/cabal/store/ghc-9.6.3/http-types-0.12.4-04b79bbaa320685b0d9adb7fa02616087e75618cb90fa0923146d636c6dc5c73/lib/libHShttp-types-0.12.4-04b79bbaa320685b0d9adb7fa02616087e75618cb90fa0923146d636c6dc5c73-ghc9.6.3.so
7f6b96502000-7f6b96505000 r--p 00077000 00:22 41268072                   /home/mleku/.local/state/cabal/store/ghc-9.6.3/http-types-0.12.4-04b79bbaa320685b0d9adb7fa02616087e75618cb90fa0923146d636c6dc5c73/lib/libHShttp-types-0.12.4-04b79bbaa320685b0d9adb7fa02616087e75618cb90fa0923146d636c6dc5c73-ghc9.6.3.so
7f6b96505000-7f6b96506000 r--p 0007a000 00:22 41268072                   /home/mleku/.local/state/cabal/store/ghc-9.6.3/http-types-0.12.4-04b79bbaa320685b0d9adb7fa02616087e75618cb90fa0923146d636c6dc5c73/lib/libHShttp-types-0.12.4-04b79bbaa320685b0d9adb7fa02616087e75618cb90fa0923146d636c6dc5c73-ghc9.6.3.so
7f6b96506000-7f6b9650d000 rw-p 0007b000 00:22 41268072                   /home/mleku/.local/state/cabal/store/ghc-9.6.3/http-types-0.12.4-04b79bbaa320685b0d9adb7fa02616087e75618cb90fa0923146d636c6dc5c73/lib/libHShttp-types-0.12.4-04b79bbaa320685b0d9adb7fa02616087e75618cb90fa0923146d636c6dc5c73-ghc9.6.3.so
7f6b9650d000-7f6b965af000 r--p 00000000 00:22 41266518                   /home/mleku/.local/state/cabal/store/ghc-9.6.3/network-3.1.4.0-d7a34d14b13a117592434557be9626c3e970a42510042af7c7f787b50c31f140/lib/libHSnetwork-3.1.4.0-d7a34d14b13a117592434557be9626c3e970a42510042af7c7f787b50c31f140-ghc9.6.3.so
7f6b965af000-7f6b965ee000 r-xp 000a2000 00:22 41266518                   /home/mleku/.local/state/cabal/store/ghc-9.6.3/network-3.1.4.0-d7a34d14b13a117592434557be9626c3e970a42510042af7c7f787b50c31f140/lib/libHSnetwork-3.1.4.0-d7a34d14b13a117592434557be9626c3e970a42510042af7c7f787b50c31f140-ghc9.6.3.so
7f6b965ee000-7f6b965f1000 r--p 000e1000 00:22 41266518                   /home/mleku/.local/state/cabal/store/ghc-9.6.3/network-3.1.4.0-d7a34d14b13a117592434557be9626c3e970a42510042af7c7f787b50c31f140/lib/libHSnetwork-3.1.4.0-d7a34d14b13a117592434557be9626c3e970a42510042af7c7f787b50c31f140-ghc9.6.3.so
7f6b965f1000-7f6b965f2000 r--p 000e3000 00:22 41266518                   /home/mleku/.local/state/cabal/store/ghc-9.6.3/network-3.1.4.0-d7a34d14b13a117592434557be9626c3e970a42510042af7c7f787b50c31f140/lib/libHSnetwork-3.1.4.0-d7a34d14b13a117592434557be9626c3e970a42510042af7c7f787b50c31f140-ghc9.6.3.so
7f6b965f2000-7f6b96600000 rw-p 000e4000 00:22 41266518                   /home/mleku/.local/state/cabal/store/ghc-9.6.3/network-3.1.4.0-d7a34d14b13a117592434557be9626c3e970a42510042af7c7f787b50c31f140/lib/libHSnetwork-3.1.4.0-d7a34d14b13a117592434557be9626c3e970a42510042af7c7f787b50c31f140-ghc9.6.3.so
7f6b96600000-7f6b96622000 r--p 00000000 00:22 41280761                   /home/mleku/.local/state/cabal/store/ghc-9.6.3/vector-algorithms-0.9.0.1-622db70b7c3b579b7fe0b3e87dc9b73bdd25f7c197595d6188f4ff6c97ca3a03/lib/libHSvector-algorithms-0.9.0.1-622db70b7c3b579b7fe0b3e87dc9b73bdd25f7c197595d6188f4ff6c97ca3a03-ghc9.6.3.so
7f6b96622000-7f6b96873000 r-xp 00022000 00:22 41280761                   /home/mleku/.local/state/cabal/store/ghc-9.6.3/vector-algorithms-0.9.0.1-622db70b7c3b579b7fe0b3e87dc9b73bdd25f7c197595d6188f4ff6c97ca3a03/lib/libHSvector-algorithms-0.9.0.1-622db70b7c3b579b7fe0b3e87dc9b73bdd25f7c197595d6188f4ff6c97ca3a03-ghc9.6.3.so
7f6b96873000-7f6b96874000 r--p 00273000 00:22 41280761                   /home/mleku/.local/state/cabal/store/ghc-9.6.3/vector-algorithms-0.9.0.1-622db70b7c3b579b7fe0b3e87dc9b73bdd25f7c197595d6188f4ff6c97ca3a03/lib/libHSvector-algorithms-0.9.0.1-622db70b7c3b579b7fe0b3e87dc9b73bdd25f7c197595d6188f4ff6c97ca3a03-ghc9.6.3.so
7f6b96874000-7f6b96875000 r--p 00274000 00:22 41280761                   /home/mleku/.local/state/cabal/store/ghc-9.6.3/vector-algorithms-0.9.0.1-622db70b7c3b579b7fe0b3e87dc9b73bdd25f7c197595d6188f4ff6c97ca3a03/lib/libHSvector-algorithms-0.9.0.1-622db70b7c3b579b7fe0b3e87dc9b73bdd25f7c197595d6188f4ff6c97ca3a03-ghc9.6.3.so
7f6b96875000-7f6b96879000 rw-p 00275000 00:22 41280761                   /home/mleku/.local/state/cabal/store/ghc-9.6.3/vector-algorithms-0.9.0.1-622db70b7c3b579b7fe0b3e87dc9b73bdd25f7c197595d6188f4ff6c97ca3a03/lib/libHSvector-algorithms-0.9.0.1-622db70b7c3b579b7fe0b3e87dc9b73bdd25f7c197595d6188f4ff6c97ca3a03-ghc9.6.3.so
7f6b9687c000-7f6b9687e000 r--p 00000000 00:22 41257528                   /home/mleku/.local/state/cabal/store/ghc-9.6.3/OneTuple-0.4.1.1-25a6728f7eaaed6f25c0c84b9d23c563689aba5664fafb9d25de1e8b6e93e436/lib/libHSOneTuple-0.4.1.1-25a6728f7eaaed6f25c0c84b9d23c563689aba5664fafb9d25de1e8b6e93e436-ghc9.6.3.so
7f6b9687e000-7f6b9687f000 r-xp 00002000 00:22 41257528                   /home/mleku/.local/state/cabal/store/ghc-9.6.3/OneTuple-0.4.1.1-25a6728f7eaaed6f25c0c84b9d23c563689aba5664fafb9d25de1e8b6e93e436/lib/libHSOneTuple-0.4.1.1-25a6728f7eaaed6f25c0c84b9d23c563689aba5664fafb9d25de1e8b6e93e436-ghc9.6.3.so
7f6b9687f000-7f6b96880000 r--p 00003000 00:22 41257528                   /home/mleku/.local/state/cabal/store/ghc-9.6.3/OneTuple-0.4.1.1-25a6728f7eaaed6f25c0c84b9d23c563689aba5664fafb9d25de1e8b6e93e436/lib/libHSOneTuple-0.4.1.1-25a6728f7eaaed6f25c0c84b9d23c563689aba5664fafb9d25de1e8b6e93e436-ghc9.6.3.so
7f6b96880000-7f6b96881000 r--p 00003000 00:22 41257528                   /home/mleku/.local/state/cabal/store/ghc-9.6.3/OneTuple-0.4.1.1-25a6728f7eaaed6f25c0c84b9d23c563689aba5664fafb9d25de1e8b6e93e436/lib/libHSOneTuple-0.4.1.1-25a6728f7eaaed6f25c0c84b9d23c563689aba5664fafb9d25de1e8b6e93e436-ghc9.6.3.so
7f6b96881000-7f6b96882000 rw-p 00004000 00:22 41257528                   /home/mleku/.local/state/cabal/store/ghc-9.6.3/OneTuple-0.4.1.1-25a6728f7eaaed6f25c0c84b9d23c563689aba5664fafb9d25de1e8b6e93e436/lib/libHSOneTuple-0.4.1.1-25a6728f7eaaed6f25c0c84b9d23c563689aba5664fafb9d25de1e8b6e93e436-ghc9.6.3.so
7f6b96882000-7f6b9688a000 r--p 00000000 00:22 41274090                   /home/mleku/.local/state/cabal/store/ghc-9.6.3/asn1-parse-0.9.5-388a8b57b8e521bbc599a749d1894177c5d08ec8998c0db0c8a3c6e56f135e02/lib/libHSasn1-parse-0.9.5-388a8b57b8e521bbc599a749d1894177c5d08ec8998c0db0c8a3c6e56f135e02-ghc9.6.3.so
7f6b9688a000-7f6b9688d000 r-xp 00008000 00:22 41274090                   /home/mleku/.local/state/cabal/store/ghc-9.6.3/asn1-parse-0.9.5-388a8b57b8e521bbc599a749d1894177c5d08ec8998c0db0c8a3c6e56f135e02/lib/libHSasn1-parse-0.9.5-388a8b57b8e521bbc599a749d1894177c5d08ec8998c0db0c8a3c6e56f135e02-ghc9.6.3.so
7f6b9688d000-7f6b9688e000 r--p 0000b000 00:22 41274090                   /home/mleku/.local/state/cabal/store/ghc-9.6.3/asn1-parse-0.9.5-388a8b57b8e521bbc599a749d1894177c5d08ec8998c0db0c8a3c6e56f135e02/lib/libHSasn1-parse-0.9.5-388a8b57b8e521bbc599a749d1894177c5d08ec8998c0db0c8a3c6e56f135e02-ghc9.6.3.so
7f6b9688e000-7f6b9688f000 r--p 0000b000 00:22 41274090                   /home/mleku/.local/state/cabal/store/ghc-9.6.3/asn1-parse-0.9.5-388a8b57b8e521bbc599a749d1894177c5d08ec8998c0db0c8a3c6e56f135e02/lib/libHSasn1-parse-0.9.5-388a8b57b8e521bbc599a749d1894177c5d08ec8998c0db0c8a3c6e56f135e02-ghc9.6.3.so
7f6b9688f000-7f6b96890000 rw-p 0000c000 00:22 41274090                   /home/mleku/.local/state/cabal/store/ghc-9.6.3/asn1-parse-0.9.5-388a8b57b8e521bbc599a749d1894177c5d08ec8998c0db0c8a3c6e56f135e02/lib/libHSasn1-parse-0.9.5-388a8b57b8e521bbc599a749d1894177c5d08ec8998c0db0c8a3c6e56f135e02-ghc9.6.3.so
7f6b96890000-7f6b96899000 r--p 00000000 00:22 41267400                   /home/mleku/.local/state/cabal/store/ghc-9.6.3/pem-0.2.4-f906496cff163a500cd65e64adb820577bcc6db48a8415f3199036f58c5276a6/lib/libHSpem-0.2.4-f906496cff163a500cd65e64adb820577bcc6db48a8415f3199036f58c5276a6-ghc9.6.3.so
7f6b96899000-7f6b9689d000 r-xp 00009000 00:22 41267400                   /home/mleku/.local/state/cabal/store/ghc-9.6.3/pem-0.2.4-f906496cff163a500cd65e64adb820577bcc6db48a8415f3199036f58c5276a6/lib/libHSpem-0.2.4-f906496cff163a500cd65e64adb820577bcc6db48a8415f3199036f58c5276a6-ghc9.6.3.so
7f6b9689d000-7f6b9689e000 r--p 0000d000 00:22 41267400                   /home/mleku/.local/state/cabal/store/ghc-9.6.3/pem-0.2.4-f906496cff163a500cd65e64adb820577bcc6db48a8415f3199036f58c5276a6/lib/libHSpem-0.2.4-f906496cff163a500cd65e64adb820577bcc6db48a8415f3199036f58c5276a6-ghc9.6.3.so
7f6b9689e000-7f6b9689f000 r--p 0000d000 00:22 41267400                   /home/mleku/.local/state/cabal/store/ghc-9.6.3/pem-0.2.4-f906496cff163a500cd65e64adb820577bcc6db48a8415f3199036f58c5276a6/lib/libHSpem-0.2.4-f906496cff163a500cd65e64adb820577bcc6db48a8415f3199036f58c5276a6-ghc9.6.3.so
7f6b9689f000-7f6b968a0000 rw-p 0000e000 00:22 41267400                   /home/mleku/.local/state/cabal/store/ghc-9.6.3/pem-0.2.4-f906496cff163a500cd65e64adb820577bcc6db48a8415f3199036f58c5276a6/lib/libHSpem-0.2.4-f906496cff163a500cd65e64adb820577bcc6db48a8415f3199036f58c5276a6-ghc9.6.3.so
7f6b968a0000-7f6b968b1000 r--p 00000000 00:22 41274838                   /home/mleku/.local/state/cabal/store/ghc-9.6.3/email-validate-2.3.2.19-8e093d39175bc833333d170127e683e34f7c13447809285b558be894a69a8107/lib/libHSemail-validate-2.3.2.19-8e093d39175bc833333d170127e683e34f7c13447809285b558be894a69a8107-ghc9.6.3.so
7f6b968b1000-7f6b968c6000 r-xp 00011000 00:22 41274838                   /home/mleku/.local/state/cabal/store/ghc-9.6.3/email-validate-2.3.2.19-8e093d39175bc833333d170127e683e34f7c13447809285b558be894a69a8107/lib/libHSemail-validate-2.3.2.19-8e093d39175bc833333d170127e683e34f7c13447809285b558be894a69a8107-ghc9.6.3.so
7f6b968c6000-7f6b968c7000 r--p 00026000 00:22 41274838                   /home/mleku/.local/state/cabal/store/ghc-9.6.3/email-validate-2.3.2.19-8e093d39175bc833333d170127e683e34f7c13447809285b558be894a69a8107/lib/libHSemail-validate-2.3.2.19-8e093d39175bc833333d170127e683e34f7c13447809285b558be894a69a8107-ghc9.6.3.so
7f6b968c7000-7f6b968c8000 r--p 00026000 00:22 41274838                   /home/mleku/.local/state/cabal/store/ghc-9.6.3/email-validate-2.3.2.19-8e093d39175bc833333d170127e683e34f7c13447809285b558be894a69a8107/lib/libHSemail-validate-2.3.2.19-8e093d39175bc833333d170127e683e34f7c13447809285b558be894a69a8107-ghc9.6.3.so
7f6b968c8000-7f6b968cb000 rw-p 00027000 00:22 41274838                   /home/mleku/.local/state/cabal/store/ghc-9.6.3/email-validate-2.3.2.19-8e093d39175bc833333d170127e683e34f7c13447809285b558be894a69a8107/lib/libHSemail-validate-2.3.2.19-8e093d39175bc833333d170127e683e34f7c13447809285b558be894a69a8107-ghc9.6.3.so
7f6b968cb000-7f6b968fb000 r--p 00000000 00:22 41264146                   /home/mleku/.local/state/cabal/store/ghc-9.6.3/psqueues-0.2.8.0-cf18912fd284bc3c4ca8133b791460e95c2ce18855d35dbe15128d1b9b901f99/lib/libHSpsqueues-0.2.8.0-cf18912fd284bc3c4ca8133b791460e95c2ce18855d35dbe15128d1b9b901f99-ghc9.6.3.so
7f6b968fb000-7f6b9694a000 r-xp 00030000 00:22 41264146                   /home/mleku/.local/state/cabal/store/ghc-9.6.3/psqueues-0.2.8.0-cf18912fd284bc3c4ca8133b791460e95c2ce18855d35dbe15128d1b9b901f99/lib/libHSpsqueues-0.2.8.0-cf18912fd284bc3c4ca8133b791460e95c2ce18855d35dbe15128d1b9b901f99-ghc9.6.3.so
7f6b9694a000-7f6b9694b000 r--p 0007f000 00:22 41264146                   /home/mleku/.local/state/cabal/store/ghc-9.6.3/psqueues-0.2.8.0-cf18912fd284bc3c4ca8133b791460e95c2ce18855d35dbe15128d1b9b901f99/lib/libHSpsqueues-0.2.8.0-cf18912fd284bc3c4ca8133b791460e95c2ce18855d35dbe15128d1b9b901f99-ghc9.6.3.so
7f6b9694b000-7f6b9694c000 r--p 0007f000 00:22 41264146                   /home/mleku/.local/state/cabal/store/ghc-9.6.3/psqueues-0.2.8.0-cf18912fd284bc3c4ca8133b791460e95c2ce18855d35dbe15128d1b9b901f99/lib/libHSpsqueues-0.2.8.0-cf18912fd284bc3c4ca8133b791460e95c2ce18855d35dbe15128d1b9b901f99-ghc9.6.3.so
7f6b9694c000-7f6b96950000 rw-p 00080000 00:22 41264146                   /home/mleku/.local/state/cabal/store/ghc-9.6.3/psqueues-0.2.8.0-cf18912fd284bc3c4ca8133b791460e95c2ce18855d35dbe15128d1b9b901f99/lib/libHSpsqueues-0.2.8.0-cf18912fd284bc3c4ca8133b791460e95c2ce18855d35dbe15128d1b9b901f99-ghc9.6.3.so
7f6b96950000-7f6b969b3000 r--p 00000000 00:22 41269156                   /home/mleku/.local/state/cabal/store/ghc-9.6.3/unliftio-0.2.25.0-e49039a2da3a9a3368bfeaf21760d33880319bcb69605951ea8183d181cc2a0c/lib/libHSunliftio-0.2.25.0-e49039a2da3a9a3368bfeaf21760d33880319bcb69605951ea8183d181cc2a0c-ghc9.6.3.so
7f6b969b3000-7f6b969f3000 r-xp 00063000 00:22 41269156                   /home/mleku/.local/state/cabal/store/ghc-9.6.3/unliftio-0.2.25.0-e49039a2da3a9a3368bfeaf21760d33880319bcb69605951ea8183d181cc2a0c/lib/libHSunliftio-0.2.25.0-e49039a2da3a9a3368bfeaf21760d33880319bcb69605951ea8183d181cc2a0c-ghc9.6.3.so
7f6b969f3000-7f6b969f5000 r--p 000a3000 00:22 41269156                   /home/mleku/.local/state/cabal/store/ghc-9.6.3/unliftio-0.2.25.0-e49039a2da3a9a3368bfeaf21760d33880319bcb69605951ea8183d181cc2a0c/lib/libHSunliftio-0.2.25.0-e49039a2da3a9a3368bfeaf21760d33880319bcb69605951ea8183d181cc2a0c-ghc9.6.3.so
7f6b969f5000-7f6b969f7000 r--p 000a4000 00:22 41269156                   /home/mleku/.local/state/cabal/store/ghc-9.6.3/unliftio-0.2.25.0-e49039a2da3a9a3368bfeaf21760d33880319bcb69605951ea8183d181cc2a0c/lib/libHSunliftio-0.2.25.0-e49039a2da3a9a3368bfeaf21760d33880319bcb69605951ea8183d181cc2a0c-ghc9.6.3.so
7f6b969f7000-7f6b96a00000 rw-p 000a6000 00:22 41269156                   /home/mleku/.local/state/cabal/store/ghc-9.6.3/unliftio-0.2.25.0-e49039a2da3a9a3368bfeaf21760d33880319bcb69605951ea8183d181cc2a0c/lib/libHSunliftio-0.2.25.0-e49039a2da3a9a3368bfeaf21760d33880319bcb69605951ea8183d181cc2a0c-ghc9.6.3.so
7f6b96a00000-7f6b9738e000 r--p 00000000 00:22 41288053                   /home/mleku/.local/state/cabal/store/ghc-9.6.3/simplexmq-6.5.5.0-febaeff1d580661d2331bd40b2b748e5ed3a55ab4e7720ab3d4eb141d132e3e8/lib/libHSsimplexmq-6.5.5.0-febaeff1d580661d2331bd40b2b748e5ed3a55ab4e7720ab3d4eb141d132e3e8-ghc9.6.3.so
7f6b9738e000-7f6b97e45000 r-xp 0098e000 00:22 41288053                   /home/mleku/.local/state/cabal/store/ghc-9.6.3/simplexmq-6.5.5.0-febaeff1d580661d2331bd40b2b748e5ed3a55ab4e7720ab3d4eb141d132e3e8/lib/libHSsimplexmq-6.5.5.0-febaeff1d580661d2331bd40b2b748e5ed3a55ab4e7720ab3d4eb141d132e3e8-ghc9.6.3.so
7f6b97e45000-7f6b97e9f000 r--p 01445000 00:22 41288053                   /home/mleku/.local/state/cabal/store/ghc-9.6.3/simplexmq-6.5.5.0-febaeff1d580661d2331bd40b2b748e5ed3a55ab4e7720ab3d4eb141d132e3e8/lib/libHSsimplexmq-6.5.5.0-febaeff1d580661d2331bd40b2b748e5ed3a55ab4e7720ab3d4eb141d132e3e8-ghc9.6.3.so
7f6b97e9f000-7f6b97ea3000 r--p 0149e000 00:22 41288053                   /home/mleku/.local/state/cabal/store/ghc-9.6.3/simplexmq-6.5.5.0-febaeff1d580661d2331bd40b2b748e5ed3a55ab4e7720ab3d4eb141d132e3e8/lib/libHSsimplexmq-6.5.5.0-febaeff1d580661d2331bd40b2b748e5ed3a55ab4e7720ab3d4eb141d132e3e8-ghc9.6.3.so
7f6b97ea3000-7f6b97fac000 rw-p 014a2000 00:22 41288053                   /home/mleku/.local/state/cabal/store/ghc-9.6.3/simplexmq-6.5.5.0-febaeff1d580661d2331bd40b2b748e5ed3a55ab4e7720ab3d4eb141d132e3e8/lib/libHSsimplexmq-6.5.5.0-febaeff1d580661d2331bd40b2b748e5ed3a55ab4e7720ab3d4eb141d132e3e8-ghc9.6.3.so
7f6b97fac000-7f6b97fad000 r--p 00000000 00:22 41256287                   /home/mleku/.local/state/cabal/store/ghc-9.6.3/generically-0.1.1-2834f311c967983e0bc61b2c2991e5f1889ec4efc87b9657d666962213309952/lib/libHSgenerically-0.1.1-2834f311c967983e0bc61b2c2991e5f1889ec4efc87b9657d666962213309952-ghc9.6.3.so
7f6b97fad000-7f6b97fae000 r-xp 00001000 00:22 41256287                   /home/mleku/.local/state/cabal/store/ghc-9.6.3/generically-0.1.1-2834f311c967983e0bc61b2c2991e5f1889ec4efc87b9657d666962213309952/lib/libHSgenerically-0.1.1-2834f311c967983e0bc61b2c2991e5f1889ec4efc87b9657d666962213309952-ghc9.6.3.so
7f6b97fae000-7f6b97faf000 r--p 00002000 00:22 41256287                   /home/mleku/.local/state/cabal/store/ghc-9.6.3/generically-0.1.1-2834f311c967983e0bc61b2c2991e5f1889ec4efc87b9657d666962213309952/lib/libHSgenerically-0.1.1-2834f311c967983e0bc61b2c2991e5f1889ec4efc87b9657d666962213309952-ghc9.6.3.so
7f6b97faf000-7f6b97fb0000 r--p 00002000 00:22 41256287                   /home/mleku/.local/state/cabal/store/ghc-9.6.3/generically-0.1.1-2834f311c967983e0bc61b2c2991e5f1889ec4efc87b9657d666962213309952/lib/libHSgenerically-0.1.1-2834f311c967983e0bc61b2c2991e5f1889ec4efc87b9657d666962213309952-ghc9.6.3.so
7f6b97fb0000-7f6b97fb1000 rw-p 00003000 00:22 41256287                   /home/mleku/.local/state/cabal/store/ghc-9.6.3/generically-0.1.1-2834f311c967983e0bc61b2c2991e5f1889ec4efc87b9657d666962213309952/lib/libHSgenerically-0.1.1-2834f311c967983e0bc61b2c2991e5f1889ec4efc87b9657d666962213309952-ghc9.6.3.so
7f6b97fb1000-7f6b97fbf000 r--p 00000000 00:22 41258453                   /home/mleku/.local/state/cabal/store/ghc-9.6.3/old-locale-1.0.0.7-2fc41634d130ad577f30ae220a366c50aded85663753062bcd06dee8a22a28ee/lib/libHSold-locale-1.0.0.7-2fc41634d130ad577f30ae220a366c50aded85663753062bcd06dee8a22a28ee-ghc9.6.3.so
7f6b97fbf000-7f6b97fc3000 r-xp 0000e000 00:22 41258453                   /home/mleku/.local/state/cabal/store/ghc-9.6.3/old-locale-1.0.0.7-2fc41634d130ad577f30ae220a366c50aded85663753062bcd06dee8a22a28ee/lib/libHSold-locale-1.0.0.7-2fc41634d130ad577f30ae220a366c50aded85663753062bcd06dee8a22a28ee-ghc9.6.3.so
7f6b97fc3000-7f6b97fc4000 r--p 00012000 00:22 41258453                   /home/mleku/.local/state/cabal/store/ghc-9.6.3/old-locale-1.0.0.7-2fc41634d130ad577f30ae220a366c50aded85663753062bcd06dee8a22a28ee/lib/libHSold-locale-1.0.0.7-2fc41634d130ad577f30ae220a366c50aded85663753062bcd06dee8a22a28ee-ghc9.6.3.so
7f6b97fc4000-7f6b97fc5000 r--p 00012000 00:22 41258453                   /home/mleku/.local/state/cabal/store/ghc-9.6.3/old-locale-1.0.0.7-2fc41634d130ad577f30ae220a366c50aded85663753062bcd06dee8a22a28ee/lib/libHSold-locale-1.0.0.7-2fc41634d130ad577f30ae220a366c50aded85663753062bcd06dee8a22a28ee-ghc9.6.3.so
7f6b97fc5000-7f6b97fc7000 rw-p 00013000 00:22 41258453                   /home/mleku/.local/state/cabal/store/ghc-9.6.3/old-locale-1.0.0.7-2fc41634d130ad577f30ae220a366c50aded85663753062bcd06dee8a22a28ee/lib/libHSold-locale-1.0.0.7-2fc41634d130ad577f30ae220a366c50aded85663753062bcd06dee8a22a28ee-ghc9.6.3.so
7f6b97fc7000-7f6b97fd4000 r--p 00000000 00:22 41256385                   /home/mleku/.local/state/cabal/store/ghc-9.6.3/file-embed-0.0.15.0-858d0ef424fd92d742d20e68b7596e642557183aba03df51abd86155233a5a95/lib/libHSfile-embed-0.0.15.0-858d0ef424fd92d742d20e68b7596e642557183aba03df51abd86155233a5a95-ghc9.6.3.so
7f6b97fd4000-7f6b97fde000 r-xp 0000d000 00:22 41256385                   /home/mleku/.local/state/cabal/store/ghc-9.6.3/file-embed-0.0.15.0-858d0ef424fd92d742d20e68b7596e642557183aba03df51abd86155233a5a95/lib/libHSfile-embed-0.0.15.0-858d0ef424fd92d742d20e68b7596e642557183aba03df51abd86155233a5a95-ghc9.6.3.so
7f6b97fde000-7f6b97fdf000 r--p 00017000 00:22 41256385                   /home/mleku/.local/state/cabal/store/ghc-9.6.3/file-embed-0.0.15.0-858d0ef424fd92d742d20e68b7596e642557183aba03df51abd86155233a5a95/lib/libHSfile-embed-0.0.15.0-858d0ef424fd92d742d20e68b7596e642557183aba03df51abd86155233a5a95-ghc9.6.3.so
7f6b97fdf000-7f6b97fe0000 r--p 00017000 00:22 41256385                   /home/mleku/.local/state/cabal/store/ghc-9.6.3/file-embed-0.0.15.0-858d0ef424fd92d742d20e68b7596e642557183aba03df51abd86155233a5a95/lib/libHSfile-embed-0.0.15.0-858d0ef424fd92d742d20e68b7596e642557183aba03df51abd86155233a5a95-ghc9.6.3.so
7f6b97fe0000-7f6b97fe2000 rw-p 00018000 00:22 41256385                   /home/mleku/.local/state/cabal/store/ghc-9.6.3/file-embed-0.0.15.0-858d0ef424fd92d742d20e68b7596e642557183aba03df51abd86155233a5a95/lib/libHSfile-embed-0.0.15.0-858d0ef424fd92d742d20e68b7596e642557183aba03df51abd86155233a5a95-ghc9.6.3.so
7f6b97fe2000-7f6b97ff1000 r--p 00000000 00:22 41263438                   /home/mleku/.local/state/cabal/store/ghc-9.6.3/case-insensitive-1.2.1.0-911f138ed8f1a51c290f3661c35a231fca5751b2e6d93cb8b08b793c28d333f8/lib/libHScase-insensitive-1.2.1.0-911f138ed8f1a51c290f3661c35a231fca5751b2e6d93cb8b08b793c28d333f8-ghc9.6.3.so
7f6b97ff1000-7f6b97ffd000 r-xp 0000f000 00:22 41263438                   /home/mleku/.local/state/cabal/store/ghc-9.6.3/case-insensitive-1.2.1.0-911f138ed8f1a51c290f3661c35a231fca5751b2e6d93cb8b08b793c28d333f8/lib/libHScase-insensitive-1.2.1.0-911f138ed8f1a51c290f3661c35a231fca5751b2e6d93cb8b08b793c28d333f8-ghc9.6.3.so
7f6b97ffd000-7f6b97ffe000 r--p 0001b000 00:22 41263438                   /home/mleku/.local/state/cabal/store/ghc-9.6.3/case-insensitive-1.2.1.0-911f138ed8f1a51c290f3661c35a231fca5751b2e6d93cb8b08b793c28d333f8/lib/libHScase-insensitive-1.2.1.0-911f138ed8f1a51c290f3661c35a231fca5751b2e6d93cb8b08b793c28d333f8-ghc9.6.3.so
7f6b97ffe000-7f6b97fff000 r--p 0001b000 00:22 41263438                   /home/mleku/.local/state/cabal/store/ghc-9.6.3/case-insensitive-1.2.1.0-911f138ed8f1a51c290f3661c35a231fca5751b2e6d93cb8b08b793c28d333f8/lib/libHScase-insensitive-1.2.1.0-911f138ed8f1a51c290f3661c35a231fca5751b2e6d93cb8b08b793c28d333f8-ghc9.6.3.so
7f6b97fff000-7f6b98000000 rw-p 0001c000 00:22 41263438                   /home/mleku/.local/state/cabal/store/ghc-9.6.3/case-insensitive-1.2.1.0-911f138ed8f1a51c290f3661c35a231fca5751b2e6d93cb8b08b793c28d333f8/lib/libHScase-insensitive-1.2.1.0-911f138ed8f1a51c290f3661c35a231fca5751b2e6d93cb8b08b793c28d333f8-ghc9.6.3.so
7f6b98000000-7f6b98021000 rw-p 00000000 00:00 0 
7f6b98021000-7f6b9c000000 ---p 00000000 00:00 0 
7f6b9c002000-7f6b9c00a000 r--p 00000000 00:22 41255542                   /home/mleku/.local/state/cabal/store/ghc-9.6.3/data-default-class-0.1.2.0-d6478233bb84b60567a3dfc7c3c78e8e26df20c2f16a39369f2fe564b42c4bc8/lib/libHSdata-default-class-0.1.2.0-d6478233bb84b60567a3dfc7c3c78e8e26df20c2f16a39369f2fe564b42c4bc8-ghc9.6.3.so
7f6b9c00a000-7f6b9c00b000 r-xp 00008000 00:22 41255542                   /home/mleku/.local/state/cabal/store/ghc-9.6.3/data-default-class-0.1.2.0-d6478233bb84b60567a3dfc7c3c78e8e26df20c2f16a39369f2fe564b42c4bc8/lib/libHSdata-default-class-0.1.2.0-d6478233bb84b60567a3dfc7c3c78e8e26df20c2f16a39369f2fe564b42c4bc8-ghc9.6.3.so
7f6b9c00b000-7f6b9c00c000 r--p 00009000 00:22 41255542                   /home/mleku/.local/state/cabal/store/ghc-9.6.3/data-default-class-0.1.2.0-d6478233bb84b60567a3dfc7c3c78e8e26df20c2f16a39369f2fe564b42c4bc8/lib/libHSdata-default-class-0.1.2.0-d6478233bb84b60567a3dfc7c3c78e8e26df20c2f16a39369f2fe564b42c4bc8-ghc9.6.3.so
7f6b9c00c000-7f6b9c00d000 r--p 00009000 00:22 41255542                   /home/mleku/.local/state/cabal/store/ghc-9.6.3/data-default-class-0.1.2.0-d6478233bb84b60567a3dfc7c3c78e8e26df20c2f16a39369f2fe564b42c4bc8/lib/libHSdata-default-class-0.1.2.0-d6478233bb84b60567a3dfc7c3c78e8e26df20c2f16a39369f2fe564b42c4bc8-ghc9.6.3.so
7f6b9c00d000-7f6b9c00e000 rw-p 0000a000 00:22 41255542                   /home/mleku/.local/state/cabal/store/ghc-9.6.3/data-default-class-0.1.2.0-d6478233bb84b60567a3dfc7c3c78e8e26df20c2f16a39369f2fe564b42c4bc8/lib/libHSdata-default-class-0.1.2.0-d6478233bb84b60567a3dfc7c3c78e8e26df20c2f16a39369f2fe564b42c4bc8-ghc9.6.3.so
7f6b9c00e000-7f6b9c01c000 r--p 00000000 00:22 41258641                   /home/mleku/.local/state/cabal/store/ghc-9.6.3/network-byte-order-0.1.7-9300eb9d93376c7451b714e77dbee63d69827bfd45154453c5e009f245628c5f/lib/libHSnetwork-byte-order-0.1.7-9300eb9d93376c7451b714e77dbee63d69827bfd45154453c5e009f245628c5f-ghc9.6.3.so
7f6b9c01c000-7f6b9c025000 r-xp 0000e000 00:22 41258641                   /home/mleku/.local/state/cabal/store/ghc-9.6.3/network-byte-order-0.1.7-9300eb9d93376c7451b714e77dbee63d69827bfd45154453c5e009f245628c5f/lib/libHSnetwork-byte-order-0.1.7-9300eb9d93376c7451b714e77dbee63d69827bfd45154453c5e009f245628c5f-ghc9.6.3.so
7f6b9c025000-7f6b9c026000 r--p 00017000 00:22 41258641                   /home/mleku/.local/state/cabal/store/ghc-9.6.3/network-byte-order-0.1.7-9300eb9d93376c7451b714e77dbee63d69827bfd45154453c5e009f245628c5f/lib/libHSnetwork-byte-order-0.1.7-9300eb9d93376c7451b714e77dbee63d69827bfd45154453c5e009f245628c5f-ghc9.6.3.so
7f6b9c026000-7f6b9c027000 r--p 00017000 00:22 41258641                   /home/mleku/.local/state/cabal/store/ghc-9.6.3/network-byte-order-0.1.7-9300eb9d93376c7451b714e77dbee63d69827bfd45154453c5e009f245628c5f/lib/libHSnetwork-byte-order-0.1.7-9300eb9d93376c7451b714e77dbee63d69827bfd45154453c5e009f245628c5f-ghc9.6.3.so
7f6b9c027000-7f6b9c028000 rw-p 00018000 00:22 41258641                   /home/mleku/.local/state/cabal/store/ghc-9.6.3/network-byte-order-0.1.7-9300eb9d93376c7451b714e77dbee63d69827bfd45154453c5e009f245628c5f/lib/libHSnetwork-byte-order-0.1.7-9300eb9d93376c7451b714e77dbee63d69827bfd45154453c5e009f245628c5f-ghc9.6.3.so
7f6b9c028000-7f6b9c036000 r--p 00000000 00:22 41253088                   /home/mleku/.local/state/cabal/store/ghc-9.6.3/auto-update-0.1.6-ecb80428f0d9edc16907d305ff237d25cbe29e71e601ffa03b04627282304912/lib/libHSauto-update-0.1.6-ecb80428f0d9edc16907d305ff237d25cbe29e71e601ffa03b04627282304912-ghc9.6.3.so
7f6b9c036000-7f6b9c03c000 r-xp 0000e000 00:22 41253088                   /home/mleku/.local/state/cabal/store/ghc-9.6.3/auto-update-0.1.6-ecb80428f0d9edc16907d305ff237d25cbe29e71e601ffa03b04627282304912/lib/libHSauto-update-0.1.6-ecb80428f0d9edc16907d305ff237d25cbe29e71e601ffa03b04627282304912-ghc9.6.3.so
7f6b9c03c000-7f6b9c03d000 r--p 00014000 00:22 41253088                   /home/mleku/.local/state/cabal/store/ghc-9.6.3/auto-update-0.1.6-ecb80428f0d9edc16907d305ff237d25cbe29e71e601ffa03b04627282304912/lib/libHSauto-update-0.1.6-ecb80428f0d9edc16907d305ff237d25cbe29e71e601ffa03b04627282304912-ghc9.6.3.so
7f6b9c03d000-7f6b9c03e000 r--p 00014000 00:22 41253088                   /home/mleku/.local/state/cabal/store/ghc-9.6.3/auto-update-0.1.6-ecb80428f0d9edc16907d305ff237d25cbe29e71e601ffa03b04627282304912/lib/libHSauto-update-0.1.6-ecb80428f0d9edc16907d305ff237d25cbe29e71e601ffa03b04627282304912-ghc9.6.3.so
7f6b9c03e000-7f6b9c040000 rw-p 00015000 00:22 41253088                   /home/mleku/.local/state/cabal/store/ghc-9.6.3/auto-update-0.1.6-ecb80428f0d9edc16907d305ff237d25cbe29e71e601ffa03b04627282304912/lib/libHSauto-update-0.1.6-ecb80428f0d9edc16907d305ff237d25cbe29e71e601ffa03b04627282304912-ghc9.6.3.so
7f6b9c040000-7f6b9c07b000 r-xp 00000000 00:22 41240340                   /home/mleku/.ghcup/ghc/9.6.3/lib/ghc-9.6.3/lib/x86_64-linux-ghc-9.6.3/libHSprocess-1.6.17.0-ghc9.6.3.so
7f6b9c07b000-7f6b9c07c000 ---p 0003b000 00:22 41240340                   /home/mleku/.ghcup/ghc/9.6.3/lib/ghc-9.6.3/lib/x86_64-linux-ghc-9.6.3/libHSprocess-1.6.17.0-ghc9.6.3.so
7f6b9c07c000-7f6b9c07d000 r--p 0003b000 00:22 41240340                   /home/mleku/.ghcup/ghc/9.6.3/lib/ghc-9.6.3/lib/x86_64-linux-ghc-9.6.3/libHSprocess-1.6.17.0-ghc9.6.3.so
7f6b9c07d000-7f6b9c081000 rw-p 0003c000 00:22 41240340                   /home/mleku/.ghcup/ghc/9.6.3/lib/ghc-9.6.3/lib/x86_64-linux-ghc-9.6.3/libHSprocess-1.6.17.0-ghc9.6.3.so
7f6b9c081000-7f6b9c094000 r--p 00000000 00:22 41259223                   /home/mleku/.local/state/cabal/store/ghc-9.6.3/safe-exceptions-0.1.7.4-fa39710bdd0613170da182466a4d5f7d7e1ca3350d0d4a062ea9d3f2a3dbbb31/lib/libHSsafe-exceptions-0.1.7.4-fa39710bdd0613170da182466a4d5f7d7e1ca3350d0d4a062ea9d3f2a3dbbb31-ghc9.6.3.so
7f6b9c094000-7f6b9c09c000 r-xp 00013000 00:22 41259223                   /home/mleku/.local/state/cabal/store/ghc-9.6.3/safe-exceptions-0.1.7.4-fa39710bdd0613170da182466a4d5f7d7e1ca3350d0d4a062ea9d3f2a3dbbb31/lib/libHSsafe-exceptions-0.1.7.4-fa39710bdd0613170da182466a4d5f7d7e1ca3350d0d4a062ea9d3f2a3dbbb31-ghc9.6.3.so
7f6b9c09c000-7f6b9c09d000 r--p 0001b000 00:22 41259223                   /home/mleku/.local/state/cabal/store/ghc-9.6.3/safe-exceptions-0.1.7.4-fa39710bdd0613170da182466a4d5f7d7e1ca3350d0d4a062ea9d3f2a3dbbb31/lib/libHSsafe-exceptions-0.1.7.4-fa39710bdd0613170da182466a4d5f7d7e1ca3350d0d4a062ea9d3f2a3dbbb31-ghc9.6.3.so
7f6b9c09d000-7f6b9c09e000 r--p 0001b000 00:22 41259223                   /home/mleku/.local/state/cabal/store/ghc-9.6.3/safe-exceptions-0.1.7.4-fa39710bdd0613170da182466a4d5f7d7e1ca3350d0d4a062ea9d3f2a3dbbb31/lib/libHSsafe-exceptions-0.1.7.4-fa39710bdd0613170da182466a4d5f7d7e1ca3350d0d4a062ea9d3f2a3dbbb31-ghc9.6.3.so
7f6b9c09e000-7f6b9c0a0000 rw-p 0001c000 00:22 41259223                   /home/mleku/.local/state/cabal/store/ghc-9.6.3/safe-exceptions-0.1.7.4-fa39710bdd0613170da182466a4d5f7d7e1ca3350d0d4a062ea9d3f2a3dbbb31/lib/libHSsafe-exceptions-0.1.7.4-fa39710bdd0613170da182466a4d5f7d7e1ca3350d0d4a062ea9d3f2a3dbbb31-ghc9.6.3.so
7f6b9c0a0000-7f6b9c0a9000 r--p 00000000 00:22 41260356                   /home/mleku/.local/state/cabal/store/ghc-9.6.3/unliftio-core-0.2.1.0-fe08e519f2101e0d6af5c7436f21f4fe398f2538422b74fd8852415fb9c17a59/lib/libHSunliftio-core-0.2.1.0-fe08e519f2101e0d6af5c7436f21f4fe398f2538422b74fd8852415fb9c17a59-ghc9.6.3.so
7f6b9c0a9000-7f6b9c0ab000 r-xp 00009000 00:22 41260356                   /home/mleku/.local/state/cabal/store/ghc-9.6.3/unliftio-core-0.2.1.0-fe08e519f2101e0d6af5c7436f21f4fe398f2538422b74fd8852415fb9c17a59/lib/libHSunliftio-core-0.2.1.0-fe08e519f2101e0d6af5c7436f21f4fe398f2538422b74fd8852415fb9c17a59-ghc9.6.3.so
7f6b9c0ab000-7f6b9c0ac000 r--p 0000b000 00:22 41260356                   /home/mleku/.local/state/cabal/store/ghc-9.6.3/unliftio-core-0.2.1.0-fe08e519f2101e0d6af5c7436f21f4fe398f2538422b74fd8852415fb9c17a59/lib/libHSunliftio-core-0.2.1.0-fe08e519f2101e0d6af5c7436f21f4fe398f2538422b74fd8852415fb9c17a59-ghc9.6.3.so
7f6b9c0ac000-7f6b9c0ad000 r--p 0000b000 00:22 41260356                   /home/mleku/.local/state/cabal/store/ghc-9.6.3/unliftio-core-0.2.1.0-fe08e519f2101e0d6af5c7436f21f4fe398f2538422b74fd8852415fb9c17a59/lib/libHSunliftio-core-0.2.1.0-fe08e519f2101e0d6af5c7436f21f4fe398f2538422b74fd8852415fb9c17a59-ghc9.6.3.so
7f6b9c0ad000-7f6b9c0ae000 rw-p 0000c000 00:22 41260356                   /home/mleku/.local/state/cabal/store/ghc-9.6.3/unliftio-core-0.2.1.0-fe08e519f2101e0d6af5c7436f21f4fe398f2538422b74fd8852415fb9c17a59/lib/libHSunliftio-core-0.2.1.0-fe08e519f2101e0d6af5c7436f21f4fe398f2538422b74fd8852415fb9c17a59-ghc9.6.3.so
7f6b9c0ae000-7f6b9c0d5000 r--p 00000000 00:22 41264806                   /home/mleku/.local/state/cabal/store/ghc-9.6.3/old-time-1.1.0.4-1176cf9d27ce76ea666f65838dedc69cf85e21dda79241ecb77ebc9da74206df/lib/libHSold-time-1.1.0.4-1176cf9d27ce76ea666f65838dedc69cf85e21dda79241ecb77ebc9da74206df-ghc9.6.3.so
7f6b9c0d5000-7f6b9c0f5000 r-xp 00027000 00:22 41264806                   /home/mleku/.local/state/cabal/store/ghc-9.6.3/old-time-1.1.0.4-1176cf9d27ce76ea666f65838dedc69cf85e21dda79241ecb77ebc9da74206df/lib/libHSold-time-1.1.0.4-1176cf9d27ce76ea666f65838dedc69cf85e21dda79241ecb77ebc9da74206df-ghc9.6.3.so
7f6b9c0f5000-7f6b9c0f7000 r--p 00047000 00:22 41264806                   /home/mleku/.local/state/cabal/store/ghc-9.6.3/old-time-1.1.0.4-1176cf9d27ce76ea666f65838dedc69cf85e21dda79241ecb77ebc9da74206df/lib/libHSold-time-1.1.0.4-1176cf9d27ce76ea666f65838dedc69cf85e21dda79241ecb77ebc9da74206df-ghc9.6.3.so
7f6b9c0f7000-7f6b9c0f8000 r--p 00048000 00:22 41264806                   /home/mleku/.local/state/cabal/store/ghc-9.6.3/old-time-1.1.0.4-1176cf9d27ce76ea666f65838dedc69cf85e21dda79241ecb77ebc9da74206df/lib/libHSold-time-1.1.0.4-1176cf9d27ce76ea666f65838dedc69cf85e21dda79241ecb77ebc9da74206df-ghc9.6.3.so
7f6b9c0f8000-7f6b9c0fd000 rw-p 00049000 00:22 41264806                   /home/mleku/.local/state/cabal/store/ghc-9.6.3/old-time-1.1.0.4-1176cf9d27ce76ea666f65838dedc69cf85e21dda79241ecb77ebc9da74206df/lib/libHSold-time-1.1.0.4-1176cf9d27ce76ea666f65838dedc69cf85e21dda79241ecb77ebc9da74206df-ghc9.6.3.so
7f6b9c0fd000-7f6b9c130000 r--p 00000000 00:22 41263162                   /home/mleku/.local/state/cabal/store/ghc-9.6.3/network-transport-0.5.6-a598784797da0e5cd837bb152982a8134dbeea490ef4781a1161ebd03ad61e22/lib/libHSnetwork-transport-0.5.6-a598784797da0e5cd837bb152982a8134dbeea490ef4781a1161ebd03ad61e22-ghc9.6.3.so
7f6b9c130000-7f6b9c147000 r-xp 00033000 00:22 41263162                   /home/mleku/.local/state/cabal/store/ghc-9.6.3/network-transport-0.5.6-a598784797da0e5cd837bb152982a8134dbeea490ef4781a1161ebd03ad61e22/lib/libHSnetwork-transport-0.5.6-a598784797da0e5cd837bb152982a8134dbeea490ef4781a1161ebd03ad61e22-ghc9.6.3.so
7f6b9c147000-7f6b9c149000 r--p 0004a000 00:22 41263162                   /home/mleku/.local/state/cabal/store/ghc-9.6.3/network-transport-0.5.6-a598784797da0e5cd837bb152982a8134dbeea490ef4781a1161ebd03ad61e22/lib/libHSnetwork-transport-0.5.6-a598784797da0e5cd837bb152982a8134dbeea490ef4781a1161ebd03ad61e22-ghc9.6.3.so
7f6b9c149000-7f6b9c14a000 r--p 0004b000 00:22 41263162                   /home/mleku/.local/state/cabal/store/ghc-9.6.3/network-transport-0.5.6-a598784797da0e5cd837bb152982a8134dbeea490ef4781a1161ebd03ad61e22/lib/libHSnetwork-transport-0.5.6-a598784797da0e5cd837bb152982a8134dbeea490ef4781a1161ebd03ad61e22-ghc9.6.3.so
7f6b9c14a000-7f6b9c14f000 rw-p 0004c000 00:22 41263162                   /home/mleku/.local/state/cabal/store/ghc-9.6.3/network-transport-0.5.6-a598784797da0e5cd837bb152982a8134dbeea490ef4781a1161ebd03ad61e22/lib/libHSnetwork-transport-0.5.6-a598784797da0e5cd837bb152982a8134dbeea490ef4781a1161ebd03ad61e22-ghc9.6.3.so
7f6b9c14f000-7f6b9c173000 r--p 00000000 00:22 41270695                   /home/mleku/.local/state/cabal/store/ghc-9.6.3/ansi-wl-pprint-0.6.9-740e11c23a4b1fdd05b947ad8c991cbe710e732c7aa74fd140113a8437bcb88a/lib/libHSansi-wl-pprint-0.6.9-740e11c23a4b1fdd05b947ad8c991cbe710e732c7aa74fd140113a8437bcb88a-ghc9.6.3.so
7f6b9c173000-7f6b9c181000 r-xp 00024000 00:22 41270695                   /home/mleku/.local/state/cabal/store/ghc-9.6.3/ansi-wl-pprint-0.6.9-740e11c23a4b1fdd05b947ad8c991cbe710e732c7aa74fd140113a8437bcb88a/lib/libHSansi-wl-pprint-0.6.9-740e11c23a4b1fdd05b947ad8c991cbe710e732c7aa74fd140113a8437bcb88a-ghc9.6.3.so
7f6b9c181000-7f6b9c183000 r--p 00032000 00:22 41270695                   /home/mleku/.local/state/cabal/store/ghc-9.6.3/ansi-wl-pprint-0.6.9-740e11c23a4b1fdd05b947ad8c991cbe710e732c7aa74fd140113a8437bcb88a/lib/libHSansi-wl-pprint-0.6.9-740e11c23a4b1fdd05b947ad8c991cbe710e732c7aa74fd140113a8437bcb88a-ghc9.6.3.so
7f6b9c183000-7f6b9c184000 r--p 00033000 00:22 41270695                   /home/mleku/.local/state/cabal/store/ghc-9.6.3/ansi-wl-pprint-0.6.9-740e11c23a4b1fdd05b947ad8c991cbe710e732c7aa74fd140113a8437bcb88a/lib/libHSansi-wl-pprint-0.6.9-740e11c23a4b1fdd05b947ad8c991cbe710e732c7aa74fd140113a8437bcb88a-ghc9.6.3.so
7f6b9c184000-7f6b9c187000 rw-p 00034000 00:22 41270695                   /home/mleku/.local/state/cabal/store/ghc-9.6.3/ansi-wl-pprint-0.6.9-740e11c23a4b1fdd05b947ad8c991cbe710e732c7aa74fd140113a8437bcb88a/lib/libHSansi-wl-pprint-0.6.9-740e11c23a4b1fdd05b947ad8c991cbe710e732c7aa74fd140113a8437bcb88a-ghc9.6.3.so
7f6b9c187000-7f6b9c217000 r--p 00000000 00:22 41274365                   /home/mleku/.local/state/cabal/store/ghc-9.6.3/optparse-applicative-0.16.1.0-3ce9aafbd1a55a039ca95f58edb9a59055e5a44025a363ef7164a17f4f233cd8/lib/libHSoptparse-applicative-0.16.1.0-3ce9aafbd1a55a039ca95f58edb9a59055e5a44025a363ef7164a17f4f233cd8-ghc9.6.3.so
7f6b9c217000-7f6b9c261000 r-xp 00090000 00:22 41274365                   /home/mleku/.local/state/cabal/store/ghc-9.6.3/optparse-applicative-0.16.1.0-3ce9aafbd1a55a039ca95f58edb9a59055e5a44025a363ef7164a17f4f233cd8/lib/libHSoptparse-applicative-0.16.1.0-3ce9aafbd1a55a039ca95f58edb9a59055e5a44025a363ef7164a17f4f233cd8-ghc9.6.3.so
7f6b9c261000-7f6b9c265000 r--p 000da000 00:22 41274365                   /home/mleku/.local/state/cabal/store/ghc-9.6.3/optparse-applicative-0.16.1.0-3ce9aafbd1a55a039ca95f58edb9a59055e5a44025a363ef7164a17f4f233cd8/lib/libHSoptparse-applicative-0.16.1.0-3ce9aafbd1a55a039ca95f58edb9a59055e5a44025a363ef7164a17f4f233cd8-ghc9.6.3.so
7f6b9c265000-7f6b9c266000 r--p 000dd000 00:22 41274365                   /home/mleku/.local/state/cabal/store/ghc-9.6.3/optparse-applicative-0.16.1.0-3ce9aafbd1a55a039ca95f58edb9a59055e5a44025a363ef7164a17f4f233cd8/lib/libHSoptparse-applicative-0.16.1.0-3ce9aafbd1a55a039ca95f58edb9a59055e5a44025a363ef7164a17f4f233cd8-ghc9.6.3.so
7f6b9c266000-7f6b9c273000 rw-p 000de000 00:22 41274365                   /home/mleku/.local/state/cabal/store/ghc-9.6.3/optparse-applicative-0.16.1.0-3ce9aafbd1a55a039ca95f58edb9a59055e5a44025a363ef7164a17f4f233cd8/lib/libHSoptparse-applicative-0.16.1.0-3ce9aafbd1a55a039ca95f58edb9a59055e5a44025a363ef7164a17f4f233cd8-ghc9.6.3.so
7f6b9c273000-7f6b9c2c0000 r--p 00000000 00:22 41280321                   /home/mleku/.local/state/cabal/store/ghc-9.6.3/bitvec-1.1.5.0-f7812fb545e860bcf25db099a0f86418cb8b521ac6c734b90394edb5f29dcc64/lib/libHSbitvec-1.1.5.0-f7812fb545e860bcf25db099a0f86418cb8b521ac6c734b90394edb5f29dcc64-ghc9.6.3.so
7f6b9c2c0000-7f6b9c3f5000 r-xp 0004d000 00:22 41280321                   /home/mleku/.local/state/cabal/store/ghc-9.6.3/bitvec-1.1.5.0-f7812fb545e860bcf25db099a0f86418cb8b521ac6c734b90394edb5f29dcc64/lib/libHSbitvec-1.1.5.0-f7812fb545e860bcf25db099a0f86418cb8b521ac6c734b90394edb5f29dcc64-ghc9.6.3.so
7f6b9c3f5000-7f6b9c3f6000 r--p 00182000 00:22 41280321                   /home/mleku/.local/state/cabal/store/ghc-9.6.3/bitvec-1.1.5.0-f7812fb545e860bcf25db099a0f86418cb8b521ac6c734b90394edb5f29dcc64/lib/libHSbitvec-1.1.5.0-f7812fb545e860bcf25db099a0f86418cb8b521ac6c734b90394edb5f29dcc64-ghc9.6.3.so
7f6b9c3f6000-7f6b9c3f7000 r--p 00183000 00:22 41280321                   /home/mleku/.local/state/cabal/store/ghc-9.6.3/bitvec-1.1.5.0-f7812fb545e860bcf25db099a0f86418cb8b521ac6c734b90394edb5f29dcc64/lib/libHSbitvec-1.1.5.0-f7812fb545e860bcf25db099a0f86418cb8b521ac6c734b90394edb5f29dcc64-ghc9.6.3.so
7f6b9c3f7000-7f6b9c400000 rw-p 00184000 00:22 41280321                   /home/mleku/.local/state/cabal/store/ghc-9.6.3/bitvec-1.1.5.0-f7812fb545e860bcf25db099a0f86418cb8b521ac6c734b90394edb5f29dcc64/lib/libHSbitvec-1.1.5.0-f7812fb545e860bcf25db099a0f86418cb8b521ac6c734b90394edb5f29dcc64-ghc9.6.3.so
7f6b9c400000-7f6b9c4e9000 r--p 00000000 00:22 41284044                   /home/mleku/.local/state/cabal/store/ghc-9.6.3/mono-traversable-1.0.15.3-702fbc586e2e3e3ba85606e4705af5b51dedb7602b3236f1217afbfba0777dbc/lib/libHSmono-traversable-1.0.15.3-702fbc586e2e3e3ba85606e4705af5b51dedb7602b3236f1217afbfba0777dbc-ghc9.6.3.so
7f6b9c4e9000-7f6b9c622000 r-xp 000e9000 00:22 41284044                   /home/mleku/.local/state/cabal/store/ghc-9.6.3/mono-traversable-1.0.15.3-702fbc586e2e3e3ba85606e4705af5b51dedb7602b3236f1217afbfba0777dbc/lib/libHSmono-traversable-1.0.15.3-702fbc586e2e3e3ba85606e4705af5b51dedb7602b3236f1217afbfba0777dbc-ghc9.6.3.so
7f6b9c622000-7f6b9c624000 r--p 00222000 00:22 41284044                   /home/mleku/.local/state/cabal/store/ghc-9.6.3/mono-traversable-1.0.15.3-702fbc586e2e3e3ba85606e4705af5b51dedb7602b3236f1217afbfba0777dbc/lib/libHSmono-traversable-1.0.15.3-702fbc586e2e3e3ba85606e4705af5b51dedb7602b3236f1217afbfba0777dbc-ghc9.6.3.so
7f6b9c624000-7f6b9c626000 r--p 00224000 00:22 41284044                   /home/mleku/.local/state/cabal/store/ghc-9.6.3/mono-traversable-1.0.15.3-702fbc586e2e3e3ba85606e4705af5b51dedb7602b3236f1217afbfba0777dbc/lib/libHSmono-traversable-1.0.15.3-702fbc586e2e3e3ba85606e4705af5b51dedb7602b3236f1217afbfba0777dbc-ghc9.6.3.so
7f6b9c626000-7f6b9c63b000 rw-p 00226000 00:22 41284044                   /home/mleku/.local/state/cabal/store/ghc-9.6.3/mono-traversable-1.0.15.3-702fbc586e2e3e3ba85606e4705af5b51dedb7602b3236f1217afbfba0777dbc/lib/libHSmono-traversable-1.0.15.3-702fbc586e2e3e3ba85606e4705af5b51dedb7602b3236f1217afbfba0777dbc-ghc9.6.3.so
7f6b9c63d000-7f6b9c642000 r--p 00000000 00:22 41264943                   /home/mleku/.local/state/cabal/store/ghc-9.6.3/assoc-1.1-833fe934934ac287ee0125e0f70630bbf79db58c094cac008fb300c306b45c2c/lib/libHSassoc-1.1-833fe934934ac287ee0125e0f70630bbf79db58c094cac008fb300c306b45c2c-ghc9.6.3.so
7f6b9c642000-7f6b9c643000 r-xp 00005000 00:22 41264943                   /home/mleku/.local/state/cabal/store/ghc-9.6.3/assoc-1.1-833fe934934ac287ee0125e0f70630bbf79db58c094cac008fb300c306b45c2c/lib/libHSassoc-1.1-833fe934934ac287ee0125e0f70630bbf79db58c094cac008fb300c306b45c2c-ghc9.6.3.so
7f6b9c643000-7f6b9c644000 r--p 00006000 00:22 41264943                   /home/mleku/.local/state/cabal/store/ghc-9.6.3/assoc-1.1-833fe934934ac287ee0125e0f70630bbf79db58c094cac008fb300c306b45c2c/lib/libHSassoc-1.1-833fe934934ac287ee0125e0f70630bbf79db58c094cac008fb300c306b45c2c-ghc9.6.3.so
7f6b9c644000-7f6b9c645000 r--p 00006000 00:22 41264943                   /home/mleku/.local/state/cabal/store/ghc-9.6.3/assoc-1.1-833fe934934ac287ee0125e0f70630bbf79db58c094cac008fb300c306b45c2c/lib/libHSassoc-1.1-833fe934934ac287ee0125e0f70630bbf79db58c094cac008fb300c306b45c2c-ghc9.6.3.so
7f6b9c645000-7f6b9c646000 rw-p 00007000 00:22 41264943                   /home/mleku/.local/state/cabal/store/ghc-9.6.3/assoc-1.1-833fe934934ac287ee0125e0f70630bbf79db58c094cac008fb300c306b45c2c/lib/libHSassoc-1.1-833fe934934ac287ee0125e0f70630bbf79db58c094cac008fb300c306b45c2c-ghc9.6.3.so
7f6b9c646000-7f6b9c64f000 r--p 00000000 00:22 41271713                   /home/mleku/.local/state/cabal/store/ghc-9.6.3/time-manager-0.0.1-77828802fbee26aec7c30a924eb863902e639ee260505a667e17333384754050/lib/libHStime-manager-0.0.1-77828802fbee26aec7c30a924eb863902e639ee260505a667e17333384754050-ghc9.6.3.so
7f6b9c64f000-7f6b9c651000 r-xp 00009000 00:22 41271713                   /home/mleku/.local/state/cabal/store/ghc-9.6.3/time-manager-0.0.1-77828802fbee26aec7c30a924eb863902e639ee260505a667e17333384754050/lib/libHStime-manager-0.0.1-77828802fbee26aec7c30a924eb863902e639ee260505a667e17333384754050-ghc9.6.3.so
7f6b9c651000-7f6b9c652000 r--p 0000b000 00:22 41271713                   /home/mleku/.local/state/cabal/store/ghc-9.6.3/time-manager-0.0.1-77828802fbee26aec7c30a924eb863902e639ee260505a667e17333384754050/lib/libHStime-manager-0.0.1-77828802fbee26aec7c30a924eb863902e639ee260505a667e17333384754050-ghc9.6.3.so
7f6b9c652000-7f6b9c653000 r--p 0000b000 00:22 41271713                   /home/mleku/.local/state/cabal/store/ghc-9.6.3/time-manager-0.0.1-77828802fbee26aec7c30a924eb863902e639ee260505a667e17333384754050/lib/libHStime-manager-0.0.1-77828802fbee26aec7c30a924eb863902e639ee260505a667e17333384754050-ghc9.6.3.so
7f6b9c653000-7f6b9c654000 rw-p 0000c000 00:22 41271713                   /home/mleku/.local/state/cabal/store/ghc-9.6.3/time-manager-0.0.1-77828802fbee26aec7c30a924eb863902e639ee260505a667e17333384754050/lib/libHStime-manager-0.0.1-77828802fbee26aec7c30a924eb863902e639ee260505a667e17333384754050-ghc9.6.3.so
7f6b9c654000-7f6b9c664000 r--p 00000000 00:22 41269423                   /home/mleku/.local/state/cabal/store/ghc-9.6.3/unix-time-0.4.11-9189a02348ca6152b40e2de4217054859bd40e33c0e5eeb1369921a564b5cf30/lib/libHSunix-time-0.4.11-9189a02348ca6152b40e2de4217054859bd40e33c0e5eeb1369921a564b5cf30-ghc9.6.3.so
7f6b9c664000-7f6b9c66d000 r-xp 00010000 00:22 41269423                   /home/mleku/.local/state/cabal/store/ghc-9.6.3/unix-time-0.4.11-9189a02348ca6152b40e2de4217054859bd40e33c0e5eeb1369921a564b5cf30/lib/libHSunix-time-0.4.11-9189a02348ca6152b40e2de4217054859bd40e33c0e5eeb1369921a564b5cf30-ghc9.6.3.so
7f6b9c66d000-7f6b9c66e000 r--p 00019000 00:22 41269423                   /home/mleku/.local/state/cabal/store/ghc-9.6.3/unix-time-0.4.11-9189a02348ca6152b40e2de4217054859bd40e33c0e5eeb1369921a564b5cf30/lib/libHSunix-time-0.4.11-9189a02348ca6152b40e2de4217054859bd40e33c0e5eeb1369921a564b5cf30-ghc9.6.3.so
7f6b9c66e000-7f6b9c66f000 r--p 00019000 00:22 41269423                   /home/mleku/.local/state/cabal/store/ghc-9.6.3/unix-time-0.4.11-9189a02348ca6152b40e2de4217054859bd40e33c0e5eeb1369921a564b5cf30/lib/libHSunix-time-0.4.11-9189a02348ca6152b40e2de4217054859bd40e33c0e5eeb1369921a564b5cf30-ghc9.6.3.so
7f6b9c66f000-7f6b9c670000 rw-p 0001a000 00:22 41269423                   /home/mleku/.local/state/cabal/store/ghc-9.6.3/unix-time-0.4.11-9189a02348ca6152b40e2de4217054859bd40e33c0e5eeb1369921a564b5cf30/lib/libHSunix-time-0.4.11-9189a02348ca6152b40e2de4217054859bd40e33c0e5eeb1369921a564b5cf30-ghc9.6.3.so
7f6b9c670000-7f6b9c67f000 r--p 00000000 00:22 41256032                   /home/mleku/.local/state/cabal/store/ghc-9.6.3/easy-file-0.2.5-993791674239f71f3d5c5348a4742b33b35a11f259b010653481c060821ceac2/lib/libHSeasy-file-0.2.5-993791674239f71f3d5c5348a4742b33b35a11f259b010653481c060821ceac2-ghc9.6.3.so
7f6b9c67f000-7f6b9c687000 r-xp 0000f000 00:22 41256032                   /home/mleku/.local/state/cabal/store/ghc-9.6.3/easy-file-0.2.5-993791674239f71f3d5c5348a4742b33b35a11f259b010653481c060821ceac2/lib/libHSeasy-file-0.2.5-993791674239f71f3d5c5348a4742b33b35a11f259b010653481c060821ceac2-ghc9.6.3.so
7f6b9c687000-7f6b9c688000 r--p 00017000 00:22 41256032                   /home/mleku/.local/state/cabal/store/ghc-9.6.3/easy-file-0.2.5-993791674239f71f3d5c5348a4742b33b35a11f259b010653481c060821ceac2/lib/libHSeasy-file-0.2.5-993791674239f71f3d5c5348a4742b33b35a11f259b010653481c060821ceac2-ghc9.6.3.so
7f6b9c688000-7f6b9c689000 r--p 00017000 00:22 41256032                   /home/mleku/.local/state/cabal/store/ghc-9.6.3/easy-file-0.2.5-993791674239f71f3d5c5348a4742b33b35a11f259b010653481c060821ceac2/lib/libHSeasy-file-0.2.5-993791674239f71f3d5c5348a4742b33b35a11f259b010653481c060821ceac2-ghc9.6.3.so
7f6b9c689000-7f6b9c68b000 rw-p 00018000 00:22 41256032                   /home/mleku/.local/state/cabal/store/ghc-9.6.3/easy-file-0.2.5-993791674239f71f3d5c5348a4742b33b35a11f259b010653481c060821ceac2/lib/libHSeasy-file-0.2.5-993791674239f71f3d5c5348a4742b33b35a11f259b010653481c060821ceac2-ghc9.6.3.so
7f6b9c68b000-7f6b9c6b4000 r--p 00000000 00:22 41272146                   /home/mleku/.local/state/cabal/store/ghc-9.6.3/fast-logger-3.2.2-b996f2a9213a68adbcb76c2cd120cca89f66fffcc9f58aa29e344f14c7372a28/lib/libHSfast-logger-3.2.2-b996f2a9213a68adbcb76c2cd120cca89f66fffcc9f58aa29e344f14c7372a28-ghc9.6.3.so
7f6b9c6b4000-7f6b9c6d1000 r-xp 00029000 00:22 41272146                   /home/mleku/.local/state/cabal/store/ghc-9.6.3/fast-logger-3.2.2-b996f2a9213a68adbcb76c2cd120cca89f66fffcc9f58aa29e344f14c7372a28/lib/libHSfast-logger-3.2.2-b996f2a9213a68adbcb76c2cd120cca89f66fffcc9f58aa29e344f14c7372a28-ghc9.6.3.so
7f6b9c6d1000-7f6b9c6d2000 r--p 00046000 00:22 41272146                   /home/mleku/.local/state/cabal/store/ghc-9.6.3/fast-logger-3.2.2-b996f2a9213a68adbcb76c2cd120cca89f66fffcc9f58aa29e344f14c7372a28/lib/libHSfast-logger-3.2.2-b996f2a9213a68adbcb76c2cd120cca89f66fffcc9f58aa29e344f14c7372a28-ghc9.6.3.so
7f6b9c6d2000-7f6b9c6d3000 r--p 00047000 00:22 41272146                   /home/mleku/.local/state/cabal/store/ghc-9.6.3/fast-logger-3.2.2-b996f2a9213a68adbcb76c2cd120cca89f66fffcc9f58aa29e344f14c7372a28/lib/libHSfast-logger-3.2.2-b996f2a9213a68adbcb76c2cd120cca89f66fffcc9f58aa29e344f14c7372a28-ghc9.6.3.so
7f6b9c6d3000-7f6b9c6d7000 rw-p 00048000 00:22 41272146                   /home/mleku/.local/state/cabal/store/ghc-9.6.3/fast-logger-3.2.2-b996f2a9213a68adbcb76c2cd120cca89f66fffcc9f58aa29e344f14c7372a28/lib/libHSfast-logger-3.2.2-b996f2a9213a68adbcb76c2cd120cca89f66fffcc9f58aa29e344f14c7372a28-ghc9.6.3.so
7f6b9c6d7000-7f6b9c6e8000 r--p 00000000 00:22 41259197                   /home/mleku/.local/state/cabal/store/ghc-9.6.3/split-0.2.4-fe41ecd5cdbc55441ea0d9f6b9c0a5fa60d53be08482d4617078dba8531c5ff7/lib/libHSsplit-0.2.4-fe41ecd5cdbc55441ea0d9f6b9c0a5fa60d53be08482d4617078dba8531c5ff7-ghc9.6.3.so
7f6b9c6e8000-7f6b9c6f1000 r-xp 00011000 00:22 41259197                   /home/mleku/.local/state/cabal/store/ghc-9.6.3/split-0.2.4-fe41ecd5cdbc55441ea0d9f6b9c0a5fa60d53be08482d4617078dba8531c5ff7/lib/libHSsplit-0.2.4-fe41ecd5cdbc55441ea0d9f6b9c0a5fa60d53be08482d4617078dba8531c5ff7-ghc9.6.3.so
7f6b9c6f1000-7f6b9c6f2000 r--p 0001a000 00:22 41259197                   /home/mleku/.local/state/cabal/store/ghc-9.6.3/split-0.2.4-fe41ecd5cdbc55441ea0d9f6b9c0a5fa60d53be08482d4617078dba8531c5ff7/lib/libHSsplit-0.2.4-fe41ecd5cdbc55441ea0d9f6b9c0a5fa60d53be08482d4617078dba8531c5ff7-ghc9.6.3.so
7f6b9c6f2000-7f6b9c6f3000 r--p 0001a000 00:22 41259197                   /home/mleku/.local/state/cabal/store/ghc-9.6.3/split-0.2.4-fe41ecd5cdbc55441ea0d9f6b9c0a5fa60d53be08482d4617078dba8531c5ff7/lib/libHSsplit-0.2.4-fe41ecd5cdbc55441ea0d9f6b9c0a5fa60d53be08482d4617078dba8531c5ff7-ghc9.6.3.so
7f6b9c6f3000-7f6b9c6f5000 rw-p 0001b000 00:22 41259197                   /home/mleku/.local/state/cabal/store/ghc-9.6.3/split-0.2.4-fe41ecd5cdbc55441ea0d9f6b9c0a5fa60d53be08482d4617078dba8531c5ff7/lib/libHSsplit-0.2.4-fe41ecd5cdbc55441ea0d9f6b9c0a5fa60d53be08482d4617078dba8531c5ff7-ghc9.6.3.so
7f6b9c6f5000-7f6b9c71c000 r--p 00000000 00:22 41265836                   /home/mleku/.local/state/cabal/store/ghc-9.6.3/resourcet-1.3.0-7bc4c5832125cb21a657e1e52c7d15ade8946d90d44a4aeef2da03d323cfdcfc/lib/libHSresourcet-1.3.0-7bc4c5832125cb21a657e1e52c7d15ade8946d90d44a4aeef2da03d323cfdcfc-ghc9.6.3.so
7f6b9c71c000-7f6b9c72f000 r-xp 00027000 00:22 41265836                   /home/mleku/.local/state/cabal/store/ghc-9.6.3/resourcet-1.3.0-7bc4c5832125cb21a657e1e52c7d15ade8946d90d44a4aeef2da03d323cfdcfc/lib/libHSresourcet-1.3.0-7bc4c5832125cb21a657e1e52c7d15ade8946d90d44a4aeef2da03d323cfdcfc-ghc9.6.3.so
7f6b9c72f000-7f6b9c730000 r--p 0003a000 00:22 41265836                   /home/mleku/.local/state/cabal/store/ghc-9.6.3/resourcet-1.3.0-7bc4c5832125cb21a657e1e52c7d15ade8946d90d44a4aeef2da03d323cfdcfc/lib/libHSresourcet-1.3.0-7bc4c5832125cb21a657e1e52c7d15ade8946d90d44a4aeef2da03d323cfdcfc-ghc9.6.3.so
7f6b9c730000-7f6b9c731000 r--p 0003b000 00:22 41265836                   /home/mleku/.local/state/cabal/store/ghc-9.6.3/resourcet-1.3.0-7bc4c5832125cb21a657e1e52c7d15ade8946d90d44a4aeef2da03d323cfdcfc/lib/libHSresourcet-1.3.0-7bc4c5832125cb21a657e1e52c7d15ade8946d90d44a4aeef2da03d323cfdcfc-ghc9.6.3.so
7f6b9c731000-7f6b9c734000 rw-p 0003c000 00:22 41265836                   /home/mleku/.local/state/cabal/store/ghc-9.6.3/resourcet-1.3.0-7bc4c5832125cb21a657e1e52c7d15ade8946d90d44a4aeef2da03d323cfdcfc/lib/libHSresourcet-1.3.0-7bc4c5832125cb21a657e1e52c7d15ade8946d90d44a4aeef2da03d323cfdcfc-ghc9.6.3.so
7f6b9c734000-7f6b9c7aa000 r--p 00000000 00:22 41284355                   /home/mleku/.local/state/cabal/store/ghc-9.6.3/conduit-1.3.5-f7cd0af4bd2712f81767a07893f463374305fbd51a1ccbf7dde3d722fad38078/lib/libHSconduit-1.3.5-f7cd0af4bd2712f81767a07893f463374305fbd51a1ccbf7dde3d722fad38078-ghc9.6.3.so
7f6b9c7aa000-7f6b9c849000 r-xp 00076000 00:22 41284355                   /home/mleku/.local/state/cabal/store/ghc-9.6.3/conduit-1.3.5-f7cd0af4bd2712f81767a07893f463374305fbd51a1ccbf7dde3d722fad38078/lib/libHSconduit-1.3.5-f7cd0af4bd2712f81767a07893f463374305fbd51a1ccbf7dde3d722fad38078-ghc9.6.3.so
7f6b9c849000-7f6b9c84b000 r--p 00115000 00:22 41284355                   /home/mleku/.local/state/cabal/store/ghc-9.6.3/conduit-1.3.5-f7cd0af4bd2712f81767a07893f463374305fbd51a1ccbf7dde3d722fad38078/lib/libHSconduit-1.3.5-f7cd0af4bd2712f81767a07893f463374305fbd51a1ccbf7dde3d722fad38078-ghc9.6.3.so
7f6b9c84b000-7f6b9c84c000 r--p 00117000 00:22 41284355                   /home/mleku/.local/state/cabal/store/ghc-9.6.3/conduit-1.3.5-f7cd0af4bd2712f81767a07893f463374305fbd51a1ccbf7dde3d722fad38078/lib/libHSconduit-1.3.5-f7cd0af4bd2712f81767a07893f463374305fbd51a1ccbf7dde3d722fad38078-ghc9.6.3.so
7f6b9c84c000-7f6b9c855000 rw-p 00118000 00:22 41284355                   /home/mleku/.local/state/cabal/store/ghc-9.6.3/conduit-1.3.5-f7cd0af4bd2712f81767a07893f463374305fbd51a1ccbf7dde3d722fad38078/lib/libHSconduit-1.3.5-f7cd0af4bd2712f81767a07893f463374305fbd51a1ccbf7dde3d722fad38078-ghc9.6.3.so
7f6b9c855000-7f6b9c898000 r--p 00000000 00:22 41262339                   /home/mleku/.local/state/cabal/store/ghc-9.6.3/zlib-0.6.3.0-a39aae8f67ff3eaace9ad2f1a8075252dfa05207ee067004481e4d1b253aa7f7/lib/libHSzlib-0.6.3.0-a39aae8f67ff3eaace9ad2f1a8075252dfa05207ee067004481e4d1b253aa7f7-ghc9.6.3.so
7f6b9c898000-7f6b9c8c9000 r-xp 00043000 00:22 41262339                   /home/mleku/.local/state/cabal/store/ghc-9.6.3/zlib-0.6.3.0-a39aae8f67ff3eaace9ad2f1a8075252dfa05207ee067004481e4d1b253aa7f7/lib/libHSzlib-0.6.3.0-a39aae8f67ff3eaace9ad2f1a8075252dfa05207ee067004481e4d1b253aa7f7-ghc9.6.3.so
7f6b9c8c9000-7f6b9c8cc000 r--p 00074000 00:22 41262339                   /home/mleku/.local/state/cabal/store/ghc-9.6.3/zlib-0.6.3.0-a39aae8f67ff3eaace9ad2f1a8075252dfa05207ee067004481e4d1b253aa7f7/lib/libHSzlib-0.6.3.0-a39aae8f67ff3eaace9ad2f1a8075252dfa05207ee067004481e4d1b253aa7f7-ghc9.6.3.so
7f6b9c8cc000-7f6b9c8cd000 r--p 00076000 00:22 41262339                   /home/mleku/.local/state/cabal/store/ghc-9.6.3/zlib-0.6.3.0-a39aae8f67ff3eaace9ad2f1a8075252dfa05207ee067004481e4d1b253aa7f7/lib/libHSzlib-0.6.3.0-a39aae8f67ff3eaace9ad2f1a8075252dfa05207ee067004481e4d1b253aa7f7-ghc9.6.3.so
7f6b9c8cd000-7f6b9c8d4000 rw-p 00077000 00:22 41262339                   /home/mleku/.local/state/cabal/store/ghc-9.6.3/zlib-0.6.3.0-a39aae8f67ff3eaace9ad2f1a8075252dfa05207ee067004481e4d1b253aa7f7/lib/libHSzlib-0.6.3.0-a39aae8f67ff3eaace9ad2f1a8075252dfa05207ee067004481e4d1b253aa7f7-ghc9.6.3.so
7f6b9c8d4000-7f6b9c92d000 r--p 00000000 00:22 41271545                   /home/mleku/.local/state/cabal/store/ghc-9.6.3/streaming-commons-0.2.2.6-c2a64f34d630d423cfe81f4f5f013ab2aa9c88fe829a5b8fb1558030225c68fe/lib/libHSstreaming-commons-0.2.2.6-c2a64f34d630d423cfe81f4f5f013ab2aa9c88fe829a5b8fb1558030225c68fe-ghc9.6.3.so
7f6b9c92d000-7f6b9c965000 r-xp 00059000 00:22 41271545                   /home/mleku/.local/state/cabal/store/ghc-9.6.3/streaming-commons-0.2.2.6-c2a64f34d630d423cfe81f4f5f013ab2aa9c88fe829a5b8fb1558030225c68fe/lib/libHSstreaming-commons-0.2.2.6-c2a64f34d630d423cfe81f4f5f013ab2aa9c88fe829a5b8fb1558030225c68fe-ghc9.6.3.so
7f6b9c965000-7f6b9c968000 r--p 00091000 00:22 41271545                   /home/mleku/.local/state/cabal/store/ghc-9.6.3/streaming-commons-0.2.2.6-c2a64f34d630d423cfe81f4f5f013ab2aa9c88fe829a5b8fb1558030225c68fe/lib/libHSstreaming-commons-0.2.2.6-c2a64f34d630d423cfe81f4f5f013ab2aa9c88fe829a5b8fb1558030225c68fe-ghc9.6.3.so
7f6b9c968000-7f6b9c969000 r--p 00093000 00:22 41271545                   /home/mleku/.local/state/cabal/store/ghc-9.6.3/streaming-commons-0.2.2.6-c2a64f34d630d423cfe81f4f5f013ab2aa9c88fe829a5b8fb1558030225c68fe/lib/libHSstreaming-commons-0.2.2.6-c2a64f34d630d423cfe81f4f5f013ab2aa9c88fe829a5b8fb1558030225c68fe-ghc9.6.3.so
7f6b9c969000-7f6b9c971000 rw-p 00094000 00:22 41271545                   /home/mleku/.local/state/cabal/store/ghc-9.6.3/streaming-commons-0.2.2.6-c2a64f34d630d423cfe81f4f5f013ab2aa9c88fe829a5b8fb1558030225c68fe/lib/libHSstreaming-commons-0.2.2.6-c2a64f34d630d423cfe81f4f5f013ab2aa9c88fe829a5b8fb1558030225c68fe-ghc9.6.3.so
7f6b9c971000-7f6b9c9b0000 r--p 00000000 00:22 41284756                   /home/mleku/.local/state/cabal/store/ghc-9.6.3/conduit-extra-1.3.6-46fa6ccb0368471fb2eb4319e2a291d4351d9beb99b9d3dc2b80ef3c18ff6a8d/lib/libHSconduit-extra-1.3.6-46fa6ccb0368471fb2eb4319e2a291d4351d9beb99b9d3dc2b80ef3c18ff6a8d-ghc9.6.3.so
7f6b9c9b0000-7f6b9c9f8000 r-xp 0003f000 00:22 41284756                   /home/mleku/.local/state/cabal/store/ghc-9.6.3/conduit-extra-1.3.6-46fa6ccb0368471fb2eb4319e2a291d4351d9beb99b9d3dc2b80ef3c18ff6a8d/lib/libHSconduit-extra-1.3.6-46fa6ccb0368471fb2eb4319e2a291d4351d9beb99b9d3dc2b80ef3c18ff6a8d-ghc9.6.3.so
7f6b9c9f8000-7f6b9c9f9000 r--p 00087000 00:22 41284756                   /home/mleku/.local/state/cabal/store/ghc-9.6.3/conduit-extra-1.3.6-46fa6ccb0368471fb2eb4319e2a291d4351d9beb99b9d3dc2b80ef3c18ff6a8d/lib/libHSconduit-extra-1.3.6-46fa6ccb0368471fb2eb4319e2a291d4351d9beb99b9d3dc2b80ef3c18ff6a8d-ghc9.6.3.so
7f6b9c9f9000-7f6b9c9fa000 r--p 00088000 00:22 41284756                   /home/mleku/.local/state/cabal/store/ghc-9.6.3/conduit-extra-1.3.6-46fa6ccb0368471fb2eb4319e2a291d4351d9beb99b9d3dc2b80ef3c18ff6a8d/lib/libHSconduit-extra-1.3.6-46fa6ccb0368471fb2eb4319e2a291d4351d9beb99b9d3dc2b80ef3c18ff6a8d-ghc9.6.3.so
7f6b9c9fa000-7f6b9ca00000 rw-p 00089000 00:22 41284756                   /home/mleku/.local/state/cabal/store/ghc-9.6.3/conduit-extra-1.3.6-46fa6ccb0368471fb2eb4319e2a291d4351d9beb99b9d3dc2b80ef3c18ff6a8d/lib/libHSconduit-extra-1.3.6-46fa6ccb0368471fb2eb4319e2a291d4351d9beb99b9d3dc2b80ef3c18ff6a8d-ghc9.6.3.so
7f6b9ca00000-7f6b9cc33000 r--p 00000000 00:22 41279813                   /home/mleku/.local/state/cabal/store/ghc-9.6.3/cryptostore-0.3.0.1-44f7a30de8c5f27df2f4c61613d8f76fda72b1cf7b8d867e2fe8ff99f77f43b4/lib/libHScryptostore-0.3.0.1-44f7a30de8c5f27df2f4c61613d8f76fda72b1cf7b8d867e2fe8ff99f77f43b4-ghc9.6.3.so
7f6b9cc33000-7f6b9cd63000 r-xp 00233000 00:22 41279813                   /home/mleku/.local/state/cabal/store/ghc-9.6.3/cryptostore-0.3.0.1-44f7a30de8c5f27df2f4c61613d8f76fda72b1cf7b8d867e2fe8ff99f77f43b4/lib/libHScryptostore-0.3.0.1-44f7a30de8c5f27df2f4c61613d8f76fda72b1cf7b8d867e2fe8ff99f77f43b4-ghc9.6.3.so
7f6b9cd63000-7f6b9cd73000 r--p 00363000 00:22 41279813                   /home/mleku/.local/state/cabal/store/ghc-9.6.3/cryptostore-0.3.0.1-44f7a30de8c5f27df2f4c61613d8f76fda72b1cf7b8d867e2fe8ff99f77f43b4/lib/libHScryptostore-0.3.0.1-44f7a30de8c5f27df2f4c61613d8f76fda72b1cf7b8d867e2fe8ff99f77f43b4-ghc9.6.3.so
7f6b9cd73000-7f6b9cd75000 r--p 00373000 00:22 41279813                   /home/mleku/.local/state/cabal/store/ghc-9.6.3/cryptostore-0.3.0.1-44f7a30de8c5f27df2f4c61613d8f76fda72b1cf7b8d867e2fe8ff99f77f43b4/lib/libHScryptostore-0.3.0.1-44f7a30de8c5f27df2f4c61613d8f76fda72b1cf7b8d867e2fe8ff99f77f43b4-ghc9.6.3.so
7f6b9cd75000-7f6b9cdb3000 rw-p 00375000 00:22 41279813                   /home/mleku/.local/state/cabal/store/ghc-9.6.3/cryptostore-0.3.0.1-44f7a30de8c5f27df2f4c61613d8f76fda72b1cf7b8d867e2fe8ff99f77f43b4/lib/libHScryptostore-0.3.0.1-44f7a30de8c5f27df2f4c61613d8f76fda72b1cf7b8d867e2fe8ff99f77f43b4-ghc9.6.3.so
7f6b9cdb4000-7f6b9cdb7000 r--s 00000000 00:22 19815                      /var/cache/fontconfig/1876b2dcf508980ebba421dbe8e808d3-le64.cache-11
7f6b9cdb7000-7f6b9cdbe000 r--p 00000000 00:22 41258839                   /home/mleku/.local/state/cabal/store/ghc-9.6.3/record-hasfield-1.0-d6cb5024fc4032d99d6944fd59d32266d746ed207dd5c5f8d3ffdca859062686/lib/libHSrecord-hasfield-1.0-d6cb5024fc4032d99d6944fd59d32266d746ed207dd5c5f8d3ffdca859062686-ghc9.6.3.so
7f6b9cdbe000-7f6b9cdc1000 r-xp 00007000 00:22 41258839                   /home/mleku/.local/state/cabal/store/ghc-9.6.3/record-hasfield-1.0-d6cb5024fc4032d99d6944fd59d32266d746ed207dd5c5f8d3ffdca859062686/lib/libHSrecord-hasfield-1.0-d6cb5024fc4032d99d6944fd59d32266d746ed207dd5c5f8d3ffdca859062686-ghc9.6.3.so
7f6b9cdc1000-7f6b9cdc2000 r--p 0000a000 00:22 41258839                   /home/mleku/.local/state/cabal/store/ghc-9.6.3/record-hasfield-1.0-d6cb5024fc4032d99d6944fd59d32266d746ed207dd5c5f8d3ffdca859062686/lib/libHSrecord-hasfield-1.0-d6cb5024fc4032d99d6944fd59d32266d746ed207dd5c5f8d3ffdca859062686-ghc9.6.3.so
7f6b9cdc2000-7f6b9cdc3000 r--p 0000a000 00:22 41258839                   /home/mleku/.local/state/cabal/store/ghc-9.6.3/record-hasfield-1.0-d6cb5024fc4032d99d6944fd59d32266d746ed207dd5c5f8d3ffdca859062686/lib/libHSrecord-hasfield-1.0-d6cb5024fc4032d99d6944fd59d32266d746ed207dd5c5f8d3ffdca859062686-ghc9.6.3.so
7f6b9cdc3000-7f6b9cdc4000 rw-p 0000b000 00:22 41258839                   /home/mleku/.local/state/cabal/store/ghc-9.6.3/record-hasfield-1.0-d6cb5024fc4032d99d6944fd59d32266d746ed207dd5c5f8d3ffdca859062686/lib/libHSrecord-hasfield-1.0-d6cb5024fc4032d99d6944fd59d32266d746ed207dd5c5f8d3ffdca859062686-ghc9.6.3.so
7f6b9cdc4000-7f6b9cde8000 r--p 00000000 00:22 41268269                   /home/mleku/.local/state/cabal/store/ghc-9.6.3/typed-process-0.2.11.1-62f137b38f036ac21804c99685e715e16a8eae2414705926bc32627e2e3746b7/lib/libHStyped-process-0.2.11.1-62f137b38f036ac21804c99685e715e16a8eae2414705926bc32627e2e3746b7-ghc9.6.3.so
7f6b9cde8000-7f6b9cdff000 r-xp 00024000 00:22 41268269                   /home/mleku/.local/state/cabal/store/ghc-9.6.3/typed-process-0.2.11.1-62f137b38f036ac21804c99685e715e16a8eae2414705926bc32627e2e3746b7/lib/libHStyped-process-0.2.11.1-62f137b38f036ac21804c99685e715e16a8eae2414705926bc32627e2e3746b7-ghc9.6.3.so
7f6b9cdff000-7f6b9ce00000 r--p 0003b000 00:22 41268269                   /home/mleku/.local/state/cabal/store/ghc-9.6.3/typed-process-0.2.11.1-62f137b38f036ac21804c99685e715e16a8eae2414705926bc32627e2e3746b7/lib/libHStyped-process-0.2.11.1-62f137b38f036ac21804c99685e715e16a8eae2414705926bc32627e2e3746b7-ghc9.6.3.so
7f6b9ce00000-7f6b9ce01000 r--p 0003c000 00:22 41268269                   /home/mleku/.local/state/cabal/store/ghc-9.6.3/typed-process-0.2.11.1-62f137b38f036ac21804c99685e715e16a8eae2414705926bc32627e2e3746b7/lib/libHStyped-process-0.2.11.1-62f137b38f036ac21804c99685e715e16a8eae2414705926bc32627e2e3746b7-ghc9.6.3.so
7f6b9ce01000-7f6b9ce04000 rw-p 0003d000 00:22 41268269                   /home/mleku/.local/state/cabal/store/ghc-9.6.3/typed-process-0.2.11.1-62f137b38f036ac21804c99685e715e16a8eae2414705926bc32627e2e3746b7/lib/libHStyped-process-0.2.11.1-62f137b38f036ac21804c99685e715e16a8eae2414705926bc32627e2e3746b7-ghc9.6.3.so
7f6b9ce04000-7f6b9ce12000 r--p 00000000 00:22 41269527                   /home/mleku/.local/state/cabal/store/ghc-9.6.3/monad-control-1.0.3.1-6f6ba806d7cf991812bc234b52c30f48282db4f291e3d32cab0696752b0c8a6b/lib/libHSmonad-control-1.0.3.1-6f6ba806d7cf991812bc234b52c30f48282db4f291e3d32cab0696752b0c8a6b-ghc9.6.3.so
7f6b9ce12000-7f6b9ce18000 r-xp 0000e000 00:22 41269527                   /home/mleku/.local/state/cabal/store/ghc-9.6.3/monad-control-1.0.3.1-6f6ba806d7cf991812bc234b52c30f48282db4f291e3d32cab0696752b0c8a6b/lib/libHSmonad-control-1.0.3.1-6f6ba806d7cf991812bc234b52c30f48282db4f291e3d32cab0696752b0c8a6b-ghc9.6.3.so
7f6b9ce18000-7f6b9ce19000 r--p 00014000 00:22 41269527                   /home/mleku/.local/state/cabal/store/ghc-9.6.3/monad-control-1.0.3.1-6f6ba806d7cf991812bc234b52c30f48282db4f291e3d32cab0696752b0c8a6b/lib/libHSmonad-control-1.0.3.1-6f6ba806d7cf991812bc234b52c30f48282db4f291e3d32cab0696752b0c8a6b-ghc9.6.3.so
7f6b9ce19000-7f6b9ce1a000 r--p 00014000 00:22 41269527                   /home/mleku/.local/state/cabal/store/ghc-9.6.3/monad-control-1.0.3.1-6f6ba806d7cf991812bc234b52c30f48282db4f291e3d32cab0696752b0c8a6b/lib/libHSmonad-control-1.0.3.1-6f6ba806d7cf991812bc234b52c30f48282db4f291e3d32cab0696752b0c8a6b-ghc9.6.3.so
7f6b9ce1a000-7f6b9ce1b000 rw-p 00015000 00:22 41269527                   /home/mleku/.local/state/cabal/store/ghc-9.6.3/monad-control-1.0.3.1-6f6ba806d7cf991812bc234b52c30f48282db4f291e3d32cab0696752b0c8a6b/lib/libHSmonad-control-1.0.3.1-6f6ba806d7cf991812bc234b52c30f48282db4f291e3d32cab0696752b0c8a6b-ghc9.6.3.so
7f6b9ce1b000-7f6b9ce29000 r--p 00000000 00:22 41272535                   /home/mleku/.local/state/cabal/store/ghc-9.6.3/lifted-base-0.2.3.12-6bb680b275575f77f23a400002cab0d5c5392afc5c95837c034d35d6f4d761c8/lib/libHSlifted-base-0.2.3.12-6bb680b275575f77f23a400002cab0d5c5392afc5c95837c034d35d6f4d761c8-ghc9.6.3.so
7f6b9ce29000-7f6b9ce35000 r-xp 0000e000 00:22 41272535                   /home/mleku/.local/state/cabal/store/ghc-9.6.3/lifted-base-0.2.3.12-6bb680b275575f77f23a400002cab0d5c5392afc5c95837c034d35d6f4d761c8/lib/libHSlifted-base-0.2.3.12-6bb680b275575f77f23a400002cab0d5c5392afc5c95837c034d35d6f4d761c8-ghc9.6.3.so
7f6b9ce35000-7f6b9ce36000 r--p 0001a000 00:22 41272535                   /home/mleku/.local/state/cabal/store/ghc-9.6.3/lifted-base-0.2.3.12-6bb680b275575f77f23a400002cab0d5c5392afc5c95837c034d35d6f4d761c8/lib/libHSlifted-base-0.2.3.12-6bb680b275575f77f23a400002cab0d5c5392afc5c95837c034d35d6f4d761c8-ghc9.6.3.so
7f6b9ce36000-7f6b9ce37000 r--p 0001a000 00:22 41272535                   /home/mleku/.local/state/cabal/store/ghc-9.6.3/lifted-base-0.2.3.12-6bb680b275575f77f23a400002cab0d5c5392afc5c95837c034d35d6f4d761c8/lib/libHSlifted-base-0.2.3.12-6bb680b275575f77f23a400002cab0d5c5392afc5c95837c034d35d6f4d761c8-ghc9.6.3.so
7f6b9ce37000-7f6b9ce38000 rw-p 0001b000 00:22 41272535                   /home/mleku/.local/state/cabal/store/ghc-9.6.3/lifted-base-0.2.3.12-6bb680b275575f77f23a400002cab0d5c5392afc5c95837c034d35d6f4d761c8/lib/libHSlifted-base-0.2.3.12-6bb680b275575f77f23a400002cab0d5c5392afc5c95837c034d35d6f4d761c8-ghc9.6.3.so
7f6b9ce38000-7f6b9ce40000 r--p 00000000 00:22 41258204                   /home/mleku/.local/state/cabal/store/ghc-9.6.3/monad-loops-0.4.3-98feff43df6edc7df39efe98002b1cc9407b070d698d434ec670f5726dc88e5b/lib/libHSmonad-loops-0.4.3-98feff43df6edc7df39efe98002b1cc9407b070d698d434ec670f5726dc88e5b-ghc9.6.3.so
7f6b9ce40000-7f6b9ce4e000 r-xp 00008000 00:22 41258204                   /home/mleku/.local/state/cabal/store/ghc-9.6.3/monad-loops-0.4.3-98feff43df6edc7df39efe98002b1cc9407b070d698d434ec670f5726dc88e5b/lib/libHSmonad-loops-0.4.3-98feff43df6edc7df39efe98002b1cc9407b070d698d434ec670f5726dc88e5b-ghc9.6.3.so
7f6b9ce4e000-7f6b9ce4f000 r--p 00016000 00:22 41258204                   /home/mleku/.local/state/cabal/store/ghc-9.6.3/monad-loops-0.4.3-98feff43df6edc7df39efe98002b1cc9407b070d698d434ec670f5726dc88e5b/lib/libHSmonad-loops-0.4.3-98feff43df6edc7df39efe98002b1cc9407b070d698d434ec670f5726dc88e5b-ghc9.6.3.so
7f6b9ce4f000-7f6b9ce50000 r--p 00016000 00:22 41258204                   /home/mleku/.local/state/cabal/store/ghc-9.6.3/monad-loops-0.4.3-98feff43df6edc7df39efe98002b1cc9407b070d698d434ec670f5726dc88e5b/lib/libHSmonad-loops-0.4.3-98feff43df6edc7df39efe98002b1cc9407b070d698d434ec670f5726dc88e5b-ghc9.6.3.so
7f6b9ce50000-7f6b9ce51000 rw-p 00017000 00:22 41258204                   /home/mleku/.local/state/cabal/store/ghc-9.6.3/monad-loops-0.4.3-98feff43df6edc7df39efe98002b1cc9407b070d698d434ec670f5726dc88e5b/lib/libHSmonad-loops-0.4.3-98feff43df6edc7df39efe98002b1cc9407b070d698d434ec670f5726dc88e5b-ghc9.6.3.so
7f6b9ce51000-7f6b9ce98000 r--p 00000000 00:22 41285004                   /home/mleku/.local/state/cabal/store/ghc-9.6.3/monad-logger-0.3.40-bd2c86f117c7a9e15efe0e94bf63ea4ba9acb1a3cd6ae109d16580e3e144a39f/lib/libHSmonad-logger-0.3.40-bd2c86f117c7a9e15efe0e94bf63ea4ba9acb1a3cd6ae109d16580e3e144a39f-ghc9.6.3.so
7f6b9ce98000-7f6b9cec8000 r-xp 00047000 00:22 41285004                   /home/mleku/.local/state/cabal/store/ghc-9.6.3/monad-logger-0.3.40-bd2c86f117c7a9e15efe0e94bf63ea4ba9acb1a3cd6ae109d16580e3e144a39f/lib/libHSmonad-logger-0.3.40-bd2c86f117c7a9e15efe0e94bf63ea4ba9acb1a3cd6ae109d16580e3e144a39f-ghc9.6.3.so
7f6b9cec8000-7f6b9cec9000 r--p 00077000 00:22 41285004                   /home/mleku/.local/state/cabal/store/ghc-9.6.3/monad-logger-0.3.40-bd2c86f117c7a9e15efe0e94bf63ea4ba9acb1a3cd6ae109d16580e3e144a39f/lib/libHSmonad-logger-0.3.40-bd2c86f117c7a9e15efe0e94bf63ea4ba9acb1a3cd6ae109d16580e3e144a39f-ghc9.6.3.so
7f6b9cec9000-7f6b9ceca000 r--p 00078000 00:22 41285004                   /home/mleku/.local/state/cabal/store/ghc-9.6.3/monad-logger-0.3.40-bd2c86f117c7a9e15efe0e94bf63ea4ba9acb1a3cd6ae109d16580e3e144a39f/lib/libHSmonad-logger-0.3.40-bd2c86f117c7a9e15efe0e94bf63ea4ba9acb1a3cd6ae109d16580e3e144a39f-ghc9.6.3.so
7f6b9ceca000-7f6b9cecf000 rw-p 00079000 00:22 41285004                   /home/mleku/.local/state/cabal/store/ghc-9.6.3/monad-logger-0.3.40-bd2c86f117c7a9e15efe0e94bf63ea4ba9acb1a3cd6ae109d16580e3e144a39f/lib/libHSmonad-logger-0.3.40-bd2c86f117c7a9e15efe0e94bf63ea4ba9acb1a3cd6ae109d16580e3e144a39f-ghc9.6.3.so
7f6b9cecf000-7f6b9cf1e000 r--p 00000000 00:22 41270550                   /home/mleku/.local/state/cabal/store/ghc-9.6.3/iproute-1.7.12-f2697155f8d196d730c7a4356a213a14569fb9fe169e659aee4a75a1b1e3d28d/lib/libHSiproute-1.7.12-f2697155f8d196d730c7a4356a213a14569fb9fe169e659aee4a75a1b1e3d28d-ghc9.6.3.so
7f6b9cf1e000-7f6b9cf61000 r-xp 0004f000 00:22 41270550                   /home/mleku/.local/state/cabal/store/ghc-9.6.3/iproute-1.7.12-f2697155f8d196d730c7a4356a213a14569fb9fe169e659aee4a75a1b1e3d28d/lib/libHSiproute-1.7.12-f2697155f8d196d730c7a4356a213a14569fb9fe169e659aee4a75a1b1e3d28d-ghc9.6.3.so
7f6b9cf61000-7f6b9cf62000 r--p 00092000 00:22 41270550                   /home/mleku/.local/state/cabal/store/ghc-9.6.3/iproute-1.7.12-f2697155f8d196d730c7a4356a213a14569fb9fe169e659aee4a75a1b1e3d28d/lib/libHSiproute-1.7.12-f2697155f8d196d730c7a4356a213a14569fb9fe169e659aee4a75a1b1e3d28d-ghc9.6.3.so
7f6b9cf62000-7f6b9cf63000 r--p 00093000 00:22 41270550                   /home/mleku/.local/state/cabal/store/ghc-9.6.3/iproute-1.7.12-f2697155f8d196d730c7a4356a213a14569fb9fe169e659aee4a75a1b1e3d28d/lib/libHSiproute-1.7.12-f2697155f8d196d730c7a4356a213a14569fb9fe169e659aee4a75a1b1e3d28d-ghc9.6.3.so
7f6b9cf63000-7f6b9cf6b000 rw-p 00094000 00:22 41270550                   /home/mleku/.local/state/cabal/store/ghc-9.6.3/iproute-1.7.12-f2697155f8d196d730c7a4356a213a14569fb9fe169e659aee4a75a1b1e3d28d/lib/libHSiproute-1.7.12-f2697155f8d196d730c7a4356a213a14569fb9fe169e659aee4a75a1b1e3d28d-ghc9.6.3.so
7f6b9cf6b000-7f6b9cfa6000 r--p 00000000 00:22 41254005                   /home/mleku/.local/state/cabal/store/ghc-9.6.3/cereal-0.5.8.3-1dc9d2e442647ca716729f0956fdcf61c80cd8a0e0593a7c3ffd6dec6fd90897/lib/libHScereal-0.5.8.3-1dc9d2e442647ca716729f0956fdcf61c80cd8a0e0593a7c3ffd6dec6fd90897-ghc9.6.3.so
7f6b9cfa6000-7f6b9cffa000 r-xp 0003b000 00:22 41254005                   /home/mleku/.local/state/cabal/store/ghc-9.6.3/cereal-0.5.8.3-1dc9d2e442647ca716729f0956fdcf61c80cd8a0e0593a7c3ffd6dec6fd90897/lib/libHScereal-0.5.8.3-1dc9d2e442647ca716729f0956fdcf61c80cd8a0e0593a7c3ffd6dec6fd90897-ghc9.6.3.so
7f6b9cffa000-7f6b9cffb000 r--p 0008f000 00:22 41254005                   /home/mleku/.local/state/cabal/store/ghc-9.6.3/cereal-0.5.8.3-1dc9d2e442647ca716729f0956fdcf61c80cd8a0e0593a7c3ffd6dec6fd90897/lib/libHScereal-0.5.8.3-1dc9d2e442647ca716729f0956fdcf61c80cd8a0e0593a7c3ffd6dec6fd90897-ghc9.6.3.so
7f6b9cffb000-7f6b9cffc000 r--p 0008f000 00:22 41254005                   /home/mleku/.local/state/cabal/store/ghc-9.6.3/cereal-0.5.8.3-1dc9d2e442647ca716729f0956fdcf61c80cd8a0e0593a7c3ffd6dec6fd90897/lib/libHScereal-0.5.8.3-1dc9d2e442647ca716729f0956fdcf61c80cd8a0e0593a7c3ffd6dec6fd90897-ghc9.6.3.so
7f6b9cffc000-7f6b9d000000 rw-p 00090000 00:22 41254005                   /home/mleku/.local/state/cabal/store/ghc-9.6.3/cereal-0.5.8.3-1dc9d2e442647ca716729f0956fdcf61c80cd8a0e0593a7c3ffd6dec6fd90897/lib/libHScereal-0.5.8.3-1dc9d2e442647ca716729f0956fdcf61c80cd8a0e0593a7c3ffd6dec6fd90897-ghc9.6.3.so
7f6b9d000000-7f6b9d23c000 r--p 00000000 00:22 41280079                   /home/mleku/.local/state/cabal/store/ghc-9.6.3/tls-1.9.0-6788cf450613a953599cb80c84cd483fafc4caa194ade4412ea440d544ee19ba/lib/libHStls-1.9.0-6788cf450613a953599cb80c84cd483fafc4caa194ade4412ea440d544ee19ba-ghc9.6.3.so
7f6b9d23c000-7f6b9d3c5000 r-xp 0023c000 00:22 41280079                   /home/mleku/.local/state/cabal/store/ghc-9.6.3/tls-1.9.0-6788cf450613a953599cb80c84cd483fafc4caa194ade4412ea440d544ee19ba/lib/libHStls-1.9.0-6788cf450613a953599cb80c84cd483fafc4caa194ade4412ea440d544ee19ba-ghc9.6.3.so
7f6b9d3c5000-7f6b9d3d9000 r--p 003c5000 00:22 41280079                   /home/mleku/.local/state/cabal/store/ghc-9.6.3/tls-1.9.0-6788cf450613a953599cb80c84cd483fafc4caa194ade4412ea440d544ee19ba/lib/libHStls-1.9.0-6788cf450613a953599cb80c84cd483fafc4caa194ade4412ea440d544ee19ba-ghc9.6.3.so
7f6b9d3d9000-7f6b9d3db000 r--p 003d9000 00:22 41280079                   /home/mleku/.local/state/cabal/store/ghc-9.6.3/tls-1.9.0-6788cf450613a953599cb80c84cd483fafc4caa194ade4412ea440d544ee19ba/lib/libHStls-1.9.0-6788cf450613a953599cb80c84cd483fafc4caa194ade4412ea440d544ee19ba-ghc9.6.3.so
7f6b9d3db000-7f6b9d41e000 rw-p 003db000 00:22 41280079                   /home/mleku/.local/state/cabal/store/ghc-9.6.3/tls-1.9.0-6788cf450613a953599cb80c84cd483fafc4caa194ade4412ea440d544ee19ba/lib/libHStls-1.9.0-6788cf450613a953599cb80c84cd483fafc4caa194ade4412ea440d544ee19ba-ghc9.6.3.so
7f6b9d41e000-7f6b9d434000 r--p 00000000 00:22 41259543                   /home/mleku/.local/state/cabal/store/ghc-9.6.3/stm-chans-3.0.0.9-27ac3a1df633cbdc2c71a28c9eeacd8c9b232a2a752f54f84e55418ba8d206e4/lib/libHSstm-chans-3.0.0.9-27ac3a1df633cbdc2c71a28c9eeacd8c9b232a2a752f54f84e55418ba8d206e4-ghc9.6.3.so
7f6b9d434000-7f6b9d43f000 r-xp 00016000 00:22 41259543                   /home/mleku/.local/state/cabal/store/ghc-9.6.3/stm-chans-3.0.0.9-27ac3a1df633cbdc2c71a28c9eeacd8c9b232a2a752f54f84e55418ba8d206e4/lib/libHSstm-chans-3.0.0.9-27ac3a1df633cbdc2c71a28c9eeacd8c9b232a2a752f54f84e55418ba8d206e4-ghc9.6.3.so
7f6b9d43f000-7f6b9d440000 r--p 00021000 00:22 41259543                   /home/mleku/.local/state/cabal/store/ghc-9.6.3/stm-chans-3.0.0.9-27ac3a1df633cbdc2c71a28c9eeacd8c9b232a2a752f54f84e55418ba8d206e4/lib/libHSstm-chans-3.0.0.9-27ac3a1df633cbdc2c71a28c9eeacd8c9b232a2a752f54f84e55418ba8d206e4-ghc9.6.3.so
7f6b9d440000-7f6b9d441000 r--p 00021000 00:22 41259543                   /home/mleku/.local/state/cabal/store/ghc-9.6.3/stm-chans-3.0.0.9-27ac3a1df633cbdc2c71a28c9eeacd8c9b232a2a752f54f84e55418ba8d206e4/lib/libHSstm-chans-3.0.0.9-27ac3a1df633cbdc2c71a28c9eeacd8c9b232a2a752f54f84e55418ba8d206e4-ghc9.6.3.so
7f6b9d441000-7f6b9d443000 rw-p 00022000 00:22 41259543                   /home/mleku/.local/state/cabal/store/ghc-9.6.3/stm-chans-3.0.0.9-27ac3a1df633cbdc2c71a28c9eeacd8c9b232a2a752f54f84e55418ba8d206e4/lib/libHSstm-chans-3.0.0.9-27ac3a1df633cbdc2c71a28c9eeacd8c9b232a2a752f54f84e55418ba8d206e4-ghc9.6.3.so
7f6b9d443000-7f6b9d45b000 r--p 00000000 00:22 41285294                   /home/mleku/.local/state/cabal/store/ghc-9.6.3/simple-logger-0.1.1-74a5a24b5c9c137579e4e7136fe51f6f3d021f9d392f41e966f82eb3aced465f/lib/libHSsimple-logger-0.1.1-74a5a24b5c9c137579e4e7136fe51f6f3d021f9d392f41e966f82eb3aced465f-ghc9.6.3.so
7f6b9d45b000-7f6b9d46a000 r-xp 00018000 00:22 41285294                   /home/mleku/.local/state/cabal/store/ghc-9.6.3/simple-logger-0.1.1-74a5a24b5c9c137579e4e7136fe51f6f3d021f9d392f41e966f82eb3aced465f/lib/libHSsimple-logger-0.1.1-74a5a24b5c9c137579e4e7136fe51f6f3d021f9d392f41e966f82eb3aced465f-ghc9.6.3.so
7f6b9d46a000-7f6b9d46b000 r--p 00027000 00:22 41285294                   /home/mleku/.local/state/cabal/store/ghc-9.6.3/simple-logger-0.1.1-74a5a24b5c9c137579e4e7136fe51f6f3d021f9d392f41e966f82eb3aced465f/lib/libHSsimple-logger-0.1.1-74a5a24b5c9c137579e4e7136fe51f6f3d021f9d392f41e966f82eb3aced465f-ghc9.6.3.so
7f6b9d46b000-7f6b9d46c000 r--p 00028000 00:22 41285294                   /home/mleku/.local/state/cabal/store/ghc-9.6.3/simple-logger-0.1.1-74a5a24b5c9c137579e4e7136fe51f6f3d021f9d392f41e966f82eb3aced465f/lib/libHSsimple-logger-0.1.1-74a5a24b5c9c137579e4e7136fe51f6f3d021f9d392f41e966f82eb3aced465f-ghc9.6.3.so
7f6b9d46c000-7f6b9d46f000 rw-p 00029000 00:22 41285294                   /home/mleku/.local/state/cabal/store/ghc-9.6.3/simple-logger-0.1.1-74a5a24b5c9c137579e4e7136fe51f6f3d021f9d392f41e966f82eb3aced465f/lib/libHSsimple-logger-0.1.1-74a5a24b5c9c137579e4e7136fe51f6f3d021f9d392f41e966f82eb3aced465f-ghc9.6.3.so
7f6b9d46f000-7f6b9d493000 r--p 00000000 00:22 41276653                   /home/mleku/.local/state/cabal/store/ghc-9.6.3/crypton-x509-validation-1.6.12-6c2492e39358fa3eb290c04e6d2e26ea294b9142355075e952d607428999798b/lib/libHScrypton-x509-validation-1.6.12-6c2492e39358fa3eb290c04e6d2e26ea294b9142355075e952d607428999798b-ghc9.6.3.so
7f6b9d493000-7f6b9d4a4000 r-xp 00024000 00:22 41276653                   /home/mleku/.local/state/cabal/store/ghc-9.6.3/crypton-x509-validation-1.6.12-6c2492e39358fa3eb290c04e6d2e26ea294b9142355075e952d607428999798b/lib/libHScrypton-x509-validation-1.6.12-6c2492e39358fa3eb290c04e6d2e26ea294b9142355075e952d607428999798b-ghc9.6.3.so
7f6b9d4a4000-7f6b9d4a6000 r--p 00035000 00:22 41276653                   /home/mleku/.local/state/cabal/store/ghc-9.6.3/crypton-x509-validation-1.6.12-6c2492e39358fa3eb290c04e6d2e26ea294b9142355075e952d607428999798b/lib/libHScrypton-x509-validation-1.6.12-6c2492e39358fa3eb290c04e6d2e26ea294b9142355075e952d607428999798b-ghc9.6.3.so
7f6b9d4a6000-7f6b9d4a7000 r--p 00037000 00:22 41276653                   /home/mleku/.local/state/cabal/store/ghc-9.6.3/crypton-x509-validation-1.6.12-6c2492e39358fa3eb290c04e6d2e26ea294b9142355075e952d607428999798b/lib/libHScrypton-x509-validation-1.6.12-6c2492e39358fa3eb290c04e6d2e26ea294b9142355075e952d607428999798b-ghc9.6.3.so
7f6b9d4a7000-7f6b9d4aa000 rw-p 00038000 00:22 41276653                   /home/mleku/.local/state/cabal/store/ghc-9.6.3/crypton-x509-validation-1.6.12-6c2492e39358fa3eb290c04e6d2e26ea294b9142355075e952d607428999798b/lib/libHScrypton-x509-validation-1.6.12-6c2492e39358fa3eb290c04e6d2e26ea294b9142355075e952d607428999798b-ghc9.6.3.so
7f6b9d4aa000-7f6b9d4f8000 r--p 00000000 00:22 41270268                   /home/mleku/.local/state/cabal/store/ghc-9.6.3/socks-0.6.1-321a4ad83486b2eab3dbdbbd43e942eb6e8e886281d9cd99264913eda3e51659/lib/libHSsocks-0.6.1-321a4ad83486b2eab3dbdbbd43e942eb6e8e886281d9cd99264913eda3e51659-ghc9.6.3.so
7f6b9d4f8000-7f6b9d53c000 r-xp 0004e000 00:22 41270268                   /home/mleku/.local/state/cabal/store/ghc-9.6.3/socks-0.6.1-321a4ad83486b2eab3dbdbbd43e942eb6e8e886281d9cd99264913eda3e51659/lib/libHSsocks-0.6.1-321a4ad83486b2eab3dbdbbd43e942eb6e8e886281d9cd99264913eda3e51659-ghc9.6.3.so
7f6b9d53c000-7f6b9d540000 r--p 00092000 00:22 41270268                   /home/mleku/.local/state/cabal/store/ghc-9.6.3/socks-0.6.1-321a4ad83486b2eab3dbdbbd43e942eb6e8e886281d9cd99264913eda3e51659/lib/libHSsocks-0.6.1-321a4ad83486b2eab3dbdbbd43e942eb6e8e886281d9cd99264913eda3e51659-ghc9.6.3.so
7f6b9d540000-7f6b9d541000 r--p 00096000 00:22 41270268                   /home/mleku/.local/state/cabal/store/ghc-9.6.3/socks-0.6.1-321a4ad83486b2eab3dbdbbd43e942eb6e8e886281d9cd99264913eda3e51659/lib/libHSsocks-0.6.1-321a4ad83486b2eab3dbdbbd43e942eb6e8e886281d9cd99264913eda3e51659-ghc9.6.3.so
7f6b9d541000-7f6b9d549000 rw-p 00097000 00:22 41270268                   /home/mleku/.local/state/cabal/store/ghc-9.6.3/socks-0.6.1-321a4ad83486b2eab3dbdbbd43e942eb6e8e886281d9cd99264913eda3e51659/lib/libHSsocks-0.6.1-321a4ad83486b2eab3dbdbbd43e942eb6e8e886281d9cd99264913eda3e51659-ghc9.6.3.so
7f6b9d549000-7f6b9d5ac000 r--p 00000000 00:22 41279546                   /home/mleku/.local/state/cabal/store/ghc-9.6.3/sqlcipher-simple-0.4.18.1-09d3318ba006bdb3bd827da08da99f8ee887ff4ce490d438152f0af42d5ce1ae/lib/libHSsqlcipher-simple-0.4.18.1-09d3318ba006bdb3bd827da08da99f8ee887ff4ce490d438152f0af42d5ce1ae-ghc9.6.3.so
7f6b9d5ac000-7f6b9d5f4000 r-xp 00063000 00:22 41279546                   /home/mleku/.local/state/cabal/store/ghc-9.6.3/sqlcipher-simple-0.4.18.1-09d3318ba006bdb3bd827da08da99f8ee887ff4ce490d438152f0af42d5ce1ae/lib/libHSsqlcipher-simple-0.4.18.1-09d3318ba006bdb3bd827da08da99f8ee887ff4ce490d438152f0af42d5ce1ae-ghc9.6.3.so
7f6b9d5f4000-7f6b9d5f6000 r--p 000ab000 00:22 41279546                   /home/mleku/.local/state/cabal/store/ghc-9.6.3/sqlcipher-simple-0.4.18.1-09d3318ba006bdb3bd827da08da99f8ee887ff4ce490d438152f0af42d5ce1ae/lib/libHSsqlcipher-simple-0.4.18.1-09d3318ba006bdb3bd827da08da99f8ee887ff4ce490d438152f0af42d5ce1ae-ghc9.6.3.so
7f6b9d5f6000-7f6b9d5f7000 r--p 000ad000 00:22 41279546                   /home/mleku/.local/state/cabal/store/ghc-9.6.3/sqlcipher-simple-0.4.18.1-09d3318ba006bdb3bd827da08da99f8ee887ff4ce490d438152f0af42d5ce1ae/lib/libHSsqlcipher-simple-0.4.18.1-09d3318ba006bdb3bd827da08da99f8ee887ff4ce490d438152f0af42d5ce1ae-ghc9.6.3.so
7f6b9d5f7000-7f6b9d600000 rw-p 000ae000 00:22 41279546                   /home/mleku/.local/state/cabal/store/ghc-9.6.3/sqlcipher-simple-0.4.18.1-09d3318ba006bdb3bd827da08da99f8ee887ff4ce490d438152f0af42d5ce1ae/lib/libHSsqlcipher-simple-0.4.18.1-09d3318ba006bdb3bd827da08da99f8ee887ff4ce490d438152f0af42d5ce1ae-ghc9.6.3.so
7f6b9d600000-7f6b9e41b000 r--p 00000000 00:22 10698527                   /opt/simplex/lib/app/resources/libsimplex.so
7f6b9e41b000-7f6b9fc8c000 r-xp 00e1b000 00:22 10698527                   /opt/simplex/lib/app/resources/libsimplex.so
7f6b9fc8c000-7f6b9fd54000 r--p 0268c000 00:22 10698527                   /opt/simplex/lib/app/resources/libsimplex.so
7f6b9fd54000-7f6b9fd59000 r--p 02754000 00:22 10698527                   /opt/simplex/lib/app/resources/libsimplex.so
7f6b9fd59000-7f6b9ffa9000 rw-p 02759000 00:22 10698527                   /opt/simplex/lib/app/resources/libsimplex.so
7f6b9ffa9000-7f6b9ffac000 r--s 00000000 00:22 19797                      /var/cache/fontconfig/6ba42ae0000f58711b5caaf10d690066-le64.cache-11
7f6b9ffac000-7f6b9ffaf000 r--p 00000000 00:22 41255181                   /home/mleku/.local/state/cabal/store/ghc-9.6.3/composition-1.0.2.2-237b8704d6b2659dedca5654b4896de04c10bdbb3672d164e018047bd34b458b/lib/libHScomposition-1.0.2.2-237b8704d6b2659dedca5654b4896de04c10bdbb3672d164e018047bd34b458b-ghc9.6.3.so
7f6b9ffaf000-7f6b9ffb1000 r-xp 00003000 00:22 41255181                   /home/mleku/.local/state/cabal/store/ghc-9.6.3/composition-1.0.2.2-237b8704d6b2659dedca5654b4896de04c10bdbb3672d164e018047bd34b458b/lib/libHScomposition-1.0.2.2-237b8704d6b2659dedca5654b4896de04c10bdbb3672d164e018047bd34b458b-ghc9.6.3.so
7f6b9ffb1000-7f6b9ffb2000 r--p 00005000 00:22 41255181                   /home/mleku/.local/state/cabal/store/ghc-9.6.3/composition-1.0.2.2-237b8704d6b2659dedca5654b4896de04c10bdbb3672d164e018047bd34b458b/lib/libHScomposition-1.0.2.2-237b8704d6b2659dedca5654b4896de04c10bdbb3672d164e018047bd34b458b-ghc9.6.3.so
7f6b9ffb2000-7f6b9ffb3000 r--p 00005000 00:22 41255181                   /home/mleku/.local/state/cabal/store/ghc-9.6.3/composition-1.0.2.2-237b8704d6b2659dedca5654b4896de04c10bdbb3672d164e018047bd34b458b/lib/libHScomposition-1.0.2.2-237b8704d6b2659dedca5654b4896de04c10bdbb3672d164e018047bd34b458b-ghc9.6.3.so
7f6b9ffb3000-7f6b9ffb4000 rw-p 00006000 00:22 41255181                   /home/mleku/.local/state/cabal/store/ghc-9.6.3/composition-1.0.2.2-237b8704d6b2659dedca5654b4896de04c10bdbb3672d164e018047bd34b458b/lib/libHScomposition-1.0.2.2-237b8704d6b2659dedca5654b4896de04c10bdbb3672d164e018047bd34b458b-ghc9.6.3.so
7f6b9ffb4000-7f6b9ffc1000 r--p 00000000 00:22 41276496                   /home/mleku/.local/state/cabal/store/ghc-9.6.3/crypton-x509-store-1.6.9-64fdad60030d495614a07f5b56043ee9ff853e07d06be0e999faf50e57e3c974/lib/libHScrypton-x509-store-1.6.9-64fdad60030d495614a07f5b56043ee9ff853e07d06be0e999faf50e57e3c974-ghc9.6.3.so
7f6b9ffc1000-7f6b9ffcb000 r-xp 0000d000 00:22 41276496                   /home/mleku/.local/state/cabal/store/ghc-9.6.3/crypton-x509-store-1.6.9-64fdad60030d495614a07f5b56043ee9ff853e07d06be0e999faf50e57e3c974/lib/libHScrypton-x509-store-1.6.9-64fdad60030d495614a07f5b56043ee9ff853e07d06be0e999faf50e57e3c974-ghc9.6.3.so
7f6b9ffcb000-7f6b9ffcc000 r--p 00017000 00:22 41276496                   /home/mleku/.local/state/cabal/store/ghc-9.6.3/crypton-x509-store-1.6.9-64fdad60030d495614a07f5b56043ee9ff853e07d06be0e999faf50e57e3c974/lib/libHScrypton-x509-store-1.6.9-64fdad60030d495614a07f5b56043ee9ff853e07d06be0e999faf50e57e3c974-ghc9.6.3.so
7f6b9ffcc000-7f6b9ffcd000 r--p 00017000 00:22 41276496                   /home/mleku/.local/state/cabal/store/ghc-9.6.3/crypton-x509-store-1.6.9-64fdad60030d495614a07f5b56043ee9ff853e07d06be0e999faf50e57e3c974/lib/libHScrypton-x509-store-1.6.9-64fdad60030d495614a07f5b56043ee9ff853e07d06be0e999faf50e57e3c974-ghc9.6.3.so
7f6b9ffcd000-7f6b9ffcf000 rw-p 00018000 00:22 41276496                   /home/mleku/.local/state/cabal/store/ghc-9.6.3/crypton-x509-store-1.6.9-64fdad60030d495614a07f5b56043ee9ff853e07d06be0e999faf50e57e3c974/lib/libHScrypton-x509-store-1.6.9-64fdad60030d495614a07f5b56043ee9ff853e07d06be0e999faf50e57e3c974-ghc9.6.3.so
7f6b9ffcf000-7f6b9ffdb000 r--p 00000000 00:22 41256913                   /home/mleku/.local/state/cabal/store/ghc-9.6.3/appar-0.1.8-bd63ed1040fe7d92a0e7cc92684637afe09f278adaac8b4a583b27a1abb41d6f/lib/libHSappar-0.1.8-bd63ed1040fe7d92a0e7cc92684637afe09f278adaac8b4a583b27a1abb41d6f-ghc9.6.3.so
7f6b9ffdb000-7f6b9ffe0000 r-xp 0000c000 00:22 41256913                   /home/mleku/.local/state/cabal/store/ghc-9.6.3/appar-0.1.8-bd63ed1040fe7d92a0e7cc92684637afe09f278adaac8b4a583b27a1abb41d6f/lib/libHSappar-0.1.8-bd63ed1040fe7d92a0e7cc92684637afe09f278adaac8b4a583b27a1abb41d6f-ghc9.6.3.so
7f6b9ffe0000-7f6b9ffe1000 r--p 00011000 00:22 41256913                   /home/mleku/.local/state/cabal/store/ghc-9.6.3/appar-0.1.8-bd63ed1040fe7d92a0e7cc92684637afe09f278adaac8b4a583b27a1abb41d6f/lib/libHSappar-0.1.8-bd63ed1040fe7d92a0e7cc92684637afe09f278adaac8b4a583b27a1abb41d6f-ghc9.6.3.so
7f6b9ffe1000-7f6b9ffe2000 r--p 00011000 00:22 41256913                   /home/mleku/.local/state/cabal/store/ghc-9.6.3/appar-0.1.8-bd63ed1040fe7d92a0e7cc92684637afe09f278adaac8b4a583b27a1abb41d6f/lib/libHSappar-0.1.8-bd63ed1040fe7d92a0e7cc92684637afe09f278adaac8b4a583b27a1abb41d6f-ghc9.6.3.so
7f6b9ffe2000-7f6b9ffe4000 rw-p 00012000 00:22 41256913                   /home/mleku/.local/state/cabal/store/ghc-9.6.3/appar-0.1.8-bd63ed1040fe7d92a0e7cc92684637afe09f278adaac8b4a583b27a1abb41d6f/lib/libHSappar-0.1.8-bd63ed1040fe7d92a0e7cc92684637afe09f278adaac8b4a583b27a1abb41d6f-ghc9.6.3.so
7f6b9ffe4000-7f6b9fff4000 r--p 00000000 00:22 41258661                   /home/mleku/.local/state/cabal/store/ghc-9.6.3/network-info-0.2.1-49a3d4e9c6a555a4c6b765f873d00374b22e229f03394a07154790970cb7ff97/lib/libHSnetwork-info-0.2.1-49a3d4e9c6a555a4c6b765f873d00374b22e229f03394a07154790970cb7ff97-ghc9.6.3.so
7f6b9fff4000-7f6b9fffc000 r-xp 00010000 00:22 41258661                   /home/mleku/.local/state/cabal/store/ghc-9.6.3/network-info-0.2.1-49a3d4e9c6a555a4c6b765f873d00374b22e229f03394a07154790970cb7ff97/lib/libHSnetwork-info-0.2.1-49a3d4e9c6a555a4c6b765f873d00374b22e229f03394a07154790970cb7ff97-ghc9.6.3.so
7f6b9fffc000-7f6b9fffd000 r--p 00018000 00:22 41258661                   /home/mleku/.local/state/cabal/store/ghc-9.6.3/network-info-0.2.1-49a3d4e9c6a555a4c6b765f873d00374b22e229f03394a07154790970cb7ff97/lib/libHSnetwork-info-0.2.1-49a3d4e9c6a555a4c6b765f873d00374b22e229f03394a07154790970cb7ff97-ghc9.6.3.so
7f6b9fffd000-7f6b9fffe000 r--p 00018000 00:22 41258661                   /home/mleku/.local/state/cabal/store/ghc-9.6.3/network-info-0.2.1-49a3d4e9c6a555a4c6b765f873d00374b22e229f03394a07154790970cb7ff97/lib/libHSnetwork-info-0.2.1-49a3d4e9c6a555a4c6b765f873d00374b22e229f03394a07154790970cb7ff97-ghc9.6.3.so
7f6b9fffe000-7f6ba0000000 rw-p 00019000 00:22 41258661                   /home/mleku/.local/state/cabal/store/ghc-9.6.3/network-info-0.2.1-49a3d4e9c6a555a4c6b765f873d00374b22e229f03394a07154790970cb7ff97/lib/libHSnetwork-info-0.2.1-49a3d4e9c6a555a4c6b765f873d00374b22e229f03394a07154790970cb7ff97-ghc9.6.3.so
7f6ba0000000-7f6ba0021000 rw-p 00000000 00:00 0 
7f6ba0021000-7f6ba4000000 ---p 00000000 00:00 0 
7f6ba4000000-7f6ba4021000 rw-p 00000000 00:00 0 
7f6ba4021000-7f6ba8000000 ---p 00000000 00:00 0 
7f6ba8000000-7f6ba8021000 rw-p 00000000 00:00 0 
7f6ba8021000-7f6bac000000 ---p 00000000 00:00 0 
7f6bac000000-7f6bac021000 rw-p 00000000 00:00 0 
7f6bac021000-7f6bb0000000 ---p 00000000 00:00 0 
7f6bb0000000-7f6bb04d3000 rw-p 00000000 00:00 0 
7f6bb04d3000-7f6bb4000000 ---p 00000000 00:00 0 
7f6bb4000000-7f6bb4021000 rw-p 00000000 00:00 0 
7f6bb4021000-7f6bb8000000 ---p 00000000 00:00 0 
7f6bb8000000-7f6bb8021000 rw-p 00000000 00:00 0 
7f6bb8021000-7f6bbc000000 ---p 00000000 00:00 0 
7f6bbc000000-7f6bbd069000 rw-p 00000000 00:00 0 
7f6bbd069000-7f6bc0000000 ---p 00000000 00:00 0 
7f6bc0000000-7f6bc0021000 rw-p 00000000 00:00 0 
7f6bc0021000-7f6bc4000000 ---p 00000000 00:00 0 
7f6bc4000000-7f6bc4021000 rw-p 00000000 00:00 0 
7f6bc4021000-7f6bc8000000 ---p 00000000 00:00 0 
7f6bc8000000-7f6bc8021000 rw-p 00000000 00:00 0 
7f6bc8021000-7f6bcc000000 ---p 00000000 00:00 0 
7f6bcc000000-7f6bcc021000 rw-p 00000000 00:00 0 
7f6bcc021000-7f6bd0000000 ---p 00000000 00:00 0 
7f6bd0000000-7f6bd0400000 rw-p 00000000 00:00 0 
7f6bd0400000-7f6bd0500000 rw-p 00000000 00:00 0 
7f6bd0500000-7f6bd0900000 rw-p 00000000 00:00 0 
7f6bd0900000-7f6bd0a00000 rw-p 00000000 00:00 0 
7f6bd0a00000-7f6bd0b00000 rw-p 00000000 00:00 0 
7f6bd0b00000-7f6bd0c00000 rw-p 00000000 00:00 0 
7f6bd0c00000-7f6bd0d80000 rw-p 00000000 00:00 0 
7f6bd0d80000-7f6bd0e00000 rw-p 00000000 00:00 0 
7f6bd0e00000-7f6bd0f80000 rw-p 00000000 00:00 0 
7f6bd0f80000-7f6bd1000000 rw-p 00000000 00:00 0 
7f6bd1000000-7f6bd1080000 rw-p 00000000 00:00 0 
7f6bd1080000-7f6bd1100000 rw-p 00000000 00:00 0 
7f6bd1100000-7f6bd1300000 rw-p 00000000 00:00 0 
7f6bd1300000-7f6bd1360000 rw-p 00000000 00:00 0 
7f6bd1360000-7f6bd1380000 rw-p 00000000 00:00 0 
7f6bd1380000-7f6bd1500000 rw-p 00000000 00:00 0 
7f6bd1500000-7f6bd1520000 rw-p 00000000 00:00 0 
7f6bd1520000-7f6bd1540000 rw-p 00000000 00:00 0 
7f6bd1540000-7f6bd1580000 rw-p 00000000 00:00 0 
7f6bd1580000-7f6bd1680000 rw-p 00000000 00:00 0 
7f6bd1680000-7f6bd1700000 rw-p 00000000 00:00 0 
7f6bd1700000-7f6bd1840000 rw-p 00000000 00:00 0 
7f6bd1840000-7f6bd1880000 rw-p 00000000 00:00 0 
7f6bd1880000-7f6bd1900000 rw-p 00000000 00:00 0 
7f6bd1900000-7f6bd1b00000 rw-p 00000000 00:00 0 
7f6bd1b00000-7f6bd2000000 rw-p 00000000 00:00 0 
7f6bd2000000-7f6bd24c0000 rw-p 00000000 00:00 0 
7f6bd24c0000-7f6bd2500000 ---p 00000000 00:00 0 
7f6bd2500000-7f6bd2510000 rw-p 00000000 00:00 0 
7f6bd2510000-7f6bd4000000 ---p 00000000 00:00 0 
7f6bd4000000-7f6bd4021000 rw-p 00000000 00:00 0 
7f6bd4021000-7f6bd8000000 ---p 00000000 00:00 0 
7f6bd8000000-7f6bd8021000 rw-p 00000000 00:00 0 
7f6bd8021000-7f6bdc000000 ---p 00000000 00:00 0 
7f6bdc000000-7f6bdc021000 rw-p 00000000 00:00 0 
7f6bdc021000-7f6be0000000 ---p 00000000 00:00 0 
7f6be0000000-7f6be000a000 r--p 00000000 00:22 41265224                   /home/mleku/.local/state/cabal/store/ghc-9.6.3/transformers-base-0.4.6-7c5a8ca4b546fee71e383ab67aa6d04821890ff83d9df8fa9270fd287319cc2f/lib/libHStransformers-base-0.4.6-7c5a8ca4b546fee71e383ab67aa6d04821890ff83d9df8fa9270fd287319cc2f-ghc9.6.3.so
7f6be000a000-7f6be0010000 r-xp 0000a000 00:22 41265224                   /home/mleku/.local/state/cabal/store/ghc-9.6.3/transformers-base-0.4.6-7c5a8ca4b546fee71e383ab67aa6d04821890ff83d9df8fa9270fd287319cc2f/lib/libHStransformers-base-0.4.6-7c5a8ca4b546fee71e383ab67aa6d04821890ff83d9df8fa9270fd287319cc2f-ghc9.6.3.so
7f6be0010000-7f6be0011000 r--p 00010000 00:22 41265224                   /home/mleku/.local/state/cabal/store/ghc-9.6.3/transformers-base-0.4.6-7c5a8ca4b546fee71e383ab67aa6d04821890ff83d9df8fa9270fd287319cc2f/lib/libHStransformers-base-0.4.6-7c5a8ca4b546fee71e383ab67aa6d04821890ff83d9df8fa9270fd287319cc2f-ghc9.6.3.so
7f6be0011000-7f6be0012000 r--p 00010000 00:22 41265224                   /home/mleku/.local/state/cabal/store/ghc-9.6.3/transformers-base-0.4.6-7c5a8ca4b546fee71e383ab67aa6d04821890ff83d9df8fa9270fd287319cc2f/lib/libHStransformers-base-0.4.6-7c5a8ca4b546fee71e383ab67aa6d04821890ff83d9df8fa9270fd287319cc2f-ghc9.6.3.so
7f6be0012000-7f6be0013000 rw-p 00011000 00:22 41265224                   /home/mleku/.local/state/cabal/store/ghc-9.6.3/transformers-base-0.4.6-7c5a8ca4b546fee71e383ab67aa6d04821890ff83d9df8fa9270fd287319cc2f/lib/libHStransformers-base-0.4.6-7c5a8ca4b546fee71e383ab67aa6d04821890ff83d9df8fa9270fd287319cc2f-ghc9.6.3.so
7f6be0013000-7f6be0056000 r--p 00000000 00:22 41285136                   /home/mleku/.local/state/cabal/store/ghc-9.6.3/libyaml-0.1.2-de0acb1e923516f14fa49958b60d7cc3a140a82067b24afd52ce940c2f0441f1/lib/libHSlibyaml-0.1.2-de0acb1e923516f14fa49958b60d7cc3a140a82067b24afd52ce940c2f0441f1-ghc9.6.3.so
7f6be0056000-7f6be0093000 r-xp 00043000 00:22 41285136                   /home/mleku/.local/state/cabal/store/ghc-9.6.3/libyaml-0.1.2-de0acb1e923516f14fa49958b60d7cc3a140a82067b24afd52ce940c2f0441f1/lib/libHSlibyaml-0.1.2-de0acb1e923516f14fa49958b60d7cc3a140a82067b24afd52ce940c2f0441f1-ghc9.6.3.so
7f6be0093000-7f6be009a000 r--p 00080000 00:22 41285136                   /home/mleku/.local/state/cabal/store/ghc-9.6.3/libyaml-0.1.2-de0acb1e923516f14fa49958b60d7cc3a140a82067b24afd52ce940c2f0441f1/lib/libHSlibyaml-0.1.2-de0acb1e923516f14fa49958b60d7cc3a140a82067b24afd52ce940c2f0441f1-ghc9.6.3.so
7f6be009a000-7f6be009b000 r--p 00087000 00:22 41285136                   /home/mleku/.local/state/cabal/store/ghc-9.6.3/libyaml-0.1.2-de0acb1e923516f14fa49958b60d7cc3a140a82067b24afd52ce940c2f0441f1/lib/libHSlibyaml-0.1.2-de0acb1e923516f14fa49958b60d7cc3a140a82067b24afd52ce940c2f0441f1-ghc9.6.3.so
7f6be009b000-7f6be00a2000 rw-p 00088000 00:22 41285136                   /home/mleku/.local/state/cabal/store/ghc-9.6.3/libyaml-0.1.2-de0acb1e923516f14fa49958b60d7cc3a140a82067b24afd52ce940c2f0441f1/lib/libHSlibyaml-0.1.2-de0acb1e923516f14fa49958b60d7cc3a140a82067b24afd52ce940c2f0441f1-ghc9.6.3.so
7f6be00a2000-7f6be00ef000 r--p 00000000 00:22 41285503                   /home/mleku/.local/state/cabal/store/ghc-9.6.3/yaml-0.11.11.2-2c247ec5eab9916942fb606ad20d3e2bde3e7b572227f2797341c26ecc997bca/lib/libHSyaml-0.11.11.2-2c247ec5eab9916942fb606ad20d3e2bde3e7b572227f2797341c26ecc997bca-ghc9.6.3.so
7f6be00ef000-7f6be0134000 r-xp 0004d000 00:22 41285503                   /home/mleku/.local/state/cabal/store/ghc-9.6.3/yaml-0.11.11.2-2c247ec5eab9916942fb606ad20d3e2bde3e7b572227f2797341c26ecc997bca/lib/libHSyaml-0.11.11.2-2c247ec5eab9916942fb606ad20d3e2bde3e7b572227f2797341c26ecc997bca-ghc9.6.3.so
7f6be0134000-7f6be0136000 r--p 00092000 00:22 41285503                   /home/mleku/.local/state/cabal/store/ghc-9.6.3/yaml-0.11.11.2-2c247ec5eab9916942fb606ad20d3e2bde3e7b572227f2797341c26ecc997bca/lib/libHSyaml-0.11.11.2-2c247ec5eab9916942fb606ad20d3e2bde3e7b572227f2797341c26ecc997bca-ghc9.6.3.so
7f6be0136000-7f6be0138000 r--p 00093000 00:22 41285503                   /home/mleku/.local/state/cabal/store/ghc-9.6.3/yaml-0.11.11.2-2c247ec5eab9916942fb606ad20d3e2bde3e7b572227f2797341c26ecc997bca/lib/libHSyaml-0.11.11.2-2c247ec5eab9916942fb606ad20d3e2bde3e7b572227f2797341c26ecc997bca-ghc9.6.3.so
7f6be0138000-7f6be0140000 rw-p 00095000 00:22 41285503                   /home/mleku/.local/state/cabal/store/ghc-9.6.3/yaml-0.11.11.2-2c247ec5eab9916942fb606ad20d3e2bde3e7b572227f2797341c26ecc997bca/lib/libHSyaml-0.11.11.2-2c247ec5eab9916942fb606ad20d3e2bde3e7b572227f2797341c26ecc997bca-ghc9.6.3.so
7f6be0140000-7f6be0170000 r--p 00000000 00:22 41275824                   /home/mleku/.local/state/cabal/store/ghc-9.6.3/zstd-0.1.3.0-203b259d81b55151fd2c9ecb432bfa701dfd8529080fb68640d12b8cbccbb2c4/lib/libHSzstd-0.1.3.0-203b259d81b55151fd2c9ecb432bfa701dfd8529080fb68640d12b8cbccbb2c4-ghc9.6.3.so
7f6be0170000-7f6be0232000 r-xp 00030000 00:22 41275824                   /home/mleku/.local/state/cabal/store/ghc-9.6.3/zstd-0.1.3.0-203b259d81b55151fd2c9ecb432bfa701dfd8529080fb68640d12b8cbccbb2c4/lib/libHSzstd-0.1.3.0-203b259d81b55151fd2c9ecb432bfa701dfd8529080fb68640d12b8cbccbb2c4-ghc9.6.3.so
7f6be0232000-7f6be0241000 r--p 000f2000 00:22 41275824                   /home/mleku/.local/state/cabal/store/ghc-9.6.3/zstd-0.1.3.0-203b259d81b55151fd2c9ecb432bfa701dfd8529080fb68640d12b8cbccbb2c4/lib/libHSzstd-0.1.3.0-203b259d81b55151fd2c9ecb432bfa701dfd8529080fb68640d12b8cbccbb2c4-ghc9.6.3.so
7f6be0241000-7f6be0242000 r--p 00100000 00:22 41275824                   /home/mleku/.local/state/cabal/store/ghc-9.6.3/zstd-0.1.3.0-203b259d81b55151fd2c9ecb432bfa701dfd8529080fb68640d12b8cbccbb2c4/lib/libHSzstd-0.1.3.0-203b259d81b55151fd2c9ecb432bfa701dfd8529080fb68640d12b8cbccbb2c4-ghc9.6.3.so
7f6be0242000-7f6be0246000 rw-p 00101000 00:22 41275824                   /home/mleku/.local/state/cabal/store/ghc-9.6.3/zstd-0.1.3.0-203b259d81b55151fd2c9ecb432bfa701dfd8529080fb68640d12b8cbccbb2c4/lib/libHSzstd-0.1.3.0-203b259d81b55151fd2c9ecb432bfa701dfd8529080fb68640d12b8cbccbb2c4-ghc9.6.3.so
7f6be0246000-7f6be02ab000 r--p 00000000 00:22 41261943                   /home/mleku/.local/state/cabal/store/ghc-9.6.3/prettyprinter-1.7.1-287da2e036de31e4a5b0a697b58ed34063c3a4b99d58100d6d6202cad6e659d0/lib/libHSprettyprinter-1.7.1-287da2e036de31e4a5b0a697b58ed34063c3a4b99d58100d6d6202cad6e659d0-ghc9.6.3.so
7f6be02ab000-7f6be0339000 r-xp 00065000 00:22 41261943                   /home/mleku/.local/state/cabal/store/ghc-9.6.3/prettyprinter-1.7.1-287da2e036de31e4a5b0a697b58ed34063c3a4b99d58100d6d6202cad6e659d0/lib/libHSprettyprinter-1.7.1-287da2e036de31e4a5b0a697b58ed34063c3a4b99d58100d6d6202cad6e659d0-ghc9.6.3.so
7f6be0339000-7f6be033e000 r--p 000f3000 00:22 41261943                   /home/mleku/.local/state/cabal/store/ghc-9.6.3/prettyprinter-1.7.1-287da2e036de31e4a5b0a697b58ed34063c3a4b99d58100d6d6202cad6e659d0/lib/libHSprettyprinter-1.7.1-287da2e036de31e4a5b0a697b58ed34063c3a4b99d58100d6d6202cad6e659d0-ghc9.6.3.so
7f6be033e000-7f6be033f000 r--p 000f7000 00:22 41261943                   /home/mleku/.local/state/cabal/store/ghc-9.6.3/prettyprinter-1.7.1-287da2e036de31e4a5b0a697b58ed34063c3a4b99d58100d6d6202cad6e659d0/lib/libHSprettyprinter-1.7.1-287da2e036de31e4a5b0a697b58ed34063c3a4b99d58100d6d6202cad6e659d0-ghc9.6.3.so
7f6be033f000-7f6be0348000 rw-p 000f8000 00:22 41261943                   /home/mleku/.local/state/cabal/store/ghc-9.6.3/prettyprinter-1.7.1-287da2e036de31e4a5b0a697b58ed34063c3a4b99d58100d6d6202cad6e659d0/lib/libHSprettyprinter-1.7.1-287da2e036de31e4a5b0a697b58ed34063c3a4b99d58100d6d6202cad6e659d0-ghc9.6.3.so
7f6be0348000-7f6be03c4000 r--p 00000000 00:22 41269583                   /home/mleku/.local/state/cabal/store/ghc-9.6.3/terminal-0.2.0.0-fbbb10e30fe4fdf009d551e793d8e5d9e09aca9300ff8302cfe6b9700ff7f048/lib/libHSterminal-0.2.0.0-fbbb10e30fe4fdf009d551e793d8e5d9e09aca9300ff8302cfe6b9700ff7f048-ghc9.6.3.so
7f6be03c4000-7f6be0410000 r-xp 0007c000 00:22 41269583                   /home/mleku/.local/state/cabal/store/ghc-9.6.3/terminal-0.2.0.0-fbbb10e30fe4fdf009d551e793d8e5d9e09aca9300ff8302cfe6b9700ff7f048/lib/libHSterminal-0.2.0.0-fbbb10e30fe4fdf009d551e793d8e5d9e09aca9300ff8302cfe6b9700ff7f048-ghc9.6.3.so
7f6be0410000-7f6be0415000 r--p 000c8000 00:22 41269583                   /home/mleku/.local/state/cabal/store/ghc-9.6.3/terminal-0.2.0.0-fbbb10e30fe4fdf009d551e793d8e5d9e09aca9300ff8302cfe6b9700ff7f048/lib/libHSterminal-0.2.0.0-fbbb10e30fe4fdf009d551e793d8e5d9e09aca9300ff8302cfe6b9700ff7f048-ghc9.6.3.so
7f6be0415000-7f6be0416000 r--p 000cd000 00:22 41269583                   /home/mleku/.local/state/cabal/store/ghc-9.6.3/terminal-0.2.0.0-fbbb10e30fe4fdf009d551e793d8e5d9e09aca9300ff8302cfe6b9700ff7f048/lib/libHSterminal-0.2.0.0-fbbb10e30fe4fdf009d551e793d8e5d9e09aca9300ff8302cfe6b9700ff7f048-ghc9.6.3.so
7f6be0416000-7f6be0423000 rw-p 000ce000 00:22 41269583                   /home/mleku/.local/state/cabal/store/ghc-9.6.3/terminal-0.2.0.0-fbbb10e30fe4fdf009d551e793d8e5d9e09aca9300ff8302cfe6b9700ff7f048/lib/libHSterminal-0.2.0.0-fbbb10e30fe4fdf009d551e793d8e5d9e09aca9300ff8302cfe6b9700ff7f048-ghc9.6.3.so
7f6be0423000-7f6be0483000 r--p 00000000 00:22 41285367                   /home/mleku/.local/state/cabal/store/ghc-9.6.3/zip-2.2.1-115334fa052af7d8c2706fad20bfa5712a1f68e5380a9c4fd2a36c8ed609fb43/lib/libHSzip-2.2.1-115334fa052af7d8c2706fad20bfa5712a1f68e5380a9c4fd2a36c8ed609fb43-ghc9.6.3.so
7f6be0483000-7f6be04e7000 r-xp 00060000 00:22 41285367                   /home/mleku/.local/state/cabal/store/ghc-9.6.3/zip-2.2.1-115334fa052af7d8c2706fad20bfa5712a1f68e5380a9c4fd2a36c8ed609fb43/lib/libHSzip-2.2.1-115334fa052af7d8c2706fad20bfa5712a1f68e5380a9c4fd2a36c8ed609fb43-ghc9.6.3.so
7f6be04e7000-7f6be04e9000 r--p 000c4000 00:22 41285367                   /home/mleku/.local/state/cabal/store/ghc-9.6.3/zip-2.2.1-115334fa052af7d8c2706fad20bfa5712a1f68e5380a9c4fd2a36c8ed609fb43/lib/libHSzip-2.2.1-115334fa052af7d8c2706fad20bfa5712a1f68e5380a9c4fd2a36c8ed609fb43-ghc9.6.3.so
7f6be04e9000-7f6be04eb000 r--p 000c6000 00:22 41285367                   /home/mleku/.local/state/cabal/store/ghc-9.6.3/zip-2.2.1-115334fa052af7d8c2706fad20bfa5712a1f68e5380a9c4fd2a36c8ed609fb43/lib/libHSzip-2.2.1-115334fa052af7d8c2706fad20bfa5712a1f68e5380a9c4fd2a36c8ed609fb43-ghc9.6.3.so
7f6be04eb000-7f6be04f5000 rw-p 000c8000 00:22 41285367                   /home/mleku/.local/state/cabal/store/ghc-9.6.3/zip-2.2.1-115334fa052af7d8c2706fad20bfa5712a1f68e5380a9c4fd2a36c8ed609fb43/lib/libHSzip-2.2.1-115334fa052af7d8c2706fad20bfa5712a1f68e5380a9c4fd2a36c8ed609fb43-ghc9.6.3.so
7f6be04f5000-7f6be04f6000 rw-p 00000000 00:00 0 
7f6be04f6000-7f6be04fa000 ---p 00000000 00:00 0 
7f6be04fa000-7f6be05f7000 rw-p 00000000 00:00 0 
7f6be05f7000-7f6be05fb000 ---p 00000000 00:00 0 
7f6be05fb000-7f6be06f8000 rw-p 00000000 00:00 0 
7f6be06f8000-7f6be06fc000 ---p 00000000 00:00 0 
7f6be06fc000-7f6be08fa000 rw-p 00000000 00:00 0 
7f6be08fa000-7f6be08fe000 ---p 00000000 00:00 0 
7f6be08fe000-7f6be09fb000 rw-p 00000000 00:00 0 
7f6be09fb000-7f6be09ff000 ---p 00000000 00:00 0 
7f6be09ff000-7f6be0afc000 rw-p 00000000 00:00 0 
7f6be0afc000-7f6be0b00000 ---p 00000000 00:00 0 
7f6be0b00000-7f6be0bfd000 rw-p 00000000 00:00 0 
7f6be0bfd000-7f6be0c01000 ---p 00000000 00:00 0 
7f6be0c01000-7f6be0cfe000 rw-p 00000000 00:00 0 
7f6be0cfe000-7f6be0d02000 ---p 00000000 00:00 0 
7f6be0d02000-7f6be0dff000 rw-p 00000000 00:00 0 
7f6be0dff000-7f6be0e03000 ---p 00000000 00:00 0 
7f6be0e03000-7f6be0f00000 rw-p 00000000 00:00 0 
7f6be0f00000-7f6be0f04000 ---p 00000000 00:00 0 
7f6be0f04000-7f6be1000000 rw-p 00000000 00:00 0 
7f6be1000000-7f6be15c1000 r--p 00000000 00:22 10357571                   /usr/lib/locale/locale-archive
7f6be15c1000-7f6be15c2000 r--p 00000000 00:22 41260064                   /home/mleku/.local/state/cabal/store/ghc-9.6.3/type-equality-1-c6a98cb4eb3e5594096ad0805c75d62364c4e94bc328d1703756f1c4f2bcddcf/lib/libHStype-equality-1-c6a98cb4eb3e5594096ad0805c75d62364c4e94bc328d1703756f1c4f2bcddcf-ghc9.6.3.so
7f6be15c2000-7f6be15c3000 r-xp 00001000 00:22 41260064                   /home/mleku/.local/state/cabal/store/ghc-9.6.3/type-equality-1-c6a98cb4eb3e5594096ad0805c75d62364c4e94bc328d1703756f1c4f2bcddcf/lib/libHStype-equality-1-c6a98cb4eb3e5594096ad0805c75d62364c4e94bc328d1703756f1c4f2bcddcf-ghc9.6.3.so
7f6be15c3000-7f6be15c4000 r--p 00002000 00:22 41260064                   /home/mleku/.local/state/cabal/store/ghc-9.6.3/type-equality-1-c6a98cb4eb3e5594096ad0805c75d62364c4e94bc328d1703756f1c4f2bcddcf/lib/libHStype-equality-1-c6a98cb4eb3e5594096ad0805c75d62364c4e94bc328d1703756f1c4f2bcddcf-ghc9.6.3.so
7f6be15c4000-7f6be15c5000 r--p 00002000 00:22 41260064                   /home/mleku/.local/state/cabal/store/ghc-9.6.3/type-equality-1-c6a98cb4eb3e5594096ad0805c75d62364c4e94bc328d1703756f1c4f2bcddcf/lib/libHStype-equality-1-c6a98cb4eb3e5594096ad0805c75d62364c4e94bc328d1703756f1c4f2bcddcf-ghc9.6.3.so
7f6be15c5000-7f6be15c6000 rw-p 00003000 00:22 41260064                   /home/mleku/.local/state/cabal/store/ghc-9.6.3/type-equality-1-c6a98cb4eb3e5594096ad0805c75d62364c4e94bc328d1703756f1c4f2bcddcf/lib/libHStype-equality-1-c6a98cb4eb3e5594096ad0805c75d62364c4e94bc328d1703756f1c4f2bcddcf-ghc9.6.3.so
7f6be15c6000-7f6be15c8000 r--p 00000000 00:22 41261386                   /home/mleku/.local/state/cabal/store/ghc-9.6.3/data-default-instances-containers-0.0.1-e07d6bd680e8b4edd6ca2b303e8e36905ca27003d2c3d92ef0670ee9c04aa2cd/lib/libHSdata-default-instances-containers-0.0.1-e07d6bd680e8b4edd6ca2b303e8e36905ca27003d2c3d92ef0670ee9c04aa2cd-ghc9.6.3.so
7f6be15c8000-7f6be15c9000 r-xp 00002000 00:22 41261386                   /home/mleku/.local/state/cabal/store/ghc-9.6.3/data-default-instances-containers-0.0.1-e07d6bd680e8b4edd6ca2b303e8e36905ca27003d2c3d92ef0670ee9c04aa2cd/lib/libHSdata-default-instances-containers-0.0.1-e07d6bd680e8b4edd6ca2b303e8e36905ca27003d2c3d92ef0670ee9c04aa2cd-ghc9.6.3.so
7f6be15c9000-7f6be15ca000 r--p 00003000 00:22 41261386                   /home/mleku/.local/state/cabal/store/ghc-9.6.3/data-default-instances-containers-0.0.1-e07d6bd680e8b4edd6ca2b303e8e36905ca27003d2c3d92ef0670ee9c04aa2cd/lib/libHSdata-default-instances-containers-0.0.1-e07d6bd680e8b4edd6ca2b303e8e36905ca27003d2c3d92ef0670ee9c04aa2cd-ghc9.6.3.so
7f6be15ca000-7f6be15cb000 r--p 00003000 00:22 41261386                   /home/mleku/.local/state/cabal/store/ghc-9.6.3/data-default-instances-containers-0.0.1-e07d6bd680e8b4edd6ca2b303e8e36905ca27003d2c3d92ef0670ee9c04aa2cd/lib/libHSdata-default-instances-containers-0.0.1-e07d6bd680e8b4edd6ca2b303e8e36905ca27003d2c3d92ef0670ee9c04aa2cd-ghc9.6.3.so
7f6be15cb000-7f6be15cc000 rw-p 00004000 00:22 41261386                   /home/mleku/.local/state/cabal/store/ghc-9.6.3/data-default-instances-containers-0.0.1-e07d6bd680e8b4edd6ca2b303e8e36905ca27003d2c3d92ef0670ee9c04aa2cd/lib/libHSdata-default-instances-containers-0.0.1-e07d6bd680e8b4edd6ca2b303e8e36905ca27003d2c3d92ef0670ee9c04aa2cd-ghc9.6.3.so
7f6be15cc000-7f6be15d3000 r--p 00000000 00:22 41253532                   /home/mleku/.local/state/cabal/store/ghc-9.6.3/byteorder-1.0.4-ed17d207852397b4b016f73775ae7e4a811a9c27f8222c19d558bd92a259ee1d/lib/libHSbyteorder-1.0.4-ed17d207852397b4b016f73775ae7e4a811a9c27f8222c19d558bd92a259ee1d-ghc9.6.3.so
7f6be15d3000-7f6be15d6000 r-xp 00007000 00:22 41253532                   /home/mleku/.local/state/cabal/store/ghc-9.6.3/byteorder-1.0.4-ed17d207852397b4b016f73775ae7e4a811a9c27f8222c19d558bd92a259ee1d/lib/libHSbyteorder-1.0.4-ed17d207852397b4b016f73775ae7e4a811a9c27f8222c19d558bd92a259ee1d-ghc9.6.3.so
7f6be15d6000-7f6be15d7000 r--p 0000a000 00:22 41253532                   /home/mleku/.local/state/cabal/store/ghc-9.6.3/byteorder-1.0.4-ed17d207852397b4b016f73775ae7e4a811a9c27f8222c19d558bd92a259ee1d/lib/libHSbyteorder-1.0.4-ed17d207852397b4b016f73775ae7e4a811a9c27f8222c19d558bd92a259ee1d-ghc9.6.3.so
7f6be15d7000-7f6be15d8000 r--p 0000a000 00:22 41253532                   /home/mleku/.local/state/cabal/store/ghc-9.6.3/byteorder-1.0.4-ed17d207852397b4b016f73775ae7e4a811a9c27f8222c19d558bd92a259ee1d/lib/libHSbyteorder-1.0.4-ed17d207852397b4b016f73775ae7e4a811a9c27f8222c19d558bd92a259ee1d-ghc9.6.3.so
7f6be15d8000-7f6be15d9000 rw-p 0000b000 00:22 41253532                   /home/mleku/.local/state/cabal/store/ghc-9.6.3/byteorder-1.0.4-ed17d207852397b4b016f73775ae7e4a811a9c27f8222c19d558bd92a259ee1d/lib/libHSbyteorder-1.0.4-ed17d207852397b4b016f73775ae7e4a811a9c27f8222c19d558bd92a259ee1d-ghc9.6.3.so
7f6be15d9000-7f6be1628000 r--p 00000000 00:22 41279339                   /home/mleku/.local/state/cabal/store/ghc-9.6.3/uri-bytestring-0.3.3.1-4d719fc60e6ca5f4f72051b1f43399c95eb51b1d320c3943ade8d35848396c46/lib/libHSuri-bytestring-0.3.3.1-4d719fc60e6ca5f4f72051b1f43399c95eb51b1d320c3943ade8d35848396c46-ghc9.6.3.so
7f6be1628000-7f6be166b000 r-xp 0004f000 00:22 41279339                   /home/mleku/.local/state/cabal/store/ghc-9.6.3/uri-bytestring-0.3.3.1-4d719fc60e6ca5f4f72051b1f43399c95eb51b1d320c3943ade8d35848396c46/lib/libHSuri-bytestring-0.3.3.1-4d719fc60e6ca5f4f72051b1f43399c95eb51b1d320c3943ade8d35848396c46-ghc9.6.3.so
7f6be166b000-7f6be166d000 r--p 00092000 00:22 41279339                   /home/mleku/.local/state/cabal/store/ghc-9.6.3/uri-bytestring-0.3.3.1-4d719fc60e6ca5f4f72051b1f43399c95eb51b1d320c3943ade8d35848396c46/lib/libHSuri-bytestring-0.3.3.1-4d719fc60e6ca5f4f72051b1f43399c95eb51b1d320c3943ade8d35848396c46-ghc9.6.3.so
7f6be166d000-7f6be166e000 r--p 00093000 00:22 41279339                   /home/mleku/.local/state/cabal/store/ghc-9.6.3/uri-bytestring-0.3.3.1-4d719fc60e6ca5f4f72051b1f43399c95eb51b1d320c3943ade8d35848396c46/lib/libHSuri-bytestring-0.3.3.1-4d719fc60e6ca5f4f72051b1f43399c95eb51b1d320c3943ade8d35848396c46-ghc9.6.3.so
7f6be166e000-7f6be1676000 rw-p 00094000 00:22 41279339                   /home/mleku/.local/state/cabal/store/ghc-9.6.3/uri-bytestring-0.3.3.1-4d719fc60e6ca5f4f72051b1f43399c95eb51b1d320c3943ade8d35848396c46/lib/libHSuri-bytestring-0.3.3.1-4d719fc60e6ca5f4f72051b1f43399c95eb51b1d320c3943ade8d35848396c46-ghc9.6.3.so
7f6be1676000-7f6be1677000 rw-p 00000000 00:00 0 
7f6be1677000-7f6be167b000 ---p 00000000 00:00 0 
7f6be167b000-7f6be1778000 rw-p 00000000 00:00 0 
7f6be1778000-7f6be177c000 ---p 00000000 00:00 0 
7f6be177c000-7f6be1979000 rw-p 00000000 00:00 0 
7f6be1979000-7f6be19fa000 rw-p 00000000 00:00 0 
7f6be19fa000-7f6be1bfc000 rw-p 00000000 00:00 0 
7f6be1bfc000-7f6be4021000 rw-p 00000000 00:00 0 
7f6be4021000-7f6be8000000 ---p 00000000 00:00 0 
7f6be8000000-7f6be8021000 rw-p 00000000 00:00 0 
7f6be8021000-7f6bec000000 ---p 00000000 00:00 0 
7f6bec000000-7f6bec021000 rw-p 00000000 00:00 0 
7f6bec021000-7f6bf0000000 ---p 00000000 00:00 0 
7f6bf0000000-7f6bf0001000 rw-s 00000000 00:01 147904                     /memfd:xshmfence (deleted)
7f6bf0002000-7f6bf0003000 r--p 00000000 00:22 41261993                   /home/mleku/.local/state/cabal/store/ghc-9.6.3/data-default-instances-dlist-0.0.1-38b1acfbec2ad8ad85a0928dba90ca3c87c03c627c255d665ba59997ed6a1e7d/lib/libHSdata-default-instances-dlist-0.0.1-38b1acfbec2ad8ad85a0928dba90ca3c87c03c627c255d665ba59997ed6a1e7d-ghc9.6.3.so
7f6bf0003000-7f6bf0004000 r-xp 00001000 00:22 41261993                   /home/mleku/.local/state/cabal/store/ghc-9.6.3/data-default-instances-dlist-0.0.1-38b1acfbec2ad8ad85a0928dba90ca3c87c03c627c255d665ba59997ed6a1e7d/lib/libHSdata-default-instances-dlist-0.0.1-38b1acfbec2ad8ad85a0928dba90ca3c87c03c627c255d665ba59997ed6a1e7d-ghc9.6.3.so
7f6bf0004000-7f6bf0005000 r--p 00002000 00:22 41261993                   /home/mleku/.local/state/cabal/store/ghc-9.6.3/data-default-instances-dlist-0.0.1-38b1acfbec2ad8ad85a0928dba90ca3c87c03c627c255d665ba59997ed6a1e7d/lib/libHSdata-default-instances-dlist-0.0.1-38b1acfbec2ad8ad85a0928dba90ca3c87c03c627c255d665ba59997ed6a1e7d-ghc9.6.3.so
7f6bf0005000-7f6bf0006000 r--p 00002000 00:22 41261993                   /home/mleku/.local/state/cabal/store/ghc-9.6.3/data-default-instances-dlist-0.0.1-38b1acfbec2ad8ad85a0928dba90ca3c87c03c627c255d665ba59997ed6a1e7d/lib/libHSdata-default-instances-dlist-0.0.1-38b1acfbec2ad8ad85a0928dba90ca3c87c03c627c255d665ba59997ed6a1e7d-ghc9.6.3.so
7f6bf0006000-7f6bf0007000 rw-p 00003000 00:22 41261993                   /home/mleku/.local/state/cabal/store/ghc-9.6.3/data-default-instances-dlist-0.0.1-38b1acfbec2ad8ad85a0928dba90ca3c87c03c627c255d665ba59997ed6a1e7d/lib/libHSdata-default-instances-dlist-0.0.1-38b1acfbec2ad8ad85a0928dba90ca3c87c03c627c255d665ba59997ed6a1e7d-ghc9.6.3.so
7f6bf0007000-7f6bf0018000 r--p 00000000 00:22 41273092                   /home/mleku/.local/state/cabal/store/ghc-9.6.3/network-udp-0.0.0-530084fb15fcec5f08fc3bee6044237bcec27bdd9896cea52bf3bf54ae880d2d/lib/libHSnetwork-udp-0.0.0-530084fb15fcec5f08fc3bee6044237bcec27bdd9896cea52bf3bf54ae880d2d-ghc9.6.3.so
7f6bf0018000-7f6bf0024000 r-xp 00011000 00:22 41273092                   /home/mleku/.local/state/cabal/store/ghc-9.6.3/network-udp-0.0.0-530084fb15fcec5f08fc3bee6044237bcec27bdd9896cea52bf3bf54ae880d2d/lib/libHSnetwork-udp-0.0.0-530084fb15fcec5f08fc3bee6044237bcec27bdd9896cea52bf3bf54ae880d2d-ghc9.6.3.so
7f6bf0024000-7f6bf0025000 r--p 0001d000 00:22 41273092                   /home/mleku/.local/state/cabal/store/ghc-9.6.3/network-udp-0.0.0-530084fb15fcec5f08fc3bee6044237bcec27bdd9896cea52bf3bf54ae880d2d/lib/libHSnetwork-udp-0.0.0-530084fb15fcec5f08fc3bee6044237bcec27bdd9896cea52bf3bf54ae880d2d-ghc9.6.3.so
7f6bf0025000-7f6bf0026000 r--p 0001d000 00:22 41273092                   /home/mleku/.local/state/cabal/store/ghc-9.6.3/network-udp-0.0.0-530084fb15fcec5f08fc3bee6044237bcec27bdd9896cea52bf3bf54ae880d2d/lib/libHSnetwork-udp-0.0.0-530084fb15fcec5f08fc3bee6044237bcec27bdd9896cea52bf3bf54ae880d2d-ghc9.6.3.so
7f6bf0026000-7f6bf0028000 rw-p 0001e000 00:22 41273092                   /home/mleku/.local/state/cabal/store/ghc-9.6.3/network-udp-0.0.0-530084fb15fcec5f08fc3bee6044237bcec27bdd9896cea52bf3bf54ae880d2d/lib/libHSnetwork-udp-0.0.0-530084fb15fcec5f08fc3bee6044237bcec27bdd9896cea52bf3bf54ae880d2d-ghc9.6.3.so
7f6bf0028000-7f6bf0040000 r--p 00000000 00:22 41255287                   /home/mleku/.local/state/cabal/store/ghc-9.6.3/blaze-builder-0.4.2.3-cfba547b28f9002387e922228aa358ccf0b616be9b75b595c36c70c86441d563/lib/libHSblaze-builder-0.4.2.3-cfba547b28f9002387e922228aa358ccf0b616be9b75b595c36c70c86441d563-ghc9.6.3.so
7f6bf0040000-7f6bf0050000 r-xp 00018000 00:22 41255287                   /home/mleku/.local/state/cabal/store/ghc-9.6.3/blaze-builder-0.4.2.3-cfba547b28f9002387e922228aa358ccf0b616be9b75b595c36c70c86441d563/lib/libHSblaze-builder-0.4.2.3-cfba547b28f9002387e922228aa358ccf0b616be9b75b595c36c70c86441d563-ghc9.6.3.so
7f6bf0050000-7f6bf0051000 r--p 00028000 00:22 41255287                   /home/mleku/.local/state/cabal/store/ghc-9.6.3/blaze-builder-0.4.2.3-cfba547b28f9002387e922228aa358ccf0b616be9b75b595c36c70c86441d563/lib/libHSblaze-builder-0.4.2.3-cfba547b28f9002387e922228aa358ccf0b616be9b75b595c36c70c86441d563-ghc9.6.3.so
7f6bf0051000-7f6bf0052000 r--p 00028000 00:22 41255287                   /home/mleku/.local/state/cabal/store/ghc-9.6.3/blaze-builder-0.4.2.3-cfba547b28f9002387e922228aa358ccf0b616be9b75b595c36c70c86441d563/lib/libHSblaze-builder-0.4.2.3-cfba547b28f9002387e922228aa358ccf0b616be9b75b595c36c70c86441d563-ghc9.6.3.so
7f6bf0052000-7f6bf0054000 rw-p 00029000 00:22 41255287                   /home/mleku/.local/state/cabal/store/ghc-9.6.3/blaze-builder-0.4.2.3-cfba547b28f9002387e922228aa358ccf0b616be9b75b595c36c70c86441d563/lib/libHSblaze-builder-0.4.2.3-cfba547b28f9002387e922228aa358ccf0b616be9b75b595c36c70c86441d563-ghc9.6.3.so
7f6bf0054000-7f6bf0060000 r--p 00000000 00:22 41277890                   /home/mleku/.local/state/cabal/store/ghc-9.6.3/blaze-textual-0.2.3.1-df8b5224c67a2ff9b4ea9f1217d8696cbece59157a1b11f3edb6e543f74102d0/lib/libHSblaze-textual-0.2.3.1-df8b5224c67a2ff9b4ea9f1217d8696cbece59157a1b11f3edb6e543f74102d0-ghc9.6.3.so
7f6bf0060000-7f6bf0071000 r-xp 0000c000 00:22 41277890                   /home/mleku/.local/state/cabal/store/ghc-9.6.3/blaze-textual-0.2.3.1-df8b5224c67a2ff9b4ea9f1217d8696cbece59157a1b11f3edb6e543f74102d0/lib/libHSblaze-textual-0.2.3.1-df8b5224c67a2ff9b4ea9f1217d8696cbece59157a1b11f3edb6e543f74102d0-ghc9.6.3.so
7f6bf0071000-7f6bf0072000 r--p 0001d000 00:22 41277890                   /home/mleku/.local/state/cabal/store/ghc-9.6.3/blaze-textual-0.2.3.1-df8b5224c67a2ff9b4ea9f1217d8696cbece59157a1b11f3edb6e543f74102d0/lib/libHSblaze-textual-0.2.3.1-df8b5224c67a2ff9b4ea9f1217d8696cbece59157a1b11f3edb6e543f74102d0-ghc9.6.3.so
7f6bf0072000-7f6bf0073000 r--p 0001d000 00:22 41277890                   /home/mleku/.local/state/cabal/store/ghc-9.6.3/blaze-textual-0.2.3.1-df8b5224c67a2ff9b4ea9f1217d8696cbece59157a1b11f3edb6e543f74102d0/lib/libHSblaze-textual-0.2.3.1-df8b5224c67a2ff9b4ea9f1217d8696cbece59157a1b11f3edb6e543f74102d0-ghc9.6.3.so
7f6bf0073000-7f6bf0075000 rw-p 0001e000 00:22 41277890                   /home/mleku/.local/state/cabal/store/ghc-9.6.3/blaze-textual-0.2.3.1-df8b5224c67a2ff9b4ea9f1217d8696cbece59157a1b11f3edb6e543f74102d0/lib/libHSblaze-textual-0.2.3.1-df8b5224c67a2ff9b4ea9f1217d8696cbece59157a1b11f3edb6e543f74102d0-ghc9.6.3.so
7f6bf0075000-7f6bf04af000 rw-p 00000000 00:00 0 
7f6bf04af000-7f6bf05b7000 ---p 00000000 00:00 0 
7f6bf05b7000-7f6bf05c7000 rw-p 00000000 00:00 0 
7f6bf05c7000-7f6bf062f000 ---p 00000000 00:00 0 
7f6bf062f000-7f6bf0637000 rw-p 00000000 00:00 0 
7f6bf0637000-7f6bf3e0f000 ---p 00000000 00:00 0 
7f6bf3e0f000-7f6bf4047000 rw-p 00000000 00:00 0 
7f6bf4047000-7f6bf414f000 ---p 00000000 00:00 0 
7f6bf414f000-7f6bf415f000 rw-p 00000000 00:00 0 
7f6bf415f000-7f6bf41c7000 ---p 00000000 00:00 0 
7f6bf41c7000-7f6bf41cf000 rw-p 00000000 00:00 0 
7f6bf41cf000-7f6bf79a7000 ---p 00000000 00:00 0 
7f6bf79a7000-7f6bf79ee000 rw-p 00000000 00:00 0 
7f6bf79ee000-7f6bf7a0f000 ---p 00000000 00:00 0 
7f6bf7a0f000-7f6bf7a11000 rw-p 00000000 00:00 0 
7f6bf7a11000-7f6bf7a1e000 ---p 00000000 00:00 0 
7f6bf7a1e000-7f6bf7a1f000 rw-p 00000000 00:00 0 
7f6bf7a1f000-7f6bf811a000 ---p 00000000 00:00 0 
7f6bf811a000-7f6bf8161000 rw-p 00000000 00:00 0 
7f6bf8161000-7f6bf8182000 ---p 00000000 00:00 0 
7f6bf8182000-7f6bf8184000 rw-p 00000000 00:00 0 
7f6bf8184000-7f6bf8191000 ---p 00000000 00:00 0 
7f6bf8191000-7f6bf8192000 rw-p 00000000 00:00 0 
7f6bf8192000-7f6bf888d000 ---p 00000000 00:00 0 
7f6bf888d000-7f6bf88d4000 rw-p 00000000 00:00 0 
7f6bf88d4000-7f6bf88f5000 ---p 00000000 00:00 0 
7f6bf88f5000-7f6bf88f7000 rw-p 00000000 00:00 0 
7f6bf88f7000-7f6bf8904000 ---p 00000000 00:00 0 
7f6bf8904000-7f6bf8905000 rw-p 00000000 00:00 0 
7f6bf8905000-7f6bf9000000 ---p 00000000 00:00 0 
7f6bf9000000-7f6bf94f0000 rwxp 00000000 00:00 0 
7f6bf94f0000-7f6c00537000 ---p 00000000 00:00 0 
7f6c00537000-7f6c007a7000 rwxp 00000000 00:00 0 
7f6c007a7000-7f6c00ac9000 ---p 00000000 00:00 0 
7f6c00ac9000-7f6c00d39000 rwxp 00000000 00:00 0 
7f6c00d39000-7f6c08000000 ---p 00000000 00:00 0 
7f6c08000000-7f6c099f4000 rw-p 00000000 00:00 0 
7f6c099f4000-7f6c0c000000 ---p 00000000 00:00 0 
7f6c0c000000-7f6c0c001000 rw-s 110b91000 00:07 806                       /dev/dri/renderD128
7f6c0c001000-7f6c0c002000 rw-s 114041000 00:07 806                       /dev/dri/renderD128
7f6c0c002000-7f6c0c004000 r--p 00000000 00:22 41267533                   /home/mleku/.local/state/cabal/store/ghc-9.6.3/data-default-0.7.1.1-0dc1fc6930f802543ff7577d89a20f1a17f8631c8f8cd7fd967230ca6a8e107a/lib/libHSdata-default-0.7.1.1-0dc1fc6930f802543ff7577d89a20f1a17f8631c8f8cd7fd967230ca6a8e107a-ghc9.6.3.so
7f6c0c004000-7f6c0c005000 r-xp 00002000 00:22 41267533                   /home/mleku/.local/state/cabal/store/ghc-9.6.3/data-default-0.7.1.1-0dc1fc6930f802543ff7577d89a20f1a17f8631c8f8cd7fd967230ca6a8e107a/lib/libHSdata-default-0.7.1.1-0dc1fc6930f802543ff7577d89a20f1a17f8631c8f8cd7fd967230ca6a8e107a-ghc9.6.3.so
7f6c0c005000-7f6c0c006000 r--p 00003000 00:22 41267533                   /home/mleku/.local/state/cabal/store/ghc-9.6.3/data-default-0.7.1.1-0dc1fc6930f802543ff7577d89a20f1a17f8631c8f8cd7fd967230ca6a8e107a/lib/libHSdata-default-0.7.1.1-0dc1fc6930f802543ff7577d89a20f1a17f8631c8f8cd7fd967230ca6a8e107a-ghc9.6.3.so
7f6c0c006000-7f6c0c007000 r--p 00003000 00:22 41267533                   /home/mleku/.local/state/cabal/store/ghc-9.6.3/data-default-0.7.1.1-0dc1fc6930f802543ff7577d89a20f1a17f8631c8f8cd7fd967230ca6a8e107a/lib/libHSdata-default-0.7.1.1-0dc1fc6930f802543ff7577d89a20f1a17f8631c8f8cd7fd967230ca6a8e107a-ghc9.6.3.so
7f6c0c007000-7f6c0c008000 rw-p 00004000 00:22 41267533                   /home/mleku/.local/state/cabal/store/ghc-9.6.3/data-default-0.7.1.1-0dc1fc6930f802543ff7577d89a20f1a17f8631c8f8cd7fd967230ca6a8e107a/lib/libHSdata-default-0.7.1.1-0dc1fc6930f802543ff7577d89a20f1a17f8631c8f8cd7fd967230ca6a8e107a-ghc9.6.3.so
7f6c0c008000-7f6c0c20a000 rw-p 00000000 00:00 0 
7f6c0c20a000-7f6c0c50d000 rw-p 00000000 00:00 0 
7f6c0c50d000-7f6c0cd1a000 rw-p 00000000 00:00 0 
7f6c0cd1a000-7f6c0ce00000 ---p 00000000 00:00 0 
7f6c0ce00000-7f6c0fb0f000 r--s 00000000 00:22 10699836                   /opt/simplex/lib/runtime/lib/modules
7f6c0fb0f000-7f6c0fb10000 r--p 00000000 00:22 41263504                   /home/mleku/.local/state/cabal/store/ghc-9.6.3/data-default-instances-old-locale-0.0.1-e85d0ded954c9ef0f874779c89b261bd7dce2b130c748c5ff301aa13a813ebd2/lib/libHSdata-default-instances-old-locale-0.0.1-e85d0ded954c9ef0f874779c89b261bd7dce2b130c748c5ff301aa13a813ebd2-ghc9.6.3.so
7f6c0fb10000-7f6c0fb11000 r-xp 00001000 00:22 41263504                   /home/mleku/.local/state/cabal/store/ghc-9.6.3/data-default-instances-old-locale-0.0.1-e85d0ded954c9ef0f874779c89b261bd7dce2b130c748c5ff301aa13a813ebd2/lib/libHSdata-default-instances-old-locale-0.0.1-e85d0ded954c9ef0f874779c89b261bd7dce2b130c748c5ff301aa13a813ebd2-ghc9.6.3.so
7f6c0fb11000-7f6c0fb12000 r--p 00002000 00:22 41263504                   /home/mleku/.local/state/cabal/store/ghc-9.6.3/data-default-instances-old-locale-0.0.1-e85d0ded954c9ef0f874779c89b261bd7dce2b130c748c5ff301aa13a813ebd2/lib/libHSdata-default-instances-old-locale-0.0.1-e85d0ded954c9ef0f874779c89b261bd7dce2b130c748c5ff301aa13a813ebd2-ghc9.6.3.so
7f6c0fb12000-7f6c0fb13000 r--p 00002000 00:22 41263504                   /home/mleku/.local/state/cabal/store/ghc-9.6.3/data-default-instances-old-locale-0.0.1-e85d0ded954c9ef0f874779c89b261bd7dce2b130c748c5ff301aa13a813ebd2/lib/libHSdata-default-instances-old-locale-0.0.1-e85d0ded954c9ef0f874779c89b261bd7dce2b130c748c5ff301aa13a813ebd2-ghc9.6.3.so
7f6c0fb13000-7f6c0fb14000 rw-p 00003000 00:22 41263504                   /home/mleku/.local/state/cabal/store/ghc-9.6.3/data-default-instances-old-locale-0.0.1-e85d0ded954c9ef0f874779c89b261bd7dce2b130c748c5ff301aa13a813ebd2/lib/libHSdata-default-instances-old-locale-0.0.1-e85d0ded954c9ef0f874779c89b261bd7dce2b130c748c5ff301aa13a813ebd2-ghc9.6.3.so
7f6c0fb14000-7f6c0fb1b000 r--p 00000000 00:22 41257496                   /home/mleku/.local/state/cabal/store/ghc-9.6.3/Only-0.1-d2bf20dfe5467325a687dcb3fde37a1178e357c9b6ec5a5420e432ad07a7bbb4/lib/libHSOnly-0.1-d2bf20dfe5467325a687dcb3fde37a1178e357c9b6ec5a5420e432ad07a7bbb4-ghc9.6.3.so
7f6c0fb1b000-7f6c0fb1f000 r-xp 00007000 00:22 41257496                   /home/mleku/.local/state/cabal/store/ghc-9.6.3/Only-0.1-d2bf20dfe5467325a687dcb3fde37a1178e357c9b6ec5a5420e432ad07a7bbb4/lib/libHSOnly-0.1-d2bf20dfe5467325a687dcb3fde37a1178e357c9b6ec5a5420e432ad07a7bbb4-ghc9.6.3.so
7f6c0fb1f000-7f6c0fb20000 r--p 0000b000 00:22 41257496                   /home/mleku/.local/state/cabal/store/ghc-9.6.3/Only-0.1-d2bf20dfe5467325a687dcb3fde37a1178e357c9b6ec5a5420e432ad07a7bbb4/lib/libHSOnly-0.1-d2bf20dfe5467325a687dcb3fde37a1178e357c9b6ec5a5420e432ad07a7bbb4-ghc9.6.3.so
7f6c0fb20000-7f6c0fb21000 r--p 0000b000 00:22 41257496                   /home/mleku/.local/state/cabal/store/ghc-9.6.3/Only-0.1-d2bf20dfe5467325a687dcb3fde37a1178e357c9b6ec5a5420e432ad07a7bbb4/lib/libHSOnly-0.1-d2bf20dfe5467325a687dcb3fde37a1178e357c9b6ec5a5420e432ad07a7bbb4-ghc9.6.3.so
7f6c0fb21000-7f6c0fb22000 rw-p 0000c000 00:22 41257496                   /home/mleku/.local/state/cabal/store/ghc-9.6.3/Only-0.1-d2bf20dfe5467325a687dcb3fde37a1178e357c9b6ec5a5420e432ad07a7bbb4/lib/libHSOnly-0.1-d2bf20dfe5467325a687dcb3fde37a1178e357c9b6ec5a5420e432ad07a7bbb4-ghc9.6.3.so
7f6c0fb22000-7f6c0fb2f000 r--p 00000000 00:22 41266308                   /home/mleku/.local/state/cabal/store/ghc-9.6.3/th-lift-0.8.4-1c91f8c5d8bf435aa4ba27eac4f6358b3d7ba8c4445440d023bc46f9e92e47d6/lib/libHSth-lift-0.8.4-1c91f8c5d8bf435aa4ba27eac4f6358b3d7ba8c4445440d023bc46f9e92e47d6-ghc9.6.3.so
7f6c0fb2f000-7f6c0fb3e000 r-xp 0000d000 00:22 41266308                   /home/mleku/.local/state/cabal/store/ghc-9.6.3/th-lift-0.8.4-1c91f8c5d8bf435aa4ba27eac4f6358b3d7ba8c4445440d023bc46f9e92e47d6/lib/libHSth-lift-0.8.4-1c91f8c5d8bf435aa4ba27eac4f6358b3d7ba8c4445440d023bc46f9e92e47d6-ghc9.6.3.so
7f6c0fb3e000-7f6c0fb3f000 r--p 0001c000 00:22 41266308                   /home/mleku/.local/state/cabal/store/ghc-9.6.3/th-lift-0.8.4-1c91f8c5d8bf435aa4ba27eac4f6358b3d7ba8c4445440d023bc46f9e92e47d6/lib/libHSth-lift-0.8.4-1c91f8c5d8bf435aa4ba27eac4f6358b3d7ba8c4445440d023bc46f9e92e47d6-ghc9.6.3.so
7f6c0fb3f000-7f6c0fb40000 r--p 0001c000 00:22 41266308                   /home/mleku/.local/state/cabal/store/ghc-9.6.3/th-lift-0.8.4-1c91f8c5d8bf435aa4ba27eac4f6358b3d7ba8c4445440d023bc46f9e92e47d6/lib/libHSth-lift-0.8.4-1c91f8c5d8bf435aa4ba27eac4f6358b3d7ba8c4445440d023bc46f9e92e47d6-ghc9.6.3.so
7f6c0fb40000-7f6c0fb43000 rw-p 0001d000 00:22 41266308                   /home/mleku/.local/state/cabal/store/ghc-9.6.3/th-lift-0.8.4-1c91f8c5d8bf435aa4ba27eac4f6358b3d7ba8c4445440d023bc46f9e92e47d6/lib/libHSth-lift-0.8.4-1c91f8c5d8bf435aa4ba27eac4f6358b3d7ba8c4445440d023bc46f9e92e47d6-ghc9.6.3.so
7f6c0fb43000-7f6c0fb4a000 r--p 00000000 00:22 41255708                   /home/mleku/.local/state/cabal/store/ghc-9.6.3/cryptohash-md5-0.11.101.0-3e5428d235f9533ab23c9db75abdfb80b57c54f4269b0769f87f5b37c728be6f/lib/libHScryptohash-md5-0.11.101.0-3e5428d235f9533ab23c9db75abdfb80b57c54f4269b0769f87f5b37c728be6f-ghc9.6.3.so
7f6c0fb4a000-7f6c0fb53000 r-xp 00007000 00:22 41255708                   /home/mleku/.local/state/cabal/store/ghc-9.6.3/cryptohash-md5-0.11.101.0-3e5428d235f9533ab23c9db75abdfb80b57c54f4269b0769f87f5b37c728be6f/lib/libHScryptohash-md5-0.11.101.0-3e5428d235f9533ab23c9db75abdfb80b57c54f4269b0769f87f5b37c728be6f-ghc9.6.3.so
7f6c0fb53000-7f6c0fb54000 r--p 00010000 00:22 41255708                   /home/mleku/.local/state/cabal/store/ghc-9.6.3/cryptohash-md5-0.11.101.0-3e5428d235f9533ab23c9db75abdfb80b57c54f4269b0769f87f5b37c728be6f/lib/libHScryptohash-md5-0.11.101.0-3e5428d235f9533ab23c9db75abdfb80b57c54f4269b0769f87f5b37c728be6f-ghc9.6.3.so
7f6c0fb54000-7f6c0fb55000 r--p 00010000 00:22 41255708                   /home/mleku/.local/state/cabal/store/ghc-9.6.3/cryptohash-md5-0.11.101.0-3e5428d235f9533ab23c9db75abdfb80b57c54f4269b0769f87f5b37c728be6f/lib/libHScryptohash-md5-0.11.101.0-3e5428d235f9533ab23c9db75abdfb80b57c54f4269b0769f87f5b37c728be6f-ghc9.6.3.so
7f6c0fb55000-7f6c0fb56000 rw-p 00011000 00:22 41255708                   /home/mleku/.local/state/cabal/store/ghc-9.6.3/cryptohash-md5-0.11.101.0-3e5428d235f9533ab23c9db75abdfb80b57c54f4269b0769f87f5b37c728be6f/lib/libHScryptohash-md5-0.11.101.0-3e5428d235f9533ab23c9db75abdfb80b57c54f4269b0769f87f5b37c728be6f-ghc9.6.3.so
7f6c0fb56000-7f6c0fbec000 rw-p 00000000 00:00 0 
7f6c0fbec000-7f6c0fccd000 ---p 00000000 00:00 0 
7f6c0fccd000-7f6c0fcdd000 r--p 00000000 00:22 10087896                   /usr/lib/libm.so.6
7f6c0fcdd000-7f6c0fd76000 r-xp 00010000 00:22 10087896                   /usr/lib/libm.so.6
7f6c0fd76000-7f6c0fdfe000 r--p 000a9000 00:22 10087896                   /usr/lib/libm.so.6
7f6c0fdfe000-7f6c0fdff000 r--p 00130000 00:22 10087896                   /usr/lib/libm.so.6
7f6c0fdff000-7f6c0fe00000 rw-p 00131000 00:22 10087896                   /usr/lib/libm.so.6
7f6c0fe00000-7f6c0fe9a000 r--p 00000000 00:22 10406377                   /usr/lib/libstdc++.so.6.0.35
7f6c0fe9a000-7f6c1001c000 r-xp 0009a000 00:22 10406377                   /usr/lib/libstdc++.so.6.0.35
7f6c1001c000-7f6c100bc000 r--p 0021c000 00:22 10406377                   /usr/lib/libstdc++.so.6.0.35
7f6c100bc000-7f6c100cd000 r--p 002bb000 00:22 10406377                   /usr/lib/libstdc++.so.6.0.35
7f6c100cd000-7f6c100ce000 rw-p 002cc000 00:22 10406377                   /usr/lib/libstdc++.so.6.0.35
7f6c100ce000-7f6c100d2000 rw-p 00000000 00:00 0 
7f6c100d2000-7f6c100d8000 r--p 00000000 00:22 41277674                   /home/mleku/.local/state/cabal/store/ghc-9.6.3/th-lift-instances-0.1.20-cd99be9ab1bc86675c598032f14d52b773b0e5dee01ec40e583b58e7b99e5d81/lib/libHSth-lift-instances-0.1.20-cd99be9ab1bc86675c598032f14d52b773b0e5dee01ec40e583b58e7b99e5d81-ghc9.6.3.so
7f6c100d8000-7f6c100dc000 r-xp 00006000 00:22 41277674                   /home/mleku/.local/state/cabal/store/ghc-9.6.3/th-lift-instances-0.1.20-cd99be9ab1bc86675c598032f14d52b773b0e5dee01ec40e583b58e7b99e5d81/lib/libHSth-lift-instances-0.1.20-cd99be9ab1bc86675c598032f14d52b773b0e5dee01ec40e583b58e7b99e5d81-ghc9.6.3.so
7f6c100dc000-7f6c100dd000 r--p 0000a000 00:22 41277674                   /home/mleku/.local/state/cabal/store/ghc-9.6.3/th-lift-instances-0.1.20-cd99be9ab1bc86675c598032f14d52b773b0e5dee01ec40e583b58e7b99e5d81/lib/libHSth-lift-instances-0.1.20-cd99be9ab1bc86675c598032f14d52b773b0e5dee01ec40e583b58e7b99e5d81-ghc9.6.3.so
7f6c100dd000-7f6c100de000 r--p 0000a000 00:22 41277674                   /home/mleku/.local/state/cabal/store/ghc-9.6.3/th-lift-instances-0.1.20-cd99be9ab1bc86675c598032f14d52b773b0e5dee01ec40e583b58e7b99e5d81/lib/libHSth-lift-instances-0.1.20-cd99be9ab1bc86675c598032f14d52b773b0e5dee01ec40e583b58e7b99e5d81-ghc9.6.3.so
7f6c100de000-7f6c100df000 rw-p 0000b000 00:22 41277674                   /home/mleku/.local/state/cabal/store/ghc-9.6.3/th-lift-instances-0.1.20-cd99be9ab1bc86675c598032f14d52b773b0e5dee01ec40e583b58e7b99e5d81/lib/libHSth-lift-instances-0.1.20-cd99be9ab1bc86675c598032f14d52b773b0e5dee01ec40e583b58e7b99e5d81-ghc9.6.3.so
7f6c100df000-7f6c100e6000 r--p 00000000 00:22 41255877                   /home/mleku/.local/state/cabal/store/ghc-9.6.3/cryptohash-sha1-0.11.101.0-f9f5afd4e14b2941ce9d06239c42f864d8d670b8d70cc4005a54e7e3270c528d/lib/libHScryptohash-sha1-0.11.101.0-f9f5afd4e14b2941ce9d06239c42f864d8d670b8d70cc4005a54e7e3270c528d-ghc9.6.3.so
7f6c100e6000-7f6c100f1000 r-xp 00007000 00:22 41255877                   /home/mleku/.local/state/cabal/store/ghc-9.6.3/cryptohash-sha1-0.11.101.0-f9f5afd4e14b2941ce9d06239c42f864d8d670b8d70cc4005a54e7e3270c528d/lib/libHScryptohash-sha1-0.11.101.0-f9f5afd4e14b2941ce9d06239c42f864d8d670b8d70cc4005a54e7e3270c528d-ghc9.6.3.so
7f6c100f1000-7f6c100f2000 r--p 00012000 00:22 41255877                   /home/mleku/.local/state/cabal/store/ghc-9.6.3/cryptohash-sha1-0.11.101.0-f9f5afd4e14b2941ce9d06239c42f864d8d670b8d70cc4005a54e7e3270c528d/lib/libHScryptohash-sha1-0.11.101.0-f9f5afd4e14b2941ce9d06239c42f864d8d670b8d70cc4005a54e7e3270c528d-ghc9.6.3.so
7f6c100f2000-7f6c100f3000 r--p 00012000 00:22 41255877                   /home/mleku/.local/state/cabal/store/ghc-9.6.3/cryptohash-sha1-0.11.101.0-f9f5afd4e14b2941ce9d06239c42f864d8d670b8d70cc4005a54e7e3270c528d/lib/libHScryptohash-sha1-0.11.101.0-f9f5afd4e14b2941ce9d06239c42f864d8d670b8d70cc4005a54e7e3270c528d-ghc9.6.3.so
7f6c100f3000-7f6c100f4000 rw-p 00013000 00:22 41255877                   /home/mleku/.local/state/cabal/store/ghc-9.6.3/cryptohash-sha1-0.11.101.0-f9f5afd4e14b2941ce9d06239c42f864d8d670b8d70cc4005a54e7e3270c528d/lib/libHScryptohash-sha1-0.11.101.0-f9f5afd4e14b2941ce9d06239c42f864d8d670b8d70cc4005a54e7e3270c528d-ghc9.6.3.so
7f6c100f4000-7f6c100fa000 r--p 00000000 00:22 41259706                   /home/mleku/.local/state/cabal/store/ghc-9.6.3/entropy-0.4.1.10-d4a847724a3b6d10e83808146b77b36d07bb854fcaa1dece416caea1c022f5c6/lib/libHSentropy-0.4.1.10-d4a847724a3b6d10e83808146b77b36d07bb854fcaa1dece416caea1c022f5c6-ghc9.6.3.so
7f6c100fa000-7f6c100fd000 r-xp 00006000 00:22 41259706                   /home/mleku/.local/state/cabal/store/ghc-9.6.3/entropy-0.4.1.10-d4a847724a3b6d10e83808146b77b36d07bb854fcaa1dece416caea1c022f5c6/lib/libHSentropy-0.4.1.10-d4a847724a3b6d10e83808146b77b36d07bb854fcaa1dece416caea1c022f5c6-ghc9.6.3.so
7f6c100fd000-7f6c100fe000 r--p 00009000 00:22 41259706                   /home/mleku/.local/state/cabal/store/ghc-9.6.3/entropy-0.4.1.10-d4a847724a3b6d10e83808146b77b36d07bb854fcaa1dece416caea1c022f5c6/lib/libHSentropy-0.4.1.10-d4a847724a3b6d10e83808146b77b36d07bb854fcaa1dece416caea1c022f5c6-ghc9.6.3.so
7f6c100fe000-7f6c100ff000 r--p 00009000 00:22 41259706                   /home/mleku/.local/state/cabal/store/ghc-9.6.3/entropy-0.4.1.10-d4a847724a3b6d10e83808146b77b36d07bb854fcaa1dece416caea1c022f5c6/lib/libHSentropy-0.4.1.10-d4a847724a3b6d10e83808146b77b36d07bb854fcaa1dece416caea1c022f5c6-ghc9.6.3.so
7f6c100ff000-7f6c10100000 rw-p 0000a000 00:22 41259706                   /home/mleku/.local/state/cabal/store/ghc-9.6.3/entropy-0.4.1.10-d4a847724a3b6d10e83808146b77b36d07bb854fcaa1dece416caea1c022f5c6/lib/libHSentropy-0.4.1.10-d4a847724a3b6d10e83808146b77b36d07bb854fcaa1dece416caea1c022f5c6-ghc9.6.3.so
7f6c10100000-7f6c10104000 ---p 00000000 00:00 0 
7f6c10104000-7f6c10200000 rw-p 00000000 00:00 0 
7f6c10200000-7f6c1020f000 r--p 00000000 00:22 10699846                   /opt/simplex/lib/runtime/lib/server/libjvm.so
7f6c1020f000-7f6c10fdc000 r-xp 0000f000 00:22 10699846                   /opt/simplex/lib/runtime/lib/server/libjvm.so
7f6c10fdc000-7f6c1125e000 r--p 00ddc000 00:22 10699846                   /opt/simplex/lib/runtime/lib/server/libjvm.so
7f6c1125e000-7f6c11318000 r--p 0105d000 00:22 10699846                   /opt/simplex/lib/runtime/lib/server/libjvm.so
7f6c11318000-7f6c1134d000 rw-p 01117000 00:22 10699846                   /opt/simplex/lib/runtime/lib/server/libjvm.so
7f6c1134d000-7f6c113a8000 rw-p 00000000 00:00 0 
7f6c113a8000-7f6c113ac000 r--p 00000000 00:22 41260509                   /home/mleku/.local/state/cabal/store/ghc-9.6.3/unix-compat-0.7.1-04755f57844c9ce72e8a2cab1ebd7288024e6fb7aa9baab3dee08a636e74f2d8/lib/libHSunix-compat-0.7.1-04755f57844c9ce72e8a2cab1ebd7288024e6fb7aa9baab3dee08a636e74f2d8-ghc9.6.3.so
7f6c113ac000-7f6c113ad000 r-xp 00004000 00:22 41260509                   /home/mleku/.local/state/cabal/store/ghc-9.6.3/unix-compat-0.7.1-04755f57844c9ce72e8a2cab1ebd7288024e6fb7aa9baab3dee08a636e74f2d8/lib/libHSunix-compat-0.7.1-04755f57844c9ce72e8a2cab1ebd7288024e6fb7aa9baab3dee08a636e74f2d8-ghc9.6.3.so
7f6c113ad000-7f6c113ae000 r--p 00005000 00:22 41260509                   /home/mleku/.local/state/cabal/store/ghc-9.6.3/unix-compat-0.7.1-04755f57844c9ce72e8a2cab1ebd7288024e6fb7aa9baab3dee08a636e74f2d8/lib/libHSunix-compat-0.7.1-04755f57844c9ce72e8a2cab1ebd7288024e6fb7aa9baab3dee08a636e74f2d8-ghc9.6.3.so
7f6c113ae000-7f6c113af000 r--p 00005000 00:22 41260509                   /home/mleku/.local/state/cabal/store/ghc-9.6.3/unix-compat-0.7.1-04755f57844c9ce72e8a2cab1ebd7288024e6fb7aa9baab3dee08a636e74f2d8/lib/libHSunix-compat-0.7.1-04755f57844c9ce72e8a2cab1ebd7288024e6fb7aa9baab3dee08a636e74f2d8-ghc9.6.3.so
7f6c113af000-7f6c113b0000 rw-p 00006000 00:22 41260509                   /home/mleku/.local/state/cabal/store/ghc-9.6.3/unix-compat-0.7.1-04755f57844c9ce72e8a2cab1ebd7288024e6fb7aa9baab3dee08a636e74f2d8/lib/libHSunix-compat-0.7.1-04755f57844c9ce72e8a2cab1ebd7288024e6fb7aa9baab3dee08a636e74f2d8-ghc9.6.3.so
7f6c113b0000-7f6c113bc000 r--p 00000000 00:22 41273472                   /home/mleku/.local/state/cabal/store/ghc-9.6.3/uuid-1.3.15-4828f16f2b77b79ea8b795753bd98503215dea0d6fddf19a95ffe8c7a59f1ea7/lib/libHSuuid-1.3.15-4828f16f2b77b79ea8b795753bd98503215dea0d6fddf19a95ffe8c7a59f1ea7-ghc9.6.3.so
7f6c113bc000-7f6c113c4000 r-xp 0000c000 00:22 41273472                   /home/mleku/.local/state/cabal/store/ghc-9.6.3/uuid-1.3.15-4828f16f2b77b79ea8b795753bd98503215dea0d6fddf19a95ffe8c7a59f1ea7/lib/libHSuuid-1.3.15-4828f16f2b77b79ea8b795753bd98503215dea0d6fddf19a95ffe8c7a59f1ea7-ghc9.6.3.so
7f6c113c4000-7f6c113c5000 r--p 00014000 00:22 41273472                   /home/mleku/.local/state/cabal/store/ghc-9.6.3/uuid-1.3.15-4828f16f2b77b79ea8b795753bd98503215dea0d6fddf19a95ffe8c7a59f1ea7/lib/libHSuuid-1.3.15-4828f16f2b77b79ea8b795753bd98503215dea0d6fddf19a95ffe8c7a59f1ea7-ghc9.6.3.so
7f6c113c5000-7f6c113c6000 r--p 00014000 00:22 41273472                   /home/mleku/.local/state/cabal/store/ghc-9.6.3/uuid-1.3.15-4828f16f2b77b79ea8b795753bd98503215dea0d6fddf19a95ffe8c7a59f1ea7/lib/libHSuuid-1.3.15-4828f16f2b77b79ea8b795753bd98503215dea0d6fddf19a95ffe8c7a59f1ea7-ghc9.6.3.so
7f6c113c6000-7f6c113c7000 rw-p 00015000 00:22 41273472                   /home/mleku/.local/state/cabal/store/ghc-9.6.3/uuid-1.3.15-4828f16f2b77b79ea8b795753bd98503215dea0d6fddf19a95ffe8c7a59f1ea7/lib/libHSuuid-1.3.15-4828f16f2b77b79ea8b795753bd98503215dea0d6fddf19a95ffe8c7a59f1ea7-ghc9.6.3.so
7f6c113c7000-7f6c113cd000 r--p 00000000 00:22 41255685                   /home/mleku/.local/state/cabal/store/ghc-9.6.3/digest-0.0.1.7-a762627982f1a70bc063129cd0fc8abd5ba5ce709b8682a1c2c972d50e9c92e7/lib/libHSdigest-0.0.1.7-a762627982f1a70bc063129cd0fc8abd5ba5ce709b8682a1c2c972d50e9c92e7-ghc9.6.3.so
7f6c113cd000-7f6c113cf000 r-xp 00006000 00:22 41255685                   /home/mleku/.local/state/cabal/store/ghc-9.6.3/digest-0.0.1.7-a762627982f1a70bc063129cd0fc8abd5ba5ce709b8682a1c2c972d50e9c92e7/lib/libHSdigest-0.0.1.7-a762627982f1a70bc063129cd0fc8abd5ba5ce709b8682a1c2c972d50e9c92e7-ghc9.6.3.so
7f6c113cf000-7f6c113d0000 r--p 00008000 00:22 41255685                   /home/mleku/.local/state/cabal/store/ghc-9.6.3/digest-0.0.1.7-a762627982f1a70bc063129cd0fc8abd5ba5ce709b8682a1c2c972d50e9c92e7/lib/libHSdigest-0.0.1.7-a762627982f1a70bc063129cd0fc8abd5ba5ce709b8682a1c2c972d50e9c92e7-ghc9.6.3.so
7f6c113d0000-7f6c113d1000 r--p 00008000 00:22 41255685                   /home/mleku/.local/state/cabal/store/ghc-9.6.3/digest-0.0.1.7-a762627982f1a70bc063129cd0fc8abd5ba5ce709b8682a1c2c972d50e9c92e7/lib/libHSdigest-0.0.1.7-a762627982f1a70bc063129cd0fc8abd5ba5ce709b8682a1c2c972d50e9c92e7-ghc9.6.3.so
7f6c113d1000-7f6c113d2000 rw-p 00009000 00:22 41255685                   /home/mleku/.local/state/cabal/store/ghc-9.6.3/digest-0.0.1.7-a762627982f1a70bc063129cd0fc8abd5ba5ce709b8682a1c2c972d50e9c92e7/lib/libHSdigest-0.0.1.7-a762627982f1a70bc063129cd0fc8abd5ba5ce709b8682a1c2c972d50e9c92e7-ghc9.6.3.so
7f6c113d2000-7f6c113d6000 r--p 00000000 00:22 10699830                   /opt/simplex/lib/runtime/lib/libnet.so
7f6c113d6000-7f6c113e4000 r-xp 00004000 00:22 10699830                   /opt/simplex/lib/runtime/lib/libnet.so
7f6c113e4000-7f6c113e8000 r--p 00012000 00:22 10699830                   /opt/simplex/lib/runtime/lib/libnet.so
7f6c113e8000-7f6c113e9000 r--p 00015000 00:22 10699830                   /opt/simplex/lib/runtime/lib/libnet.so
7f6c113e9000-7f6c113ea000 rw-p 00016000 00:22 10699830                   /opt/simplex/lib/runtime/lib/libnet.so
7f6c113ea000-7f6c113f1000 r--p 00000000 00:22 10699831                   /opt/simplex/lib/runtime/lib/libnio.so
7f6c113f1000-7f6c113fa000 r-xp 00007000 00:22 10699831                   /opt/simplex/lib/runtime/lib/libnio.so
7f6c113fa000-7f6c113fe000 r--p 00010000 00:22 10699831                   /opt/simplex/lib/runtime/lib/libnio.so
7f6c113fe000-7f6c113ff000 r--p 00014000 00:22 10699831                   /opt/simplex/lib/runtime/lib/libnio.so
7f6c113ff000-7f6c11400000 rw-p 00015000 00:22 10699831                   /opt/simplex/lib/runtime/lib/libnio.so
7f6c11400000-7f6c11424000 r--p 00000000 00:22 10087886                   /usr/lib/libc.so.6
7f6c11424000-7f6c11599000 r-xp 00024000 00:22 10087886                   /usr/lib/libc.so.6
7f6c11599000-7f6c1160e000 r--p 00199000 00:22 10087886                   /usr/lib/libc.so.6
7f6c1160e000-7f6c11612000 r--p 0020d000 00:22 10087886                   /usr/lib/libc.so.6
7f6c11612000-7f6c11614000 rw-p 00211000 00:22 10087886                   /usr/lib/libc.so.6
7f6c11614000-7f6c1161c000 rw-p 00000000 00:00 0 
7f6c1161c000-7f6c1161d000 rw-s 114040000 00:07 806                       /dev/dri/renderD128
7f6c1161d000-7f6c11620000 r--p 00000000 00:22 41257900                   /home/mleku/.local/state/cabal/store/ghc-9.6.3/iso8601-time-0.1.5-7f565c978c2ccda76ebfa53eadc50025f93857add83f2dded45add1b6358a9db/lib/libHSiso8601-time-0.1.5-7f565c978c2ccda76ebfa53eadc50025f93857add83f2dded45add1b6358a9db-ghc9.6.3.so
7f6c11620000-7f6c11621000 r-xp 00003000 00:22 41257900                   /home/mleku/.local/state/cabal/store/ghc-9.6.3/iso8601-time-0.1.5-7f565c978c2ccda76ebfa53eadc50025f93857add83f2dded45add1b6358a9db/lib/libHSiso8601-time-0.1.5-7f565c978c2ccda76ebfa53eadc50025f93857add83f2dded45add1b6358a9db-ghc9.6.3.so
7f6c11621000-7f6c11622000 r--p 00004000 00:22 41257900                   /home/mleku/.local/state/cabal/store/ghc-9.6.3/iso8601-time-0.1.5-7f565c978c2ccda76ebfa53eadc50025f93857add83f2dded45add1b6358a9db/lib/libHSiso8601-time-0.1.5-7f565c978c2ccda76ebfa53eadc50025f93857add83f2dded45add1b6358a9db-ghc9.6.3.so
7f6c11622000-7f6c11623000 r--p 00004000 00:22 41257900                   /home/mleku/.local/state/cabal/store/ghc-9.6.3/iso8601-time-0.1.5-7f565c978c2ccda76ebfa53eadc50025f93857add83f2dded45add1b6358a9db/lib/libHSiso8601-time-0.1.5-7f565c978c2ccda76ebfa53eadc50025f93857add83f2dded45add1b6358a9db-ghc9.6.3.so
7f6c11623000-7f6c11624000 rw-p 00005000 00:22 41257900                   /home/mleku/.local/state/cabal/store/ghc-9.6.3/iso8601-time-0.1.5-7f565c978c2ccda76ebfa53eadc50025f93857add83f2dded45add1b6358a9db/lib/libHSiso8601-time-0.1.5-7f565c978c2ccda76ebfa53eadc50025f93857add83f2dded45add1b6358a9db-ghc9.6.3.so
7f6c11624000-7f6c11626000 r--p 00000000 00:22 10698525                   /opt/simplex/lib/app/resources/libapp-lib.so
7f6c11626000-7f6c11628000 r-xp 00002000 00:22 10698525                   /opt/simplex/lib/app/resources/libapp-lib.so
7f6c11628000-7f6c11629000 r--p 00004000 00:22 10698525                   /opt/simplex/lib/app/resources/libapp-lib.so
7f6c11629000-7f6c1162a000 r--p 00004000 00:22 10698525                   /opt/simplex/lib/app/resources/libapp-lib.so
7f6c1162a000-7f6c1162b000 rw-p 00005000 00:22 10698525                   /opt/simplex/lib/app/resources/libapp-lib.so
7f6c1162b000-7f6c116e7000 rw-p 00000000 00:00 0 
7f6c116e7000-7f6c116eb000 r--p 00000000 00:22 10406369                   /usr/lib/libgcc_s.so.1
7f6c116eb000-7f6c1170e000 r-xp 00004000 00:22 10406369                   /usr/lib/libgcc_s.so.1
7f6c1170e000-7f6c11712000 r--p 00027000 00:22 10406369                   /usr/lib/libgcc_s.so.1
7f6c11712000-7f6c11713000 r--p 0002b000 00:22 10406369                   /usr/lib/libgcc_s.so.1
7f6c11713000-7f6c11714000 rw-p 0002c000 00:22 10406369                   /usr/lib/libgcc_s.so.1
7f6c11714000-7f6c11715000 rw-s 120308000 00:07 806                       /dev/dri/renderD128
7f6c11715000-7f6c11716000 rw-p 00000000 00:00 0 
7f6c11716000-7f6c11717000 rw-p 00000000 00:00 0 
7f6c11717000-7f6c11718000 r--p 00000000 00:22 6931965                    /usr/share/locale/en/LC_MESSAGES/gtk30-properties.mo
7f6c11718000-7f6c1171a000 r--p 00000000 00:22 10699835                   /opt/simplex/lib/runtime/lib/libzip.so
7f6c1171a000-7f6c1171e000 r-xp 00002000 00:22 10699835                   /opt/simplex/lib/runtime/lib/libzip.so
7f6c1171e000-7f6c11720000 r--p 00006000 00:22 10699835                   /opt/simplex/lib/runtime/lib/libzip.so
7f6c11720000-7f6c11721000 r--p 00007000 00:22 10699835                   /opt/simplex/lib/runtime/lib/libzip.so
7f6c11721000-7f6c11722000 rw-p 00008000 00:22 10699835                   /opt/simplex/lib/runtime/lib/libzip.so
7f6c11722000-7f6c11727000 rw-p 00000000 00:00 0 
7f6c11727000-7f6c1172e000 ---p 00000000 00:00 0 
7f6c1172e000-7f6c11738000 r--p 00000000 00:22 10699821                   /opt/simplex/lib/runtime/lib/libjava.so
7f6c11738000-7f6c1174a000 r-xp 0000a000 00:22 10699821                   /opt/simplex/lib/runtime/lib/libjava.so
7f6c1174a000-7f6c11750000 r--p 0001c000 00:22 10699821                   /opt/simplex/lib/runtime/lib/libjava.so
7f6c11750000-7f6c11751000 r--p 00021000 00:22 10699821                   /opt/simplex/lib/runtime/lib/libjava.so
7f6c11751000-7f6c11752000 rw-p 00022000 00:22 10699821                   /opt/simplex/lib/runtime/lib/libjava.so
7f6c11752000-7f6c11758000 rw-p 00000000 00:00 0 
7f6c11758000-7f6c11759000 r--p 00000000 00:22 6931966                    /usr/share/locale/en/LC_MESSAGES/gtk30.mo
7f6c11759000-7f6c11761000 rw-s 00000000 00:22 10699899                   /tmp/hsperfdata_mleku/810040
7f6c11761000-7f6c11762000 ---p 00000000 00:00 0 
7f6c11762000-7f6c11763000 r--p 00000000 00:00 0 
7f6c11763000-7f6c11764000 ---p 00000000 00:00 0 
7f6c11764000-7f6c11765000 r--p 00000000 00:22 10699824                   /opt/simplex/lib/runtime/lib/libjimage.so
7f6c11765000-7f6c11768000 r-xp 00001000 00:22 10699824                   /opt/simplex/lib/runtime/lib/libjimage.so
7f6c11768000-7f6c11769000 r--p 00004000 00:22 10699824                   /opt/simplex/lib/runtime/lib/libjimage.so
7f6c11769000-7f6c1176a000 r--p 00005000 00:22 10699824                   /opt/simplex/lib/runtime/lib/libjimage.so
7f6c1176a000-7f6c1176b000 rw-p 00006000 00:22 10699824                   /opt/simplex/lib/runtime/lib/libjimage.so
7f6c1176b000-7f6c1176e000 r--p 00000000 00:22 6740239                    /usr/lib/libz.so.1.3.2
7f6c1176e000-7f6c1177e000 r-xp 00003000 00:22 6740239                    /usr/lib/libz.so.1.3.2
7f6c1177e000-7f6c11784000 r--p 00013000 00:22 6740239                    /usr/lib/libz.so.1.3.2
7f6c11784000-7f6c11785000 r--p 00018000 00:22 6740239                    /usr/lib/libz.so.1.3.2
7f6c11785000-7f6c11786000 rw-p 00019000 00:22 6740239                    /usr/lib/libz.so.1.3.2
7f6c11786000-7f6c11788000 r--p 00000000 00:22 10699825                   /opt/simplex/lib/runtime/lib/libjli.so
7f6c11788000-7f6c11792000 r-xp 00002000 00:22 10699825                   /opt/simplex/lib/runtime/lib/libjli.so
7f6c11792000-7f6c11795000 r--p 0000c000 00:22 10699825                   /opt/simplex/lib/runtime/lib/libjli.so
7f6c11795000-7f6c11796000 r--p 0000f000 00:22 10699825                   /opt/simplex/lib/runtime/lib/libjli.so
7f6c11796000-7f6c11797000 rw-p 00010000 00:22 10699825                   /opt/simplex/lib/runtime/lib/libjli.so
7f6c11797000-7f6c1179b000 r--p 00000000 00:00 0                          [vvar]
7f6c1179b000-7f6c1179d000 r--p 00000000 00:00 0                          [vvar_vclock]
7f6c1179d000-7f6c1179f000 r-xp 00000000 00:00 0                          [vdso]
7f6c1179f000-7f6c117a0000 r--p 00000000 00:22 10087877                   /usr/lib/ld-linux-x86-64.so.2
7f6c117a0000-7f6c117ca000 r-xp 00001000 00:22 10087877                   /usr/lib/ld-linux-x86-64.so.2
7f6c117ca000-7f6c117d9000 r--p 0002b000 00:22 10087877                   /usr/lib/ld-linux-x86-64.so.2
7f6c117d9000-7f6c117db000 r--p 00039000 00:22 10087877                   /usr/lib/ld-linux-x86-64.so.2
7f6c117db000-7f6c117dc000 rw-p 0003b000 00:22 10087877                   /usr/lib/ld-linux-x86-64.so.2
7f6c117dc000-7f6c117dd000 rw-p 00000000 00:00 0 
7fff6be4b000-7fff6be6d000 rw-p 00000000 00:00 0                          [stack]
ffffffffff600000-ffffffffff601000 --xp 00000000 00:00 0                  [vsyscall]


VM Arguments:
jvm_args: -Djpackage.app-version=6.5.6 -Dcompose.application.resources.dir=/opt/simplex/lib/app/resources -Dcompose.application.configure.swing.globals=true -Dskiko.library.path=/opt/simplex/lib/app -Djpackage.app-path=/opt/simplex/bin/simplex 
java_command: chat.simplex.desktop.MainKt
java_class_path (initial): /opt/simplex/lib/app/desktop-jvm-6.5.6-d2fa2f493f309515e14b2c98677deb7.jar:/opt/simplex/lib/app/animation-core-desktop-1.8.2-89882254a9c39d5b61e9ebfe58237d8.jar:/opt/simplex/lib/app/animation-desktop-1.8.2-aa361a5749a780284bf03455dbd58ba2.jar:/opt/simplex/lib/app/annotation-jvm-1.9.1-1d6a04b3b9847638d0529df8ef76a.jar:/opt/simplex/lib/app/annotations-23.0.0-8484cd17d040d837983323f760b2c660.jar:/opt/simplex/lib/app/atomicfu-jvm-0.23.2-5e4f88ed1c37222d791f5dcadf481498.jar:/opt/simplex/lib/app/batik-anim-1.16-ef2d1e77dc121a894a6da6c5028e8dc.jar:/opt/simplex/lib/app/batik-awt-util-1.16-5493fc13976389ff705f96f867f5cb8.jar:/opt/simplex/lib/app/batik-bridge-1.16-67eb64799e6d69a8d9ac19ccc5a8f2d9.jar:/opt/simplex/lib/app/batik-codec-1.16-f8139eda5bd656be3de6c68cc49667ba.jar:/opt/simplex/lib/app/batik-constants-1.16-dbb7585ab60d6fee6b42b814756023.jar:/opt/simplex/lib/app/batik-css-1.16-18b391172074464552b09acb9187e.jar:/opt/simplex/lib/app/batik-dom-1.16-3a8e777a8777513a2b80ec91d06252da.jar:/opt/simplex/lib/app/batik-ext-1.16-88db233e758febe33059f2be9f7c7fc8.jar:/opt/simplex/lib/app/batik-gvt-1.16-fe24bef455f4d68232121574ea209b.jar:/opt/simplex/lib/app/batik-i18n-1.16-b2ac749b2277fb0f46ec912da8bfdde.jar:/opt/simplex/lib/app/batik-parser-1.16-62c4e0778339752a1f6f4d53ea3aef2f.jar:/opt/simplex/lib/app/batik-rasterizer-1.16-9a4bec95395ecacaee2085945c311ad.jar:/opt/simplex/lib/app/batik-script-1.16-bfcf216f539f5718c7345322e0f060fc.jar:/opt/simplex/lib/app/batik-shared-resources-1.16-d6b1e37464c15ad7cd1a5b06d9ee1a9.jar:/opt/simplex/lib/app/batik-svg-dom-1.16-ee7f7021afdfbe71b29871159da5765.jar:/opt/simplex/lib/app/batik-svggen-1.16-48657fb48029f0427b1e34eb2a6884.jar:/opt/simplex/lib/app/batik-svgrasterizer-1.16-649f564439bc465caa6d1fa68ad24.jar:/opt/simplex/lib/app/batik-transcoder-1.16-1290ebbcaf1ebbef5e1675eb639d54c.jar:/opt/simplex/lib/app/batik-util-1.16-d8f93a889db85573d4f8c576ff2ad2f.jar:/opt/simplex/lib/app/batik-xml-1.16-3147e6cfe396df25489c8c589
Launcher Type: SUN_STANDARD

[Global flags]
     intx CICompilerCount                          = 4                                         {product} {ergonomic}
     uint ConcGCThreads                            = 2                                         {product} {ergonomic}
     uint G1ConcRefinementThreads                  = 8                                         {product} {ergonomic}
   size_t G1HeapRegionSize                         = 2097152                                   {product} {ergonomic}
    uintx GCDrainStackTargetSize                   = 64                                        {product} {ergonomic}
   size_t InitialHeapSize                          = 251658240                                 {product} {ergonomic}
   size_t MarkStackSize                            = 4194304                                   {product} {ergonomic}
   size_t MaxHeapSize                              = 3999268864                                {product} {ergonomic}
   size_t MaxNewSize                               = 2399141888                                {product} {ergonomic}
   size_t MinHeapDeltaBytes                        = 2097152                                   {product} {ergonomic}
   size_t MinHeapSize                              = 8388608                                   {product} {ergonomic}
    uintx NonNMethodCodeHeapSize                   = 5839372                                {pd product} {ergonomic}
    uintx NonProfiledCodeHeapSize                  = 122909434                              {pd product} {ergonomic}
    uintx ProfiledCodeHeapSize                     = 122909434                              {pd product} {ergonomic}
    uintx ReservedCodeCacheSize                    = 251658240                              {pd product} {ergonomic}
     bool SegmentedCodeCache                       = true                                      {product} {ergonomic}
   size_t SoftMaxHeapSize                          = 3999268864                             {manageable} {ergonomic}
     bool UseCompressedClassPointers               = true                           {product lp64_product} {ergonomic}
     bool UseCompressedOops                        = true                           {product lp64_product} {ergonomic}
     bool UseG1GC                                  = true                                      {product} {ergonomic}

Logging:
Log output configuration:
 #0: stdout all=warning uptime,level,tags
 #1: stderr all=off uptime,level,tags

Environment Variables:
PATH=/home/mleku/Android/Sdk/cmdline-tools/latest/bin:/home/mleku/Android/Sdk/platform-tools:/home/mleku/.local/bin:/home/mleku/.local/bin:/home/mleku/bin:/home/mleku/.wasmtime/bin:/home/mleku/.local/bin:/home/mleku/go/bin:/home/mleku/.local/bin:/home/mleku/go/bin:/home/mleku/.local/bin:/home/mleku/go/bin:/home/mleku/.local/bin:/home/mleku/go/bin:/home/mleku/.local/bin:/home/mleku/go/bin:/home/mleku/.local/bin:/home/mleku/go/bin:/home/mleku/go/bin:/home/mleku/.local/bin:/usr/local/go/bin:/home/mleku/.local/share/JetBrains/Toolbox/scripts:/home/mleku/.bun/bin:/home/mleku/go/bin:/home/mleku/.local/bin:/home/mleku/.local/bin:/home/mleku/.local/bin:/home/mleku/bin:/home/mleku/.wasmtime/bin:/home/mleku/.local/bin:/home/mleku/go/bin:/home/mleku/.local/bin:/home/mleku/go/bin:/home/mleku/.local/bin:/home/mleku/go/bin:/home/mleku/.local/bin:/home/mleku/go/bin:/home/mleku/.local/bin:/home/mleku/go/bin:/home/mleku/.local/bin:/home/mleku/go/bin:/bin::/usr/local/go/bin:/home/mleku/.local/share/JetBrains/Toolbox/scripts:/home/mleku/.bun/bin:/home/mleku/go/bin:/home/mleku/.local/bin:/home/mleku/.cargo/bin:/usr/local/bin:/usr/bin:/bin:/usr/local/sbin:/opt/android-sdk/platform-tools:/var/lib/flatpak/exports/bin:/usr/lib/jvm/default/bin:/usr/bin/site_perl:/usr/bin/vendor_perl:/usr/bin/core_perl:/opt/rocm/bin:/opt/android-sdk/platform-tools
SHELL=/bin/bash
DISPLAY=:0
LANG=en_AU.UTF-8
LC_NUMERIC=hr_HR.UTF-8
LC_TIME=en_AU.UTF-8
TERM=xterm-256color
TMPDIR=/home/mleku/.cache/tmp

Active Locale:
LC_ALL=LC_CTYPE=en_AU.UTF-8;LC_NUMERIC=hr_HR.UTF-8;LC_TIME=en_AU.UTF-8;LC_COLLATE=en_AU.UTF-8;LC_MONETARY=hr_HR.UTF-8;LC_MESSAGES=en_AU.UTF-8;LC_PAPER=hr_HR.UTF-8;LC_NAME=hr_HR.UTF-8;LC_ADDRESS=hr_HR.UTF-8;LC_TELEPHONE=hr_HR.UTF-8;LC_MEASUREMENT=hr_HR.UTF-8;LC_IDENTIFICATION=hr_HR.UTF-8
LC_COLLATE=en_AU.UTF-8
LC_CTYPE=en_AU.UTF-8
LC_MESSAGES=en_AU.UTF-8
LC_MONETARY=hr_HR.UTF-8
LC_NUMERIC=hr_HR.UTF-8
LC_TIME=en_AU.UTF-8

Signal Handlers:
   SIGSEGV: crash_handler in libjvm.so, mask=11100100010111111101111111111110, flags=SA_RESTART|SA_SIGINFO, unblocked
    SIGBUS: crash_handler in libjvm.so, mask=11100100010111111101111111111110, flags=SA_RESTART|SA_SIGINFO, unblocked
    SIGFPE: crash_handler in libjvm.so, mask=11100100010111111101111111111110, flags=SA_RESTART|SA_SIGINFO, unblocked
   SIGPIPE: SIG_IGN, mask=00000000000010000000000000000000, flags=SA_RESTART, blocked
  *** Handler was modified!
  *** Expected: javaSignalHandler in libjvm.so, mask=11100100110111111111111111111110, flags=SA_RESTART|SA_SIGINFO
   SIGXFSZ: javaSignalHandler in libjvm.so, mask=11100100010111111101111111111110, flags=SA_RESTART|SA_SIGINFO, blocked
    SIGILL: crash_handler in libjvm.so, mask=11100100010111111101111111111110, flags=SA_RESTART|SA_SIGINFO, unblocked
   SIGUSR2: SR_handler in libjvm.so, mask=00000000000000000000000000000000, flags=SA_RESTART|SA_SIGINFO, blocked
    SIGHUP: UserHandler in libjvm.so, mask=11100100010111111101111111111110, flags=SA_RESTART|SA_SIGINFO, blocked
    SIGINT: shutdown_handler in libHSrts-1.0.2_thr-ghc9.6.3.so, mask=00000000000000000000000000000000, flags=none, blocked
   SIGTERM: UserHandler in libjvm.so, mask=11100100010111111101111111111110, flags=SA_RESTART|SA_SIGINFO, blocked
   SIGQUIT: backtrace_handler in libHSrts-1.0.2_thr-ghc9.6.3.so, mask=00000000000000000000000000000000, flags=none, blocked
   SIGTRAP: crash_handler in libjvm.so, mask=11100100010111111101111111111110, flags=SA_RESTART|SA_SIGINFO, unblocked


Periodic native trim disabled


---------------  S Y S T E M  ---------------

OS:
DISTRIB_ID=Garuda
DISTRIB_RELEASE=Soaring
DISTRIB_DESCRIPTION="Garuda Linux Broadwing"
DISTRIB_CODENAME="Broadwing"
uname: Linux 7.1.3-zen1-2-zen #1 ZEN SMP PREEMPT_DYNAMIC Thu, 09 Jul 2026 20:39:38 +0000 x86_64
OS uptime: 3 days 21:41 hours
libc: glibc 2.43 NPTL 2.43 
rlimit (soft/hard): STACK 8192k/infinity , CORE infinity/infinity , NPROC 1048576/1048576 , NOFILE 1048576/1048576 , AS infinity/infinity , CPU infinity/infinity , DATA infinity/infinity , FSIZE infinity/infinity , MEMLOCK infinity/infinity
load average: 12,72 14,31 11,09

/proc/meminfo:
MemTotal:       15619068 kB
MemFree:          172880 kB
MemAvailable:    3495740 kB
Buffers:             408 kB
Cached:          3534932 kB
SwapCached:         7380 kB
Active:         10383104 kB
Inactive:        2633976 kB
Active(anon):    9491072 kB
Inactive(anon):    95552 kB
Active(file):     892032 kB
Inactive(file):  2538424 kB
Unevictable:       67968 kB
Mlocked:             152 kB
SwapTotal:      32804856 kB
SwapFree:       27427724 kB
Zswap:                 0 kB
Zswapped:              0 kB
Dirty:             86872 kB
Writeback:             0 kB
AnonPages:       9516584 kB
Mapped:           750824 kB
Shmem:             37524 kB
KReclaimable:     227996 kB
Slab:             492788 kB
SReclaimable:     227996 kB
SUnreclaim:       264792 kB
KernelStack:       30848 kB
PageTables:       119048 kB
SecPageTables:      3584 kB
NFS_Unstable:          0 kB
Bounce:                0 kB
WritebackTmp:          0 kB
CommitLimit:    40614388 kB
Committed_AS:   39928248 kB
VmallocTotal:   34359738367 kB
VmallocUsed:      167772 kB
VmallocChunk:          0 kB
Percpu:             7552 kB
HardwareCorrupted:     0 kB
AnonHugePages:    231424 kB
ShmemHugePages:        0 kB
ShmemPmdMapped:        0 kB
FileHugePages:    167936 kB
FilePmdMapped:    124928 kB
CmaTotal:              0 kB
CmaFree:               0 kB
Unaccepted:            0 kB
Balloon:               0 kB
GPUActive:        137596 kB
GPUReclaim:         5896 kB
HugePages_Total:       0
HugePages_Free:        0
HugePages_Rsvd:        0
HugePages_Surp:        0
Hugepagesize:       2048 kB
Hugetlb:               0 kB
DirectMap4k:     6819840 kB
DirectMap2M:     9203712 kB
DirectMap1G:     1048576 kB

/sys/kernel/mm/transparent_hugepage/enabled: [always] madvise never
/sys/kernel/mm/transparent_hugepage/hpage_pmd_size: 2097152
/sys/kernel/mm/transparent_hugepage/defrag (defrag/compaction efforts parameter): always defer [defer+madvise] madvise never

Process Memory:
Virtual Size: 1084180692K (peak: 1084181920K)
Resident Set Size: 442004K (peak: 442004K) (anon: 199064K, file: 242936K, shmem: 4K)
Swapped out: 0K
C-Heap outstanding allocations: 80123K, retained: 19172K
glibc malloc tunables: (default)

/proc/sys/kernel/threads-max (system-wide limit on the number of threads): 121692
/proc/sys/vm/max_map_count (maximum number of memory map areas a process may have): 1048576
/proc/sys/vm/swappiness (control to define how aggressively the kernel swaps out anonymous memory): 133
/proc/sys/kernel/pid_max (system-wide limit on number of process identifiers): 4194304

container information not found.
Steal ticks since vm start: 0
Steal ticks percentage since vm start:  0,000

CPU: total 8 (initial active 8) (8 cores per cpu, 2 threads per core) family 23 model 160 stepping 0 microcode 0x8a0000b, cx8, cmov, fxsr, ht, mmx, 3dnowpref, sse, sse2, sse3, ssse3, sse4a, sse4.1, sse4.2, popcnt, lzcnt, tsc, tscinvbit, avx, avx2, aes, clmul, bmi1, bmi2, adx, sha, fma, vzeroupper, clflush, clflushopt
CPU Model and flags from /proc/cpuinfo:
model name	: AMD Ryzen 5 7520U with Radeon Graphics
flags		: fpu vme de pse tsc msr pae mce cx8 apic sep mtrr pge mca cmov pat pse36 clflush mmx fxsr sse sse2 ht syscall nx mmxext fxsr_opt pdpe1gb rdtscp lm constant_tsc rep_good nopl xtopology nonstop_tsc cpuid extd_apicid aperfmperf rapl pni pclmulqdq monitor ssse3 fma cx16 sse4_1 sse4_2 x2apic movbe popcnt aes xsave avx f16c rdrand lahf_lm cmp_legacy svm extapic cr8_legacy abm sse4a misalignsse 3dnowprefetch osvw ibs skinit wdt tce topoext perfctr_core perfctr_nb bpext perfctr_llc mwaitx cpb cat_l3 cdp_l3 hw_pstate ssbd mba ibrs ibpb stibp vmmcall fsgsbase bmi1 avx2 smep bmi2 cqm rdt_a rdseed adx smap clflushopt clwb sha_ni xsaveopt xsavec xgetbv1 cqm_llc cqm_occup_llc cqm_mbm_total cqm_mbm_local clzero irperf xsaveerptr rdpru wbnoinvd arat npt lbrv svm_lock nrip_save tsc_scale vmcb_clean flushbyasid decodeassists pausefilter pfthreshold avic v_vmsave_vmload vgif v_spec_ctrl umip rdpid overflow_recov succor smca sev sev_es

Online cpus: 0-7
Offline cpus: 
BIOS frequency limitation: <Not Available>
Frequency switch latency (ns): 0
Available cpu frequencies: <Not Available>
Current governor: powersave
Core performance/turbo boost: 1

Memory: 4k page, physical 15619068k(172880k free), swap 32804856k(27427724k free)
Page Sizes: 4k

vm_info: OpenJDK 64-Bit Server VM (17.0.19+10) for linux-amd64 JRE (17.0.19+10), built on Apr 21 2026 21:03:50 by "builduser" with gcc 15.2.1 20260209

END.
