#
# A fatal error has been detected by the Java Runtime Environment:
#
#  SIGSEGV (0xb) at pc=0x00007fbc103d5941, pid=656405, tid=656515
#
# JRE version: OpenJDK Runtime Environment Corretto-17.0.17.10.1 (17.0.17+10) (build 17.0.17+10-LTS)
# Java VM: OpenJDK 64-Bit Server VM Corretto-17.0.17.10.1 (17.0.17+10-LTS, mixed mode, tiered, compressed oops, compressed class ptrs, g1 gc, linux-amd64)
# Problematic frame:
# C  [libHSzstd-0.1.3.0-203b259d81b55151fd2c9ecb432bfa701dfd8529080fb68640d12b8cbccbb2c4-ghc9.6.3.so+0xd7941]  ZSTD_freeDDict+0x11
#
# Core dump will be written. Default location: Core dumps may be processed with "/usr/lib/systemd/systemd-coredump %P %u %g %s %t %c %h %d %F %I" (or dumping to /home/mleku/s/cipherkeys/core.656405)
#
# If you would like to submit a bug report, please visit:
#   https://github.com/corretto/corretto-17/issues/
#

---------------  S U M M A R Y ------------

Command Line: -Djpackage.app-version=6.5.2 -Dcompose.application.resources.dir=/opt/simplex/lib/app/resources -Dcompose.application.configure.swing.globals=true -Dskiko.library.path=/opt/simplex/lib/app -Djpackage.app-path=/opt/simplex/bin/simplex chat.simplex.desktop.MainKt

Host: AMD Ryzen 5 7520U with Radeon Graphics, 8 cores, 14G, Garuda Linux Broadwing
Time: Wed Jul 22 08:31:13 2026 +04 elapsed time: 3.967977 seconds (0d 0h 0m 3s)

---------------  T H R E A D  ---------------

Current thread is native thread

Stack: [0x00007fbb149ff000,0x00007fbb151ff000],  sp=0x00007fbb151fd9c8,  free space=8186k
Native frames: (J=compiled Java code, j=interpreted, Vv=VM code, C=native code)
C  [libHSzstd-0.1.3.0-203b259d81b55151fd2c9ecb432bfa701dfd8529080fb68640d12b8cbccbb2c4-ghc9.6.3.so+0xd7941]  ZSTD_freeDDict+0x11


siginfo: si_signo: 11 (SIGSEGV), si_code: 1 (SEGV_MAPERR), si_addr: 0x0000000100006ad1

Registers:
RAX=0x0000000000000000, RBX=0x00007fbb0c000fe0, RCX=0x00007fbb0c000c5c, RDX=0x00000000000002f8
RSP=0x00007fbb151fd9c8, RBP=0x0000000100000001, RSI=0x00007fbb0c000ce0, RDI=0x0000000100000001
R8 =0x0000000000000071, R9 =0x00007fbc42012ac0, R10=0x0000000000000004, R11=0x00007fbb0c000038
R12=0x00007fbb0c000ce0, R13=0x00000000000002f8, R14=0x00007fbb0c000c5c, R15=0x0000000000000071
RIP=0x00007fbc103d5941, EFLAGS=0x0000000000010212, CSGSFS=0x002b000000000033, ERR=0x0000000000000004
  TRAPNO=0x000000000000000e

XMM[0]=0x0000000000000000 0x0000000000000000
XMM[1]=0xffffffffffffffff 0xffffffffffffffff
XMM[2]=0xffffffffffffffff 0xffffffffffffffff
XMM[3]=0x6561336133623433 0x3832643336642f65
XMM[4]=0xffb099a6966dab4f 0x1465bd5bda6139a8
XMM[5]=0xe67cc1cd79938a43 0x36dddcd1cc7ee06b
XMM[6]=0x434f444e454d5f4c 0x000000002bcfaf00
XMM[7]=0x004f4e49000000be 0xb46301f200000000
XMM[8]=0x434f444e454d5f4c 0x000000002bcfaf00
XMM[9]=0x000000ff81ae787b 0x4152003000000000
XMM[10]=0x0000000000000000 0x00007fbb24e0a0c0
XMM[11]=0x00243c32014cd43c 0x01afab5c00c9b714
XMM[12]=0x0000000000000000 0x00007fbb24e0d4c0
XMM[13]=0x0000000000000000 0x00007fbb24e0cfe0
XMM[14]=0x0c0f0e0d080b0a09 0x0407060500030201
XMM[15]=0x0d0c0f0e09080b0a 0x0504070601000302
  MXCSR=0x00001fa4


Top of Stack: (sp=0x00007fbb151fd9c8)
0x00007fbb151fd9c8:   3231363235363135 00007fbb6849d630
0x00007fbb151fd9d8:   00007fbb0c000ce0 00007fbb151fda00
0x00007fbb151fd9e8:   00007fbbc84e41ab 00007fbb0c000fe0
0x00007fbb151fd9f8:   00007fbc103dc77b 00007fbb0c000ce0
0x00007fbb151fda08:   00000000000002f8 00007fbb0c000c5c
0x00007fbb151fda18:   0000000000000071 00007fbb151fda60
0x00007fbb151fda28:   00007fbbc84e843f 053296c9d1fc1c78
0x00007fbb151fda38:   00007fbb6849d630 0000000000000071
0x00007fbb151fda48:   0000000037a85387 00007fbb0c000c5c
0x00007fbb151fda58:   00007fbb0c000c54 00007fbb151fda70
0x00007fbb151fda68:   00007fbb25012c00 00007fbb151fdaf0
0x00007fbb151fda78:   00007fbb24fcce26 00007fbb0c000ce0
0x00007fbb151fda88:   00007fbb151fdc48 00007fbb0c000bf0
0x00007fbb151fda98:   00007fbb0c000ccd 00007fbb0c000ccd
0x00007fbb151fdaa8:   00007fbb151fe600 00007fbb151fdad0
0x00007fbb151fdab8:   735b51289b656400 0000000000000000
0x00007fbb151fdac8:   00000000000000b5 00007fbb0c000bf0
0x00007fbb151fdad8:   00007fbb0c000b80 00000000000000dd
0x00007fbb151fdae8:   00000000000000dd 00007fbb151fdbe0
0x00007fbb151fdaf8:   00007fbb24fcd90e 00007fbb151fdc48
0x00007fbb151fdb08:   00007fbb6849d630 0000000000000023
0x00007fbb151fdb18:   0000000002668a00 0000000000000001
0x00007fbb151fdb28:   000003e8000081a4 00000000000003e8
0x00007fbb151fdb38:   0000000000000000 00000000000000dd
0x00007fbb151fdb48:   0000000000001000 0000000000000008
0x00007fbb151fdb58:   000000006a55b76c 0000000029eca90c
0x00007fbb151fdb68:   000000006a55b76c 0000000029eca90c
0x00007fbb151fdb78:   000000006a55b76c 0000000029fbeb47
0x00007fbb151fdb88:   0000000000000000 0000000000000000
0x00007fbb151fdb98:   0000000000000000 6537653430653262
0x00007fbb151fdba8:   735b51289b656400 6661623237343231
0x00007fbb151fdbb8:   00007fbb6849d630 00007fbb151fdc48 

Instructions: (pc=0x00007fbc103d5941)
0x00007fbc103d5841:   48 8d 86 20 10 00 00 48 89 47 10 48 8d 86 30 28
0x00007fbc103d5851:   00 00 48 89 47 18 8b 86 34 68 00 00 89 87 3c 68
0x00007fbc103d5861:   00 00 8b 86 38 68 00 00 89 87 40 68 00 00 8b 86
0x00007fbc103d5871:   3c 68 00 00 89 87 44 68 00 00 c3 0f 1f 40 00 48
0x00007fbc103d5881:   c7 87 28 75 00 00 00 00 00 00 c3 0f 1f 40 00 f3
0x00007fbc103d5891:   0f 1e fa 41 55 44 89 c0 49 89 cd 45 89 c8 41 54
0x00007fbc103d58a1:   49 89 fc 48 89 f7 48 89 d6 48 83 ec 18 41 f6 c4
0x00007fbc103d58b1:   07 0f 95 c2 83 f8 01 74 56 48 8d 89 d8 6a 00 00
0x00007fbc103d58c1:   48 39 f9 77 57 84 d2 75 53 85 c0 75 20 49 8d 8c
0x00007fbc103d58d1:   24 d8 6a 00 00 4c 89 ea 44 89 4c 24 0c 48 89 cf
0x00007fbc103d58e1:   e8 5a 87 f5 ff 44 8b 44 24 0c 48 89 c6 b9 01 00
0x00007fbc103d58f1:   00 00 4c 89 ea 4c 89 e7 e8 82 fd ff ff 48 83 f8
0x00007fbc103d5901:   88 77 19 48 83 c4 18 4c 89 e0 41 5c 41 5d c3 48
0x00007fbc103d5911:   81 ff d7 6a 00 00 76 04 84 d2 74 d1 45 31 e4 48
0x00007fbc103d5921:   83 c4 18 4c 89 e0 41 5c 41 5d c3 0f 1f 40 00 f3
0x00007fbc103d5931:   0f 1e fa 48 85 ff 74 57 55 48 89 fd 48 83 ec 28
0x00007fbc103d5941:   48 8b 87 d0 6a 00 00 f3 0f 6f 87 c0 6a 00 00 48
0x00007fbc103d5951:   89 44 24 18 0f 29 44 24 08 ff 74 24 18 ff 74 24
0x00007fbc103d5961:   18 ff 74 24 18 48 8b 3f e8 02 f6 f6 ff 48 83 c4
0x00007fbc103d5971:   18 48 89 ef ff 74 24 18 ff 74 24 18 ff 74 24 18
0x00007fbc103d5981:   e8 ea f5 f6 ff 48 83 c4 40 31 c0 5d c3 66 90 31
0x00007fbc103d5991:   c0 c3 66 66 2e 0f 1f 84 00 00 00 00 00 66 90 f3
0x00007fbc103d59a1:   0f 1e fa 41 56 41 55 41 89 d5 41 54 55 53 48 83
0x00007fbc103d59b1:   7c 24 30 00 0f 94 c2 48 83 7c 24 38 00 0f 94 c0
0x00007fbc103d59c1:   38 c2 75 6b 48 83 ec 08 48 89 fd bf d8 6a 00 00
0x00007fbc103d59d1:   49 89 f6 ff 74 24 48 89 cb ff 74 24 48 ff 74 24
0x00007fbc103d59e1:   48 e8 19 f5 f6 ff 48 83 c4 20 49 89 c4 48 85 c0
0x00007fbc103d59f1:   74 3d f3 0f 6f 44 24 30 41 89 d8 44 89 e9 4c 89
0x00007fbc103d5a01:   f2 48 89 ee 4c 89 e7 0f 11 80 c0 6a 00 00 48 8b
0x00007fbc103d5a11:   44 24 40 49 89 84 24 d0 6a 00 00 e8 5f fc ff ff
0x00007fbc103d5a21:   48 83 f8 88 76 0c 4c 89 e7 e8 01 ff ff ff 90 45
0x00007fbc103d5a31:   31 e4 5b 4c 89 e0 5d 41 5c 41 5d 41 5e c3 90 f3 



---------------  P R O C E S S  ---------------

VM state: not at safepoint (normal execution)

VM Mutex/Monitor currently owned by a thread: None

Heap address: 0x0000000711a00000, size: 3814 MB, Compressed Oops mode: Zero based, Oop shift amount: 3

CDS archive(s) not mapped
Compressed class space mapped at: 0x0000000800000000-0x0000000840000000, reserved size: 1073741824
Narrow klass base: 0x0000000800000000, Narrow klass shift: 0, Narrow klass range: 0x40000000

GC Precious Log:
<Skipped>

Heap:
 garbage-first heap   total 151552K, used 27350K [0x0000000711a00000, 0x0000000800000000)
  region size 2048K, 5 young (10240K), 1 survivors (2048K)
 Metaspace       used 45984K, committed 46464K, reserved 1114112K
  class space    used 4820K, committed 5056K, reserved 1048576K

Heap Regions: E=young(eden), S=young(survivor), O=old, HS=humongous(starts), HC=humongous(continues), CS=collection set, F=free, OA=open archive, CA=closed archive, TAMS=top-at-mark-start (previous, next)
|   0|0x0000000711a00000, 0x0000000711c00000, 0x0000000711c00000|100%|HS|  |TAMS 0x0000000711c00000, 0x0000000711a00000| Complete 
|   1|0x0000000711c00000, 0x0000000711e00000, 0x0000000711e00000|100%| O|  |TAMS 0x0000000711e00000, 0x0000000711c00000| Untracked 
|   2|0x0000000711e00000, 0x0000000711e00000, 0x0000000712000000|  0%| F|  |TAMS 0x0000000711e00000, 0x0000000711e00000| Untracked 
|   3|0x0000000712000000, 0x0000000712200000, 0x0000000712200000|100%| O|  |TAMS 0x0000000712200000, 0x0000000712000000| Untracked 
|   4|0x0000000712200000, 0x0000000712400000, 0x0000000712400000|100%| O|  |TAMS 0x0000000712200000, 0x0000000712200000| Untracked 
|   5|0x0000000712400000, 0x0000000712600000, 0x0000000712600000|100%| O|  |TAMS 0x0000000712600000, 0x0000000712400000| Untracked 
|   6|0x0000000712600000, 0x0000000712800000, 0x0000000712800000|100%| O|  |TAMS 0x0000000712800000, 0x0000000712600000| Untracked 
|   7|0x0000000712800000, 0x0000000712a00000, 0x0000000712a00000|100%| O|  |TAMS 0x0000000712a00000, 0x0000000712800000| Untracked 
|   8|0x0000000712a00000, 0x0000000712c00000, 0x0000000712c00000|100%| O|  |TAMS 0x0000000712baa000, 0x0000000712a00000| Untracked 
|   9|0x0000000712c00000, 0x0000000712d0be00, 0x0000000712e00000| 52%| O|  |TAMS 0x0000000712c00000, 0x0000000712c00000| Untracked 
|  10|0x0000000712e00000, 0x0000000712e00000, 0x0000000713000000|  0%| F|  |TAMS 0x0000000712e00000, 0x0000000712e00000| Untracked 
|  11|0x0000000713000000, 0x0000000713000000, 0x0000000713200000|  0%| F|  |TAMS 0x0000000713000000, 0x0000000713000000| Untracked 
|  12|0x0000000713200000, 0x0000000713200000, 0x0000000713400000|  0%| F|  |TAMS 0x0000000713200000, 0x0000000713200000| Untracked 
|  13|0x0000000713400000, 0x0000000713400000, 0x0000000713600000|  0%| F|  |TAMS 0x0000000713400000, 0x0000000713400000| Untracked 
|  14|0x0000000713600000, 0x0000000713600000, 0x0000000713800000|  0%| F|  |TAMS 0x0000000713600000, 0x0000000713600000| Untracked 
|  15|0x0000000713800000, 0x0000000713800000, 0x0000000713a00000|  0%| F|  |TAMS 0x0000000713800000, 0x0000000713800000| Untracked 
|  16|0x0000000713a00000, 0x0000000713ba9a10, 0x0000000713c00000| 83%| S|CS|TAMS 0x0000000713a00000, 0x0000000713a00000| Complete 
|  17|0x0000000713c00000, 0x0000000713c00000, 0x0000000713e00000|  0%| F|  |TAMS 0x0000000713c00000, 0x0000000713c00000| Untracked 
|  18|0x0000000713e00000, 0x0000000713e00000, 0x0000000714000000|  0%| F|  |TAMS 0x0000000713e00000, 0x0000000713e00000| Untracked 
|  19|0x0000000714000000, 0x0000000714000000, 0x0000000714200000|  0%| F|  |TAMS 0x0000000714000000, 0x0000000714000000| Untracked 
|  20|0x0000000714200000, 0x0000000714200000, 0x0000000714400000|  0%| F|  |TAMS 0x0000000714200000, 0x0000000714200000| Untracked 
|  21|0x0000000714400000, 0x0000000714400000, 0x0000000714600000|  0%| F|  |TAMS 0x0000000714400000, 0x0000000714400000| Untracked 
|  22|0x0000000714600000, 0x0000000714600000, 0x0000000714800000|  0%| F|  |TAMS 0x0000000714600000, 0x0000000714600000| Untracked 
|  23|0x0000000714800000, 0x0000000714800000, 0x0000000714a00000|  0%| F|  |TAMS 0x0000000714800000, 0x0000000714800000| Untracked 
|  24|0x0000000714a00000, 0x0000000714a00000, 0x0000000714c00000|  0%| F|  |TAMS 0x0000000714a00000, 0x0000000714a00000| Untracked 
|  25|0x0000000714c00000, 0x0000000714c00000, 0x0000000714e00000|  0%| F|  |TAMS 0x0000000714c00000, 0x0000000714c00000| Untracked 
|  26|0x0000000714e00000, 0x0000000714e00000, 0x0000000715000000|  0%| F|  |TAMS 0x0000000714e00000, 0x0000000714e00000| Untracked 
|  27|0x0000000715000000, 0x0000000715000000, 0x0000000715200000|  0%| F|  |TAMS 0x0000000715000000, 0x0000000715000000| Untracked 
|  28|0x0000000715200000, 0x0000000715200000, 0x0000000715400000|  0%| F|  |TAMS 0x0000000715200000, 0x0000000715200000| Untracked 
|  29|0x0000000715400000, 0x0000000715400000, 0x0000000715600000|  0%| F|  |TAMS 0x0000000715400000, 0x0000000715400000| Untracked 
|  30|0x0000000715600000, 0x0000000715600000, 0x0000000715800000|  0%| F|  |TAMS 0x0000000715600000, 0x0000000715600000| Untracked 
|  31|0x0000000715800000, 0x0000000715800000, 0x0000000715a00000|  0%| F|  |TAMS 0x0000000715800000, 0x0000000715800000| Untracked 
|  32|0x0000000715a00000, 0x0000000715a00000, 0x0000000715c00000|  0%| F|  |TAMS 0x0000000715a00000, 0x0000000715a00000| Untracked 
|  33|0x0000000715c00000, 0x0000000715c00000, 0x0000000715e00000|  0%| F|  |TAMS 0x0000000715c00000, 0x0000000715c00000| Untracked 
|  34|0x0000000715e00000, 0x0000000715e00000, 0x0000000716000000|  0%| F|  |TAMS 0x0000000715e00000, 0x0000000715e00000| Untracked 
|  35|0x0000000716000000, 0x0000000716000000, 0x0000000716200000|  0%| F|  |TAMS 0x0000000716000000, 0x0000000716000000| Untracked 
|  36|0x0000000716200000, 0x0000000716200000, 0x0000000716400000|  0%| F|  |TAMS 0x0000000716200000, 0x0000000716200000| Untracked 
|  37|0x0000000716400000, 0x0000000716400000, 0x0000000716600000|  0%| F|  |TAMS 0x0000000716400000, 0x0000000716400000| Untracked 
|  38|0x0000000716600000, 0x0000000716600000, 0x0000000716800000|  0%| F|  |TAMS 0x0000000716600000, 0x0000000716600000| Untracked 
|  39|0x0000000716800000, 0x0000000716800000, 0x0000000716a00000|  0%| F|  |TAMS 0x0000000716800000, 0x0000000716800000| Untracked 
|  40|0x0000000716a00000, 0x0000000716a00000, 0x0000000716c00000|  0%| F|  |TAMS 0x0000000716a00000, 0x0000000716a00000| Untracked 
|  41|0x0000000716c00000, 0x0000000716c00000, 0x0000000716e00000|  0%| F|  |TAMS 0x0000000716c00000, 0x0000000716c00000| Untracked 
|  42|0x0000000716e00000, 0x0000000716e00000, 0x0000000717000000|  0%| F|  |TAMS 0x0000000716e00000, 0x0000000716e00000| Untracked 
|  43|0x0000000717000000, 0x0000000717000000, 0x0000000717200000|  0%| F|  |TAMS 0x0000000717000000, 0x0000000717000000| Untracked 
|  44|0x0000000717200000, 0x0000000717200000, 0x0000000717400000|  0%| F|  |TAMS 0x0000000717200000, 0x0000000717200000| Untracked 
|  45|0x0000000717400000, 0x0000000717400000, 0x0000000717600000|  0%| F|  |TAMS 0x0000000717400000, 0x0000000717400000| Untracked 
|  46|0x0000000717600000, 0x0000000717600000, 0x0000000717800000|  0%| F|  |TAMS 0x0000000717600000, 0x0000000717600000| Untracked 
|  47|0x0000000717800000, 0x0000000717800000, 0x0000000717a00000|  0%| F|  |TAMS 0x0000000717800000, 0x0000000717800000| Untracked 
|  48|0x0000000717a00000, 0x0000000717a00000, 0x0000000717c00000|  0%| F|  |TAMS 0x0000000717a00000, 0x0000000717a00000| Untracked 
|  49|0x0000000717c00000, 0x0000000717c00000, 0x0000000717e00000|  0%| F|  |TAMS 0x0000000717c00000, 0x0000000717c00000| Untracked 
|  50|0x0000000717e00000, 0x0000000717e00000, 0x0000000718000000|  0%| F|  |TAMS 0x0000000717e00000, 0x0000000717e00000| Untracked 
|  51|0x0000000718000000, 0x0000000718000000, 0x0000000718200000|  0%| F|  |TAMS 0x0000000718000000, 0x0000000718000000| Untracked 
|  52|0x0000000718200000, 0x0000000718200000, 0x0000000718400000|  0%| F|  |TAMS 0x0000000718200000, 0x0000000718200000| Untracked 
|  53|0x0000000718400000, 0x0000000718400000, 0x0000000718600000|  0%| F|  |TAMS 0x0000000718400000, 0x0000000718400000| Untracked 
|  54|0x0000000718600000, 0x0000000718600000, 0x0000000718800000|  0%| F|  |TAMS 0x0000000718600000, 0x0000000718600000| Untracked 
|  55|0x0000000718800000, 0x0000000718800000, 0x0000000718a00000|  0%| F|  |TAMS 0x0000000718800000, 0x0000000718800000| Untracked 
|  56|0x0000000718a00000, 0x0000000718a00000, 0x0000000718c00000|  0%| F|  |TAMS 0x0000000718a00000, 0x0000000718a00000| Untracked 
|  57|0x0000000718c00000, 0x0000000718c00000, 0x0000000718e00000|  0%| F|  |TAMS 0x0000000718c00000, 0x0000000718c00000| Untracked 
|  58|0x0000000718e00000, 0x0000000718e00000, 0x0000000719000000|  0%| F|  |TAMS 0x0000000718e00000, 0x0000000718e00000| Untracked 
|  59|0x0000000719000000, 0x0000000719000000, 0x0000000719200000|  0%| F|  |TAMS 0x0000000719000000, 0x0000000719000000| Untracked 
|  60|0x0000000719200000, 0x0000000719200000, 0x0000000719400000|  0%| F|  |TAMS 0x0000000719200000, 0x0000000719200000| Untracked 
|  61|0x0000000719400000, 0x0000000719400000, 0x0000000719600000|  0%| F|  |TAMS 0x0000000719400000, 0x0000000719400000| Untracked 
|  62|0x0000000719600000, 0x0000000719600000, 0x0000000719800000|  0%| F|  |TAMS 0x0000000719600000, 0x0000000719600000| Untracked 
|  63|0x0000000719800000, 0x0000000719800000, 0x0000000719a00000|  0%| F|  |TAMS 0x0000000719800000, 0x0000000719800000| Untracked 
|  64|0x0000000719a00000, 0x0000000719a00000, 0x0000000719c00000|  0%| F|  |TAMS 0x0000000719a00000, 0x0000000719a00000| Untracked 
|  65|0x0000000719c00000, 0x0000000719c00000, 0x0000000719e00000|  0%| F|  |TAMS 0x0000000719c00000, 0x0000000719c00000| Untracked 
|  66|0x0000000719e00000, 0x0000000719e00000, 0x000000071a000000|  0%| F|  |TAMS 0x0000000719e00000, 0x0000000719e00000| Untracked 
|  67|0x000000071a000000, 0x000000071a000000, 0x000000071a200000|  0%| F|  |TAMS 0x000000071a000000, 0x000000071a000000| Untracked 
|  68|0x000000071a200000, 0x000000071a200000, 0x000000071a400000|  0%| F|  |TAMS 0x000000071a200000, 0x000000071a200000| Untracked 
|  69|0x000000071a400000, 0x000000071a400000, 0x000000071a600000|  0%| F|  |TAMS 0x000000071a400000, 0x000000071a400000| Untracked 
|  70|0x000000071a600000, 0x000000071a800000, 0x000000071a800000|100%| E|  |TAMS 0x000000071a600000, 0x000000071a600000| Complete 
| 104|0x000000071ea00000, 0x000000071ec00000, 0x000000071ec00000|100%| E|CS|TAMS 0x000000071ea00000, 0x000000071ea00000| Complete 
| 105|0x000000071ec00000, 0x000000071ee00000, 0x000000071ee00000|100%| E|CS|TAMS 0x000000071ec00000, 0x000000071ec00000| Complete 
| 119|0x0000000720800000, 0x0000000720a00000, 0x0000000720a00000|100%| E|CS|TAMS 0x0000000720800000, 0x0000000720800000| Complete 

Card table byte_map: [0x00007fbc28615000,0x00007fbc28d88000] _byte_map_base: 0x00007fbc24d88000

Marking Bits (Prev, Next): (CMBitMap*) 0x00007fbc3c094ba0, (CMBitMap*) 0x00007fbc3c094be0
 Prev Bits: [0x00007fbc2430a000, 0x00007fbc27ea2000)
 Next Bits: [0x00007fbc20772000, 0x00007fbc2430a000)

Polling page: 0x00007fbc420fd000

Metaspace:

Usage:
  Non-class:     40,20 MB used.
      Class:      4,71 MB used.
       Both:     44,91 MB used.

Virtual space:
  Non-class space:       64,00 MB reserved,      40,44 MB ( 63%) committed,  1 nodes.
      Class space:        1,00 GB reserved,       4,94 MB ( <1%) committed,  1 nodes.
             Both:        1,06 GB reserved,      45,38 MB (  4%) committed. 

Chunk freelists:
   Non-Class:  7,19 MB
       Class:  11,12 MB
        Both:  18,31 MB

MaxMetaspaceSize: unlimited
CompressedClassSpaceSize: 1,00 GB
Initial GC threshold: 21,00 MB
Current GC threshold: 58,88 MB
CDS: off
MetaspaceReclaimPolicy: balanced
 - commit_granule_bytes: 65536.
 - commit_granule_words: 8192.
 - virtual_space_node_default_size: 8388608.
 - enlarge_chunks_in_place: 1.
 - new_chunks_are_fully_committed: 0.
 - uncommit_free_chunks: 1.
 - use_allocation_guard: 0.
 - handle_deallocations: 1.


Internal statistics:

num_allocs_failed_limit: 6.
num_arena_births: 538.
num_arena_deaths: 0.
num_vsnodes_births: 2.
num_vsnodes_deaths: 0.
num_space_committed: 723.
num_space_uncommitted: 0.
num_chunks_returned_to_freelist: 6.
num_chunks_taken_from_freelist: 1604.
num_chunk_merges: 6.
num_chunk_splits: 1126.
num_chunks_enlarged: 880.
num_inconsistent_stats: 0.

CodeHeap 'non-profiled nmethods': size=120028Kb used=1481Kb max_used=1481Kb free=118547Kb
 bounds [0x00007fbc314c9000, 0x00007fbc31739000, 0x00007fbc38a00000]
CodeHeap 'profiled nmethods': size=120028Kb used=5489Kb max_used=5489Kb free=114538Kb
 bounds [0x00007fbc29a00000, 0x00007fbc29f60000, 0x00007fbc30f37000]
CodeHeap 'non-nmethods': size=5704Kb used=1965Kb max_used=1977Kb free=3738Kb
 bounds [0x00007fbc30f37000, 0x00007fbc311a7000, 0x00007fbc314c9000]
 total_blobs=4498 nmethods=3040 adapters=1371
 compilation: enabled
              stopped_count=0, restarted_count=0
 full_count=0

Compilation events (20 events):
Event: 3,950 Thread 0x00007fbc3c2046e0 3033       3       androidx.compose.runtime.snapshots.StateObjectImpl::recordReadIn-h_f27i8$runtime (51 bytes)
Event: 3,951 Thread 0x00007fbc3c2046e0 nmethod 3033 0x00007fbc29f57b10 code [0x00007fbc29f57ce0, 0x00007fbc29f58080]
Event: 3,951 Thread 0x00007fbc3c2046e0 3034       3       androidx.compose.runtime.collection.ScopeMap::add-impl (191 bytes)
Event: 3,952 Thread 0x00007fbc3c2046e0 nmethod 3034 0x00007fbc29f58210 code [0x00007fbc29f58640, 0x00007fbc29f5a4c0]
Event: 3,952 Thread 0x00007fbc3c2046e0 3035       3       org.jetbrains.skia.impl.Stats::onNativeCall (17 bytes)
Event: 3,952 Thread 0x00007fbc3c2046e0 nmethod 3035 0x00007fbc29f5af90 code [0x00007fbc29f5b120, 0x00007fbc29f5b290]
Event: 3,952 Thread 0x00007fbc3c2046e0 3037       1       androidx.compose.ui.graphics.drawscope.CanvasDrawScope::getDrawParams (5 bytes)
Event: 3,952 Thread 0x00007fbc3c2046e0 nmethod 3037 0x00007fbc3163a410 code [0x00007fbc3163a5a0, 0x00007fbc3163a670]
Event: 3,952 Thread 0x00007fbc3c2046e0 3036       1       androidx.collection.ScatterMap::getCapacity (5 bytes)
Event: 3,952 Thread 0x00007fbc3c2046e0 nmethod 3036 0x00007fbc3163a710 code [0x00007fbc3163a8a0, 0x00007fbc3163a970]
Event: 3,954 Thread 0x00007fbc3c2046e0 3038       3       androidx.compose.ui.node.NodeKindKt::getIncludeSelfInTraversal-H91voCI (19 bytes)
Event: 3,954 Thread 0x00007fbc3c2046e0 nmethod 3038 0x00007fbc29f5b310 code [0x00007fbc29f5b4c0, 0x00007fbc29f5b650]
Event: 3,954 Thread 0x00007fbc3c2046e0 3039       1       androidx.compose.ui.graphics.drawscope.CanvasDrawScope::getDrawContext (5 bytes)
Event: 3,954 Thread 0x00007fbc3c2046e0 nmethod 3039 0x00007fbc3163aa10 code [0x00007fbc3163aba0, 0x00007fbc3163ac70]
Event: 3,955 Thread 0x00007fbc3c2046e0 3040       3       androidx.compose.ui.node.LayoutModifierNodeCoordinator::getTail (10 bytes)
Event: 3,955 Thread 0x00007fbc3c2046e0 nmethod 3040 0x00007fbc29f5b710 code [0x00007fbc29f5b8c0, 0x00007fbc29f5baa0]
Event: 3,956 Thread 0x00007fbc3c2046e0 3041       3       androidx.compose.ui.node.LayoutNodeKt::requireOwner (36 bytes)
Event: 3,956 Thread 0x00007fbc3c2046e0 nmethod 3041 0x00007fbc29f5bb90 code [0x00007fbc29f5bdc0, 0x00007fbc29f5c470]
Event: 3,963 Thread 0x00007fbc3c2046e0 3043       1       org.jetbrains.skia.impl.Native$Companion::getNullPointer (2 bytes)
Event: 3,963 Thread 0x00007fbc3c2046e0 nmethod 3043 0x00007fbc3163b110 code [0x00007fbc3163b2a0, 0x00007fbc3163b370]

GC Heap History (16 events):
Event: 0,687 GC heap before
{Heap before GC invocations=0 (full 0):
 garbage-first heap   total 245760K, used 22528K [0x0000000711a00000, 0x0000000800000000)
  region size 2048K, 11 young (22528K), 0 survivors (0K)
 Metaspace       used 10335K, committed 10560K, reserved 1114112K
  class space    used 819K, committed 896K, reserved 1048576K
}
Event: 0,692 GC heap after
{Heap after GC invocations=1 (full 0):
 garbage-first heap   total 245760K, used 9055K [0x0000000711a00000, 0x0000000800000000)
  region size 2048K, 2 young (4096K), 2 survivors (4096K)
 Metaspace       used 10335K, committed 10560K, reserved 1114112K
  class space    used 819K, committed 896K, reserved 1048576K
}
Event: 1,225 GC heap before
{Heap before GC invocations=1 (full 0):
 garbage-first heap   total 245760K, used 29535K [0x0000000711a00000, 0x0000000800000000)
  region size 2048K, 14 young (28672K), 2 survivors (4096K)
 Metaspace       used 21324K, committed 21504K, reserved 1114112K
  class space    used 2021K, committed 2112K, reserved 1048576K
}
Event: 1,233 GC heap after
{Heap after GC invocations=2 (full 0):
 garbage-first heap   total 245760K, used 12891K [0x0000000711a00000, 0x0000000800000000)
  region size 2048K, 2 young (4096K), 2 survivors (4096K)
 Metaspace       used 21324K, committed 21504K, reserved 1114112K
  class space    used 2021K, committed 2112K, reserved 1048576K
}
Event: 1,938 GC heap before
{Heap before GC invocations=3 (full 0):
 garbage-first heap   total 55296K, used 35419K [0x0000000711a00000, 0x0000000800000000)
  region size 2048K, 14 young (28672K), 2 survivors (4096K)
 Metaspace       used 32052K, committed 32384K, reserved 1114112K
  class space    used 3250K, committed 3392K, reserved 1048576K
}
Event: 1,983 GC heap after
{Heap after GC invocations=4 (full 0):
 garbage-first heap   total 55296K, used 16204K [0x0000000711a00000, 0x0000000800000000)
  region size 2048K, 2 young (4096K), 2 survivors (4096K)
 Metaspace       used 32052K, committed 32384K, reserved 1114112K
  class space    used 3250K, committed 3392K, reserved 1048576K
}
Event: 2,070 GC heap before
{Heap before GC invocations=4 (full 0):
 garbage-first heap   total 55296K, used 16204K [0x0000000711a00000, 0x0000000800000000)
  region size 2048K, 3 young (6144K), 2 survivors (4096K)
 Metaspace       used 32345K, committed 32640K, reserved 1114112K
  class space    used 3264K, committed 3392K, reserved 1048576K
}
Event: 2,089 GC heap after
{Heap after GC invocations=5 (full 0):
 garbage-first heap   total 55296K, used 17248K [0x0000000711a00000, 0x0000000800000000)
  region size 2048K, 1 young (2048K), 1 survivors (2048K)
 Metaspace       used 32345K, committed 32640K, reserved 1114112K
  class space    used 3264K, committed 3392K, reserved 1048576K
}
Event: 2,542 GC heap before
{Heap before GC invocations=5 (full 0):
 garbage-first heap   total 55296K, used 33632K [0x0000000711a00000, 0x0000000800000000)
  region size 2048K, 9 young (18432K), 1 survivors (2048K)
 Metaspace       used 35708K, committed 35968K, reserved 1114112K
  class space    used 3690K, committed 3840K, reserved 1048576K
}
Event: 2,544 GC heap after
{Heap after GC invocations=6 (full 0):
 garbage-first heap   total 55296K, used 16868K [0x0000000711a00000, 0x0000000800000000)
  region size 2048K, 1 young (2048K), 1 survivors (2048K)
 Metaspace       used 35708K, committed 35968K, reserved 1114112K
  class space    used 3690K, committed 3840K, reserved 1048576K
}
Event: 3,008 GC heap before
{Heap before GC invocations=7 (full 0):
 garbage-first heap   total 55296K, used 33252K [0x0000000711a00000, 0x0000000800000000)
  region size 2048K, 10 young (20480K), 1 survivors (2048K)
 Metaspace       used 39564K, committed 39872K, reserved 1114112K
  class space    used 4093K, committed 4224K, reserved 1048576K
}
Event: 3,013 GC heap after
{Heap after GC invocations=8 (full 0):
 garbage-first heap   total 55296K, used 18414K [0x0000000711a00000, 0x0000000800000000)
  region size 2048K, 2 young (4096K), 2 survivors (4096K)
 Metaspace       used 39564K, committed 39872K, reserved 1114112K
  class space    used 4093K, committed 4224K, reserved 1048576K
}
Event: 3,029 GC heap before
{Heap before GC invocations=8 (full 0):
 garbage-first heap   total 55296K, used 20462K [0x0000000711a00000, 0x0000000800000000)
  region size 2048K, 3 young (6144K), 2 survivors (4096K)
 Metaspace       used 39570K, committed 39872K, reserved 1114112K
  class space    used 4093K, committed 4224K, reserved 1048576K
}
Event: 3,035 GC heap after
{Heap after GC invocations=9 (full 0):
 garbage-first heap   total 55296K, used 17881K [0x0000000711a00000, 0x0000000800000000)
  region size 2048K, 1 young (2048K), 1 survivors (2048K)
 Metaspace       used 39570K, committed 39872K, reserved 1114112K
  class space    used 4093K, committed 4224K, reserved 1048576K
}
Event: 3,692 GC heap before
{Heap before GC invocations=9 (full 0):
 garbage-first heap   total 55296K, used 36313K [0x0000000711a00000, 0x0000000800000000)
  region size 2048K, 10 young (20480K), 1 survivors (2048K)
 Metaspace       used 43883K, committed 44288K, reserved 1114112K
  class space    used 4587K, committed 4800K, reserved 1048576K
}
Event: 3,696 GC heap after
{Heap after GC invocations=10 (full 0):
 garbage-first heap   total 151552K, used 19158K [0x0000000711a00000, 0x0000000800000000)
  region size 2048K, 1 young (2048K), 1 survivors (2048K)
 Metaspace       used 43883K, committed 44288K, reserved 1114112K
  class space    used 4587K, committed 4800K, reserved 1048576K
}

Dll operation events (10 events):
Event: 0,003 Loaded shared library /opt/simplex/lib/runtime/lib/libjava.so
Event: 0,066 Loaded shared library /opt/simplex/lib/runtime/lib/libnio.so
Event: 0,071 Loaded shared library /opt/simplex/lib/runtime/lib/libzip.so
Event: 0,339 Loaded shared library /opt/simplex/lib/app/resources/libapp-lib.so
Event: 0,650 Loaded shared library /opt/simplex/lib/runtime/lib/libjimage.so
Event: 0,808 Loaded shared library /opt/simplex/lib/runtime/lib/libnet.so
Event: 1,123 Loaded shared library /opt/simplex/lib/runtime/lib/libawt.so
Event: 1,127 Loaded shared library /opt/simplex/lib/runtime/lib/libawt_xawt.so
Event: 1,147 Loaded shared library /opt/simplex/lib/runtime/lib/libfontmanager.so
Event: 1,405 Loaded shared library /opt/simplex/lib/app/libskiko-linux-x64.so

Deoptimization events (20 events):
Event: 2,125 Thread 0x00007fbbc01872a0 DEOPT PACKING pc=0x00007fbc29d812c7 sp=0x00007fbb5d6f7550
Event: 2,125 Thread 0x00007fbbc01872a0 DEOPT UNPACKING pc=0x00007fbc30f8de2f sp=0x00007fbb5d6f6a60 mode 0
Event: 2,125 Thread 0x00007fbbc01872a0 DEOPT PACKING pc=0x00007fbc29d812c7 sp=0x00007fbb5d6f77b0
Event: 2,125 Thread 0x00007fbbc01872a0 DEOPT UNPACKING pc=0x00007fbc30f8de2f sp=0x00007fbb5d6f6cc0 mode 0
Event: 2,200 Thread 0x00007fbc3c542cf0 Uncommon trap: trap_request=0xffffff6e fr.pc=0x00007fbc315aa38c relative=0x00000000000001cc
Event: 2,200 Thread 0x00007fbc3c542cf0 Uncommon trap: reason=loop_limit_check action=maybe_recompile pc=0x00007fbc315aa38c method=kotlinx.serialization.json.internal.AbstractJsonLexer.peekNextToken()B @ 19 c2
Event: 2,200 Thread 0x00007fbc3c542cf0 DEOPT PACKING pc=0x00007fbc315aa38c sp=0x00007fbbc8355e80
Event: 2,200 Thread 0x00007fbc3c542cf0 DEOPT UNPACKING pc=0x00007fbc30f8d699 sp=0x00007fbbc8355e30 mode 2
Event: 2,220 Thread 0x00007fbc3c542cf0 Uncommon trap: trap_request=0xffffff45 fr.pc=0x00007fbc315ac5b0 relative=0x00000000000006b0
Event: 2,220 Thread 0x00007fbc3c542cf0 Uncommon trap: reason=unstable_if action=reinterpret pc=0x00007fbc315ac5b0 method=kotlinx.serialization.json.internal.StringJsonLexer.consumeKeyString()Ljava/lang/String; @ 70 c2
Event: 2,220 Thread 0x00007fbc3c542cf0 DEOPT PACKING pc=0x00007fbc315ac5b0 sp=0x00007fbbc8356740
Event: 2,220 Thread 0x00007fbc3c542cf0 DEOPT UNPACKING pc=0x00007fbc30f8d699 sp=0x00007fbbc8356700 mode 2
Event: 2,351 Thread 0x00007fbc3c542cf0 Uncommon trap: trap_request=0xffffff45 fr.pc=0x00007fbc315b1c5c relative=0x000000000000013c
Event: 2,351 Thread 0x00007fbc3c542cf0 Uncommon trap: reason=unstable_if action=reinterpret pc=0x00007fbc315b1c5c method=kotlinx.serialization.json.internal.StringJsonLexer.consumeNextToken()B @ 49 c2
Event: 2,351 Thread 0x00007fbc3c542cf0 DEOPT PACKING pc=0x00007fbc315b1c5c sp=0x00007fbbc8356ef0
Event: 2,351 Thread 0x00007fbc3c542cf0 DEOPT UNPACKING pc=0x00007fbc30f8d699 sp=0x00007fbbc8356e90 mode 2
Event: 3,698 Thread 0x00007fbc3d0020b0 Uncommon trap: trap_request=0xffffff45 fr.pc=0x00007fbc315fb208 relative=0x0000000000000728
Event: 3,698 Thread 0x00007fbc3d0020b0 Uncommon trap: reason=unstable_if action=reinterpret pc=0x00007fbc315fb208 method=java.lang.Class.getPackageName()Ljava/lang/String; @ 55 c2
Event: 3,698 Thread 0x00007fbc3d0020b0 DEOPT PACKING pc=0x00007fbc315fb208 sp=0x00007fbb879f5570
Event: 3,698 Thread 0x00007fbc3d0020b0 DEOPT UNPACKING pc=0x00007fbc30f8d699 sp=0x00007fbb879f5530 mode 2

Classes loaded (20 events):
Event: 3,712 Loading class java/util/stream/IntPipeline$10
Event: 3,712 Loading class java/util/stream/IntPipeline$StatelessOp
Event: 3,712 Loading class java/util/stream/IntPipeline$StatelessOp done
Event: 3,712 Loading class java/util/stream/IntPipeline$10 done
Event: 3,712 Loading class java/util/stream/FindOps$FindSink$OfInt
Event: 3,712 Loading class java/util/stream/Sink$OfInt
Event: 3,712 Loading class java/util/function/IntConsumer
Event: 3,712 Loading class java/util/function/IntConsumer done
Event: 3,712 Loading class java/util/stream/Sink$OfInt done
Event: 3,712 Loading class java/util/stream/FindOps$FindSink$OfInt done
Event: 3,712 Loading class java/util/OptionalInt
Event: 3,712 Loading class java/util/OptionalInt done
Event: 3,714 Loading class java/util/stream/IntPipeline$10$1
Event: 3,714 Loading class java/util/stream/Sink$ChainedInt
Event: 3,714 Loading class java/util/stream/Sink$ChainedInt done
Event: 3,714 Loading class java/util/stream/IntPipeline$10$1 done
Event: 3,714 Loading class java/lang/StringUTF16$CharsSpliterator
Event: 3,714 Loading class java/lang/StringUTF16$CharsSpliterator done
Event: 3,883 Loading class java/util/AbstractList$ListItr
Event: 3,883 Loading class java/util/AbstractList$ListItr done

Classes unloaded (0 events):
No events

Classes redefined (0 events):
No events

Internal exceptions (20 events):
Event: 3,494 Thread 0x00007fbc3d0020b0 Exception <a 'java/lang/NoSuchMethodError'{0x0000000714388570}: 'java.lang.Object java.lang.invoke.Invokers$Holder.linkToTargetMethod(java.lang.Object, java.lang.Object, long, java.lang.Object)'> (0x0000000714388570) 
thrown [src/hotspot/share/interpreter/linkResolver.cpp, line 759]
Event: 3,519 Thread 0x00007fbc3d0020b0 Exception <a 'java/lang/NoSuchMethodError'{0x00000007140159a8}: 'java.lang.Object java.lang.invoke.DirectMethodHandle$Holder.invokeStatic(java.lang.Object, java.lang.Object, java.lang.Object, java.lang.Object, java.lang.Object, java.lang.Object, java.lang.Object, java.lang.Object, java.lang.Object, java.lang.Object, long)'> (0x00000007140159a8) 
thrown [src/hotspot/share/interpreter/linkResolver.cpp, line 759]
Event: 3,542 Thread 0x00007fbc3d0020b0 Exception <a 'java/lang/NoSuchMethodError'{0x000000071408f840}: 'java.lang.Object java.lang.invoke.DirectMethodHandle$Holder.newInvokeSpecial(java.lang.Object, java.lang.Object, java.lang.Object, java.lang.Object, int, int, java.lang.Object)'> (0x000000071408f840) 
thrown [src/hotspot/share/interpreter/linkResolver.cpp, line 759]
Event: 3,578 Thread 0x00007fbc3d0020b0 Exception <a 'java/lang/NoSuchMethodError'{0x00000007141befc0}: 'java.lang.Object java.lang.invoke.DirectMethodHandle$Holder.invokeStaticInit(java.lang.Object, int)'> (0x00000007141befc0) 
thrown [src/hotspot/share/interpreter/linkResolver.cpp, line 759]
Event: 3,593 Thread 0x00007fbc3d0020b0 Exception <a 'java/lang/NoSuchMethodError'{0x0000000713e55150}: 'java.lang.Object java.lang.invoke.DirectMethodHandle$Holder.invokeStaticInit(java.lang.Object, long)'> (0x0000000713e55150) 
thrown [src/hotspot/share/interpreter/linkResolver.cpp, line 759]
Event: 3,601 Thread 0x00007fbc3d0020b0 Exception <a 'java/lang/NoSuchMethodError'{0x0000000713eabcd8}: 'java.lang.Object java.lang.invoke.DirectMethodHandle$Holder.invokeStatic(java.lang.Object, java.lang.Object, int, java.lang.Object, java.lang.Object, java.lang.Object)'> (0x0000000713eabcd8) 
thrown [src/hotspot/share/interpreter/linkResolver.cpp, line 759]
Event: 3,638 Thread 0x00007fbc3d0020b0 Exception <a 'java/lang/NoSuchMethodError'{0x0000000713c1b748}: 'long java.lang.invoke.DirectMethodHandle$Holder.invokeStatic(java.lang.Object, java.lang.Object)'> (0x0000000713c1b748) 
thrown [src/hotspot/share/interpreter/linkResolver.cpp, line 759]
Event: 3,783 Thread 0x00007fbc3d0020b0 Exception <a 'java/lang/NoSuchMethodError'{0x000000071ecbb3d0}: 'float java.lang.invoke.DirectMethodHandle$Holder.invokeStatic(java.lang.Object, java.lang.Object)'> (0x000000071ecbb3d0) 
thrown [src/hotspot/share/interpreter/linkResolver.cpp, line 759]
Event: 3,845 Thread 0x00007fbc3d0020b0 Exception <a 'java/lang/NoSuchMethodError'{0x000000071ead02d0}: 'java.lang.Object java.lang.invoke.DirectMethodHandle$Holder.invokeSpecial(java.lang.Object, java.lang.Object, java.lang.Object, java.lang.Object, int, java.lang.Object)'> (0x000000071ead02d0) 
thrown [src/hotspot/share/interpreter/linkResolver.cpp, line 759]
Event: 3,845 Thread 0x00007fbc3d0020b0 Exception <a 'java/lang/NoSuchMethodError'{0x000000071ead4ac0}: 'java.lang.Object java.lang.invoke.Invokers$Holder.linkToTargetMethod(java.lang.Object, java.lang.Object, int, java.lang.Object, java.lang.Object)'> (0x000000071ead4ac0) 
thrown [src/hotspot/share/interpreter/linkResolver.cpp, line 759]
Event: 3,888 Thread 0x00007fbc3d0020b0 Exception <a 'java/lang/NoSuchMethodError'{0x000000071a626588}: 'java.lang.Object java.lang.invoke.DirectMethodHandle$Holder.invokeStatic(java.lang.Object, java.lang.Object, java.lang.Object, int, int, java.lang.Object, java.lang.Object)'> (0x000000071a626588) 
thrown [src/hotspot/share/interpreter/linkResolver.cpp, line 759]
Event: 3,890 Thread 0x00007fbc3d0020b0 Exception <a 'java/lang/NoSuchMethodError'{0x000000071a62fa50}: 'java.lang.Object java.lang.invoke.DirectMethodHandle$Holder.newInvokeSpecial(java.lang.Object, java.lang.Object, java.lang.Object, int, int, java.lang.Object)'> (0x000000071a62fa50) 
thrown [src/hotspot/share/interpreter/linkResolver.cpp, line 759]
Event: 3,890 Thread 0x00007fbc3d0020b0 Exception <a 'java/lang/NoSuchMethodError'{0x000000071a634718}: 'java.lang.Object java.lang.invoke.DirectMethodHandle$Holder.invokeSpecial(java.lang.Object, java.lang.Object, java.lang.Object, java.lang.Object, int, int, java.lang.Object)'> (0x000000071a634718) 
thrown [src/hotspot/share/interpreter/linkResolver.cpp, line 759]
Event: 3,892 Thread 0x00007fbc3d0020b0 Exception <a 'java/lang/NoSuchMethodError'{0x000000071a645660}: 'java.lang.Object java.lang.invoke.DirectMethodHandle$Holder.newInvokeSpecial(java.lang.Object, java.lang.Object, java.lang.Object, int, int, java.lang.Object, java.lang.Object)'> (0x000000071a645660) 
thrown [src/hotspot/share/interpreter/linkResolver.cpp, line 759]
Event: 3,893 Thread 0x00007fbc3d0020b0 Exception <a 'java/lang/NoSuchMethodError'{0x000000071a64a4f0}: 'java.lang.Object java.lang.invoke.DirectMethodHandle$Holder.invokeSpecial(java.lang.Object, java.lang.Object, java.lang.Object, java.lang.Object, int, int, java.lang.Object, java.lang.Object)'> (0x000000071a64a4f0) 
thrown [src/hotspot/share/interpreter/linkResolver.cpp, line 759]
Event: 3,897 Thread 0x00007fbc3d0020b0 Exception <a 'java/lang/NoSuchMethodError'{0x000000071a658b98}: 'java.lang.Object java.lang.invoke.DirectMethodHandle$Holder.invokeStatic(java.lang.Object, java.lang.Object, int, int, java.lang.Object)'> (0x000000071a658b98) 
thrown [src/hotspot/share/interpreter/linkResolver.cpp, line 759]
Event: 3,898 Thread 0x00007fbc3d0020b0 Exception <a 'java/lang/NoSuchMethodError'{0x000000071a660db0}: 'java.lang.Object java.lang.invoke.DirectMethodHandle$Holder.newInvokeSpecial(java.lang.Object, java.lang.Object, int, int)'> (0x000000071a660db0) 
thrown [src/hotspot/share/interpreter/linkResolver.cpp, line 759]
Event: 3,899 Thread 0x00007fbc3d0020b0 Exception <a 'java/lang/NoSuchMethodError'{0x000000071a665788}: 'java.lang.Object java.lang.invoke.DirectMethodHandle$Holder.invokeSpecial(java.lang.Object, java.lang.Object, java.lang.Object, int, int)'> (0x000000071a665788) 
thrown [src/hotspot/share/interpreter/linkResolver.cpp, line 759]
Event: 3,931 Thread 0x00007fbc3d0020b0 Exception <a 'java/lang/NoSuchMethodError'{0x000000071a697970}: 'java.lang.Object java.lang.invoke.DirectMethodHandle$Holder.newInvokeSpecial(java.lang.Object, java.lang.Object, int, java.lang.Object, int)'> (0x000000071a697970) 
thrown [src/hotspot/share/interpreter/linkResolver.cpp, line 759]
Event: 3,932 Thread 0x00007fbc3d0020b0 Exception <a 'java/lang/NoSuchMethodError'{0x000000071a69c2f8}: 'java.lang.Object java.lang.invoke.DirectMethodHandle$Holder.invokeSpecial(java.lang.Object, java.lang.Object, java.lang.Object, int, java.lang.Object, int)'> (0x000000071a69c2f8) 
thrown [src/hotspot/share/interpreter/linkResolver.cpp, line 759]

VM Operations (20 events):
Event: 2,070 Executing VM operation: G1CollectForAllocation
Event: 2,089 Executing VM operation: G1CollectForAllocation done
Event: 2,542 Executing VM operation: CollectForMetadataAllocation
Event: 2,544 Executing VM operation: CollectForMetadataAllocation done
Event: 2,555 Executing VM operation: G1PauseRemark
Event: 2,557 Executing VM operation: G1PauseRemark done
Event: 2,561 Executing VM operation: G1PauseCleanup
Event: 2,561 Executing VM operation: G1PauseCleanup done
Event: 3,008 Executing VM operation: G1CollectForAllocation
Event: 3,013 Executing VM operation: G1CollectForAllocation done
Event: 3,029 Executing VM operation: G1CollectForAllocation
Event: 3,035 Executing VM operation: G1CollectForAllocation done
Event: 3,537 Executing VM operation: HandshakeAllThreads
Event: 3,537 Executing VM operation: HandshakeAllThreads done
Event: 3,630 Executing VM operation: HandshakeAllThreads
Event: 3,630 Executing VM operation: HandshakeAllThreads done
Event: 3,630 Executing VM operation: HandshakeAllThreads
Event: 3,631 Executing VM operation: HandshakeAllThreads done
Event: 3,692 Executing VM operation: G1CollectForAllocation
Event: 3,696 Executing VM operation: G1CollectForAllocation done

Memory protections (20 events):
Event: 1,364 Protecting memory [0x00007fbb878fe000,0x00007fbb87902000] with protection modes 0
Event: 1,383 Protecting memory [0x00007fbb877fd000,0x00007fbb87801000] with protection modes 0
Event: 1,576 Protecting memory [0x00007fbbc8128000,0x00007fbbc812c000] with protection modes 0
Event: 1,785 Protecting memory [0x00007fbb877fd000,0x00007fbb87801000] with protection modes 0
Event: 1,791 Protecting memory [0x00007fbb6408b000,0x00007fbb6408f000] with protection modes 0
Event: 1,791 Protecting memory [0x00007fbb5d6fb000,0x00007fbb5d6ff000] with protection modes 0
Event: 1,798 Protecting memory [0x00007fbb5d5fa000,0x00007fbb5d5fe000] with protection modes 0
Event: 1,800 Protecting memory [0x00007fbb5d4f9000,0x00007fbb5d4fd000] with protection modes 0
Event: 1,812 Protecting memory [0x00007fbb5d3f8000,0x00007fbb5d3fc000] with protection modes 0
Event: 1,933 Protecting memory [0x00007fbb5d2f7000,0x00007fbb5d2fb000] with protection modes 0
Event: 1,988 Protecting memory [0x00007fbb5d1f6000,0x00007fbb5d1fa000] with protection modes 0
Event: 2,011 Protecting memory [0x00007fbbc835a000,0x00007fbbc835e000] with protection modes 0
Event: 2,344 Protecting memory [0x00007fbbc8128000,0x00007fbbc812c000] with protection modes 0
Event: 2,372 Protecting memory [0x00007fbb5d0f5000,0x00007fbb5d0f9000] with protection modes 0
Event: 2,523 Protecting memory [0x00007fbb5cff4000,0x00007fbb5cff8000] with protection modes 0
Event: 2,876 Protecting memory [0x00007fbbc835a000,0x00007fbbc835e000] with protection modes 0
Event: 2,928 Protecting memory [0x00007fbbc8128000,0x00007fbbc812c000] with protection modes 0
Event: 2,932 Protecting memory [0x00007fbb64226000,0x00007fbb6422a000] with protection modes 0
Event: 2,966 Protecting memory [0x00007fbb24900000,0x00007fbb24904000] with protection modes 0
Event: 3,037 Protecting memory [0x00007fbb24300000,0x00007fbb24304000] with protection modes 0

Nmethod flushes (0 events):
No events

Events (20 events):
Event: 1,790 Thread 0x00007fbc3c543b50 Thread added: 0x00007fbbb40979a0
Event: 1,791 Thread 0x00007fbc3c02bbf0 Thread added: 0x00007fbc3d97fe80
Event: 1,798 Thread 0x00007fbc3c542cf0 Thread added: 0x00007fbbc01872a0
Event: 1,799 Thread 0x00007fbc3c542cf0 Thread added: 0x00007fbbc0188590
Event: 1,812 Thread 0x00007fbc3c542cf0 Thread added: 0x00007fbbc018d280
Event: 1,933 Thread 0x00007fbbc0188590 Thread added: 0x00007fbb3c001c60
Event: 1,986 Thread 0x00007fbb3c001c60 Thread added: 0x00007fbb34000f60
Event: 1,986 Thread 0x00007fbbe03edb30 Thread exited: 0x00007fbbe03edb30
Event: 1,986 Thread 0x00007fbbe01f3c90 Thread exited: 0x00007fbbe01f3c90
Event: 2,003 Thread 0x00007fbc3c2046e0 Thread added: 0x00007fbbe01f3be0
Event: 2,344 Thread 0x00007fbc3c2046e0 Thread added: 0x00007fbbe040f340
Event: 2,370 Thread 0x00007fbc3cd61750 Thread added: 0x00007fbb88001a40
Event: 2,523 Thread 0x00007fbc3d0020b0 Thread added: 0x00007fbb681b4f50
Event: 2,726 Thread 0x00007fbbe040f340 Thread exited: 0x00007fbbe040f340
Event: 2,726 Thread 0x00007fbbe01f3be0 Thread exited: 0x00007fbbe01f3be0
Event: 2,876 Thread 0x00007fbc3d0020b0 Thread added: 0x00007fbb688bff10
Event: 2,928 Thread 0x00007fbc3d0020b0 Thread added: 0x00007fbb688dfc50
Event: 2,932 Thread 0x00007fbc3d0020b0 Thread added: 0x00007fbb688e0b50
Event: 2,966 Thread 0x00007fbc3c2046e0 Thread added: 0x00007fbbe0421f60
Event: 3,037 Thread 0x00007fbc3c2046e0 Thread added: 0x00007fbbe03cf2b0


Dynamic libraries:
711a00000-71a800000 rw-p 00000000 00:00 0 
71a800000-71ea00000 ---p 00000000 00:00 0 
71ea00000-71ee00000 rw-p 00000000 00:00 0 
71ee00000-720800000 ---p 00000000 00:00 0 
720800000-720a00000 rw-p 00000000 00:00 0 
720a00000-800000000 ---p 00000000 00:00 0 
800000000-800020000 rw-p 00000000 00:00 0 
800020000-800040000 rw-p 00000000 00:00 0 
800040000-8000c0000 rw-p 00000000 00:00 0 
8000c0000-800100000 rw-p 00000000 00:00 0 
800100000-800140000 rw-p 00000000 00:00 0 
800140000-800180000 rw-p 00000000 00:00 0 
800180000-8001c0000 rw-p 00000000 00:00 0 
8001c0000-800220000 rw-p 00000000 00:00 0 
800220000-800240000 rw-p 00000000 00:00 0 
800240000-8002c0000 rw-p 00000000 00:00 0 
8002c0000-8002e0000 rw-p 00000000 00:00 0 
8002e0000-800340000 rw-p 00000000 00:00 0 
800340000-8004f0000 rw-p 00000000 00:00 0 
8004f0000-840000000 ---p 00000000 00:00 0 
4200000000-4204300000 rw-p 00000000 00:00 0 
4204300000-14200100000 ---p 00000000 00:00 0 
565363e00000-565363e03000 r-xp 00000000 00:22 9500759                    /opt/simplex/bin/simplex
565364002000-565364003000 r--p 00002000 00:22 9500759                    /opt/simplex/bin/simplex
565364003000-565364004000 rw-p 00003000 00:22 9500759                    /opt/simplex/bin/simplex
565385a4e000-565385a9b000 rw-p 00000000 00:00 0                          [heap]
7fbaec000000-7fbaec021000 rw-p 00000000 00:00 0 
7fbaec021000-7fbaf0000000 ---p 00000000 00:00 0 
7fbaf4000000-7fbaf4882000 rw-p 00000000 00:00 0 
7fbaf4882000-7fbaf8000000 ---p 00000000 00:00 0 
7fbaf8000000-7fbaf8021000 rw-p 00000000 00:00 0 
7fbaf8021000-7fbafc000000 ---p 00000000 00:00 0 
7fbafc000000-7fbafc021000 rw-p 00000000 00:00 0 
7fbafc021000-7fbb00000000 ---p 00000000 00:00 0 
7fbb00000000-7fbb00e7c000 rw-p 00000000 00:00 0 
7fbb00e7c000-7fbb04000000 ---p 00000000 00:00 0 
7fbb04000000-7fbb04021000 rw-p 00000000 00:00 0 
7fbb04021000-7fbb08000000 ---p 00000000 00:00 0 
7fbb08bfa000-7fbb08dfa000 rw-s 110d95000 00:07 806                       /dev/dri/renderD128
7fbb08dfa000-7fbb08ffa000 rw-s 10325e000 00:07 806                       /dev/dri/renderD128
7fbb08ffa000-7fbb0c000000 rw-p 00000000 00:00 0 
7fbb0c000000-7fbb0c021000 rw-p 00000000 00:00 0 
7fbb0c021000-7fbb10000000 ---p 00000000 00:00 0 
7fbb10000000-7fbb10021000 rw-p 00000000 00:00 0 
7fbb10021000-7fbb14000000 ---p 00000000 00:00 0 
7fbb141fd000-7fbb15a00000 rw-p 00000000 00:00 0 
7fbb15a00000-7fbb15f5b000 r--p 00000000 00:22 10407070                   /usr/lib/libLLVM.so.22.1
7fbb15f5b000-7fbb1bc0a000 r-xp 0055b000 00:22 10407070                   /usr/lib/libLLVM.so.22.1
7fbb1bc0a000-7fbb1fb58000 r--p 0620a000 00:22 10407070                   /usr/lib/libLLVM.so.22.1
7fbb1fb58000-7fbb1fd74000 r--p 0a158000 00:22 10407070                   /usr/lib/libLLVM.so.22.1
7fbb1fd74000-7fbb1fd7e000 rw-p 0a374000 00:22 10407070                   /usr/lib/libLLVM.so.22.1
7fbb1fd7e000-7fbb1fe4e000 rw-p 00000000 00:00 0 
7fbb20000000-7fbb20021000 rw-p 00000000 00:00 0 
7fbb20021000-7fbb24000000 ---p 00000000 00:00 0 
7fbb2409a000-7fbb2429a000 rw-s 10d20c000 00:07 806                       /dev/dri/renderD128
7fbb2429a000-7fbb242ff000 r--p 00000000 00:22 158888                     /usr/share/fonts/liberation/LiberationSans-Regular.ttf
7fbb242ff000-7fbb24300000 rw-p 00000000 00:00 0 
7fbb24300000-7fbb24304000 ---p 00000000 00:00 0 
7fbb24304000-7fbb24400000 rw-p 00000000 00:00 0 
7fbb24400000-7fbb24600000 rw-s 12b3a9000 00:07 806                       /dev/dri/renderD128
7fbb24600000-7fbb24801000 rw-s 00000000 00:22 3041                       /home/mleku/.cache/mesa_shader_cache/index
7fbb24845000-7fbb248ff000 r--p 00000000 00:22 7073392                    /usr/share/fonts/TTF/DejaVuSans.ttf
7fbb248ff000-7fbb24900000 rw-p 00000000 00:00 0 
7fbb24900000-7fbb24904000 ---p 00000000 00:00 0 
7fbb24904000-7fbb24a00000 rw-p 00000000 00:00 0 
7fbb24a00000-7fbb24a1a000 r--p 00000000 00:22 10096457                   /usr/lib/libgallium-26.1.4-arch1.1.so
7fbb24a1a000-7fbb269eb000 r-xp 0001a000 00:22 10096457                   /usr/lib/libgallium-26.1.4-arch1.1.so
7fbb269eb000-7fbb27bdd000 r--p 01feb000 00:22 10096457                   /usr/lib/libgallium-26.1.4-arch1.1.so
7fbb27bdd000-7fbb27d51000 r--p 031dc000 00:22 10096457                   /usr/lib/libgallium-26.1.4-arch1.1.so
7fbb27d51000-7fbb27d87000 rw-p 03350000 00:22 10096457                   /usr/lib/libgallium-26.1.4-arch1.1.so
7fbb27d87000-7fbb27f54000 rw-p 00000000 00:00 0 
7fbb27f68000-7fbb28000000 r--p 00000000 00:22 10097593                   /usr/share/fonts/noto/NotoSans-Regular.ttf
7fbb28000000-7fbb28021000 rw-p 00000000 00:00 0 
7fbb28021000-7fbb2c000000 ---p 00000000 00:00 0 
7fbb2c000000-7fbb2c021000 rw-p 00000000 00:00 0 
7fbb2c021000-7fbb30000000 ---p 00000000 00:00 0 
7fbb30000000-7fbb30021000 rw-p 00000000 00:00 0 
7fbb30021000-7fbb34000000 ---p 00000000 00:00 0 
7fbb34000000-7fbb34021000 rw-p 00000000 00:00 0 
7fbb34021000-7fbb38000000 ---p 00000000 00:00 0 
7fbb38000000-7fbb38021000 rw-p 00000000 00:00 0 
7fbb38021000-7fbb3c000000 ---p 00000000 00:00 0 
7fbb3c000000-7fbb3c021000 rw-p 00000000 00:00 0 
7fbb3c021000-7fbb40000000 ---p 00000000 00:00 0 
7fbb40000000-7fbb40021000 rw-p 00000000 00:00 0 
7fbb40021000-7fbb44000000 ---p 00000000 00:00 0 
7fbb44000000-7fbb44021000 rw-p 00000000 00:00 0 
7fbb44021000-7fbb48000000 ---p 00000000 00:00 0 
7fbb48000000-7fbb48021000 rw-p 00000000 00:00 0 
7fbb48021000-7fbb4c000000 ---p 00000000 00:00 0 
7fbb4c000000-7fbb4c021000 rw-p 00000000 00:00 0 
7fbb4c021000-7fbb50000000 ---p 00000000 00:00 0 
7fbb50000000-7fbb50021000 rw-p 00000000 00:00 0 
7fbb50021000-7fbb54000000 ---p 00000000 00:00 0 
7fbb54000000-7fbb54021000 rw-p 00000000 00:00 0 
7fbb54021000-7fbb58000000 ---p 00000000 00:00 0 
7fbb58000000-7fbb58021000 rw-p 00000000 00:00 0 
7fbb58021000-7fbb5c000000 ---p 00000000 00:00 0 
7fbb5c03e000-7fbb5c0e5000 r--p 00000000 00:22 10691313                   /tmp/moko-resources-font-cache9589286268294069586.tmp
7fbb5c0e5000-7fbb5c2e5000 rw-s 120102000 00:07 806                       /dev/dri/renderD128
7fbb5c2e5000-7fbb5cae6000 rw-p 00000000 00:00 0 
7fbb5cae6000-7fbb5caf3000 r--p 00000000 00:22 6914745                    /usr/lib/libncursesw.so.6.6
7fbb5caf3000-7fbb5cb3b000 r-xp 0000d000 00:22 6914745                    /usr/lib/libncursesw.so.6.6
7fbb5cb3b000-7fbb5cb51000 r--p 00055000 00:22 6914745                    /usr/lib/libncursesw.so.6.6
7fbb5cb51000-7fbb5cb56000 r--p 0006a000 00:22 6914745                    /usr/lib/libncursesw.so.6.6
7fbb5cb56000-7fbb5cb57000 rw-p 0006f000 00:22 6914745                    /usr/lib/libncursesw.so.6.6
7fbb5cb57000-7fbb5cb59000 r--p 00000000 00:22 6746945                    /usr/lib/libpciaccess.so.0.11.1
7fbb5cb59000-7fbb5cb5e000 r-xp 00002000 00:22 6746945                    /usr/lib/libpciaccess.so.0.11.1
7fbb5cb5e000-7fbb5cb60000 r--p 00007000 00:22 6746945                    /usr/lib/libpciaccess.so.0.11.1
7fbb5cb60000-7fbb5cb61000 r--p 00008000 00:22 6746945                    /usr/lib/libpciaccess.so.0.11.1
7fbb5cb61000-7fbb5cb62000 rw-p 00009000 00:22 6746945                    /usr/lib/libpciaccess.so.0.11.1
7fbb5cb62000-7fbb5cb68000 r--p 00000000 00:22 9263247                    /usr/lib/libedit.so.0.0.78
7fbb5cb68000-7fbb5cb8a000 r-xp 00006000 00:22 9263247                    /usr/lib/libedit.so.0.0.78
7fbb5cb8a000-7fbb5cb97000 r--p 00028000 00:22 9263247                    /usr/lib/libedit.so.0.0.78
7fbb5cb97000-7fbb5cb9a000 r--p 00034000 00:22 9263247                    /usr/lib/libedit.so.0.0.78
7fbb5cb9a000-7fbb5cb9b000 rw-p 00037000 00:22 9263247                    /usr/lib/libedit.so.0.0.78
7fbb5cb9b000-7fbb5cb9e000 rw-p 00000000 00:00 0 
7fbb5cb9e000-7fbb5cba1000 r--p 00000000 00:22 9645161                    /usr/lib/libdrm_intel.so.1.134.0
7fbb5cba1000-7fbb5cbb8000 r-xp 00003000 00:22 9645161                    /usr/lib/libdrm_intel.so.1.134.0
7fbb5cbb8000-7fbb5cbc2000 r--p 0001a000 00:22 9645161                    /usr/lib/libdrm_intel.so.1.134.0
7fbb5cbc2000-7fbb5cbc3000 r--p 00023000 00:22 9645161                    /usr/lib/libdrm_intel.so.1.134.0
7fbb5cbc3000-7fbb5cbc4000 rw-p 00024000 00:22 9645161                    /usr/lib/libdrm_intel.so.1.134.0
7fbb5cbc4000-7fbb5cbc7000 r--p 00000000 00:22 9645158                    /usr/lib/libdrm_amdgpu.so.1.134.0
7fbb5cbc7000-7fbb5cbcd000 r-xp 00003000 00:22 9645158                    /usr/lib/libdrm_amdgpu.so.1.134.0
7fbb5cbcd000-7fbb5cbcf000 r--p 00009000 00:22 9645158                    /usr/lib/libdrm_amdgpu.so.1.134.0
7fbb5cbcf000-7fbb5cbd0000 r--p 0000a000 00:22 9645158                    /usr/lib/libdrm_amdgpu.so.1.134.0
7fbb5cbd0000-7fbb5cbd1000 rw-p 0000b000 00:22 9645158                    /usr/lib/libdrm_amdgpu.so.1.134.0
7fbb5cbd1000-7fbb5cbd4000 r--p 00000000 00:22 9103650                    /usr/lib/libelf-0.195.so
7fbb5cbd4000-7fbb5cbe8000 r-xp 00003000 00:22 9103650                    /usr/lib/libelf-0.195.so
7fbb5cbe8000-7fbb5cbec000 r--p 00017000 00:22 9103650                    /usr/lib/libelf-0.195.so
7fbb5cbec000-7fbb5cbed000 r--p 0001b000 00:22 9103650                    /usr/lib/libelf-0.195.so
7fbb5cbed000-7fbb5cbee000 rw-p 0001c000 00:22 9103650                    /usr/lib/libelf-0.195.so
7fbb5cbee000-7fbb5cbf5000 r--p 00000000 00:22 10250                      /usr/lib/libxcb-randr.so.0.1.0
7fbb5cbf5000-7fbb5cbfb000 r-xp 00007000 00:22 10250                      /usr/lib/libxcb-randr.so.0.1.0
7fbb5cbfb000-7fbb5cbfe000 r--p 0000d000 00:22 10250                      /usr/lib/libxcb-randr.so.0.1.0
7fbb5cbfe000-7fbb5cbff000 r--p 00010000 00:22 10250                      /usr/lib/libxcb-randr.so.0.1.0
7fbb5cbff000-7fbb5cc00000 rw-p 00011000 00:22 10250                      /usr/lib/libxcb-randr.so.0.1.0
7fbb5cc00000-7fbb5cc01000 r-xp 00000000 00:22 9501938                    /opt/simplex/lib/runtime/lib/libjawt.so
7fbb5cc01000-7fbb5ce00000 ---p 00001000 00:22 9501938                    /opt/simplex/lib/runtime/lib/libjawt.so
7fbb5ce00000-7fbb5ce01000 r--p 00000000 00:22 9501938                    /opt/simplex/lib/runtime/lib/libjawt.so
7fbb5ce01000-7fbb5ce02000 rw-p 00000000 00:00 0 
7fbb5ce08000-7fbb5ce09000 r--p 00000000 00:22 117573                     /usr/lib/libxshmfence.so.1.0.0
7fbb5ce09000-7fbb5ce0a000 r-xp 00001000 00:22 117573                     /usr/lib/libxshmfence.so.1.0.0
7fbb5ce0a000-7fbb5ce0b000 r--p 00002000 00:22 117573                     /usr/lib/libxshmfence.so.1.0.0
7fbb5ce0b000-7fbb5ce0c000 r--p 00002000 00:22 117573                     /usr/lib/libxshmfence.so.1.0.0
7fbb5ce0c000-7fbb5ce0d000 rw-p 00003000 00:22 117573                     /usr/lib/libxshmfence.so.1.0.0
7fbb5ce0d000-7fbb5ce24000 r--p 00000000 00:22 9645241                    /usr/lib/libSPIRV-Tools.so
7fbb5ce24000-7fbb5cf50000 r-xp 00017000 00:22 9645241                    /usr/lib/libSPIRV-Tools.so
7fbb5cf50000-7fbb5cfd2000 r--p 00143000 00:22 9645241                    /usr/lib/libSPIRV-Tools.so
7fbb5cfd2000-7fbb5cfd5000 r--p 001c5000 00:22 9645241                    /usr/lib/libSPIRV-Tools.so
7fbb5cfd5000-7fbb5cfd6000 rw-p 001c8000 00:22 9645241                    /usr/lib/libSPIRV-Tools.so
7fbb5cfd6000-7fbb5cfe2000 r--p 00000000 00:22 10248                      /usr/lib/libxcb-glx.so.0.0.0
7fbb5cfe2000-7fbb5cfeb000 r-xp 0000c000 00:22 10248                      /usr/lib/libxcb-glx.so.0.0.0
7fbb5cfeb000-7fbb5cff0000 r--p 00015000 00:22 10248                      /usr/lib/libxcb-glx.so.0.0.0
7fbb5cff0000-7fbb5cff2000 r--p 0001a000 00:22 10248                      /usr/lib/libxcb-glx.so.0.0.0
7fbb5cff2000-7fbb5cff3000 rw-p 0001c000 00:22 10248                      /usr/lib/libxcb-glx.so.0.0.0
7fbb5cff3000-7fbb5cff4000 rw-p 00000000 00:00 0 
7fbb5cff4000-7fbb5cff8000 ---p 00000000 00:00 0 
7fbb5cff8000-7fbb5d0f5000 rw-p 00000000 00:00 0 
7fbb5d0f5000-7fbb5d0f9000 ---p 00000000 00:00 0 
7fbb5d0f9000-7fbb5d1f6000 rw-p 00000000 00:00 0 
7fbb5d1f6000-7fbb5d1fa000 ---p 00000000 00:00 0 
7fbb5d1fa000-7fbb5d2f7000 rw-p 00000000 00:00 0 
7fbb5d2f7000-7fbb5d2fb000 ---p 00000000 00:00 0 
7fbb5d2fb000-7fbb5d3f8000 rw-p 00000000 00:00 0 
7fbb5d3f8000-7fbb5d3fc000 ---p 00000000 00:00 0 
7fbb5d3fc000-7fbb5d4f9000 rw-p 00000000 00:00 0 
7fbb5d4f9000-7fbb5d4fd000 ---p 00000000 00:00 0 
7fbb5d4fd000-7fbb5d5fa000 rw-p 00000000 00:00 0 
7fbb5d5fa000-7fbb5d5fe000 ---p 00000000 00:00 0 
7fbb5d5fe000-7fbb5d6fb000 rw-p 00000000 00:00 0 
7fbb5d6fb000-7fbb5d6ff000 ---p 00000000 00:00 0 
7fbb5d6ff000-7fbb60000000 rw-p 00000000 00:00 0 
7fbb60000000-7fbb60021000 rw-p 00000000 00:00 0 
7fbb60021000-7fbb64000000 ---p 00000000 00:00 0 
7fbb64000000-7fbb64003000 r--p 00000000 00:22 10257                      /usr/lib/libxcb-sync.so.1.0.0
7fbb64003000-7fbb64006000 r-xp 00003000 00:22 10257                      /usr/lib/libxcb-sync.so.1.0.0
7fbb64006000-7fbb64007000 r--p 00006000 00:22 10257                      /usr/lib/libxcb-sync.so.1.0.0
7fbb64007000-7fbb64008000 r--p 00007000 00:22 10257                      /usr/lib/libxcb-sync.so.1.0.0
7fbb64008000-7fbb64009000 rw-p 00008000 00:22 10257                      /usr/lib/libxcb-sync.so.1.0.0
7fbb64009000-7fbb6400b000 r--p 00000000 00:22 309095                     /usr/lib/libsensors.so.5.0.0
7fbb6400b000-7fbb64013000 r-xp 00002000 00:22 309095                     /usr/lib/libsensors.so.5.0.0
7fbb64013000-7fbb64017000 r--p 0000a000 00:22 309095                     /usr/lib/libsensors.so.5.0.0
7fbb64017000-7fbb64018000 r--p 0000e000 00:22 309095                     /usr/lib/libsensors.so.5.0.0
7fbb64018000-7fbb64019000 rw-p 0000f000 00:22 309095                     /usr/lib/libsensors.so.5.0.0
7fbb64019000-7fbb6401e000 r--p 00000000 00:22 9645155                    /usr/lib/libdrm.so.2.134.0
7fbb6401e000-7fbb6402a000 r-xp 00005000 00:22 9645155                    /usr/lib/libdrm.so.2.134.0
7fbb6402a000-7fbb6402e000 r--p 00011000 00:22 9645155                    /usr/lib/libdrm.so.2.134.0
7fbb6402e000-7fbb6402f000 r--p 00015000 00:22 9645155                    /usr/lib/libdrm.so.2.134.0
7fbb6402f000-7fbb64030000 rw-p 00016000 00:22 9645155                    /usr/lib/libdrm.so.2.134.0
7fbb64030000-7fbb64035000 r--p 00000000 00:22 10096456                   /usr/lib/libGLX_mesa.so.0.0.0
7fbb64035000-7fbb64075000 r-xp 00005000 00:22 10096456                   /usr/lib/libGLX_mesa.so.0.0.0
7fbb64075000-7fbb64085000 r--p 00045000 00:22 10096456                   /usr/lib/libGLX_mesa.so.0.0.0
7fbb64085000-7fbb64089000 r--p 00054000 00:22 10096456                   /usr/lib/libGLX_mesa.so.0.0.0
7fbb64089000-7fbb6408a000 rw-p 00058000 00:22 10096456                   /usr/lib/libGLX_mesa.so.0.0.0
7fbb6408a000-7fbb6408b000 rw-p 00000000 00:00 0 
7fbb6408b000-7fbb6408f000 ---p 00000000 00:00 0 
7fbb6408f000-7fbb6418b000 rw-p 00000000 00:00 0 
7fbb6418b000-7fbb6419a000 r--p 00000000 00:22 9189652                    /usr/lib/libibus-1.0.so.5.0.534
7fbb6419a000-7fbb641d1000 r-xp 0000f000 00:22 9189652                    /usr/lib/libibus-1.0.so.5.0.534
7fbb641d1000-7fbb6420c000 r--p 00046000 00:22 9189652                    /usr/lib/libibus-1.0.so.5.0.534
7fbb6420c000-7fbb6420f000 r--p 00080000 00:22 9189652                    /usr/lib/libibus-1.0.so.5.0.534
7fbb6420f000-7fbb64210000 rw-p 00083000 00:22 9189652                    /usr/lib/libibus-1.0.so.5.0.534
7fbb64225000-7fbb64226000 rw-p 00000000 00:00 0 
7fbb64226000-7fbb6422a000 ---p 00000000 00:00 0 
7fbb6422a000-7fbb64248000 rw-p 00000000 00:00 0 
7fbb64248000-7fbb6424f000 r--s 00000000 00:22 10088609                   /usr/lib/gconv/gconv-modules.cache
7fbb6424f000-7fbb642e1000 r--p 00000000 00:22 10097834                   /usr/share/fonts/noto/NotoSansMono-Regular.ttf
7fbb642e1000-7fbb64379000 r--p 00000000 00:22 10097593                   /usr/share/fonts/noto/NotoSans-Regular.ttf
7fbb64379000-7fbb64411000 r--p 00000000 00:22 10097593                   /usr/share/fonts/noto/NotoSans-Regular.ttf
7fbb64411000-7fbb65413000 rw-p 00000000 00:00 0 
7fbb65413000-7fbb6543c000 r--s 00000000 00:22 19811                      /var/cache/fontconfig/f2e43df3287529323e79e7929dc44cc9-le64.cache-11
7fbb6543c000-7fbb6544a000 r--p 00000000 00:22 10164432                   /usr/lib/gvfs/libgvfscommon.so
7fbb6544a000-7fbb65465000 r-xp 0000e000 00:22 10164432                   /usr/lib/gvfs/libgvfscommon.so
7fbb65465000-7fbb65471000 r--p 00029000 00:22 10164432                   /usr/lib/gvfs/libgvfscommon.so
7fbb65471000-7fbb65477000 r--p 00035000 00:22 10164432                   /usr/lib/gvfs/libgvfscommon.so
7fbb65477000-7fbb65478000 rw-p 0003b000 00:22 10164432                   /usr/lib/gvfs/libgvfscommon.so
7fbb65478000-7fbb65590000 r--s 00000000 00:22 21833                      /var/cache/fontconfig/923e285e415b1073c8df160bee08820f-le64.cache-11
7fbb65590000-7fbb65600000 r--s 00000000 00:22 19795                      /var/cache/fontconfig/f6b893a7224233d96cb72fd88691c0b4-le64.cache-11
7fbb65600000-7fbb6569a000 r--p 00000000 00:22 10406377                   /usr/lib/libstdc++.so.6.0.35
7fbb6569a000-7fbb6581c000 r-xp 0009a000 00:22 10406377                   /usr/lib/libstdc++.so.6.0.35
7fbb6581c000-7fbb658bc000 r--p 0021c000 00:22 10406377                   /usr/lib/libstdc++.so.6.0.35
7fbb658bc000-7fbb658cd000 r--p 002bb000 00:22 10406377                   /usr/lib/libstdc++.so.6.0.35
7fbb658cd000-7fbb658ce000 rw-p 002cc000 00:22 10406377                   /usr/lib/libstdc++.so.6.0.35
7fbb658ce000-7fbb658d2000 rw-p 00000000 00:00 0 
7fbb658d6000-7fbb658d9000 r--p 00000000 00:22 10259                      /usr/lib/libxcb-xfixes.so.0.0.0
7fbb658d9000-7fbb658dc000 r-xp 00003000 00:22 10259                      /usr/lib/libxcb-xfixes.so.0.0.0
7fbb658dc000-7fbb658dd000 r--p 00006000 00:22 10259                      /usr/lib/libxcb-xfixes.so.0.0.0
7fbb658dd000-7fbb658de000 r--p 00007000 00:22 10259                      /usr/lib/libxcb-xfixes.so.0.0.0
7fbb658de000-7fbb658df000 rw-p 00008000 00:22 10259                      /usr/lib/libxcb-xfixes.so.0.0.0
7fbb658df000-7fbb658e1000 r--p 00000000 00:22 10247                      /usr/lib/libxcb-dri3.so.0.1.0
7fbb658e1000-7fbb658e3000 r-xp 00002000 00:22 10247                      /usr/lib/libxcb-dri3.so.0.1.0
7fbb658e3000-7fbb658e4000 r--p 00004000 00:22 10247                      /usr/lib/libxcb-dri3.so.0.1.0
7fbb658e4000-7fbb658e5000 r--p 00004000 00:22 10247                      /usr/lib/libxcb-dri3.so.0.1.0
7fbb658e5000-7fbb658e6000 rw-p 00005000 00:22 10247                      /usr/lib/libxcb-dri3.so.0.1.0
7fbb658e6000-7fbb658f0000 r--p 00000000 00:22 10164430                   /usr/lib/gio/modules/libgvfsdbus.so
7fbb658f0000-7fbb6590c000 r-xp 0000a000 00:22 10164430                   /usr/lib/gio/modules/libgvfsdbus.so
7fbb6590c000-7fbb65915000 r--p 00026000 00:22 10164430                   /usr/lib/gio/modules/libgvfsdbus.so
7fbb65915000-7fbb65917000 r--p 0002f000 00:22 10164430                   /usr/lib/gio/modules/libgvfsdbus.so
7fbb65917000-7fbb65918000 rw-p 00031000 00:22 10164430                   /usr/lib/gio/modules/libgvfsdbus.so
7fbb65918000-7fbb6597d000 r--s 00000000 00:22 28524892                   /home/mleku/.cache/fontconfig/5ced086c378f87cc8519016917c034bd-le64.cache-11
7fbb6597d000-7fbb65980000 r--p 00000000 00:22 117519                     /usr/lib/libvorbis.so.0.4.9
7fbb65980000-7fbb65998000 r-xp 00003000 00:22 117519                     /usr/lib/libvorbis.so.0.4.9
7fbb65998000-7fbb659a9000 r--p 0001b000 00:22 117519                     /usr/lib/libvorbis.so.0.4.9
7fbb659a9000-7fbb659aa000 r--p 0002b000 00:22 117519                     /usr/lib/libvorbis.so.0.4.9
7fbb659aa000-7fbb659ab000 rw-p 0002c000 00:22 117519                     /usr/lib/libvorbis.so.0.4.9
7fbb659ab000-7fbb659af000 r--p 00000000 00:22 1664640                    /usr/lib/libtdb.so.1.4.15
7fbb659af000-7fbb659bd000 r-xp 00004000 00:22 1664640                    /usr/lib/libtdb.so.1.4.15
7fbb659bd000-7fbb659c2000 r--p 00012000 00:22 1664640                    /usr/lib/libtdb.so.1.4.15
7fbb659c2000-7fbb659c3000 r--p 00016000 00:22 1664640                    /usr/lib/libtdb.so.1.4.15
7fbb659c3000-7fbb659c4000 rw-p 00017000 00:22 1664640                    /usr/lib/libtdb.so.1.4.15
7fbb659c4000-7fbb659d5000 r--p 00000000 00:22 336436                     /usr/lib/libxapp.so.3.2.2
7fbb659d5000-7fbb659f0000 r-xp 00011000 00:22 336436                     /usr/lib/libxapp.so.3.2.2
7fbb659f0000-7fbb659fc000 r--p 0002c000 00:22 336436                     /usr/lib/libxapp.so.3.2.2
7fbb659fc000-7fbb659ff000 r--p 00037000 00:22 336436                     /usr/lib/libxapp.so.3.2.2
7fbb659ff000-7fbb65a00000 rw-p 0003a000 00:22 336436                     /usr/lib/libxapp.so.3.2.2
7fbb65a00000-7fbb67994000 r--p 00000000 00:22 6744665                    /usr/lib/libicudata.so.78.3
7fbb67994000-7fbb67995000 r--p 01f93000 00:22 6744665                    /usr/lib/libicudata.so.78.3
7fbb67995000-7fbb67996000 r--p 00000000 00:22 10249                      /usr/lib/libxcb-present.so.0.0.0
7fbb67996000-7fbb67997000 r-xp 00001000 00:22 10249                      /usr/lib/libxcb-present.so.0.0.0
7fbb67997000-7fbb67998000 r--p 00002000 00:22 10249                      /usr/lib/libxcb-present.so.0.0.0
7fbb67998000-7fbb67999000 r--p 00002000 00:22 10249                      /usr/lib/libxcb-present.so.0.0.0
7fbb67999000-7fbb6799a000 rw-p 00003000 00:22 10249                      /usr/lib/libxcb-present.so.0.0.0
7fbb6799a000-7fbb6799e000 r--p 00000000 00:22 1665341                    /usr/lib/libxkbfile.so.1.0.2
7fbb6799e000-7fbb679b9000 r-xp 00004000 00:22 1665341                    /usr/lib/libxkbfile.so.1.0.2
7fbb679b9000-7fbb679bf000 r--p 0001f000 00:22 1665341                    /usr/lib/libxkbfile.so.1.0.2
7fbb679bf000-7fbb679c0000 r--p 00025000 00:22 1665341                    /usr/lib/libxkbfile.so.1.0.2
7fbb679c0000-7fbb679c1000 rw-p 00026000 00:22 1665341                    /usr/lib/libxkbfile.so.1.0.2
7fbb679c1000-7fbb679c2000 r--p 00000000 00:22 1663804                    /usr/lib/libXxf86vm.so.1.0.0
7fbb679c2000-7fbb679c5000 r-xp 00001000 00:22 1663804                    /usr/lib/libXxf86vm.so.1.0.0
7fbb679c5000-7fbb679c6000 r--p 00004000 00:22 1663804                    /usr/lib/libXxf86vm.so.1.0.0
7fbb679c6000-7fbb679c7000 r--p 00004000 00:22 1663804                    /usr/lib/libXxf86vm.so.1.0.0
7fbb679c7000-7fbb679c8000 rw-p 00005000 00:22 1663804                    /usr/lib/libXxf86vm.so.1.0.0
7fbb679c8000-7fbb679cc000 r--p 00000000 00:22 9189671                    /usr/lib/gtk-3.0/3.0.0/immodules/im-ibus.so
7fbb679cc000-7fbb679d0000 r-xp 00004000 00:22 9189671                    /usr/lib/gtk-3.0/3.0.0/immodules/im-ibus.so
7fbb679d0000-7fbb679d2000 r--p 00008000 00:22 9189671                    /usr/lib/gtk-3.0/3.0.0/immodules/im-ibus.so
7fbb679d2000-7fbb679d3000 r--p 00009000 00:22 9189671                    /usr/lib/gtk-3.0/3.0.0/immodules/im-ibus.so
7fbb679d3000-7fbb679d4000 rw-p 0000a000 00:22 9189671                    /usr/lib/gtk-3.0/3.0.0/immodules/im-ibus.so
7fbb679d4000-7fbb679e4000 r--s 00000000 00:22 19807                      /var/cache/fontconfig/8d4af663993b81a124ee82e610bb31f9-le64.cache-11
7fbb679e4000-7fbb679f4000 r--s 00000000 00:22 19803                      /var/cache/fontconfig/491f45a0a771fef1c10b9b647a97fb82-le64.cache-11
7fbb679f4000-7fbb67a00000 r--s 00000000 00:22 19793                      /var/cache/fontconfig/4b31aef11cb0687b6d280d34cbe23592-le64.cache-11
7fbb67a00000-7fbb67a48000 r--p 00000000 00:22 6744680                    /usr/lib/libicuuc.so.78.3
7fbb67a48000-7fbb67b65000 r-xp 00048000 00:22 6744680                    /usr/lib/libicuuc.so.78.3
7fbb67b65000-7fbb67bf8000 r--p 00165000 00:22 6744680                    /usr/lib/libicuuc.so.78.3
7fbb67bf8000-7fbb67c0b000 r--p 001f8000 00:22 6744680                    /usr/lib/libicuuc.so.78.3
7fbb67c0b000-7fbb67c0c000 rw-p 0020b000 00:22 6744680                    /usr/lib/libicuuc.so.78.3
7fbb67c0c000-7fbb67c0e000 rw-p 00000000 00:00 0 
7fbb67c0e000-7fbb67c0f000 r--p 00000000 00:22 5529099                    /usr/lib/libX11-xcb.so.1.0.0
7fbb67c0f000-7fbb67c10000 r-xp 00001000 00:22 5529099                    /usr/lib/libX11-xcb.so.1.0.0
7fbb67c10000-7fbb67c11000 r--p 00002000 00:22 5529099                    /usr/lib/libX11-xcb.so.1.0.0
7fbb67c11000-7fbb67c12000 r--p 00002000 00:22 5529099                    /usr/lib/libX11-xcb.so.1.0.0
7fbb67c12000-7fbb67c13000 rw-p 00003000 00:22 5529099                    /usr/lib/libX11-xcb.so.1.0.0
7fbb67c13000-7fbb67c19000 r--s 00000000 00:22 19805                      /var/cache/fontconfig/b67b32625a2bb51b023d3814a918f351-le64.cache-11
7fbb67c19000-7fbb67c1b000 r--p 00000000 00:22 329580                     /usr/lib/libogg.so.0.8.6
7fbb67c1b000-7fbb67c1e000 r-xp 00002000 00:22 329580                     /usr/lib/libogg.so.0.8.6
7fbb67c1e000-7fbb67c21000 r--p 00005000 00:22 329580                     /usr/lib/libogg.so.0.8.6
7fbb67c21000-7fbb67c22000 r--p 00008000 00:22 329580                     /usr/lib/libogg.so.0.8.6
7fbb67c22000-7fbb67c23000 rw-p 00009000 00:22 329580                     /usr/lib/libogg.so.0.8.6
7fbb67c23000-7fbb67c26000 r--p 00000000 00:22 10089238                   /usr/lib/libnss_myhostname.so.2
7fbb67c26000-7fbb67c41000 r-xp 00003000 00:22 10089238                   /usr/lib/libnss_myhostname.so.2
7fbb67c41000-7fbb67c51000 r--p 0001e000 00:22 10089238                   /usr/lib/libnss_myhostname.so.2
7fbb67c51000-7fbb67c56000 r--p 0002e000 00:22 10089238                   /usr/lib/libnss_myhostname.so.2
7fbb67c56000-7fbb67c57000 rw-p 00033000 00:22 10089238                   /usr/lib/libnss_myhostname.so.2
7fbb67c57000-7fbb67c5a000 r--p 00000000 00:22 10089240                   /usr/lib/libnss_resolve.so.2
7fbb67c5a000-7fbb67c8d000 r-xp 00003000 00:22 10089240                   /usr/lib/libnss_resolve.so.2
7fbb67c8d000-7fbb67ca5000 r--p 00036000 00:22 10089240                   /usr/lib/libnss_resolve.so.2
7fbb67ca5000-7fbb67cac000 r--p 0004e000 00:22 10089240                   /usr/lib/libnss_resolve.so.2
7fbb67cac000-7fbb67cad000 rw-p 00055000 00:22 10089240                   /usr/lib/libnss_resolve.so.2
7fbb67cad000-7fbb67cb1000 r--p 00000000 00:22 10089239                   /usr/lib/libnss_mymachines.so.2
7fbb67cb1000-7fbb67d02000 r-xp 00004000 00:22 10089239                   /usr/lib/libnss_mymachines.so.2
7fbb67d02000-7fbb67d1c000 r--p 00055000 00:22 10089239                   /usr/lib/libnss_mymachines.so.2
7fbb67d1c000-7fbb67d1f000 r--p 0006f000 00:22 10089239                   /usr/lib/libnss_mymachines.so.2
7fbb67d1f000-7fbb67d20000 rw-p 00072000 00:22 10089239                   /usr/lib/libnss_mymachines.so.2
7fbb67d20000-7fbb67d35000 r--p 00000000 00:22 10089244                   /usr/lib/libsystemd.so.0.44.0
7fbb67d35000-7fbb67e0d000 r-xp 00015000 00:22 10089244                   /usr/lib/libsystemd.so.0.44.0
7fbb67e0d000-7fbb67e5c000 r--p 000ed000 00:22 10089244                   /usr/lib/libsystemd.so.0.44.0
7fbb67e5c000-7fbb67e65000 r--p 0013b000 00:22 10089244                   /usr/lib/libsystemd.so.0.44.0
7fbb67e65000-7fbb67e66000 rw-p 00144000 00:22 10089244                   /usr/lib/libsystemd.so.0.44.0
7fbb67e66000-7fbb67e67000 rw-p 00000000 00:00 0 
7fbb67e67000-7fbb67e71000 r--p 00000000 00:22 10088679                   /usr/lib/libsqlite3.so.3.53.3
7fbb67e71000-7fbb67fc0000 r-xp 0000a000 00:22 10088679                   /usr/lib/libsqlite3.so.3.53.3
7fbb67fc0000-7fbb67ff7000 r--p 00159000 00:22 10088679                   /usr/lib/libsqlite3.so.3.53.3
7fbb67ff7000-7fbb67ffb000 r--p 00190000 00:22 10088679                   /usr/lib/libsqlite3.so.3.53.3
7fbb67ffb000-7fbb68000000 rw-p 00194000 00:22 10088679                   /usr/lib/libsqlite3.so.3.53.3
7fbb68000000-7fbb68f4e000 rw-p 00000000 00:00 0 
7fbb68f4e000-7fbb6c000000 ---p 00000000 00:00 0 
7fbb6c000000-7fbb6c0a1000 rw-p 00000000 00:00 0 
7fbb6c0a1000-7fbb70000000 ---p 00000000 00:00 0 
7fbb70000000-7fbb70021000 rw-p 00000000 00:00 0 
7fbb70021000-7fbb74000000 ---p 00000000 00:00 0 
7fbb74000000-7fbb74021000 rw-p 00000000 00:00 0 
7fbb74021000-7fbb78000000 ---p 00000000 00:00 0 
7fbb78000000-7fbb78021000 rw-p 00000000 00:00 0 
7fbb78021000-7fbb7c000000 ---p 00000000 00:00 0 
7fbb7c000000-7fbb7c021000 rw-p 00000000 00:00 0 
7fbb7c021000-7fbb80000000 ---p 00000000 00:00 0 
7fbb80000000-7fbb80021000 rw-p 00000000 00:00 0 
7fbb80021000-7fbb84000000 ---p 00000000 00:00 0 
7fbb84004000-7fbb84007000 r--p 00000000 00:22 333741                     /usr/lib/libcanberra.so.0.2.5
7fbb84007000-7fbb84011000 r-xp 00003000 00:22 333741                     /usr/lib/libcanberra.so.0.2.5
7fbb84011000-7fbb84014000 r--p 0000d000 00:22 333741                     /usr/lib/libcanberra.so.0.2.5
7fbb84014000-7fbb84015000 r--p 00010000 00:22 333741                     /usr/lib/libcanberra.so.0.2.5
7fbb84015000-7fbb84016000 rw-p 00011000 00:22 333741                     /usr/lib/libcanberra.so.0.2.5
7fbb84016000-7fbb8401c000 r--p 00000000 00:22 336386                     /usr/lib/libxklavier.so.16.4.0
7fbb8401c000-7fbb84028000 r-xp 00006000 00:22 336386                     /usr/lib/libxklavier.so.16.4.0
7fbb84028000-7fbb8402f000 r--p 00012000 00:22 336386                     /usr/lib/libxklavier.so.16.4.0
7fbb8402f000-7fbb84030000 r--p 00018000 00:22 336386                     /usr/lib/libxklavier.so.16.4.0
7fbb84030000-7fbb84031000 rw-p 00019000 00:22 336386                     /usr/lib/libxklavier.so.16.4.0
7fbb84031000-7fbb84033000 r--p 00000000 00:22 265340                     /usr/lib/libseccomp.so.2.6.0
7fbb84033000-7fbb84043000 r-xp 00002000 00:22 265340                     /usr/lib/libseccomp.so.2.6.0
7fbb84043000-7fbb8405c000 r--p 00012000 00:22 265340                     /usr/lib/libseccomp.so.2.6.0
7fbb8405c000-7fbb8405d000 r--p 0002b000 00:22 265340                     /usr/lib/libseccomp.so.2.6.0
7fbb8405d000-7fbb8405e000 rw-p 0002c000 00:22 265340                     /usr/lib/libseccomp.so.2.6.0
7fbb8405e000-7fbb84067000 r--p 00000000 00:22 9102852                    /usr/lib/liblcms2.so.2.0.19
7fbb84067000-7fbb840ae000 r-xp 00009000 00:22 9102852                    /usr/lib/liblcms2.so.2.0.19
7fbb840ae000-7fbb840c3000 r--p 00050000 00:22 9102852                    /usr/lib/liblcms2.so.2.0.19
7fbb840c3000-7fbb840c6000 r--p 00064000 00:22 9102852                    /usr/lib/liblcms2.so.2.0.19
7fbb840c6000-7fbb840c9000 rw-p 00067000 00:22 9102852                    /usr/lib/liblcms2.so.2.0.19
7fbb840c9000-7fbb840ca000 rw-p 00000000 00:00 0 
7fbb840ca000-7fbb840e4000 r--p 00000000 00:22 8968455                    /usr/lib/libxml2.so.16.1.3
7fbb840e4000-7fbb841b8000 r-xp 0001a000 00:22 8968455                    /usr/lib/libxml2.so.16.1.3
7fbb841b8000-7fbb841f5000 r--p 000ee000 00:22 8968455                    /usr/lib/libxml2.so.16.1.3
7fbb841f5000-7fbb841fe000 r--p 0012b000 00:22 8968455                    /usr/lib/libxml2.so.16.1.3
7fbb841fe000-7fbb841ff000 rw-p 00134000 00:22 8968455                    /usr/lib/libxml2.so.16.1.3
7fbb841ff000-7fbb84200000 rw-p 00000000 00:00 0 
7fbb84200000-7fbb842c3000 r--p 00000000 00:22 10407137                   /usr/lib/libglycin-2.so.0
7fbb842c3000-7fbb845e0000 r-xp 000c2000 00:22 10407137                   /usr/lib/libglycin-2.so.0
7fbb845e0000-7fbb845f9000 r--p 003de000 00:22 10407137                   /usr/lib/libglycin-2.so.0
7fbb845f9000-7fbb845fd000 rw-p 003f6000 00:22 10407137                   /usr/lib/libglycin-2.so.0
7fbb845fd000-7fbb845ff000 r--p 00000000 00:22 10098408                   /usr/lib/libltdl.so.7.3.6
7fbb845ff000-7fbb84604000 r-xp 00002000 00:22 10098408                   /usr/lib/libltdl.so.7.3.6
7fbb84604000-7fbb84606000 r--p 00007000 00:22 10098408                   /usr/lib/libltdl.so.7.3.6
7fbb84606000-7fbb84607000 r--p 00009000 00:22 10098408                   /usr/lib/libltdl.so.7.3.6
7fbb84607000-7fbb84608000 rw-p 0000a000 00:22 10098408                   /usr/lib/libltdl.so.7.3.6
7fbb84608000-7fbb8460a000 r--p 00000000 00:22 288663                     /usr/lib/libdatrie.so.1.4.1
7fbb8460a000-7fbb8460e000 r-xp 00002000 00:22 288663                     /usr/lib/libdatrie.so.1.4.1
7fbb8460e000-7fbb8460f000 r--p 00006000 00:22 288663                     /usr/lib/libdatrie.so.1.4.1
7fbb8460f000-7fbb84610000 r--p 00006000 00:22 288663                     /usr/lib/libdatrie.so.1.4.1
7fbb84610000-7fbb84611000 rw-p 00007000 00:22 288663                     /usr/lib/libdatrie.so.1.4.1
7fbb84611000-7fbb84616000 r--p 00000000 00:22 9612533                    /usr/lib/libblkid.so.1.1.0
7fbb84616000-7fbb8463f000 r-xp 00005000 00:22 9612533                    /usr/lib/libblkid.so.1.1.0
7fbb8463f000-7fbb8464a000 r--p 0002e000 00:22 9612533                    /usr/lib/libblkid.so.1.1.0
7fbb8464a000-7fbb84650000 r--p 00038000 00:22 9612533                    /usr/lib/libblkid.so.1.1.0
7fbb84650000-7fbb84651000 rw-p 0003e000 00:22 9612533                    /usr/lib/libblkid.so.1.1.0
7fbb84651000-7fbb8465a000 r--p 00000000 00:22 309824                     /usr/lib/libjson-glib-1.0.so.0.1000.8
7fbb8465a000-7fbb84670000 r-xp 00009000 00:22 309824                     /usr/lib/libjson-glib-1.0.so.0.1000.8
7fbb84670000-7fbb84679000 r--p 0001f000 00:22 309824                     /usr/lib/libjson-glib-1.0.so.0.1000.8
7fbb84679000-7fbb8467a000 r--p 00028000 00:22 309824                     /usr/lib/libjson-glib-1.0.so.0.1000.8
7fbb8467a000-7fbb8467b000 rw-p 00029000 00:22 309824                     /usr/lib/libjson-glib-1.0.so.0.1000.8
7fbb8467b000-7fbb8467f000 r--p 00000000 00:22 10406369                   /usr/lib/libgcc_s.so.1
7fbb8467f000-7fbb846a2000 r-xp 00004000 00:22 10406369                   /usr/lib/libgcc_s.so.1
7fbb846a2000-7fbb846a6000 r--p 00027000 00:22 10406369                   /usr/lib/libgcc_s.so.1
7fbb846a6000-7fbb846a7000 r--p 0002b000 00:22 10406369                   /usr/lib/libgcc_s.so.1
7fbb846a7000-7fbb846a8000 rw-p 0002c000 00:22 10406369                   /usr/lib/libgcc_s.so.1
7fbb846a8000-7fbb846b6000 r--p 00000000 00:22 9909                       /usr/lib/libdbus-1.so.3.38.3
7fbb846b6000-7fbb846e7000 r-xp 0000e000 00:22 9909                       /usr/lib/libdbus-1.so.3.38.3
7fbb846e7000-7fbb846f8000 r--p 0003f000 00:22 9909                       /usr/lib/libdbus-1.so.3.38.3
7fbb846f8000-7fbb846fa000 r--p 0004f000 00:22 9909                       /usr/lib/libdbus-1.so.3.38.3
7fbb846fa000-7fbb846fb000 rw-p 00051000 00:22 9909                       /usr/lib/libdbus-1.so.3.38.3
7fbb846fb000-7fbb84709000 r--p 00000000 00:22 10094198                   /usr/lib/libatspi.so.0.0.1
7fbb84709000-7fbb84724000 r-xp 0000e000 00:22 10094198                   /usr/lib/libatspi.so.0.0.1
7fbb84724000-7fbb84732000 r--p 00029000 00:22 10094198                   /usr/lib/libatspi.so.0.0.1
7fbb84732000-7fbb84736000 r--p 00037000 00:22 10094198                   /usr/lib/libatspi.so.0.0.1
7fbb84736000-7fbb84737000 rw-p 0003b000 00:22 10094198                   /usr/lib/libatspi.so.0.0.1
7fbb84737000-7fbb84739000 r--p 00000000 00:22 9624303                    /usr/lib/libgraphite2.so.3.3.1
7fbb84739000-7fbb84752000 r-xp 00002000 00:22 9624303                    /usr/lib/libgraphite2.so.3.3.1
7fbb84752000-7fbb84757000 r--p 0001b000 00:22 9624303                    /usr/lib/libgraphite2.so.3.3.1
7fbb84757000-7fbb84759000 r--p 0001f000 00:22 9624303                    /usr/lib/libgraphite2.so.3.3.1
7fbb84759000-7fbb8475a000 rw-p 00021000 00:22 9624303                    /usr/lib/libgraphite2.so.3.3.1
7fbb8475a000-7fbb8475f000 r--p 00000000 00:22 287982                     /usr/lib/libpixman-1.so.0.46.4
7fbb8475f000-7fbb847f0000 r-xp 00005000 00:22 287982                     /usr/lib/libpixman-1.so.0.46.4
7fbb847f0000-7fbb84800000 r--p 00096000 00:22 287982                     /usr/lib/libpixman-1.so.0.46.4
7fbb84800000-7fbb84808000 r--p 000a6000 00:22 287982                     /usr/lib/libpixman-1.so.0.46.4
7fbb84808000-7fbb84809000 rw-p 000ae000 00:22 287982                     /usr/lib/libpixman-1.so.0.46.4
7fbb84809000-7fbb84813000 r--p 00000000 00:22 9612542                    /usr/lib/libmount.so.1.1.0
7fbb84813000-7fbb84851000 r-xp 0000a000 00:22 9612542                    /usr/lib/libmount.so.1.1.0
7fbb84851000-7fbb84862000 r--p 00048000 00:22 9612542                    /usr/lib/libmount.so.1.1.0
7fbb84862000-7fbb84864000 r--p 00059000 00:22 9612542                    /usr/lib/libmount.so.1.1.0
7fbb84864000-7fbb84865000 rw-p 0005b000 00:22 9612542                    /usr/lib/libmount.so.1.1.0
7fbb84865000-7fbb84868000 r--p 00000000 00:22 265592                     /usr/lib/libpcre2-8.so.0.15.0
7fbb84868000-7fbb848e6000 r-xp 00003000 00:22 265592                     /usr/lib/libpcre2-8.so.0.15.0
7fbb848e6000-7fbb84911000 r--p 00081000 00:22 265592                     /usr/lib/libpcre2-8.so.0.15.0
7fbb84911000-7fbb84912000 r--p 000ab000 00:22 265592                     /usr/lib/libpcre2-8.so.0.15.0
7fbb84912000-7fbb84913000 rw-p 000ac000 00:22 265592                     /usr/lib/libpcre2-8.so.0.15.0
7fbb84913000-7fbb84917000 r--p 00000000 00:22 9645073                    /usr/lib/libxkbcommon.so.0.13.2
7fbb84917000-7fbb84946000 r-xp 00004000 00:22 9645073                    /usr/lib/libxkbcommon.so.0.13.2
7fbb84946000-7fbb8496f000 r--p 00033000 00:22 9645073                    /usr/lib/libxkbcommon.so.0.13.2
7fbb8496f000-7fbb84971000 r--p 0005b000 00:22 9645073                    /usr/lib/libxkbcommon.so.0.13.2
7fbb84971000-7fbb84972000 rw-p 0005d000 00:22 9645073                    /usr/lib/libxkbcommon.so.0.13.2
7fbb84972000-7fbb84982000 r--p 00000000 00:22 8971165                    /usr/lib/libtinysparql-3.0.so.0.1101.0
7fbb84982000-7fbb84a01000 r-xp 00010000 00:22 8971165                    /usr/lib/libtinysparql-3.0.so.0.1101.0
7fbb84a01000-7fbb84a36000 r--p 0008f000 00:22 8971165                    /usr/lib/libtinysparql-3.0.so.0.1101.0
7fbb84a36000-7fbb84a45000 r--p 000c3000 00:22 8971165                    /usr/lib/libtinysparql-3.0.so.0.1101.0
7fbb84a45000-7fbb84a46000 rw-p 000d2000 00:22 8971165                    /usr/lib/libtinysparql-3.0.so.0.1101.0
7fbb84a46000-7fbb84a51000 r--p 00000000 00:22 10094195                   /usr/lib/libatk-bridge-2.0.so.0.0.0
7fbb84a51000-7fbb84a6a000 r-xp 0000b000 00:22 10094195                   /usr/lib/libatk-bridge-2.0.so.0.0.0
7fbb84a6a000-7fbb84a7e000 r--p 00024000 00:22 10094195                   /usr/lib/libatk-bridge-2.0.so.0.0.0
7fbb84a7e000-7fbb84a80000 r--p 00037000 00:22 10094195                   /usr/lib/libatk-bridge-2.0.so.0.0.0
7fbb84a80000-7fbb84a82000 rw-p 00039000 00:22 10094195                   /usr/lib/libatk-bridge-2.0.so.0.0.0
7fbb84a82000-7fbb84acc000 r--p 00000000 00:22 117087                     /usr/lib/libepoxy.so.0.0.0
7fbb84acc000-7fbb84b32000 r-xp 0004a000 00:22 117087                     /usr/lib/libepoxy.so.0.0.0
7fbb84b32000-7fbb84b80000 r--p 000b0000 00:22 117087                     /usr/lib/libepoxy.so.0.0.0
7fbb84b80000-7fbb84b88000 r--p 000fd000 00:22 117087                     /usr/lib/libepoxy.so.0.0.0
7fbb84b88000-7fbb84b8f000 rw-p 00105000 00:22 117087                     /usr/lib/libepoxy.so.0.0.0
7fbb84b8f000-7fbb84b96000 r--p 00000000 00:22 10096258                   /usr/lib/libgdk_pixbuf-2.0.so.0.4400.7
7fbb84b96000-7fbb84bb8000 r-xp 00007000 00:22 10096258                   /usr/lib/libgdk_pixbuf-2.0.so.0.4400.7
7fbb84bb8000-7fbb84bc6000 r--p 00029000 00:22 10096258                   /usr/lib/libgdk_pixbuf-2.0.so.0.4400.7
7fbb84bc6000-7fbb84bc8000 r--p 00036000 00:22 10096258                   /usr/lib/libgdk_pixbuf-2.0.so.0.4400.7
7fbb84bc8000-7fbb84bc9000 rw-p 00038000 00:22 10096258                   /usr/lib/libgdk_pixbuf-2.0.so.0.4400.7
7fbb84bc9000-7fbb84bd6000 r--p 00000000 00:22 9624374                    /usr/lib/libharfbuzz.so.0.61421.0
7fbb84bd6000-7fbb84ccc000 r-xp 0000d000 00:22 9624374                    /usr/lib/libharfbuzz.so.0.61421.0
7fbb84ccc000-7fbb84d00000 r--p 00103000 00:22 9624374                    /usr/lib/libharfbuzz.so.0.61421.0
7fbb84d00000-7fbb84d02000 r--p 00136000 00:22 9624374                    /usr/lib/libharfbuzz.so.0.61421.0
7fbb84d02000-7fbb84d03000 rw-p 00138000 00:22 9624374                    /usr/lib/libharfbuzz.so.0.61421.0
7fbb84d03000-7fbb84d11000 r--p 00000000 00:22 288015                     /usr/lib/libcairo.so.2.11804.4
7fbb84d11000-7fbb84e04000 r-xp 0000e000 00:22 288015                     /usr/lib/libcairo.so.2.11804.4
7fbb84e04000-7fbb84e39000 r--p 00101000 00:22 288015                     /usr/lib/libcairo.so.2.11804.4
7fbb84e39000-7fbb84e3d000 r--p 00136000 00:22 288015                     /usr/lib/libcairo.so.2.11804.4
7fbb84e3d000-7fbb84e3f000 rw-p 0013a000 00:22 288015                     /usr/lib/libcairo.so.2.11804.4
7fbb84e3f000-7fbb84e40000 rw-p 00000000 00:00 0 
7fbb84e40000-7fbb84e4e000 r--p 00000000 00:22 10096090                   /usr/lib/libpango-1.0.so.0.5800.0
7fbb84e4e000-7fbb84e8e000 r-xp 0000e000 00:22 10096090                   /usr/lib/libpango-1.0.so.0.5800.0
7fbb84e8e000-7fbb84eaa000 r--p 0004e000 00:22 10096090                   /usr/lib/libpango-1.0.so.0.5800.0
7fbb84eaa000-7fbb84eae000 r--p 00069000 00:22 10096090                   /usr/lib/libpango-1.0.so.0.5800.0
7fbb84eae000-7fbb84eaf000 rw-p 0006d000 00:22 10096090                   /usr/lib/libpango-1.0.so.0.5800.0
7fbb84eaf000-7fbb84ee1000 r--p 00000000 00:22 10089022                   /usr/lib/libgio-2.0.so.0.8800.2
7fbb84ee1000-7fbb85010000 r-xp 00032000 00:22 10089022                   /usr/lib/libgio-2.0.so.0.8800.2
7fbb85010000-7fbb85091000 r--p 00161000 00:22 10089022                   /usr/lib/libgio-2.0.so.0.8800.2
7fbb85091000-7fbb8509a000 r--p 001e1000 00:22 10089022                   /usr/lib/libgio-2.0.so.0.8800.2
7fbb8509a000-7fbb8509b000 rw-p 001ea000 00:22 10089022                   /usr/lib/libgio-2.0.so.0.8800.2
7fbb8509b000-7fbb8509d000 rw-p 00000000 00:00 0 
7fbb8509d000-7fbb850bb000 r--p 00000000 00:22 10089030                   /usr/lib/libglib-2.0.so.0.8800.2
7fbb850bb000-7fbb85169000 r-xp 0001e000 00:22 10089030                   /usr/lib/libglib-2.0.so.0.8800.2
7fbb85169000-7fbb851fd000 r--p 000cc000 00:22 10089030                   /usr/lib/libglib-2.0.so.0.8800.2
7fbb851fd000-7fbb851fe000 r--p 00160000 00:22 10089030                   /usr/lib/libglib-2.0.so.0.8800.2
7fbb851fe000-7fbb851ff000 rw-p 00161000 00:22 10089030                   /usr/lib/libglib-2.0.so.0.8800.2
7fbb851ff000-7fbb85200000 rw-p 00000000 00:00 0 
7fbb85200000-7fbb85270000 r--p 00000000 00:22 6931863                    /usr/lib/libgtk-3.so.0.2420.32
7fbb85270000-7fbb85627000 r-xp 00070000 00:22 6931863                    /usr/lib/libgtk-3.so.0.2420.32
7fbb85627000-7fbb858e5000 r--p 00427000 00:22 6931863                    /usr/lib/libgtk-3.so.0.2420.32
7fbb858e5000-7fbb858f7000 r--p 006e5000 00:22 6931863                    /usr/lib/libgtk-3.so.0.2420.32
7fbb858f7000-7fbb858f9000 rw-p 006f7000 00:22 6931863                    /usr/lib/libgtk-3.so.0.2420.32
7fbb858f9000-7fbb858fe000 rw-p 00000000 00:00 0 
7fbb858ff000-7fbb85900000 r--p 00000000 00:22 10089042                   /usr/lib/libgthread-2.0.so.0.8800.2
7fbb85900000-7fbb85901000 r-xp 00001000 00:22 10089042                   /usr/lib/libgthread-2.0.so.0.8800.2
7fbb85901000-7fbb85902000 r--p 00002000 00:22 10089042                   /usr/lib/libgthread-2.0.so.0.8800.2
7fbb85902000-7fbb85903000 r--p 00002000 00:22 10089042                   /usr/lib/libgthread-2.0.so.0.8800.2
7fbb85903000-7fbb85904000 rw-p 00003000 00:22 10089042                   /usr/lib/libgthread-2.0.so.0.8800.2
7fbb85904000-7fbb8590a000 r--p 00000000 00:22 10252                      /usr/lib/libxcb-render.so.0.0.0
7fbb8590a000-7fbb8590f000 r-xp 00006000 00:22 10252                      /usr/lib/libxcb-render.so.0.0.0
7fbb8590f000-7fbb85911000 r--p 0000b000 00:22 10252                      /usr/lib/libxcb-render.so.0.0.0
7fbb85911000-7fbb85912000 r--p 0000d000 00:22 10252                      /usr/lib/libxcb-render.so.0.0.0
7fbb85912000-7fbb85913000 rw-p 0000e000 00:22 10252                      /usr/lib/libxcb-render.so.0.0.0
7fbb85913000-7fbb85930000 r--p 00000000 00:22 6931860                    /usr/lib/libgdk-3.so.0.2420.32
7fbb85930000-7fbb859b2000 r-xp 0001d000 00:22 6931860                    /usr/lib/libgdk-3.so.0.2420.32
7fbb859b2000-7fbb859f4000 r--p 0009f000 00:22 6931860                    /usr/lib/libgdk-3.so.0.2420.32
7fbb859f4000-7fbb859fe000 r--p 000e0000 00:22 6931860                    /usr/lib/libgdk-3.so.0.2420.32
7fbb859fe000-7fbb85a00000 rw-p 000ea000 00:22 6931860                    /usr/lib/libgdk-3.so.0.2420.32
7fbb85a00000-7fbb873d8000 r-xp 00000000 00:22 9500842                    /opt/simplex/lib/app/libskiko-linux-x64.so
7fbb873d8000-7fbb875d8000 ---p 019d8000 00:22 9500842                    /opt/simplex/lib/app/libskiko-linux-x64.so
7fbb875d8000-7fbb87616000 r--p 019d8000 00:22 9500842                    /opt/simplex/lib/app/libskiko-linux-x64.so
7fbb87616000-7fbb87619000 rw-p 01a16000 00:22 9500842                    /opt/simplex/lib/app/libskiko-linux-x64.so
7fbb87619000-7fbb87625000 rw-p 00000000 00:00 0 
7fbb87625000-7fbb87626000 r--p 00000000 00:22 10119                      /usr/lib/libnss_mdns_minimal.so.2
7fbb87626000-7fbb87628000 r-xp 00001000 00:22 10119                      /usr/lib/libnss_mdns_minimal.so.2
7fbb87628000-7fbb87629000 r--p 00003000 00:22 10119                      /usr/lib/libnss_mdns_minimal.so.2
7fbb87629000-7fbb8762a000 r--p 00003000 00:22 10119                      /usr/lib/libnss_mdns_minimal.so.2
7fbb8762a000-7fbb8762b000 rw-p 00004000 00:22 10119                      /usr/lib/libnss_mdns_minimal.so.2
7fbb8762b000-7fbb8762d000 r--p 00000000 00:22 1663735                    /usr/lib/libXrandr.so.2.2.0
7fbb8762d000-7fbb87634000 r-xp 00002000 00:22 1663735                    /usr/lib/libXrandr.so.2.2.0
7fbb87634000-7fbb87636000 r--p 00009000 00:22 1663735                    /usr/lib/libXrandr.so.2.2.0
7fbb87636000-7fbb87637000 r--p 0000a000 00:22 1663735                    /usr/lib/libXrandr.so.2.2.0
7fbb87637000-7fbb87638000 rw-p 0000b000 00:22 1663735                    /usr/lib/libXrandr.so.2.2.0
7fbb87638000-7fbb8763f000 r--p 00000000 00:22 308910                     /usr/lib/libcloudproviders.so.0.4.0
7fbb8763f000-7fbb87649000 r-xp 00007000 00:22 308910                     /usr/lib/libcloudproviders.so.0.4.0
7fbb87649000-7fbb8764e000 r--p 00011000 00:22 308910                     /usr/lib/libcloudproviders.so.0.4.0
7fbb8764e000-7fbb8764f000 r--p 00016000 00:22 308910                     /usr/lib/libcloudproviders.so.0.4.0
7fbb8764f000-7fbb87650000 rw-p 00017000 00:22 308910                     /usr/lib/libcloudproviders.so.0.4.0
7fbb87650000-7fbb8765c000 r--p 00000000 00:22 10089038                   /usr/lib/libgobject-2.0.so.0.8800.2
7fbb8765c000-7fbb87695000 r-xp 0000c000 00:22 10089038                   /usr/lib/libgobject-2.0.so.0.8800.2
7fbb87695000-7fbb876af000 r--p 00045000 00:22 10089038                   /usr/lib/libgobject-2.0.so.0.8800.2
7fbb876af000-7fbb876b2000 r--p 0005e000 00:22 10089038                   /usr/lib/libgobject-2.0.so.0.8800.2
7fbb876b2000-7fbb876b3000 rw-p 00061000 00:22 10089038                   /usr/lib/libgobject-2.0.so.0.8800.2
7fbb876b3000-7fbb876b9000 r--p 00000000 00:22 6923027                    /usr/lib/libfreetype.so.6.20.6
7fbb876b9000-7fbb87751000 r-xp 00006000 00:22 6923027                    /usr/lib/libfreetype.so.6.20.6
7fbb87751000-7fbb8777a000 r--p 0009e000 00:22 6923027                    /usr/lib/libfreetype.so.6.20.6
7fbb8777a000-7fbb87782000 r--p 000c6000 00:22 6923027                    /usr/lib/libfreetype.so.6.20.6
7fbb87782000-7fbb87783000 rw-p 000ce000 00:22 6923027                    /usr/lib/libfreetype.so.6.20.6
7fbb87783000-7fbb87785000 r--p 00000000 00:22 309333                     /usr/lib/libGLdispatch.so.0.0.0
7fbb87785000-7fbb877c4000 r-xp 00002000 00:22 309333                     /usr/lib/libGLdispatch.so.0.0.0
7fbb877c4000-7fbb877d7000 r--p 00041000 00:22 309333                     /usr/lib/libGLdispatch.so.0.0.0
7fbb877d7000-7fbb877f3000 r--p 00054000 00:22 309333                     /usr/lib/libGLdispatch.so.0.0.0
7fbb877f3000-7fbb877f4000 rw-p 00070000 00:22 309333                     /usr/lib/libGLdispatch.so.0.0.0
7fbb877f4000-7fbb877fc000 rw-p 00000000 00:00 0 
7fbb877fc000-7fbb877fd000 rw-p 00000000 00:00 0 
7fbb877fd000-7fbb87801000 ---p 00000000 00:00 0 
7fbb87801000-7fbb878fe000 rw-p 00000000 00:00 0 
7fbb878fe000-7fbb87902000 ---p 00000000 00:00 0 
7fbb87902000-7fbb879ff000 rw-p 00000000 00:00 0 
7fbb879ff000-7fbb87a03000 ---p 00000000 00:00 0 
7fbb87a03000-7fbb87c00000 rw-p 00000000 00:00 0 
7fbb87c00000-7fbb87caf000 r-xp 00000000 00:22 9501935                    /opt/simplex/lib/runtime/lib/libfreetype.so
7fbb87caf000-7fbb87eaf000 ---p 000af000 00:22 9501935                    /opt/simplex/lib/runtime/lib/libfreetype.so
7fbb87eaf000-7fbb87eb5000 r--p 000af000 00:22 9501935                    /opt/simplex/lib/runtime/lib/libfreetype.so
7fbb87eb5000-7fbb87eb6000 rw-p 00000000 00:00 0 
7fbb87eb7000-7fbb87eb9000 r--p 00000000 00:22 288717                     /usr/lib/libthai.so.0.3.2
7fbb87eb9000-7fbb87ebd000 r-xp 00002000 00:22 288717                     /usr/lib/libthai.so.0.3.2
7fbb87ebd000-7fbb87ec0000 r--p 00006000 00:22 288717                     /usr/lib/libthai.so.0.3.2
7fbb87ec0000-7fbb87ec1000 r--p 00008000 00:22 288717                     /usr/lib/libthai.so.0.3.2
7fbb87ec1000-7fbb87ec2000 rw-p 00009000 00:22 288717                     /usr/lib/libthai.so.0.3.2
7fbb87ec2000-7fbb87ec8000 r--p 00000000 00:22 10093585                   /usr/lib/libpng16.so.16.58.0
7fbb87ec8000-7fbb87ef3000 r-xp 00006000 00:22 10093585                   /usr/lib/libpng16.so.16.58.0
7fbb87ef3000-7fbb87efd000 r--p 00031000 00:22 10093585                   /usr/lib/libpng16.so.16.58.0
7fbb87efd000-7fbb87efe000 r--p 0003a000 00:22 10093585                   /usr/lib/libpng16.so.16.58.0
7fbb87efe000-7fbb87eff000 rw-p 0003b000 00:22 10093585                   /usr/lib/libpng16.so.16.58.0
7fbb87eff000-7fbb88000000 rw-p 00000000 00:00 0 
7fbb88000000-7fbb88021000 rw-p 00000000 00:00 0 
7fbb88021000-7fbb8c000000 ---p 00000000 00:00 0 
7fbb8c000000-7fbb8c021000 rw-p 00000000 00:00 0 
7fbb8c021000-7fbb90000000 ---p 00000000 00:00 0 
7fbb90000000-7fbb90021000 rw-p 00000000 00:00 0 
7fbb90021000-7fbb94000000 ---p 00000000 00:00 0 
7fbb94000000-7fbb94021000 rw-p 00000000 00:00 0 
7fbb94021000-7fbb98000000 ---p 00000000 00:00 0 
7fbb98000000-7fbb98021000 rw-p 00000000 00:00 0 
7fbb98021000-7fbb9c000000 ---p 00000000 00:00 0 
7fbb9c000000-7fbb9c021000 rw-p 00000000 00:00 0 
7fbb9c021000-7fbba0000000 ---p 00000000 00:00 0 
7fbba0000000-7fbba0021000 rw-p 00000000 00:00 0 
7fbba0021000-7fbba4000000 ---p 00000000 00:00 0 
7fbba4000000-7fbba4021000 rw-p 00000000 00:00 0 
7fbba4021000-7fbba8000000 ---p 00000000 00:00 0 
7fbba8000000-7fbba8021000 rw-p 00000000 00:00 0 
7fbba8021000-7fbbac000000 ---p 00000000 00:00 0 
7fbbac000000-7fbbac021000 rw-p 00000000 00:00 0 
7fbbac021000-7fbbb0000000 ---p 00000000 00:00 0 
7fbbb0000000-7fbbb0021000 rw-p 00000000 00:00 0 
7fbbb0021000-7fbbb4000000 ---p 00000000 00:00 0 
7fbbb4000000-7fbbb409d000 rw-p 00000000 00:00 0 
7fbbb409d000-7fbbb8000000 ---p 00000000 00:00 0 
7fbbb8002000-7fbbb8003000 r--p 00000000 00:22 10256                      /usr/lib/libxcb-shm.so.0.0.0
7fbbb8003000-7fbbb8004000 r-xp 00001000 00:22 10256                      /usr/lib/libxcb-shm.so.0.0.0
7fbbb8004000-7fbbb8005000 r--p 00002000 00:22 10256                      /usr/lib/libxcb-shm.so.0.0.0
7fbbb8005000-7fbbb8006000 r--p 00002000 00:22 10256                      /usr/lib/libxcb-shm.so.0.0.0
7fbbb8006000-7fbbb8007000 rw-p 00003000 00:22 10256                      /usr/lib/libxcb-shm.so.0.0.0
7fbbb8007000-7fbbb800f000 r--p 00000000 00:22 10094192                   /usr/lib/libatk-1.0.so.0.26014.1
7fbbb800f000-7fbbb801f000 r-xp 00008000 00:22 10094192                   /usr/lib/libatk-1.0.so.0.26014.1
7fbbb801f000-7fbbb802a000 r--p 00018000 00:22 10094192                   /usr/lib/libatk-1.0.so.0.26014.1
7fbbb802a000-7fbbb802d000 r--p 00023000 00:22 10094192                   /usr/lib/libatk-1.0.so.0.26014.1
7fbbb802d000-7fbbb802e000 rw-p 00026000 00:22 10094192                   /usr/lib/libatk-1.0.so.0.26014.1
7fbbb802e000-7fbbb8034000 r--p 00000000 00:22 9623971                    /usr/lib/libfontconfig.so.1.17.0
7fbbb8034000-7fbbb8068000 r-xp 00006000 00:22 9623971                    /usr/lib/libfontconfig.so.1.17.0
7fbbb8068000-7fbbb8081000 r--p 0003a000 00:22 9623971                    /usr/lib/libfontconfig.so.1.17.0
7fbbb8081000-7fbbb808a000 r--p 00053000 00:22 9623971                    /usr/lib/libfontconfig.so.1.17.0
7fbbb808a000-7fbbb808b000 rw-p 0005c000 00:22 9623971                    /usr/lib/libfontconfig.so.1.17.0
7fbbb808b000-7fbbb80ba000 r--p 00000000 00:22 309324                     /usr/lib/libGL.so.1.7.0
7fbbb80ba000-7fbbb80d9000 r-xp 0002f000 00:22 309324                     /usr/lib/libGL.so.1.7.0
7fbbb80d9000-7fbbb80ed000 r--p 0004e000 00:22 309324                     /usr/lib/libGL.so.1.7.0
7fbbb80ed000-7fbbb80fb000 r--p 00062000 00:22 309324                     /usr/lib/libGL.so.1.7.0
7fbbb80fb000-7fbbb80fc000 rw-p 00070000 00:22 309324                     /usr/lib/libGL.so.1.7.0
7fbbb80fc000-7fbbb80fd000 rw-p 00000000 00:00 0 
7fbbb80fd000-7fbbb81ff000 rw-p 00000000 00:00 0 
7fbbb81ff000-7fbbb8203000 ---p 00000000 00:00 0 
7fbbb8203000-7fbbb8300000 rw-p 00000000 00:00 0 
7fbbb8300000-7fbbb8304000 ---p 00000000 00:00 0 
7fbbb8304000-7fbbb8400000 rw-p 00000000 00:00 0 
7fbbb8400000-7fbbb85c9000 r-xp 00000000 00:22 9501934                    /opt/simplex/lib/runtime/lib/libfontmanager.so
7fbbb85c9000-7fbbb87c8000 ---p 001c9000 00:22 9501934                    /opt/simplex/lib/runtime/lib/libfontmanager.so
7fbbb87c8000-7fbbb87ca000 r--p 001c8000 00:22 9501934                    /opt/simplex/lib/runtime/lib/libfontmanager.so
7fbbb87ca000-7fbbb87cb000 rw-p 001ca000 00:22 9501934                    /opt/simplex/lib/runtime/lib/libfontmanager.so
7fbbb87cb000-7fbbb87cc000 rw-p 00000000 00:00 0 
7fbbb87d0000-7fbbb87d3000 r--p 00000000 00:22 8971013                    /usr/lib/libwayland-client.so.0.25.0
7fbbb87d3000-7fbbb87da000 r-xp 00003000 00:22 8971013                    /usr/lib/libwayland-client.so.0.25.0
7fbbb87da000-7fbbb87dd000 r--p 0000a000 00:22 8971013                    /usr/lib/libwayland-client.so.0.25.0
7fbbb87dd000-7fbbb87df000 r--p 0000c000 00:22 8971013                    /usr/lib/libwayland-client.so.0.25.0
7fbbb87df000-7fbbb87e0000 rw-p 0000e000 00:22 8971013                    /usr/lib/libwayland-client.so.0.25.0
7fbbb87e0000-7fbbb87e2000 r--p 00000000 00:22 288618                     /usr/lib/libfribidi.so.0.4.0
7fbbb87e2000-7fbbb87e7000 r-xp 00002000 00:22 288618                     /usr/lib/libfribidi.so.0.4.0
7fbbb87e7000-7fbbb87fe000 r--p 00007000 00:22 288618                     /usr/lib/libfribidi.so.0.4.0
7fbbb87fe000-7fbbb87ff000 r--p 0001d000 00:22 288618                     /usr/lib/libfribidi.so.0.4.0
7fbbb87ff000-7fbbb8800000 rw-p 0001e000 00:22 288618                     /usr/lib/libfribidi.so.0.4.0
7fbbb8800000-7fbbb8871000 r-xp 00000000 00:22 9501933                    /opt/simplex/lib/runtime/lib/libawt_xawt.so
7fbbb8871000-7fbbb8a70000 ---p 00071000 00:22 9501933                    /opt/simplex/lib/runtime/lib/libawt_xawt.so
7fbbb8a70000-7fbbb8a76000 r--p 00070000 00:22 9501933                    /opt/simplex/lib/runtime/lib/libawt_xawt.so
7fbbb8a76000-7fbbb8a78000 rw-p 00076000 00:22 9501933                    /opt/simplex/lib/runtime/lib/libawt_xawt.so
7fbbb8a78000-7fbbb8a7a000 rw-p 00000000 00:00 0 
7fbbb8a7b000-7fbbb8a7c000 r--p 00000000 00:22 8971016                    /usr/lib/libwayland-cursor.so.0.25.0
7fbbb8a7c000-7fbbb8a7e000 r-xp 00001000 00:22 8971016                    /usr/lib/libwayland-cursor.so.0.25.0
7fbbb8a7e000-7fbbb8a7f000 r--p 00003000 00:22 8971016                    /usr/lib/libwayland-cursor.so.0.25.0
7fbbb8a7f000-7fbbb8a80000 r--p 00003000 00:22 8971016                    /usr/lib/libwayland-cursor.so.0.25.0
7fbbb8a80000-7fbbb8a84000 rw-p 00004000 00:22 8971016                    /usr/lib/libwayland-cursor.so.0.25.0
7fbbb8a84000-7fbbb8a86000 r--p 00000000 00:22 288009                     /usr/lib/libcairo-gobject.so.2.11804.4
7fbbb8a86000-7fbbb8a88000 r-xp 00002000 00:22 288009                     /usr/lib/libcairo-gobject.so.2.11804.4
7fbbb8a88000-7fbbb8a8a000 r--p 00004000 00:22 288009                     /usr/lib/libcairo-gobject.so.2.11804.4
7fbbb8a8a000-7fbbb8a8c000 r--p 00006000 00:22 288009                     /usr/lib/libcairo-gobject.so.2.11804.4
7fbbb8a8c000-7fbbb8a8d000 rw-p 00008000 00:22 288009                     /usr/lib/libcairo-gobject.so.2.11804.4
7fbbb8a8d000-7fbbb8a8f000 r--p 00000000 00:22 309330                     /usr/lib/libGLX.so.0.0.0
7fbbb8a8f000-7fbbb8aa9000 r-xp 00002000 00:22 309330                     /usr/lib/libGLX.so.0.0.0
7fbbb8aa9000-7fbbb8aac000 r--p 0001c000 00:22 309330                     /usr/lib/libGLX.so.0.0.0
7fbbb8aac000-7fbbb8aad000 r--p 0001f000 00:22 309330                     /usr/lib/libGLX.so.0.0.0
7fbbb8aad000-7fbbb8aae000 rw-p 00020000 00:22 309330                     /usr/lib/libGLX.so.0.0.0
7fbbb8aae000-7fbbb8abe000 rw-p 00000000 00:00 0 
7fbbb8abe000-7fbbb8ad5000 r--p 00000000 00:22 5529102                    /usr/lib/libX11.so.6.4.0
7fbbb8ad5000-7fbbb8b6a000 r-xp 00017000 00:22 5529102                    /usr/lib/libX11.so.6.4.0
7fbbb8b6a000-7fbbb8bf9000 r--p 000ac000 00:22 5529102                    /usr/lib/libX11.so.6.4.0
7fbbb8bf9000-7fbbb8bfc000 r--p 0013a000 00:22 5529102                    /usr/lib/libX11.so.6.4.0
7fbbb8bfc000-7fbbb8c00000 rw-p 0013d000 00:22 5529102                    /usr/lib/libX11.so.6.4.0
7fbbb8c00000-7fbbb8cbc000 r-xp 00000000 00:22 9501931                    /opt/simplex/lib/runtime/lib/libawt.so
7fbbb8cbc000-7fbbb8ebc000 ---p 000bc000 00:22 9501931                    /opt/simplex/lib/runtime/lib/libawt.so
7fbbb8ebc000-7fbbb8ebd000 r--p 000bc000 00:22 9501931                    /opt/simplex/lib/runtime/lib/libawt.so
7fbbb8ebd000-7fbbb8ec8000 rw-p 000bd000 00:22 9501931                    /opt/simplex/lib/runtime/lib/libawt.so
7fbbb8ec8000-7fbbb8eed000 rw-p 00000000 00:00 0 
7fbbb8eef000-7fbbb8ef0000 r--p 00000000 00:22 1663760                    /usr/lib/libXcomposite.so.1.0.0
7fbbb8ef0000-7fbbb8ef1000 r-xp 00001000 00:22 1663760                    /usr/lib/libXcomposite.so.1.0.0
7fbbb8ef1000-7fbbb8ef2000 r--p 00002000 00:22 1663760                    /usr/lib/libXcomposite.so.1.0.0
7fbbb8ef2000-7fbbb8ef3000 r--p 00002000 00:22 1663760                    /usr/lib/libXcomposite.so.1.0.0
7fbbb8ef3000-7fbbb8ef4000 rw-p 00003000 00:22 1663760                    /usr/lib/libXcomposite.so.1.0.0
7fbbb8ef4000-7fbbbbbfe000 rw-p 00000000 00:00 0 
7fbbbbbfe000-7fbbbc411000 rw-p 00000000 00:00 0 
7fbbbc411000-7fbbc0000000 ---p 00000000 00:00 0 
7fbbc0000000-7fbbc01a1000 rw-p 00000000 00:00 0 
7fbbc01a1000-7fbbc4000000 ---p 00000000 00:00 0 
7fbbc4000000-7fbbc47ec000 rw-p 00000000 00:00 0 
7fbbc47ec000-7fbbc8000000 ---p 00000000 00:00 0 
7fbbc8003000-7fbbc8004000 r--p 00000000 00:22 1663709                    /usr/lib/libXdamage.so.1.1.0
7fbbc8004000-7fbbc8005000 r-xp 00001000 00:22 1663709                    /usr/lib/libXdamage.so.1.1.0
7fbbc8005000-7fbbc8006000 r--p 00002000 00:22 1663709                    /usr/lib/libXdamage.so.1.1.0
7fbbc8006000-7fbbc8007000 r--p 00002000 00:22 1663709                    /usr/lib/libXdamage.so.1.1.0
7fbbc8007000-7fbbc8008000 rw-p 00003000 00:22 1663709                    /usr/lib/libXdamage.so.1.1.0
7fbbc8008000-7fbbc8010000 r--p 00000000 00:22 10096096                   /usr/lib/libpangoft2-1.0.so.0.5800.0
7fbbc8010000-7fbbc801f000 r-xp 00008000 00:22 10096096                   /usr/lib/libpangoft2-1.0.so.0.5800.0
7fbbc801f000-7fbbc8024000 r--p 00017000 00:22 10096096                   /usr/lib/libpangoft2-1.0.so.0.5800.0
7fbbc8024000-7fbbc8025000 r--p 0001c000 00:22 10096096                   /usr/lib/libpangoft2-1.0.so.0.5800.0
7fbbc8025000-7fbbc8026000 rw-p 0001d000 00:22 10096096                   /usr/lib/libpangoft2-1.0.so.0.5800.0
7fbbc8026000-7fbbc8027000 rw-p 00000000 00:00 0 
7fbbc8027000-7fbbc802b000 ---p 00000000 00:00 0 
7fbbc802b000-7fbbc8128000 rw-p 00000000 00:00 0 
7fbbc8128000-7fbbc812c000 ---p 00000000 00:00 0 
7fbbc812c000-7fbbc8228000 rw-p 00000000 00:00 0 
7fbbc822a000-7fbbc822c000 r--p 00000000 00:22 10090289                   /usr/lib/libexpat.so.1.12.2
7fbbc822c000-7fbbc824c000 r-xp 00002000 00:22 10090289                   /usr/lib/libexpat.so.1.12.2
7fbbc824c000-7fbbc8255000 r--p 00022000 00:22 10090289                   /usr/lib/libexpat.so.1.12.2
7fbbc8255000-7fbbc8257000 r--p 0002a000 00:22 10090289                   /usr/lib/libexpat.so.1.12.2
7fbbc8257000-7fbbc8258000 rw-p 0002c000 00:22 10090289                   /usr/lib/libexpat.so.1.12.2
7fbbc8258000-7fbbc8259000 rw-p 00000000 00:00 0 
7fbbc8259000-7fbbc825d000 ---p 00000000 00:00 0 
7fbbc825d000-7fbbc835a000 rw-p 00000000 00:00 0 
7fbbc835a000-7fbbc835e000 ---p 00000000 00:00 0 
7fbbc835e000-7fbbc845a000 rw-p 00000000 00:00 0 
7fbbc845a000-7fbbc8466000 r--p 00000000 00:22 5932547                    /usr/lib/libzstd.so.1.5.7
7fbbc8466000-7fbbc852d000 r-xp 0000c000 00:22 5932547                    /usr/lib/libzstd.so.1.5.7
7fbbc852d000-7fbbc853e000 r--p 000d3000 00:22 5932547                    /usr/lib/libzstd.so.1.5.7
7fbbc853e000-7fbbc853f000 r--p 000e4000 00:22 5932547                    /usr/lib/libzstd.so.1.5.7
7fbbc853f000-7fbbc8540000 rw-p 000e5000 00:22 5932547                    /usr/lib/libzstd.so.1.5.7
7fbbc8540000-7fbbc8541000 r--p 00000000 00:22 268364                     /usr/lib/libbrotlienc.so.1.2.0
7fbbc8541000-7fbbc85ae000 r-xp 00001000 00:22 268364                     /usr/lib/libbrotlienc.so.1.2.0
7fbbc85ae000-7fbbc85fe000 r--p 0006e000 00:22 268364                     /usr/lib/libbrotlienc.so.1.2.0
7fbbc85fe000-7fbbc85ff000 r--p 000bd000 00:22 268364                     /usr/lib/libbrotlienc.so.1.2.0
7fbbc85ff000-7fbbc8600000 rw-p 000be000 00:22 268364                     /usr/lib/libbrotlienc.so.1.2.0
7fbbc8600000-7fbbc8653000 r--p 00000000 00:22 9605042                    /usr/lib/libcrypto.so.3
7fbbc8653000-7fbbc89ff000 r-xp 00053000 00:22 9605042                    /usr/lib/libcrypto.so.3
7fbbc89ff000-7fbbc8b25000 r--p 003ff000 00:22 9605042                    /usr/lib/libcrypto.so.3
7fbbc8b25000-7fbbc8ba3000 r--p 00525000 00:22 9605042                    /usr/lib/libcrypto.so.3
7fbbc8ba3000-7fbbc8ba6000 rw-p 005a3000 00:22 9605042                    /usr/lib/libcrypto.so.3
7fbbc8ba6000-7fbbc8ba9000 rw-p 00000000 00:00 0 
7fbbc8bab000-7fbbc8bac000 r--p 00000000 00:22 8971019                    /usr/lib/libwayland-egl.so.1.25.0
7fbbc8bac000-7fbbc8bad000 r-xp 00001000 00:22 8971019                    /usr/lib/libwayland-egl.so.1.25.0
7fbbc8bad000-7fbbc8bae000 r--p 00002000 00:22 8971019                    /usr/lib/libwayland-egl.so.1.25.0
7fbbc8bae000-7fbbc8baf000 r--p 00002000 00:22 8971019                    /usr/lib/libwayland-egl.so.1.25.0
7fbbc8baf000-7fbbc8bb0000 rw-p 00003000 00:22 8971019                    /usr/lib/libwayland-egl.so.1.25.0
7fbbc8bb0000-7fbbc8bb5000 r--p 00000000 00:22 10096093                   /usr/lib/libpangocairo-1.0.so.0.5800.0
7fbbc8bb5000-7fbbc8bbe000 r-xp 00005000 00:22 10096093                   /usr/lib/libpangocairo-1.0.so.0.5800.0
7fbbc8bbe000-7fbbc8bc0000 r--p 0000e000 00:22 10096093                   /usr/lib/libpangocairo-1.0.so.0.5800.0
7fbbc8bc0000-7fbbc8bc1000 r--p 00010000 00:22 10096093                   /usr/lib/libpangocairo-1.0.so.0.5800.0
7fbbc8bc1000-7fbbc8bc2000 rw-p 00011000 00:22 10096093                   /usr/lib/libpangocairo-1.0.so.0.5800.0
7fbbc8bc2000-7fbbc8bc4000 r--p 00000000 00:22 9884                       /usr/lib/libbz2.so.1.0.8
7fbbc8bc4000-7fbbc8bd1000 r-xp 00002000 00:22 9884                       /usr/lib/libbz2.so.1.0.8
7fbbc8bd1000-7fbbc8bd3000 r--p 0000f000 00:22 9884                       /usr/lib/libbz2.so.1.0.8
7fbbc8bd3000-7fbbc8bd4000 r--p 00010000 00:22 9884                       /usr/lib/libbz2.so.1.0.8
7fbbc8bd4000-7fbbc8bd5000 rw-p 00011000 00:22 9884                       /usr/lib/libbz2.so.1.0.8
7fbbc8bd5000-7fbbc8be1000 r--p 00000000 00:22 10266                      /usr/lib/libxcb.so.1.1.0
7fbbc8be1000-7fbbc8bf5000 r-xp 0000c000 00:22 10266                      /usr/lib/libxcb.so.1.1.0
7fbbc8bf5000-7fbbc8bfe000 r--p 00020000 00:22 10266                      /usr/lib/libxcb.so.1.1.0
7fbbc8bfe000-7fbbc8bff000 r--p 00028000 00:22 10266                      /usr/lib/libxcb.so.1.1.0
7fbbc8bff000-7fbbc8c00000 rw-p 00029000 00:22 10266                      /usr/lib/libxcb.so.1.1.0
7fbbc8c00000-7fbbc9016000 r-xp 00000000 00:22 9500936                    /opt/simplex/lib/app/resources/libHSghc-prim-0.10.0-ghc9.6.3.so
7fbbc9016000-7fbbc9017000 ---p 00416000 00:22 9500936                    /opt/simplex/lib/app/resources/libHSghc-prim-0.10.0-ghc9.6.3.so
7fbbc9017000-7fbbc9018000 r--p 00416000 00:22 9500936                    /opt/simplex/lib/app/resources/libHSghc-prim-0.10.0-ghc9.6.3.so
7fbbc9018000-7fbbc90f7000 rw-p 00417000 00:22 9500936                    /opt/simplex/lib/app/resources/libHSghc-prim-0.10.0-ghc9.6.3.so
7fbbc90f9000-7fbbc90fb000 r--p 00000000 00:22 10089034                   /usr/lib/libgmodule-2.0.so.0.8800.2
7fbbc90fb000-7fbbc90fd000 r-xp 00002000 00:22 10089034                   /usr/lib/libgmodule-2.0.so.0.8800.2
7fbbc90fd000-7fbbc90fe000 r--p 00004000 00:22 10089034                   /usr/lib/libgmodule-2.0.so.0.8800.2
7fbbc90fe000-7fbbc90ff000 r--p 00004000 00:22 10089034                   /usr/lib/libgmodule-2.0.so.0.8800.2
7fbbc90ff000-7fbbc9100000 rw-p 00005000 00:22 10089034                   /usr/lib/libgmodule-2.0.so.0.8800.2
7fbbc9100000-7fbbc9102000 r--p 00000000 00:22 290724                     /usr/lib/libXfixes.so.3.1.0
7fbbc9102000-7fbbc9105000 r-xp 00002000 00:22 290724                     /usr/lib/libXfixes.so.3.1.0
7fbbc9105000-7fbbc9106000 r--p 00005000 00:22 290724                     /usr/lib/libXfixes.so.3.1.0
7fbbc9106000-7fbbc9107000 r--p 00005000 00:22 290724                     /usr/lib/libXfixes.so.3.1.0
7fbbc9107000-7fbbc9108000 rw-p 00006000 00:22 290724                     /usr/lib/libXfixes.so.3.1.0
7fbbc9108000-7fbbc910b000 r--p 00000000 00:22 116796                     /usr/lib/libXcursor.so.1.0.2
7fbbc910b000-7fbbc9111000 r-xp 00003000 00:22 116796                     /usr/lib/libXcursor.so.1.0.2
7fbbc9111000-7fbbc9113000 r--p 00009000 00:22 116796                     /usr/lib/libXcursor.so.1.0.2
7fbbc9113000-7fbbc9114000 r--p 0000a000 00:22 116796                     /usr/lib/libXcursor.so.1.0.2
7fbbc9114000-7fbbc9115000 rw-p 0000b000 00:22 116796                     /usr/lib/libXcursor.so.1.0.2
7fbbc9115000-7fbbc9116000 r--p 00000000 00:22 1663720                    /usr/lib/libXinerama.so.1.0.0
7fbbc9116000-7fbbc9117000 r-xp 00001000 00:22 1663720                    /usr/lib/libXinerama.so.1.0.0
7fbbc9117000-7fbbc9118000 r--p 00002000 00:22 1663720                    /usr/lib/libXinerama.so.1.0.0
7fbbc9118000-7fbbc9119000 r--p 00002000 00:22 1663720                    /usr/lib/libXinerama.so.1.0.0
7fbbc9119000-7fbbc911a000 rw-p 00003000 00:22 1663720                    /usr/lib/libXinerama.so.1.0.0
7fbbc911b000-7fbbc911d000 r--p 00000000 00:22 117521                     /usr/lib/libvorbisfile.so.3.3.8
7fbbc911d000-7fbbc9122000 r-xp 00002000 00:22 117521                     /usr/lib/libvorbisfile.so.3.3.8
7fbbc9122000-7fbbc9123000 r--p 00007000 00:22 117521                     /usr/lib/libvorbisfile.so.3.3.8
7fbbc9123000-7fbbc9124000 r--p 00007000 00:22 117521                     /usr/lib/libvorbisfile.so.3.3.8
7fbbc9124000-7fbbc9125000 rw-p 00008000 00:22 117521                     /usr/lib/libvorbisfile.so.3.3.8
7fbbc9125000-7fbbc9127000 r--p 00000000 00:22 333738                     /usr/lib/libcanberra-gtk3.so.0.1.9
7fbbc9127000-7fbbc9129000 r-xp 00002000 00:22 333738                     /usr/lib/libcanberra-gtk3.so.0.1.9
7fbbc9129000-7fbbc912a000 r--p 00004000 00:22 333738                     /usr/lib/libcanberra-gtk3.so.0.1.9
7fbbc912a000-7fbbc912b000 r--p 00004000 00:22 333738                     /usr/lib/libcanberra-gtk3.so.0.1.9
7fbbc912b000-7fbbc912c000 rw-p 00005000 00:22 333738                     /usr/lib/libcanberra-gtk3.so.0.1.9
7fbbc912c000-7fbbc912e000 r--p 00000000 00:22 333727                     /usr/lib/gtk-3.0/modules/libcanberra-gtk3-module.so
7fbbc912e000-7fbbc9131000 r-xp 00002000 00:22 333727                     /usr/lib/gtk-3.0/modules/libcanberra-gtk3-module.so
7fbbc9131000-7fbbc9132000 r--p 00005000 00:22 333727                     /usr/lib/gtk-3.0/modules/libcanberra-gtk3-module.so
7fbbc9132000-7fbbc9133000 r--p 00005000 00:22 333727                     /usr/lib/gtk-3.0/modules/libcanberra-gtk3-module.so
7fbbc9133000-7fbbc9134000 rw-p 00006000 00:22 333727                     /usr/lib/gtk-3.0/modules/libcanberra-gtk3-module.so
7fbbc9134000-7fbbc9137000 r--p 00000000 00:22 1675018                    /usr/lib/libgnomekbd.so.8.0.0
7fbbc9137000-7fbbc913a000 r-xp 00003000 00:22 1675018                    /usr/lib/libgnomekbd.so.8.0.0
7fbbc913a000-7fbbc913b000 r--p 00006000 00:22 1675018                    /usr/lib/libgnomekbd.so.8.0.0
7fbbc913b000-7fbbc913c000 r--p 00007000 00:22 1675018                    /usr/lib/libgnomekbd.so.8.0.0
7fbbc913c000-7fbbc913d000 rw-p 00008000 00:22 1675018                    /usr/lib/libgnomekbd.so.8.0.0
7fbbc913d000-7fbbc9145000 r--p 00000000 00:22 1675021                    /usr/lib/libgnomekbdui.so.8.0.0
7fbbc9145000-7fbbc914e000 r-xp 00008000 00:22 1675021                    /usr/lib/libgnomekbdui.so.8.0.0
7fbbc914e000-7fbbc9152000 r--p 00011000 00:22 1675021                    /usr/lib/libgnomekbdui.so.8.0.0
7fbbc9152000-7fbbc9153000 r--p 00015000 00:22 1675021                    /usr/lib/libgnomekbdui.so.8.0.0
7fbbc9153000-7fbbc9154000 rw-p 00016000 00:22 1675021                    /usr/lib/libgnomekbdui.so.8.0.0
7fbbc9154000-7fbbc9155000 r--p 00000000 00:22 336433                     /usr/lib/gtk-3.0/modules/libxapp-gtk3-module.so
7fbbc9155000-7fbbc9156000 r-xp 00001000 00:22 336433                     /usr/lib/gtk-3.0/modules/libxapp-gtk3-module.so
7fbbc9156000-7fbbc9157000 r--p 00002000 00:22 336433                     /usr/lib/gtk-3.0/modules/libxapp-gtk3-module.so
7fbbc9157000-7fbbc9158000 r--p 00002000 00:22 336433                     /usr/lib/gtk-3.0/modules/libxapp-gtk3-module.so
7fbbc9158000-7fbbc9159000 rw-p 00003000 00:22 336433                     /usr/lib/gtk-3.0/modules/libxapp-gtk3-module.so
7fbbc9159000-7fbbc916a000 r--p 00000000 00:22 5932587                    /usr/lib/libgmp.so.10.5.0
7fbbc916a000-7fbbc91e8000 r-xp 00011000 00:22 5932587                    /usr/lib/libgmp.so.10.5.0
7fbbc91e8000-7fbbc91fd000 r--p 0008f000 00:22 5932587                    /usr/lib/libgmp.so.10.5.0
7fbbc91fd000-7fbbc91ff000 r--p 000a3000 00:22 5932587                    /usr/lib/libgmp.so.10.5.0
7fbbc91ff000-7fbbc9200000 rw-p 000a5000 00:22 5932587                    /usr/lib/libgmp.so.10.5.0
7fbbc9200000-7fbbc9d19000 r-xp 00000000 00:22 9500886                    /opt/simplex/lib/app/resources/libHSbase-4.18.1.0-ghc9.6.3.so
7fbbc9d19000-7fbbc9d1a000 ---p 00b19000 00:22 9500886                    /opt/simplex/lib/app/resources/libHSbase-4.18.1.0-ghc9.6.3.so
7fbbc9d1a000-7fbbc9d1c000 r--p 00b19000 00:22 9500886                    /opt/simplex/lib/app/resources/libHSbase-4.18.1.0-ghc9.6.3.so
7fbbc9d1c000-7fbbc9dc7000 rw-p 00b1b000 00:22 9500886                    /opt/simplex/lib/app/resources/libHSbase-4.18.1.0-ghc9.6.3.so
7fbbc9dc8000-7fbbc9dcb000 r--p 00000000 00:22 9262718                    /usr/lib/libXi.so.6.1.0
7fbbc9dcb000-7fbbc9dd8000 r-xp 00003000 00:22 9262718                    /usr/lib/libXi.so.6.1.0
7fbbc9dd8000-7fbbc9ddb000 r--p 00010000 00:22 9262718                    /usr/lib/libXi.so.6.1.0
7fbbc9ddb000-7fbbc9ddc000 r--p 00012000 00:22 9262718                    /usr/lib/libXi.so.6.1.0
7fbbc9ddc000-7fbbc9ddd000 rw-p 00013000 00:22 9262718                    /usr/lib/libXi.so.6.1.0
7fbbc9ddd000-7fbbc9dde000 r--p 00000000 00:22 268358                     /usr/lib/libbrotlicommon.so.1.2.0
7fbbc9dde000-7fbbc9ddf000 r-xp 00001000 00:22 268358                     /usr/lib/libbrotlicommon.so.1.2.0
7fbbc9ddf000-7fbbc9dfe000 r--p 00002000 00:22 268358                     /usr/lib/libbrotlicommon.so.1.2.0
7fbbc9dfe000-7fbbc9dff000 r--p 00021000 00:22 268358                     /usr/lib/libbrotlicommon.so.1.2.0
7fbbc9dff000-7fbbc9e00000 rw-p 00022000 00:22 268358                     /usr/lib/libbrotlicommon.so.1.2.0
7fbbc9e00000-7fbbca171000 r-xp 00000000 00:22 9500991                    /opt/simplex/lib/app/resources/libHStemplate-haskell-2.20.0.0-ghc9.6.3.so
7fbbca171000-7fbbca172000 ---p 00371000 00:22 9500991                    /opt/simplex/lib/app/resources/libHStemplate-haskell-2.20.0.0-ghc9.6.3.so
7fbbca172000-7fbbca173000 r--p 00371000 00:22 9500991                    /opt/simplex/lib/app/resources/libHStemplate-haskell-2.20.0.0-ghc9.6.3.so
7fbbca173000-7fbbca1a9000 rw-p 00372000 00:22 9500991                    /opt/simplex/lib/app/resources/libHStemplate-haskell-2.20.0.0-ghc9.6.3.so
7fbbca1aa000-7fbbca1ac000 r--p 00000000 00:22 7067331                    /usr/lib/libXdmcp.so.6.0.0
7fbbca1ac000-7fbbca1ae000 r-xp 00002000 00:22 7067331                    /usr/lib/libXdmcp.so.6.0.0
7fbbca1ae000-7fbbca1b0000 r--p 00004000 00:22 7067331                    /usr/lib/libXdmcp.so.6.0.0
7fbbca1b0000-7fbbca1b1000 r--p 00005000 00:22 7067331                    /usr/lib/libXdmcp.so.6.0.0
7fbbca1b1000-7fbbca1b2000 rw-p 00006000 00:22 7067331                    /usr/lib/libXdmcp.so.6.0.0
7fbbca1b2000-7fbbca1b3000 r--p 00000000 00:22 268361                     /usr/lib/libbrotlidec.so.1.2.0
7fbbca1b3000-7fbbca1bc000 r-xp 00001000 00:22 268361                     /usr/lib/libbrotlidec.so.1.2.0
7fbbca1bc000-7fbbca1bf000 r--p 0000a000 00:22 268361                     /usr/lib/libbrotlidec.so.1.2.0
7fbbca1bf000-7fbbca1c0000 r--p 0000c000 00:22 268361                     /usr/lib/libbrotlidec.so.1.2.0
7fbbca1c0000-7fbbca1c1000 rw-p 0000d000 00:22 268361                     /usr/lib/libbrotlidec.so.1.2.0
7fbbca1c1000-7fbbca1c3000 r--p 00000000 00:22 116812                     /usr/lib/libXtst.so.6.1.0
7fbbca1c3000-7fbbca1c6000 r-xp 00002000 00:22 116812                     /usr/lib/libXtst.so.6.1.0
7fbbca1c6000-7fbbca1c7000 r--p 00005000 00:22 116812                     /usr/lib/libXtst.so.6.1.0
7fbbca1c7000-7fbbca1c8000 r--p 00005000 00:22 116812                     /usr/lib/libXtst.so.6.1.0
7fbbca1c8000-7fbbca1c9000 rw-p 00006000 00:22 116812                     /usr/lib/libXtst.so.6.1.0
7fbbca1c9000-7fbbca1cd000 r--p 00000000 00:22 1663633                    /usr/lib/libXext.so.6.4.0
7fbbca1cd000-7fbbca1d8000 r-xp 00004000 00:22 1663633                    /usr/lib/libXext.so.6.4.0
7fbbca1d8000-7fbbca1db000 r--p 0000f000 00:22 1663633                    /usr/lib/libXext.so.6.4.0
7fbbca1db000-7fbbca1dc000 r--p 00011000 00:22 1663633                    /usr/lib/libXext.so.6.4.0
7fbbca1dc000-7fbbca1dd000 rw-p 00012000 00:22 1663633                    /usr/lib/libXext.so.6.4.0
7fbbca1dd000-7fbbca1de000 rw-p 00000000 00:00 0 
7fbbca1de000-7fbbca1e2000 ---p 00000000 00:00 0 
7fbbca1e2000-7fbbca200000 rw-p 00000000 00:00 0 
7fbbca200000-7fbbca57b000 r-xp 00000000 00:22 9500905                    /opt/simplex/lib/app/resources/libHScontainers-0.6.7-ghc9.6.3.so
7fbbca57b000-7fbbca57c000 r--p 0037a000 00:22 9500905                    /opt/simplex/lib/app/resources/libHScontainers-0.6.7-ghc9.6.3.so
7fbbca57c000-7fbbca598000 rw-p 0037b000 00:22 9500905                    /opt/simplex/lib/app/resources/libHScontainers-0.6.7-ghc9.6.3.so
7fbbca598000-7fbbca59a000 r--p 00000000 00:22 116809                     /usr/lib/libXrender.so.1.3.0
7fbbca59a000-7fbbca5a1000 r-xp 00002000 00:22 116809                     /usr/lib/libXrender.so.1.3.0
7fbbca5a1000-7fbbca5a2000 r--p 00009000 00:22 116809                     /usr/lib/libXrender.so.1.3.0
7fbbca5a2000-7fbbca5a3000 r--p 00009000 00:22 116809                     /usr/lib/libXrender.so.1.3.0
7fbbca5a3000-7fbbca5a4000 rw-p 0000a000 00:22 116809                     /usr/lib/libXrender.so.1.3.0
7fbbca5a4000-7fbbca5a6000 r--p 00000000 00:22 9501028                    /opt/simplex/lib/app/resources/libffi.so.8
7fbbca5a6000-7fbbca5b5000 r-xp 00002000 00:22 9501028                    /opt/simplex/lib/app/resources/libffi.so.8
7fbbca5b5000-7fbbca5b7000 r--p 00011000 00:22 9501028                    /opt/simplex/lib/app/resources/libffi.so.8
7fbbca5b7000-7fbbca5b8000 r--p 00012000 00:22 9501028                    /opt/simplex/lib/app/resources/libffi.so.8
7fbbca5b8000-7fbbca5b9000 rw-p 00013000 00:22 9501028                    /opt/simplex/lib/app/resources/libffi.so.8
7fbbca5b9000-7fbbca65a000 r-xp 00000000 00:22 9500975                    /opt/simplex/lib/app/resources/libHSrts-1.0.2_thr-ghc9.6.3.so
7fbbca65a000-7fbbca65b000 ---p 000a1000 00:22 9500975                    /opt/simplex/lib/app/resources/libHSrts-1.0.2_thr-ghc9.6.3.so
7fbbca65b000-7fbbca65c000 r--p 000a1000 00:22 9500975                    /opt/simplex/lib/app/resources/libHSrts-1.0.2_thr-ghc9.6.3.so
7fbbca65c000-7fbbca664000 rw-p 000a2000 00:22 9500975                    /opt/simplex/lib/app/resources/libHSrts-1.0.2_thr-ghc9.6.3.so
7fbbca664000-7fbbca667000 rw-p 00000000 00:00 0 
7fbbca667000-7fbbca6b6000 r-xp 00000000 00:22 9500934                    /opt/simplex/lib/app/resources/libHSghc-bignum-1.3-ghc9.6.3.so
7fbbca6b6000-7fbbca6b7000 r--p 0004e000 00:22 9500934                    /opt/simplex/lib/app/resources/libHSghc-bignum-1.3-ghc9.6.3.so
7fbbca6b7000-7fbbca6bb000 rw-p 0004f000 00:22 9500934                    /opt/simplex/lib/app/resources/libHSghc-bignum-1.3-ghc9.6.3.so
7fbbca6bb000-7fbbca6f1000 r-xp 00000000 00:22 9500935                    /opt/simplex/lib/app/resources/libHSghc-boot-th-9.6.3-ghc9.6.3.so
7fbbca6f1000-7fbbca6f2000 ---p 00036000 00:22 9500935                    /opt/simplex/lib/app/resources/libHSghc-boot-th-9.6.3-ghc9.6.3.so
7fbbca6f2000-7fbbca6f3000 r--p 00036000 00:22 9500935                    /opt/simplex/lib/app/resources/libHSghc-boot-th-9.6.3-ghc9.6.3.so
7fbbca6f3000-7fbbca6fc000 rw-p 00037000 00:22 9500935                    /opt/simplex/lib/app/resources/libHSghc-boot-th-9.6.3-ghc9.6.3.so
7fbbca6fc000-7fbbca777000 r-xp 00000000 00:22 9500877                    /opt/simplex/lib/app/resources/libHSarray-0.5.5.0-ghc9.6.3.so
7fbbca777000-7fbbca778000 ---p 0007b000 00:22 9500877                    /opt/simplex/lib/app/resources/libHSarray-0.5.5.0-ghc9.6.3.so
7fbbca778000-7fbbca779000 r--p 0007b000 00:22 9500877                    /opt/simplex/lib/app/resources/libHSarray-0.5.5.0-ghc9.6.3.so
7fbbca779000-7fbbca77e000 rw-p 0007c000 00:22 9500877                    /opt/simplex/lib/app/resources/libHSarray-0.5.5.0-ghc9.6.3.so
7fbbca77e000-7fbbca8d0000 r-xp 00000000 00:22 9500896                    /opt/simplex/lib/app/resources/libHSbytestring-0.11.5.2-ghc9.6.3.so
7fbbca8d0000-7fbbca8d1000 r--p 00151000 00:22 9500896                    /opt/simplex/lib/app/resources/libHSbytestring-0.11.5.2-ghc9.6.3.so
7fbbca8d1000-7fbbca8e3000 rw-p 00152000 00:22 9500896                    /opt/simplex/lib/app/resources/libHSbytestring-0.11.5.2-ghc9.6.3.so
7fbbca8e3000-7fbbca9f4000 r-xp 00000000 00:22 9501005                    /opt/simplex/lib/app/resources/libHStransformers-0.6.1.0-ghc9.6.3.so
7fbbca9f4000-7fbbca9f5000 r--p 00110000 00:22 9501005                    /opt/simplex/lib/app/resources/libHStransformers-0.6.1.0-ghc9.6.3.so
7fbbca9f5000-7fbbcaa00000 rw-p 00111000 00:22 9501005                    /opt/simplex/lib/app/resources/libHStransformers-0.6.1.0-ghc9.6.3.so
7fbbcaa00000-7fbbcab13000 r--p 00000000 00:22 9500870                    /opt/simplex/lib/app/resources/libHSQuickCheck-2.14.3-42e7b27f0bb2b87c0930816285f53ba2bdf063e20fd76cc59871d58e800a849e-ghc9.6.3.so
7fbbcab13000-7fbbcabfb000 r-xp 00113000 00:22 9500870                    /opt/simplex/lib/app/resources/libHSQuickCheck-2.14.3-42e7b27f0bb2b87c0930816285f53ba2bdf063e20fd76cc59871d58e800a849e-ghc9.6.3.so
7fbbcabfb000-7fbbcabfe000 r--p 001fb000 00:22 9500870                    /opt/simplex/lib/app/resources/libHSQuickCheck-2.14.3-42e7b27f0bb2b87c0930816285f53ba2bdf063e20fd76cc59871d58e800a849e-ghc9.6.3.so
7fbbcabfe000-7fbbcac00000 r--p 001fd000 00:22 9500870                    /opt/simplex/lib/app/resources/libHSQuickCheck-2.14.3-42e7b27f0bb2b87c0930816285f53ba2bdf063e20fd76cc59871d58e800a849e-ghc9.6.3.so
7fbbcac00000-7fbbcac16000 rw-p 001ff000 00:22 9500870                    /opt/simplex/lib/app/resources/libHSQuickCheck-2.14.3-42e7b27f0bb2b87c0930816285f53ba2bdf063e20fd76cc59871d58e800a849e-ghc9.6.3.so
7fbbcac1a000-7fbbcac36000 r-xp 00000000 00:22 9500920                    /opt/simplex/lib/app/resources/libHSdeepseq-1.4.8.1-ghc9.6.3.so
7fbbcac36000-7fbbcac37000 ---p 0001c000 00:22 9500920                    /opt/simplex/lib/app/resources/libHSdeepseq-1.4.8.1-ghc9.6.3.so
7fbbcac37000-7fbbcac38000 r--p 0001c000 00:22 9500920                    /opt/simplex/lib/app/resources/libHSdeepseq-1.4.8.1-ghc9.6.3.so
7fbbcac38000-7fbbcac39000 rw-p 0001d000 00:22 9500920                    /opt/simplex/lib/app/resources/libHSdeepseq-1.4.8.1-ghc9.6.3.so
7fbbcac39000-7fbbcaca2000 r-xp 00000000 00:22 9500967                    /opt/simplex/lib/app/resources/libHSpretty-1.1.3.6-ghc9.6.3.so
7fbbcaca2000-7fbbcaca3000 ---p 00069000 00:22 9500967                    /opt/simplex/lib/app/resources/libHSpretty-1.1.3.6-ghc9.6.3.so
7fbbcaca3000-7fbbcaca4000 r--p 00069000 00:22 9500967                    /opt/simplex/lib/app/resources/libHSpretty-1.1.3.6-ghc9.6.3.so
7fbbcaca4000-7fbbcacac000 rw-p 0006a000 00:22 9500967                    /opt/simplex/lib/app/resources/libHSpretty-1.1.3.6-ghc9.6.3.so
7fbbcacac000-7fbbcacf8000 r-xp 00000000 00:22 9500955                    /opt/simplex/lib/app/resources/libHSmtl-2.3.1-ghc9.6.3.so
7fbbcacf8000-7fbbcacf9000 ---p 0004c000 00:22 9500955                    /opt/simplex/lib/app/resources/libHSmtl-2.3.1-ghc9.6.3.so
7fbbcacf9000-7fbbcacfa000 r--p 0004c000 00:22 9500955                    /opt/simplex/lib/app/resources/libHSmtl-2.3.1-ghc9.6.3.so
7fbbcacfa000-7fbbcacfd000 rw-p 0004d000 00:22 9500955                    /opt/simplex/lib/app/resources/libHSmtl-2.3.1-ghc9.6.3.so
7fbbcacfd000-7fbbcad0d000 r--p 00000000 00:22 9500984                    /opt/simplex/lib/app/resources/libHSsplitmix-0.1.0.5-4d43824a2aa15437e433f1a344653af933edf881ad9f72fc820c1c827832bfcb-ghc9.6.3.so
7fbbcad0d000-7fbbcad16000 r-xp 00010000 00:22 9500984                    /opt/simplex/lib/app/resources/libHSsplitmix-0.1.0.5-4d43824a2aa15437e433f1a344653af933edf881ad9f72fc820c1c827832bfcb-ghc9.6.3.so
7fbbcad16000-7fbbcad17000 r--p 00019000 00:22 9500984                    /opt/simplex/lib/app/resources/libHSsplitmix-0.1.0.5-4d43824a2aa15437e433f1a344653af933edf881ad9f72fc820c1c827832bfcb-ghc9.6.3.so
7fbbcad17000-7fbbcad18000 r--p 00019000 00:22 9500984                    /opt/simplex/lib/app/resources/libHSsplitmix-0.1.0.5-4d43824a2aa15437e433f1a344653af933edf881ad9f72fc820c1c827832bfcb-ghc9.6.3.so
7fbbcad18000-7fbbcad1a000 rw-p 0001a000 00:22 9500984                    /opt/simplex/lib/app/resources/libHSsplitmix-0.1.0.5-4d43824a2aa15437e433f1a344653af933edf881ad9f72fc820c1c827832bfcb-ghc9.6.3.so
7fbbcad1a000-7fbbcad73000 r--p 00000000 00:22 9500972                    /opt/simplex/lib/app/resources/libHSrandom-1.2.1.1-f75323201d1b45182ed9370fb261ee029c5dbe1b59bf181cffc1aadffc6d66a4-ghc9.6.3.so
7fbbcad73000-7fbbcadfe000 r-xp 00059000 00:22 9500972                    /opt/simplex/lib/app/resources/libHSrandom-1.2.1.1-f75323201d1b45182ed9370fb261ee029c5dbe1b59bf181cffc1aadffc6d66a4-ghc9.6.3.so
7fbbcadfe000-7fbbcadff000 r--p 000e4000 00:22 9500972                    /opt/simplex/lib/app/resources/libHSrandom-1.2.1.1-f75323201d1b45182ed9370fb261ee029c5dbe1b59bf181cffc1aadffc6d66a4-ghc9.6.3.so
7fbbcadff000-7fbbcae00000 ---p 000e5000 00:22 9500972                    /opt/simplex/lib/app/resources/libHSrandom-1.2.1.1-f75323201d1b45182ed9370fb261ee029c5dbe1b59bf181cffc1aadffc6d66a4-ghc9.6.3.so
7fbbcae00000-7fbbcae01000 r--p 000e5000 00:22 9500972                    /opt/simplex/lib/app/resources/libHSrandom-1.2.1.1-f75323201d1b45182ed9370fb261ee029c5dbe1b59bf181cffc1aadffc6d66a4-ghc9.6.3.so
7fbbcae01000-7fbbcae08000 rw-p 000e6000 00:22 9500972                    /opt/simplex/lib/app/resources/libHSrandom-1.2.1.1-f75323201d1b45182ed9370fb261ee029c5dbe1b59bf181cffc1aadffc6d66a4-ghc9.6.3.so
7fbbcae08000-7fbbcae25000 r-xp 00000000 00:22 9500986                    /opt/simplex/lib/app/resources/libHSstm-2.5.1.0-ghc9.6.3.so
7fbbcae25000-7fbbcae26000 ---p 0001d000 00:22 9500986                    /opt/simplex/lib/app/resources/libHSstm-2.5.1.0-ghc9.6.3.so
7fbbcae26000-7fbbcae27000 r--p 0001d000 00:22 9500986                    /opt/simplex/lib/app/resources/libHSstm-2.5.1.0-ghc9.6.3.so
7fbbcae27000-7fbbcae2a000 rw-p 0001e000 00:22 9500986                    /opt/simplex/lib/app/resources/libHSstm-2.5.1.0-ghc9.6.3.so
7fbbcae2a000-7fbbcae69000 r-xp 00000000 00:22 9500929                    /opt/simplex/lib/app/resources/libHSexceptions-0.10.7-ghc9.6.3.so
7fbbcae69000-7fbbcae6a000 r--p 0003e000 00:22 9500929                    /opt/simplex/lib/app/resources/libHSexceptions-0.10.7-ghc9.6.3.so
7fbbcae6a000-7fbbcae6e000 rw-p 0003f000 00:22 9500929                    /opt/simplex/lib/app/resources/libHSexceptions-0.10.7-ghc9.6.3.so
7fbbcae6e000-7fbbcaf25000 r-xp 00000000 00:22 9500932                    /opt/simplex/lib/app/resources/libHSfilepath-1.4.100.4-ghc9.6.3.so
7fbbcaf25000-7fbbcaf26000 r--p 000b6000 00:22 9500932                    /opt/simplex/lib/app/resources/libHSfilepath-1.4.100.4-ghc9.6.3.so
7fbbcaf26000-7fbbcaf32000 rw-p 000b7000 00:22 9500932                    /opt/simplex/lib/app/resources/libHSfilepath-1.4.100.4-ghc9.6.3.so
7fbbcaf32000-7fbbcaff8000 r-xp 00000000 00:22 9500891                    /opt/simplex/lib/app/resources/libHSbinary-0.8.9.1-ghc9.6.3.so
7fbbcaff8000-7fbbcaff9000 ---p 000c6000 00:22 9500891                    /opt/simplex/lib/app/resources/libHSbinary-0.8.9.1-ghc9.6.3.so
7fbbcaff9000-7fbbcaffa000 r--p 000c6000 00:22 9500891                    /opt/simplex/lib/app/resources/libHSbinary-0.8.9.1-ghc9.6.3.so
7fbbcaffa000-7fbbcb000000 rw-p 000c7000 00:22 9500891                    /opt/simplex/lib/app/resources/libHSbinary-0.8.9.1-ghc9.6.3.so
7fbbcb000000-7fbbcb2ef000 r-xp 00000000 00:22 9500993                    /opt/simplex/lib/app/resources/libHStext-2.0.2-ghc9.6.3.so
7fbbcb2ef000-7fbbcb2f0000 r--p 002ee000 00:22 9500993                    /opt/simplex/lib/app/resources/libHStext-2.0.2-ghc9.6.3.so
7fbbcb2f0000-7fbbcb308000 rw-p 002ef000 00:22 9500993                    /opt/simplex/lib/app/resources/libHStext-2.0.2-ghc9.6.3.so
7fbbcb309000-7fbbcb30a000 r--p 00000000 00:22 9847                       /usr/lib/libXau.so.6.0.0
7fbbcb30a000-7fbbcb30b000 r-xp 00001000 00:22 9847                       /usr/lib/libXau.so.6.0.0
7fbbcb30b000-7fbbcb30c000 r--p 00002000 00:22 9847                       /usr/lib/libXau.so.6.0.0
7fbbcb30c000-7fbbcb30d000 r--p 00002000 00:22 9847                       /usr/lib/libXau.so.6.0.0
7fbbcb30d000-7fbbcb30e000 rw-p 00003000 00:22 9847                       /usr/lib/libXau.so.6.0.0
7fbbcb30e000-7fbbcb342000 r--p 00000000 00:22 9500937                    /opt/simplex/lib/app/resources/libHShashable-1.4.3.0-98acfc8d400a5c987d553ee7033a1f0d4393f505a0071034b204862e7038d80e-ghc9.6.3.so
7fbbcb342000-7fbbcb361000 r-xp 00034000 00:22 9500937                    /opt/simplex/lib/app/resources/libHShashable-1.4.3.0-98acfc8d400a5c987d553ee7033a1f0d4393f505a0071034b204862e7038d80e-ghc9.6.3.so
7fbbcb361000-7fbbcb362000 r--p 00053000 00:22 9500937                    /opt/simplex/lib/app/resources/libHShashable-1.4.3.0-98acfc8d400a5c987d553ee7033a1f0d4393f505a0071034b204862e7038d80e-ghc9.6.3.so
7fbbcb362000-7fbbcb363000 r--p 00053000 00:22 9500937                    /opt/simplex/lib/app/resources/libHShashable-1.4.3.0-98acfc8d400a5c987d553ee7033a1f0d4393f505a0071034b204862e7038d80e-ghc9.6.3.so
7fbbcb363000-7fbbcb366000 rw-p 00054000 00:22 9500937                    /opt/simplex/lib/app/resources/libHShashable-1.4.3.0-98acfc8d400a5c987d553ee7033a1f0d4393f505a0071034b204862e7038d80e-ghc9.6.3.so
7fbbcb366000-7fbbcb37b000 r--p 00000000 00:22 9500925                    /opt/simplex/lib/app/resources/libHSdlist-1.0-19350425ea16e193b94f3155032af71150aa52f121d0da6d2b4a052ebe8b472e-ghc9.6.3.so
7fbbcb37b000-7fbbcb389000 r-xp 00015000 00:22 9500925                    /opt/simplex/lib/app/resources/libHSdlist-1.0-19350425ea16e193b94f3155032af71150aa52f121d0da6d2b4a052ebe8b472e-ghc9.6.3.so
7fbbcb389000-7fbbcb38a000 r--p 00023000 00:22 9500925                    /opt/simplex/lib/app/resources/libHSdlist-1.0-19350425ea16e193b94f3155032af71150aa52f121d0da6d2b4a052ebe8b472e-ghc9.6.3.so
7fbbcb38a000-7fbbcb38b000 r--p 00023000 00:22 9500925                    /opt/simplex/lib/app/resources/libHSdlist-1.0-19350425ea16e193b94f3155032af71150aa52f121d0da6d2b4a052ebe8b472e-ghc9.6.3.so
7fbbcb38b000-7fbbcb38d000 rw-p 00024000 00:22 9500925                    /opt/simplex/lib/app/resources/libHSdlist-1.0-19350425ea16e193b94f3155032af71150aa52f121d0da6d2b4a052ebe8b472e-ghc9.6.3.so
7fbbcb38d000-7fbbcb3c5000 r--p 00000000 00:22 9500941                    /opt/simplex/lib/app/resources/libHSindexed-traversable-0.1.3-5c151c51a16fe848251abf60409384564a48ba07895ffcc7c55051ccad6ef1c8-ghc9.6.3.so
7fbbcb3c5000-7fbbcb3ee000 r-xp 00038000 00:22 9500941                    /opt/simplex/lib/app/resources/libHSindexed-traversable-0.1.3-5c151c51a16fe848251abf60409384564a48ba07895ffcc7c55051ccad6ef1c8-ghc9.6.3.so
7fbbcb3ee000-7fbbcb3ef000 r--p 00061000 00:22 9500941                    /opt/simplex/lib/app/resources/libHSindexed-traversable-0.1.3-5c151c51a16fe848251abf60409384564a48ba07895ffcc7c55051ccad6ef1c8-ghc9.6.3.so
7fbbcb3ef000-7fbbcb3f0000 r--p 00061000 00:22 9500941                    /opt/simplex/lib/app/resources/libHSindexed-traversable-0.1.3-5c151c51a16fe848251abf60409384564a48ba07895ffcc7c55051ccad6ef1c8-ghc9.6.3.so
7fbbcb3f0000-7fbbcb3f3000 rw-p 00062000 00:22 9500941                    /opt/simplex/lib/app/resources/libHSindexed-traversable-0.1.3-5c151c51a16fe848251abf60409384564a48ba07895ffcc7c55051ccad6ef1c8-ghc9.6.3.so
7fbbcb3f3000-7fbbcb475000 r--p 00000000 00:22 9500969                    /opt/simplex/lib/app/resources/libHSprimitive-0.8.0.0-1668d91881d295d36b48f2796497f2026070412919828ab5bdf883bdf10dfdf1-ghc9.6.3.so
7fbbcb475000-7fbbcb4c6000 r-xp 00082000 00:22 9500969                    /opt/simplex/lib/app/resources/libHSprimitive-0.8.0.0-1668d91881d295d36b48f2796497f2026070412919828ab5bdf883bdf10dfdf1-ghc9.6.3.so
7fbbcb4c6000-7fbbcb4c8000 r--p 000d3000 00:22 9500969                    /opt/simplex/lib/app/resources/libHSprimitive-0.8.0.0-1668d91881d295d36b48f2796497f2026070412919828ab5bdf883bdf10dfdf1-ghc9.6.3.so
7fbbcb4c8000-7fbbcb4c9000 r--p 000d4000 00:22 9500969                    /opt/simplex/lib/app/resources/libHSprimitive-0.8.0.0-1668d91881d295d36b48f2796497f2026070412919828ab5bdf883bdf10dfdf1-ghc9.6.3.so
7fbbcb4c9000-7fbbcb4d6000 rw-p 000d5000 00:22 9500969                    /opt/simplex/lib/app/resources/libHSprimitive-0.8.0.0-1668d91881d295d36b48f2796497f2026070412919828ab5bdf883bdf10dfdf1-ghc9.6.3.so
7fbbcb4d6000-7fbbcb4e1000 r--p 00000000 00:22 9500945                    /opt/simplex/lib/app/resources/libHSinteger-logarithms-1.0.3.1-967596eee7d227357a19cc7ecdd12c181b8bbc7a88c7e90578ac5595d559b732-ghc9.6.3.so
7fbbcb4e1000-7fbbcb4f2000 r-xp 0000b000 00:22 9500945                    /opt/simplex/lib/app/resources/libHSinteger-logarithms-1.0.3.1-967596eee7d227357a19cc7ecdd12c181b8bbc7a88c7e90578ac5595d559b732-ghc9.6.3.so
7fbbcb4f2000-7fbbcb4f3000 r--p 0001c000 00:22 9500945                    /opt/simplex/lib/app/resources/libHSinteger-logarithms-1.0.3.1-967596eee7d227357a19cc7ecdd12c181b8bbc7a88c7e90578ac5595d559b732-ghc9.6.3.so
7fbbcb4f3000-7fbbcb4f4000 r--p 0001c000 00:22 9500945                    /opt/simplex/lib/app/resources/libHSinteger-logarithms-1.0.3.1-967596eee7d227357a19cc7ecdd12c181b8bbc7a88c7e90578ac5595d559b732-ghc9.6.3.so
7fbbcb4f4000-7fbbcb4f7000 rw-p 0001d000 00:22 9500945                    /opt/simplex/lib/app/resources/libHSinteger-logarithms-1.0.3.1-967596eee7d227357a19cc7ecdd12c181b8bbc7a88c7e90578ac5595d559b732-ghc9.6.3.so
7fbbcb4f7000-7fbbcb5e9000 r-xp 00000000 00:22 9500965                    /opt/simplex/lib/app/resources/libHSparsec-3.1.16.1-ghc9.6.3.so
7fbbcb5e9000-7fbbcb5ea000 ---p 000f2000 00:22 9500965                    /opt/simplex/lib/app/resources/libHSparsec-3.1.16.1-ghc9.6.3.so
7fbbcb5ea000-7fbbcb5eb000 r--p 000f2000 00:22 9500965                    /opt/simplex/lib/app/resources/libHSparsec-3.1.16.1-ghc9.6.3.so
7fbbcb5eb000-7fbbcb5f7000 rw-p 000f3000 00:22 9500965                    /opt/simplex/lib/app/resources/libHSparsec-3.1.16.1-ghc9.6.3.so
7fbbcb5f7000-7fbbcb619000 r--p 00000000 00:22 9500961                    /opt/simplex/lib/app/resources/libHSnetwork-uri-2.6.4.2-1b28555ec16212e9f20752fce0460b0baff485858922e9bd4f037e02858e9015-ghc9.6.3.so
7fbbcb619000-7fbbcb67b000 r-xp 00022000 00:22 9500961                    /opt/simplex/lib/app/resources/libHSnetwork-uri-2.6.4.2-1b28555ec16212e9f20752fce0460b0baff485858922e9bd4f037e02858e9015-ghc9.6.3.so
7fbbcb67b000-7fbbcb67c000 r--p 00084000 00:22 9500961                    /opt/simplex/lib/app/resources/libHSnetwork-uri-2.6.4.2-1b28555ec16212e9f20752fce0460b0baff485858922e9bd4f037e02858e9015-ghc9.6.3.so
7fbbcb67c000-7fbbcb67d000 r--p 00084000 00:22 9500961                    /opt/simplex/lib/app/resources/libHSnetwork-uri-2.6.4.2-1b28555ec16212e9f20752fce0460b0baff485858922e9bd4f037e02858e9015-ghc9.6.3.so
7fbbcb67d000-7fbbcb681000 rw-p 00085000 00:22 9500961                    /opt/simplex/lib/app/resources/libHSnetwork-uri-2.6.4.2-1b28555ec16212e9f20752fce0460b0baff485858922e9bd4f037e02858e9015-ghc9.6.3.so
7fbbcb681000-7fbbcb6a5000 r--p 00000000 00:22 9500977                    /opt/simplex/lib/app/resources/libHSscientific-0.3.7.0-7a07b5ac361675a639efba043eabeed19b465966ead7cf70752d089759ceb598-ghc9.6.3.so
7fbbcb6a5000-7fbbcb6db000 r-xp 00024000 00:22 9500977                    /opt/simplex/lib/app/resources/libHSscientific-0.3.7.0-7a07b5ac361675a639efba043eabeed19b465966ead7cf70752d089759ceb598-ghc9.6.3.so
7fbbcb6db000-7fbbcb6dc000 r--p 0005a000 00:22 9500977                    /opt/simplex/lib/app/resources/libHSscientific-0.3.7.0-7a07b5ac361675a639efba043eabeed19b465966ead7cf70752d089759ceb598-ghc9.6.3.so
7fbbcb6dc000-7fbbcb6dd000 ---p 0005b000 00:22 9500977                    /opt/simplex/lib/app/resources/libHSscientific-0.3.7.0-7a07b5ac361675a639efba043eabeed19b465966ead7cf70752d089759ceb598-ghc9.6.3.so
7fbbcb6dd000-7fbbcb6de000 r--p 0005b000 00:22 9500977                    /opt/simplex/lib/app/resources/libHSscientific-0.3.7.0-7a07b5ac361675a639efba043eabeed19b465966ead7cf70752d089759ceb598-ghc9.6.3.so
7fbbcb6de000-7fbbcb6e3000 rw-p 0005c000 00:22 9500977                    /opt/simplex/lib/app/resources/libHSscientific-0.3.7.0-7a07b5ac361675a639efba043eabeed19b465966ead7cf70752d089759ceb598-ghc9.6.3.so
7fbbcb6e3000-7fbbcb722000 r--p 00000000 00:22 9501015                    /opt/simplex/lib/app/resources/libHSunordered-containers-0.2.19.1-fe823f0c4c35e091e52d2033a63fb26d634c96f699768c5240411cca0b2d0108-ghc9.6.3.so
7fbbcb722000-7fbbcb7a2000 r-xp 0003f000 00:22 9501015                    /opt/simplex/lib/app/resources/libHSunordered-containers-0.2.19.1-fe823f0c4c35e091e52d2033a63fb26d634c96f699768c5240411cca0b2d0108-ghc9.6.3.so
7fbbcb7a2000-7fbbcb7a3000 r--p 000bf000 00:22 9501015                    /opt/simplex/lib/app/resources/libHSunordered-containers-0.2.19.1-fe823f0c4c35e091e52d2033a63fb26d634c96f699768c5240411cca0b2d0108-ghc9.6.3.so
7fbbcb7a3000-7fbbcb7a4000 ---p 000c0000 00:22 9501015                    /opt/simplex/lib/app/resources/libHSunordered-containers-0.2.19.1-fe823f0c4c35e091e52d2033a63fb26d634c96f699768c5240411cca0b2d0108-ghc9.6.3.so
7fbbcb7a4000-7fbbcb7a5000 r--p 000c0000 00:22 9501015                    /opt/simplex/lib/app/resources/libHSunordered-containers-0.2.19.1-fe823f0c4c35e091e52d2033a63fb26d634c96f699768c5240411cca0b2d0108-ghc9.6.3.so
7fbbcb7a5000-7fbbcb7aa000 rw-p 000c1000 00:22 9501015                    /opt/simplex/lib/app/resources/libHSunordered-containers-0.2.19.1-fe823f0c4c35e091e52d2033a63fb26d634c96f699768c5240411cca0b2d0108-ghc9.6.3.so
7fbbcb7aa000-7fbbcb7be000 r--p 00000000 00:22 9501021                    /opt/simplex/lib/app/resources/libHSvector-stream-0.1.0.0-cd544f2a524119b745a23e3409aa3f38b5d18471174a3ec15e48fdb0b32df517-ghc9.6.3.so
7fbbcb7be000-7fbbcb7fc000 r-xp 00014000 00:22 9501021                    /opt/simplex/lib/app/resources/libHSvector-stream-0.1.0.0-cd544f2a524119b745a23e3409aa3f38b5d18471174a3ec15e48fdb0b32df517-ghc9.6.3.so
7fbbcb7fc000-7fbbcb7fd000 r--p 00052000 00:22 9501021                    /opt/simplex/lib/app/resources/libHSvector-stream-0.1.0.0-cd544f2a524119b745a23e3409aa3f38b5d18471174a3ec15e48fdb0b32df517-ghc9.6.3.so
7fbbcb7fd000-7fbbcb7fe000 r--p 00052000 00:22 9501021                    /opt/simplex/lib/app/resources/libHSvector-stream-0.1.0.0-cd544f2a524119b745a23e3409aa3f38b5d18471174a3ec15e48fdb0b32df517-ghc9.6.3.so
7fbbcb7fe000-7fbbcb800000 rw-p 00053000 00:22 9501021                    /opt/simplex/lib/app/resources/libHSvector-stream-0.1.0.0-cd544f2a524119b745a23e3409aa3f38b5d18471174a3ec15e48fdb0b32df517-ghc9.6.3.so
7fbbcb800000-7fbbcb986000 r--p 00000000 00:22 9501019                    /opt/simplex/lib/app/resources/libHSvector-0.13.1.0-cf8a0ecaaaf2c3a8a67fd3a90b4673e394789ff172620844d9169dac0c285184-ghc9.6.3.so
7fbbcb986000-7fbbcbd18000 r-xp 00186000 00:22 9501019                    /opt/simplex/lib/app/resources/libHSvector-0.13.1.0-cf8a0ecaaaf2c3a8a67fd3a90b4673e394789ff172620844d9169dac0c285184-ghc9.6.3.so
7fbbcbd18000-7fbbcbd1a000 r--p 00518000 00:22 9501019                    /opt/simplex/lib/app/resources/libHSvector-0.13.1.0-cf8a0ecaaaf2c3a8a67fd3a90b4673e394789ff172620844d9169dac0c285184-ghc9.6.3.so
7fbbcbd1a000-7fbbcbd1b000 ---p 0051a000 00:22 9501019                    /opt/simplex/lib/app/resources/libHSvector-0.13.1.0-cf8a0ecaaaf2c3a8a67fd3a90b4673e394789ff172620844d9169dac0c285184-ghc9.6.3.so
7fbbcbd1b000-7fbbcbd1c000 r--p 0051a000 00:22 9501019                    /opt/simplex/lib/app/resources/libHSvector-0.13.1.0-cf8a0ecaaaf2c3a8a67fd3a90b4673e394789ff172620844d9169dac0c285184-ghc9.6.3.so
7fbbcbd1c000-7fbbcbd4a000 rw-p 0051b000 00:22 9501019                    /opt/simplex/lib/app/resources/libHSvector-0.13.1.0-cf8a0ecaaaf2c3a8a67fd3a90b4673e394789ff172620844d9169dac0c285184-ghc9.6.3.so
7fbbcbd4d000-7fbbcbd5c000 r--p 00000000 00:22 9500919                    /opt/simplex/lib/app/resources/libHSdata-fix-0.3.2-4404532ec4620d7c25dfbde142be7414df2f51c7512f2c63e2cf5ae3482c5071-ghc9.6.3.so
7fbbcbd5c000-7fbbcbd66000 r-xp 0000f000 00:22 9500919                    /opt/simplex/lib/app/resources/libHSdata-fix-0.3.2-4404532ec4620d7c25dfbde142be7414df2f51c7512f2c63e2cf5ae3482c5071-ghc9.6.3.so
7fbbcbd66000-7fbbcbd67000 r--p 00019000 00:22 9500919                    /opt/simplex/lib/app/resources/libHSdata-fix-0.3.2-4404532ec4620d7c25dfbde142be7414df2f51c7512f2c63e2cf5ae3482c5071-ghc9.6.3.so
7fbbcbd67000-7fbbcbd68000 r--p 00019000 00:22 9500919                    /opt/simplex/lib/app/resources/libHSdata-fix-0.3.2-4404532ec4620d7c25dfbde142be7414df2f51c7512f2c63e2cf5ae3482c5071-ghc9.6.3.so
7fbbcbd68000-7fbbcbd69000 rw-p 0001a000 00:22 9500919                    /opt/simplex/lib/app/resources/libHSdata-fix-0.3.2-4404532ec4620d7c25dfbde142be7414df2f51c7512f2c63e2cf5ae3482c5071-ghc9.6.3.so
7fbbcbd69000-7fbbcbd85000 r--p 00000000 00:22 9500990                    /opt/simplex/lib/app/resources/libHStagged-0.8.8-245207977ddabd2449b4b7811802701130827478b7f71185ea9f91ae936b7797-ghc9.6.3.so
7fbbcbd85000-7fbbcbd94000 r-xp 0001c000 00:22 9500990                    /opt/simplex/lib/app/resources/libHStagged-0.8.8-245207977ddabd2449b4b7811802701130827478b7f71185ea9f91ae936b7797-ghc9.6.3.so
7fbbcbd94000-7fbbcbd95000 r--p 0002b000 00:22 9500990                    /opt/simplex/lib/app/resources/libHStagged-0.8.8-245207977ddabd2449b4b7811802701130827478b7f71185ea9f91ae936b7797-ghc9.6.3.so
7fbbcbd95000-7fbbcbd96000 r--p 0002b000 00:22 9500990                    /opt/simplex/lib/app/resources/libHStagged-0.8.8-245207977ddabd2449b4b7811802701130827478b7f71185ea9f91ae936b7797-ghc9.6.3.so
7fbbcbd96000-7fbbcbd98000 rw-p 0002c000 00:22 9500990                    /opt/simplex/lib/app/resources/libHStagged-0.8.8-245207977ddabd2449b4b7811802701130827478b7f71185ea9f91ae936b7797-ghc9.6.3.so
7fbbcbd98000-7fbbcbdaa000 r--p 00000000 00:22 9500924                    /opt/simplex/lib/app/resources/libHSdistributive-0.6.2.1-424d6f2381d9c9b4606d8ef373e84068158bda1024a3a03ef04f8b94e363236b-ghc9.6.3.so
7fbbcbdaa000-7fbbcbdb6000 r-xp 00012000 00:22 9500924                    /opt/simplex/lib/app/resources/libHSdistributive-0.6.2.1-424d6f2381d9c9b4606d8ef373e84068158bda1024a3a03ef04f8b94e363236b-ghc9.6.3.so
7fbbcbdb6000-7fbbcbdb7000 r--p 0001e000 00:22 9500924                    /opt/simplex/lib/app/resources/libHSdistributive-0.6.2.1-424d6f2381d9c9b4606d8ef373e84068158bda1024a3a03ef04f8b94e363236b-ghc9.6.3.so
7fbbcbdb7000-7fbbcbdb8000 r--p 0001e000 00:22 9500924                    /opt/simplex/lib/app/resources/libHSdistributive-0.6.2.1-424d6f2381d9c9b4606d8ef373e84068158bda1024a3a03ef04f8b94e363236b-ghc9.6.3.so
7fbbcbdb8000-7fbbcbdb9000 rw-p 0001f000 00:22 9500924                    /opt/simplex/lib/app/resources/libHSdistributive-0.6.2.1-424d6f2381d9c9b4606d8ef373e84068158bda1024a3a03ef04f8b94e363236b-ghc9.6.3.so
7fbbcbdb9000-7fbbcbdfb000 r--p 00000000 00:22 9501007                    /opt/simplex/lib/app/resources/libHStransformers-compat-0.7.2-25923a9ee3488abd71a022b0310fa410647c6ac733dd896576b6e366ef80fd82-ghc9.6.3.so
7fbbcbdfb000-7fbbcbe14000 r-xp 00042000 00:22 9501007                    /opt/simplex/lib/app/resources/libHStransformers-compat-0.7.2-25923a9ee3488abd71a022b0310fa410647c6ac733dd896576b6e366ef80fd82-ghc9.6.3.so
7fbbcbe14000-7fbbcbe16000 r--p 0005b000 00:22 9501007                    /opt/simplex/lib/app/resources/libHStransformers-compat-0.7.2-25923a9ee3488abd71a022b0310fa410647c6ac733dd896576b6e366ef80fd82-ghc9.6.3.so
7fbbcbe16000-7fbbcbe17000 r--p 0005c000 00:22 9501007                    /opt/simplex/lib/app/resources/libHStransformers-compat-0.7.2-25923a9ee3488abd71a022b0310fa410647c6ac733dd896576b6e366ef80fd82-ghc9.6.3.so
7fbbcbe17000-7fbbcbe1c000 rw-p 0005d000 00:22 9501007                    /opt/simplex/lib/app/resources/libHStransformers-compat-0.7.2-25923a9ee3488abd71a022b0310fa410647c6ac733dd896576b6e366ef80fd82-ghc9.6.3.so
7fbbcbe1c000-7fbbcbe4b000 r--p 00000000 00:22 9500900                    /opt/simplex/lib/app/resources/libHScomonad-5.0.8-db6fdc8475375a8088bde8f5f0a18ec7839b5f7135bfd4a1b039ae844bb9f9f7-ghc9.6.3.so
7fbbcbe4b000-7fbbcbe67000 r-xp 0002f000 00:22 9500900                    /opt/simplex/lib/app/resources/libHScomonad-5.0.8-db6fdc8475375a8088bde8f5f0a18ec7839b5f7135bfd4a1b039ae844bb9f9f7-ghc9.6.3.so
7fbbcbe67000-7fbbcbe68000 r--p 0004b000 00:22 9500900                    /opt/simplex/lib/app/resources/libHScomonad-5.0.8-db6fdc8475375a8088bde8f5f0a18ec7839b5f7135bfd4a1b039ae844bb9f9f7-ghc9.6.3.so
7fbbcbe68000-7fbbcbe69000 r--p 0004b000 00:22 9500900                    /opt/simplex/lib/app/resources/libHScomonad-5.0.8-db6fdc8475375a8088bde8f5f0a18ec7839b5f7135bfd4a1b039ae844bb9f9f7-ghc9.6.3.so
7fbbcbe69000-7fbbcbe6c000 rw-p 0004c000 00:22 9500900                    /opt/simplex/lib/app/resources/libHScomonad-5.0.8-db6fdc8475375a8088bde8f5f0a18ec7839b5f7135bfd4a1b039ae844bb9f9f7-ghc9.6.3.so
7fbbcbe6c000-7fbbcbeb8000 r--p 00000000 00:22 9500996                    /opt/simplex/lib/app/resources/libHSth-abstraction-0.6.0.0-4b7fd6ddae43ee14f43798c73010233dd357bc47de41458d8a4e4c8fc084082b-ghc9.6.3.so
7fbbcbeb8000-7fbbcbeff000 r-xp 0004c000 00:22 9500996                    /opt/simplex/lib/app/resources/libHSth-abstraction-0.6.0.0-4b7fd6ddae43ee14f43798c73010233dd357bc47de41458d8a4e4c8fc084082b-ghc9.6.3.so
7fbbcbeff000-7fbbcbf01000 r--p 00093000 00:22 9500996                    /opt/simplex/lib/app/resources/libHSth-abstraction-0.6.0.0-4b7fd6ddae43ee14f43798c73010233dd357bc47de41458d8a4e4c8fc084082b-ghc9.6.3.so
7fbbcbf01000-7fbbcbf02000 ---p 00095000 00:22 9500996                    /opt/simplex/lib/app/resources/libHSth-abstraction-0.6.0.0-4b7fd6ddae43ee14f43798c73010233dd357bc47de41458d8a4e4c8fc084082b-ghc9.6.3.so
7fbbcbf02000-7fbbcbf03000 r--p 00095000 00:22 9500996                    /opt/simplex/lib/app/resources/libHSth-abstraction-0.6.0.0-4b7fd6ddae43ee14f43798c73010233dd357bc47de41458d8a4e4c8fc084082b-ghc9.6.3.so
7fbbcbf03000-7fbbcbf0a000 rw-p 00096000 00:22 9500996                    /opt/simplex/lib/app/resources/libHSth-abstraction-0.6.0.0-4b7fd6ddae43ee14f43798c73010233dd357bc47de41458d8a4e4c8fc084082b-ghc9.6.3.so
7fbbcbf0a000-7fbbcbfd0000 r--p 00000000 00:22 9500890                    /opt/simplex/lib/app/resources/libHSbifunctors-5.6.1-821163cc03fae21b74f29dca370e811f63a65f46c62cfe96d1425caa200f3c5c-ghc9.6.3.so
7fbbcbfd0000-7fbbcc071000 r-xp 000c6000 00:22 9500890                    /opt/simplex/lib/app/resources/libHSbifunctors-5.6.1-821163cc03fae21b74f29dca370e811f63a65f46c62cfe96d1425caa200f3c5c-ghc9.6.3.so
7fbbcc071000-7fbbcc073000 r--p 00167000 00:22 9500890                    /opt/simplex/lib/app/resources/libHSbifunctors-5.6.1-821163cc03fae21b74f29dca370e811f63a65f46c62cfe96d1425caa200f3c5c-ghc9.6.3.so
7fbbcc073000-7fbbcc074000 ---p 00169000 00:22 9500890                    /opt/simplex/lib/app/resources/libHSbifunctors-5.6.1-821163cc03fae21b74f29dca370e811f63a65f46c62cfe96d1425caa200f3c5c-ghc9.6.3.so
7fbbcc074000-7fbbcc075000 r--p 00169000 00:22 9500890                    /opt/simplex/lib/app/resources/libHSbifunctors-5.6.1-821163cc03fae21b74f29dca370e811f63a65f46c62cfe96d1425caa200f3c5c-ghc9.6.3.so
7fbbcc075000-7fbbcc084000 rw-p 0016a000 00:22 9500890                    /opt/simplex/lib/app/resources/libHSbifunctors-5.6.1-821163cc03fae21b74f29dca370e811f63a65f46c62cfe96d1425caa200f3c5c-ghc9.6.3.so
7fbbcc084000-7fbbcc13a000 r--p 00000000 00:22 9500979                    /opt/simplex/lib/app/resources/libHSsemigroupoids-6.0.0.1-d56f88db2e1891ee087502046796957cae68c5b2ce657ace8f34eccdd8b0241a-ghc9.6.3.so
7fbbcc13a000-7fbbcc1a6000 r-xp 000b6000 00:22 9500979                    /opt/simplex/lib/app/resources/libHSsemigroupoids-6.0.0.1-d56f88db2e1891ee087502046796957cae68c5b2ce657ace8f34eccdd8b0241a-ghc9.6.3.so
7fbbcc1a6000-7fbbcc1a7000 r--p 00122000 00:22 9500979                    /opt/simplex/lib/app/resources/libHSsemigroupoids-6.0.0.1-d56f88db2e1891ee087502046796957cae68c5b2ce657ace8f34eccdd8b0241a-ghc9.6.3.so
7fbbcc1a7000-7fbbcc1a8000 ---p 00123000 00:22 9500979                    /opt/simplex/lib/app/resources/libHSsemigroupoids-6.0.0.1-d56f88db2e1891ee087502046796957cae68c5b2ce657ace8f34eccdd8b0241a-ghc9.6.3.so
7fbbcc1a8000-7fbbcc1a9000 r--p 00123000 00:22 9500979                    /opt/simplex/lib/app/resources/libHSsemigroupoids-6.0.0.1-d56f88db2e1891ee087502046796957cae68c5b2ce657ace8f34eccdd8b0241a-ghc9.6.3.so
7fbbcc1a9000-7fbbcc1b1000 rw-p 00124000 00:22 9500979                    /opt/simplex/lib/app/resources/libHSsemigroupoids-6.0.0.1-d56f88db2e1891ee087502046796957cae68c5b2ce657ace8f34eccdd8b0241a-ghc9.6.3.so
7fbbcc1b1000-7fbbcc1d9000 r--p 00000000 00:22 9501000                    /opt/simplex/lib/app/resources/libHSthese-1.2-3b1f6a11eac936dc57ccf3a6f07e8171cab1162bd8998b3ed3f34a6961b31092-ghc9.6.3.so
7fbbcc1d9000-7fbbcc1fe000 r-xp 00028000 00:22 9501000                    /opt/simplex/lib/app/resources/libHSthese-1.2-3b1f6a11eac936dc57ccf3a6f07e8171cab1162bd8998b3ed3f34a6961b31092-ghc9.6.3.so
7fbbcc1fe000-7fbbcc1ff000 r--p 0004d000 00:22 9501000                    /opt/simplex/lib/app/resources/libHSthese-1.2-3b1f6a11eac936dc57ccf3a6f07e8171cab1162bd8998b3ed3f34a6961b31092-ghc9.6.3.so
7fbbcc1ff000-7fbbcc200000 r--p 0004d000 00:22 9501000                    /opt/simplex/lib/app/resources/libHSthese-1.2-3b1f6a11eac936dc57ccf3a6f07e8171cab1162bd8998b3ed3f34a6961b31092-ghc9.6.3.so
7fbbcc200000-7fbbcc203000 rw-p 0004e000 00:22 9501000                    /opt/simplex/lib/app/resources/libHSthese-1.2-3b1f6a11eac936dc57ccf3a6f07e8171cab1162bd8998b3ed3f34a6961b31092-ghc9.6.3.so
7fbbcc203000-7fbbcc23c000 r--p 00000000 00:22 9500978                    /opt/simplex/lib/app/resources/libHSsemialign-1.3-99ac2e818d746a6df401718f0e74d0c6627f6b1f9a710e172a601f5dd48242ec-ghc9.6.3.so
7fbbcc23c000-7fbbcc26c000 r-xp 00039000 00:22 9500978                    /opt/simplex/lib/app/resources/libHSsemialign-1.3-99ac2e818d746a6df401718f0e74d0c6627f6b1f9a710e172a601f5dd48242ec-ghc9.6.3.so
7fbbcc26c000-7fbbcc26d000 r--p 00069000 00:22 9500978                    /opt/simplex/lib/app/resources/libHSsemialign-1.3-99ac2e818d746a6df401718f0e74d0c6627f6b1f9a710e172a601f5dd48242ec-ghc9.6.3.so
7fbbcc26d000-7fbbcc26e000 ---p 0006a000 00:22 9500978                    /opt/simplex/lib/app/resources/libHSsemialign-1.3-99ac2e818d746a6df401718f0e74d0c6627f6b1f9a710e172a601f5dd48242ec-ghc9.6.3.so
7fbbcc26e000-7fbbcc26f000 r--p 0006a000 00:22 9500978                    /opt/simplex/lib/app/resources/libHSsemialign-1.3-99ac2e818d746a6df401718f0e74d0c6627f6b1f9a710e172a601f5dd48242ec-ghc9.6.3.so
7fbbcc26f000-7fbbcc273000 rw-p 0006b000 00:22 9500978                    /opt/simplex/lib/app/resources/libHSsemialign-1.3-99ac2e818d746a6df401718f0e74d0c6627f6b1f9a710e172a601f5dd48242ec-ghc9.6.3.so
7fbbcc273000-7fbbcc3e2000 r-xp 00000000 00:22 9501001                    /opt/simplex/lib/app/resources/libHStime-1.12.2-ghc9.6.3.so
7fbbcc3e2000-7fbbcc3e3000 ---p 0016f000 00:22 9501001                    /opt/simplex/lib/app/resources/libHStime-1.12.2-ghc9.6.3.so
7fbbcc3e3000-7fbbcc3e4000 r--p 0016f000 00:22 9501001                    /opt/simplex/lib/app/resources/libHStime-1.12.2-ghc9.6.3.so
7fbbcc3e4000-7fbbcc400000 rw-p 00170000 00:22 9501001                    /opt/simplex/lib/app/resources/libHStime-1.12.2-ghc9.6.3.so
7fbbcc400000-7fbbcc62c000 r--p 00000000 00:22 9500872                    /opt/simplex/lib/app/resources/libHSaeson-2.2.1.0-cf52746d31b8346dfd448c16593c61264a0cdb15506adcbb2603cfff8af08098-ghc9.6.3.so
7fbbcc62c000-7fbbcc91b000 r-xp 0022c000 00:22 9500872                    /opt/simplex/lib/app/resources/libHSaeson-2.2.1.0-cf52746d31b8346dfd448c16593c61264a0cdb15506adcbb2603cfff8af08098-ghc9.6.3.so
7fbbcc91b000-7fbbcc922000 r--p 0051b000 00:22 9500872                    /opt/simplex/lib/app/resources/libHSaeson-2.2.1.0-cf52746d31b8346dfd448c16593c61264a0cdb15506adcbb2603cfff8af08098-ghc9.6.3.so
7fbbcc922000-7fbbcc923000 ---p 00522000 00:22 9500872                    /opt/simplex/lib/app/resources/libHSaeson-2.2.1.0-cf52746d31b8346dfd448c16593c61264a0cdb15506adcbb2603cfff8af08098-ghc9.6.3.so
7fbbcc923000-7fbbcc925000 r--p 00522000 00:22 9500872                    /opt/simplex/lib/app/resources/libHSaeson-2.2.1.0-cf52746d31b8346dfd448c16593c61264a0cdb15506adcbb2603cfff8af08098-ghc9.6.3.so
7fbbcc925000-7fbbcc956000 rw-p 00524000 00:22 9500872                    /opt/simplex/lib/app/resources/libHSaeson-2.2.1.0-cf52746d31b8346dfd448c16593c61264a0cdb15506adcbb2603cfff8af08098-ghc9.6.3.so
7fbbcc95a000-7fbbcc95e000 r--p 00000000 00:22 9500943                    /opt/simplex/lib/app/resources/libHSinteger-conversion-0.1.0.1-2601c7292b651aa00336b33dba37461eb02d4288e078d53e9050188c4a03e67f-ghc9.6.3.so
7fbbcc95e000-7fbbcc961000 r-xp 00004000 00:22 9500943                    /opt/simplex/lib/app/resources/libHSinteger-conversion-0.1.0.1-2601c7292b651aa00336b33dba37461eb02d4288e078d53e9050188c4a03e67f-ghc9.6.3.so
7fbbcc961000-7fbbcc962000 r--p 00007000 00:22 9500943                    /opt/simplex/lib/app/resources/libHSinteger-conversion-0.1.0.1-2601c7292b651aa00336b33dba37461eb02d4288e078d53e9050188c4a03e67f-ghc9.6.3.so
7fbbcc962000-7fbbcc963000 r--p 00007000 00:22 9500943                    /opt/simplex/lib/app/resources/libHSinteger-conversion-0.1.0.1-2601c7292b651aa00336b33dba37461eb02d4288e078d53e9050188c4a03e67f-ghc9.6.3.so
7fbbcc963000-7fbbcc964000 rw-p 00008000 00:22 9500943                    /opt/simplex/lib/app/resources/libHSinteger-conversion-0.1.0.1-2601c7292b651aa00336b33dba37461eb02d4288e078d53e9050188c4a03e67f-ghc9.6.3.so
7fbbcc964000-7fbbcc96f000 r--p 00000000 00:22 9500997                    /opt/simplex/lib/app/resources/libHSth-compat-0.1.4-0067826cccf2ecd73fb3b4a3646f25bf76c4c0471063cc62f191ddab844b4926-ghc9.6.3.so
7fbbcc96f000-7fbbcc971000 r-xp 0000b000 00:22 9500997                    /opt/simplex/lib/app/resources/libHSth-compat-0.1.4-0067826cccf2ecd73fb3b4a3646f25bf76c4c0471063cc62f191ddab844b4926-ghc9.6.3.so
7fbbcc971000-7fbbcc972000 r--p 0000d000 00:22 9500997                    /opt/simplex/lib/app/resources/libHSth-compat-0.1.4-0067826cccf2ecd73fb3b4a3646f25bf76c4c0471063cc62f191ddab844b4926-ghc9.6.3.so
7fbbcc972000-7fbbcc973000 r--p 0000d000 00:22 9500997                    /opt/simplex/lib/app/resources/libHSth-compat-0.1.4-0067826cccf2ecd73fb3b4a3646f25bf76c4c0471063cc62f191ddab844b4926-ghc9.6.3.so
7fbbcc973000-7fbbcc975000 rw-p 0000e000 00:22 9500997                    /opt/simplex/lib/app/resources/libHSth-compat-0.1.4-0067826cccf2ecd73fb3b4a3646f25bf76c4c0471063cc62f191ddab844b4926-ghc9.6.3.so
7fbbcc975000-7fbbcc9bf000 r--p 00000000 00:22 9500989                    /opt/simplex/lib/app/resources/libHSstrict-0.5-1a0c8f31aff2b2f1a8ae2f87d1569e7d08ca311d4a6f56f8f2ee0b62023ef159-ghc9.6.3.so
7fbbcc9bf000-7fbbcc9f8000 r-xp 0004a000 00:22 9500989                    /opt/simplex/lib/app/resources/libHSstrict-0.5-1a0c8f31aff2b2f1a8ae2f87d1569e7d08ca311d4a6f56f8f2ee0b62023ef159-ghc9.6.3.so
7fbbcc9f8000-7fbbcc9f9000 r--p 00083000 00:22 9500989                    /opt/simplex/lib/app/resources/libHSstrict-0.5-1a0c8f31aff2b2f1a8ae2f87d1569e7d08ca311d4a6f56f8f2ee0b62023ef159-ghc9.6.3.so
7fbbcc9f9000-7fbbcc9fa000 r--p 00083000 00:22 9500989                    /opt/simplex/lib/app/resources/libHSstrict-0.5-1a0c8f31aff2b2f1a8ae2f87d1569e7d08ca311d4a6f56f8f2ee0b62023ef159-ghc9.6.3.so
7fbbcc9fa000-7fbbcca00000 rw-p 00084000 00:22 9500989                    /opt/simplex/lib/app/resources/libHSstrict-0.5-1a0c8f31aff2b2f1a8ae2f87d1569e7d08ca311d4a6f56f8f2ee0b62023ef159-ghc9.6.3.so
7fbbcca00000-7fbbcca58000 r--p 00000000 00:22 9500883                    /opt/simplex/lib/app/resources/libHSattoparsec-0.14.4-4f4ea7336683751fc7ddafd5d6b7f267d5cd03d53ffa54f447c4d22956ac93d0-ghc9.6.3.so
7fbbcca58000-7fbbccc18000 r-xp 00058000 00:22 9500883                    /opt/simplex/lib/app/resources/libHSattoparsec-0.14.4-4f4ea7336683751fc7ddafd5d6b7f267d5cd03d53ffa54f447c4d22956ac93d0-ghc9.6.3.so
7fbbccc18000-7fbbccc19000 r--p 00218000 00:22 9500883                    /opt/simplex/lib/app/resources/libHSattoparsec-0.14.4-4f4ea7336683751fc7ddafd5d6b7f267d5cd03d53ffa54f447c4d22956ac93d0-ghc9.6.3.so
7fbbccc19000-7fbbccc1a000 ---p 00219000 00:22 9500883                    /opt/simplex/lib/app/resources/libHSattoparsec-0.14.4-4f4ea7336683751fc7ddafd5d6b7f267d5cd03d53ffa54f447c4d22956ac93d0-ghc9.6.3.so
7fbbccc1a000-7fbbccc1b000 r--p 00219000 00:22 9500883                    /opt/simplex/lib/app/resources/libHSattoparsec-0.14.4-4f4ea7336683751fc7ddafd5d6b7f267d5cd03d53ffa54f447c4d22956ac93d0-ghc9.6.3.so
7fbbccc1b000-7fbbccc25000 rw-p 0021a000 00:22 9500883                    /opt/simplex/lib/app/resources/libHSattoparsec-0.14.4-4f4ea7336683751fc7ddafd5d6b7f267d5cd03d53ffa54f447c4d22956ac93d0-ghc9.6.3.so
7fbbccc29000-7fbbccc30000 r--p 00000000 00:22 9500942                    /opt/simplex/lib/app/resources/libHSindexed-traversable-instances-0.1.1.2-e658ac3e748a41c0cc81fb89dc42bd36a8d5b56479ebba7f4257689b2a550fd3-ghc9.6.3.so
7fbbccc30000-7fbbccc34000 r-xp 00007000 00:22 9500942                    /opt/simplex/lib/app/resources/libHSindexed-traversable-instances-0.1.1.2-e658ac3e748a41c0cc81fb89dc42bd36a8d5b56479ebba7f4257689b2a550fd3-ghc9.6.3.so
7fbbccc34000-7fbbccc35000 r--p 0000b000 00:22 9500942                    /opt/simplex/lib/app/resources/libHSindexed-traversable-instances-0.1.1.2-e658ac3e748a41c0cc81fb89dc42bd36a8d5b56479ebba7f4257689b2a550fd3-ghc9.6.3.so
7fbbccc35000-7fbbccc36000 r--p 0000b000 00:22 9500942                    /opt/simplex/lib/app/resources/libHSindexed-traversable-instances-0.1.1.2-e658ac3e748a41c0cc81fb89dc42bd36a8d5b56479ebba7f4257689b2a550fd3-ghc9.6.3.so
7fbbccc36000-7fbbccc37000 rw-p 0000c000 00:22 9500942                    /opt/simplex/lib/app/resources/libHSindexed-traversable-instances-0.1.1.2-e658ac3e748a41c0cc81fb89dc42bd36a8d5b56479ebba7f4257689b2a550fd3-ghc9.6.3.so
7fbbccc37000-7fbbccc3c000 r--p 00000000 00:22 9500887                    /opt/simplex/lib/app/resources/libHSbase-orphans-0.9.1-264c535ac11fa2bb1dc61e9601fa533869cc15baf045a8637949e684cef27141-ghc9.6.3.so
7fbbccc3c000-7fbbccc3e000 r-xp 00005000 00:22 9500887                    /opt/simplex/lib/app/resources/libHSbase-orphans-0.9.1-264c535ac11fa2bb1dc61e9601fa533869cc15baf045a8637949e684cef27141-ghc9.6.3.so
7fbbccc3e000-7fbbccc3f000 r--p 00007000 00:22 9500887                    /opt/simplex/lib/app/resources/libHSbase-orphans-0.9.1-264c535ac11fa2bb1dc61e9601fa533869cc15baf045a8637949e684cef27141-ghc9.6.3.so
7fbbccc3f000-7fbbccc40000 r--p 00007000 00:22 9500887                    /opt/simplex/lib/app/resources/libHSbase-orphans-0.9.1-264c535ac11fa2bb1dc61e9601fa533869cc15baf045a8637949e684cef27141-ghc9.6.3.so
7fbbccc40000-7fbbccc41000 rw-p 00008000 00:22 9500887                    /opt/simplex/lib/app/resources/libHSbase-orphans-0.9.1-264c535ac11fa2bb1dc61e9601fa533869cc15baf045a8637949e684cef27141-ghc9.6.3.so
7fbbccc41000-7fbbccc63000 r--p 00000000 00:22 9500906                    /opt/simplex/lib/app/resources/libHScontravariant-1.5.5-70d7f156408038e9752dcbba632c9c365900dde64d1872b1b3f3370b60d23395-ghc9.6.3.so
7fbbccc63000-7fbbccc72000 r-xp 00022000 00:22 9500906                    /opt/simplex/lib/app/resources/libHScontravariant-1.5.5-70d7f156408038e9752dcbba632c9c365900dde64d1872b1b3f3370b60d23395-ghc9.6.3.so
7fbbccc72000-7fbbccc73000 r--p 00031000 00:22 9500906                    /opt/simplex/lib/app/resources/libHScontravariant-1.5.5-70d7f156408038e9752dcbba632c9c365900dde64d1872b1b3f3370b60d23395-ghc9.6.3.so
7fbbccc73000-7fbbccc74000 r--p 00031000 00:22 9500906                    /opt/simplex/lib/app/resources/libHScontravariant-1.5.5-70d7f156408038e9752dcbba632c9c365900dde64d1872b1b3f3370b60d23395-ghc9.6.3.so
7fbbccc74000-7fbbccc76000 rw-p 00032000 00:22 9500906                    /opt/simplex/lib/app/resources/libHScontravariant-1.5.5-70d7f156408038e9752dcbba632c9c365900dde64d1872b1b3f3370b60d23395-ghc9.6.3.so
7fbbccc76000-7fbbccc92000 r--p 00000000 00:22 9501002                    /opt/simplex/lib/app/resources/libHStime-compat-1.9.6.1-d15b6a338416dabcd597571a5e582e7c8fcc7d68279f99ccd7cd20e024900e44-ghc9.6.3.so
7fbbccc92000-7fbbccc9f000 r-xp 0001c000 00:22 9501002                    /opt/simplex/lib/app/resources/libHStime-compat-1.9.6.1-d15b6a338416dabcd597571a5e582e7c8fcc7d68279f99ccd7cd20e024900e44-ghc9.6.3.so
7fbbccc9f000-7fbbccca0000 r--p 00029000 00:22 9501002                    /opt/simplex/lib/app/resources/libHStime-compat-1.9.6.1-d15b6a338416dabcd597571a5e582e7c8fcc7d68279f99ccd7cd20e024900e44-ghc9.6.3.so
7fbbccca0000-7fbbccca1000 r--p 00029000 00:22 9501002                    /opt/simplex/lib/app/resources/libHStime-compat-1.9.6.1-d15b6a338416dabcd597571a5e582e7c8fcc7d68279f99ccd7cd20e024900e44-ghc9.6.3.so
7fbbccca1000-7fbbccca3000 rw-p 0002a000 00:22 9501002                    /opt/simplex/lib/app/resources/libHStime-compat-1.9.6.1-d15b6a338416dabcd597571a5e582e7c8fcc7d68279f99ccd7cd20e024900e44-ghc9.6.3.so
7fbbccca3000-7fbbcccb2000 r--p 00000000 00:22 9500994                    /opt/simplex/lib/app/resources/libHStext-iso8601-0.1-55382b463885bb513191a122ae0f82efcc92d62419c514170d7c421c5a196612-ghc9.6.3.so
7fbbcccb2000-7fbbcccf8000 r-xp 0000f000 00:22 9500994                    /opt/simplex/lib/app/resources/libHStext-iso8601-0.1-55382b463885bb513191a122ae0f82efcc92d62419c514170d7c421c5a196612-ghc9.6.3.so
7fbbcccf8000-7fbbcccf9000 r--p 00055000 00:22 9500994                    /opt/simplex/lib/app/resources/libHStext-iso8601-0.1-55382b463885bb513191a122ae0f82efcc92d62419c514170d7c421c5a196612-ghc9.6.3.so
7fbbcccf9000-7fbbcccfa000 r--p 00055000 00:22 9500994                    /opt/simplex/lib/app/resources/libHStext-iso8601-0.1-55382b463885bb513191a122ae0f82efcc92d62419c514170d7c421c5a196612-ghc9.6.3.so
7fbbcccfa000-7fbbcccfd000 rw-p 00056000 00:22 9500994                    /opt/simplex/lib/app/resources/libHStext-iso8601-0.1-55382b463885bb513191a122ae0f82efcc92d62419c514170d7c421c5a196612-ghc9.6.3.so
7fbbcccfd000-7fbbccd19000 r--p 00000000 00:22 9500995                    /opt/simplex/lib/app/resources/libHStext-short-0.1.5-94b1ede93059468211e0353054f11cad674c09aa84b5716555f3f5b4564c6195-ghc9.6.3.so
7fbbccd19000-7fbbccd2c000 r-xp 0001c000 00:22 9500995                    /opt/simplex/lib/app/resources/libHStext-short-0.1.5-94b1ede93059468211e0353054f11cad674c09aa84b5716555f3f5b4564c6195-ghc9.6.3.so
7fbbccd2c000-7fbbccd2d000 r--p 0002f000 00:22 9500995                    /opt/simplex/lib/app/resources/libHStext-short-0.1.5-94b1ede93059468211e0353054f11cad674c09aa84b5716555f3f5b4564c6195-ghc9.6.3.so
7fbbccd2d000-7fbbccd2e000 r--p 0002f000 00:22 9500995                    /opt/simplex/lib/app/resources/libHStext-short-0.1.5-94b1ede93059468211e0353054f11cad674c09aa84b5716555f3f5b4564c6195-ghc9.6.3.so
7fbbccd2e000-7fbbccd31000 rw-p 00030000 00:22 9500995                    /opt/simplex/lib/app/resources/libHStext-short-0.1.5-94b1ede93059468211e0353054f11cad674c09aa84b5716555f3f5b4564c6195-ghc9.6.3.so
7fbbccd31000-7fbbccd4b000 r--p 00000000 00:22 9501018                    /opt/simplex/lib/app/resources/libHSuuid-types-1.0.5.1-865f4cc89d0ca4f6a3f59698789a19e889c9c7269183681c34c38a1ec3a0c155-ghc9.6.3.so
7fbbccd4b000-7fbbccd60000 r-xp 0001a000 00:22 9501018                    /opt/simplex/lib/app/resources/libHSuuid-types-1.0.5.1-865f4cc89d0ca4f6a3f59698789a19e889c9c7269183681c34c38a1ec3a0c155-ghc9.6.3.so
7fbbccd60000-7fbbccd61000 r--p 0002f000 00:22 9501018                    /opt/simplex/lib/app/resources/libHSuuid-types-1.0.5.1-865f4cc89d0ca4f6a3f59698789a19e889c9c7269183681c34c38a1ec3a0c155-ghc9.6.3.so
7fbbccd61000-7fbbccd62000 r--p 0002f000 00:22 9501018                    /opt/simplex/lib/app/resources/libHSuuid-types-1.0.5.1-865f4cc89d0ca4f6a3f59698789a19e889c9c7269183681c34c38a1ec3a0c155-ghc9.6.3.so
7fbbccd62000-7fbbccd64000 rw-p 00030000 00:22 9501018                    /opt/simplex/lib/app/resources/libHSuuid-types-1.0.5.1-865f4cc89d0ca4f6a3f59698789a19e889c9c7269183681c34c38a1ec3a0c155-ghc9.6.3.so
7fbbccd64000-7fbbccdab000 r--p 00000000 00:22 9500899                    /opt/simplex/lib/app/resources/libHScolour-2.3.6-8ea7c1420185239be8ef23631a149d777e07d29385b36df7ab60fb829c47b836-ghc9.6.3.so
7fbbccdab000-7fbbccdf5000 r-xp 00047000 00:22 9500899                    /opt/simplex/lib/app/resources/libHScolour-2.3.6-8ea7c1420185239be8ef23631a149d777e07d29385b36df7ab60fb829c47b836-ghc9.6.3.so
7fbbccdf5000-7fbbccdf6000 r--p 00091000 00:22 9500899                    /opt/simplex/lib/app/resources/libHScolour-2.3.6-8ea7c1420185239be8ef23631a149d777e07d29385b36df7ab60fb829c47b836-ghc9.6.3.so
7fbbccdf6000-7fbbccdf7000 ---p 00092000 00:22 9500899                    /opt/simplex/lib/app/resources/libHScolour-2.3.6-8ea7c1420185239be8ef23631a149d777e07d29385b36df7ab60fb829c47b836-ghc9.6.3.so
7fbbccdf7000-7fbbccdf8000 r--p 00092000 00:22 9500899                    /opt/simplex/lib/app/resources/libHScolour-2.3.6-8ea7c1420185239be8ef23631a149d777e07d29385b36df7ab60fb829c47b836-ghc9.6.3.so
7fbbccdf8000-7fbbcce00000 rw-p 00093000 00:22 9500899                    /opt/simplex/lib/app/resources/libHScolour-2.3.6-8ea7c1420185239be8ef23631a149d777e07d29385b36df7ab60fb829c47b836-ghc9.6.3.so
7fbbcce00000-7fbbccfba000 r--p 00000000 00:22 9500889                    /opt/simplex/lib/app/resources/libHSbasement-0.0.16-7f05c347fcfef1382c7a2079f658dc2b01997ca155fed4ad49b55f2f5fcdf0cf-ghc9.6.3.so
7fbbccfba000-7fbbcd0f0000 r-xp 001ba000 00:22 9500889                    /opt/simplex/lib/app/resources/libHSbasement-0.0.16-7f05c347fcfef1382c7a2079f658dc2b01997ca155fed4ad49b55f2f5fcdf0cf-ghc9.6.3.so
7fbbcd0f0000-7fbbcd0f9000 r--p 002f0000 00:22 9500889                    /opt/simplex/lib/app/resources/libHSbasement-0.0.16-7f05c347fcfef1382c7a2079f658dc2b01997ca155fed4ad49b55f2f5fcdf0cf-ghc9.6.3.so
7fbbcd0f9000-7fbbcd0fa000 ---p 002f9000 00:22 9500889                    /opt/simplex/lib/app/resources/libHSbasement-0.0.16-7f05c347fcfef1382c7a2079f658dc2b01997ca155fed4ad49b55f2f5fcdf0cf-ghc9.6.3.so
7fbbcd0fa000-7fbbcd0fb000 r--p 002f9000 00:22 9500889                    /opt/simplex/lib/app/resources/libHSbasement-0.0.16-7f05c347fcfef1382c7a2079f658dc2b01997ca155fed4ad49b55f2f5fcdf0cf-ghc9.6.3.so
7fbbcd0fb000-7fbbcd11c000 rw-p 002fa000 00:22 9500889                    /opt/simplex/lib/app/resources/libHSbasement-0.0.16-7f05c347fcfef1382c7a2079f658dc2b01997ca155fed4ad49b55f2f5fcdf0cf-ghc9.6.3.so
7fbbcd120000-7fbbcd128000 r--p 00000000 00:22 9500871                    /opt/simplex/lib/app/resources/libHSStateVar-1.2.2-a828c4fffd0a9f376bdf1d2a0630fdc0e11764f2810422e01054ef1e5ae7a0d9-ghc9.6.3.so
7fbbcd128000-7fbbcd12b000 r-xp 00008000 00:22 9500871                    /opt/simplex/lib/app/resources/libHSStateVar-1.2.2-a828c4fffd0a9f376bdf1d2a0630fdc0e11764f2810422e01054ef1e5ae7a0d9-ghc9.6.3.so
7fbbcd12b000-7fbbcd12c000 r--p 0000b000 00:22 9500871                    /opt/simplex/lib/app/resources/libHSStateVar-1.2.2-a828c4fffd0a9f376bdf1d2a0630fdc0e11764f2810422e01054ef1e5ae7a0d9-ghc9.6.3.so
7fbbcd12c000-7fbbcd12d000 r--p 0000b000 00:22 9500871                    /opt/simplex/lib/app/resources/libHSStateVar-1.2.2-a828c4fffd0a9f376bdf1d2a0630fdc0e11764f2810422e01054ef1e5ae7a0d9-ghc9.6.3.so
7fbbcd12d000-7fbbcd12e000 rw-p 0000c000 00:22 9500871                    /opt/simplex/lib/app/resources/libHSStateVar-1.2.2-a828c4fffd0a9f376bdf1d2a0630fdc0e11764f2810422e01054ef1e5ae7a0d9-ghc9.6.3.so
7fbbcd12e000-7fbbcd167000 r--p 00000000 00:22 9501022                    /opt/simplex/lib/app/resources/libHSwitherable-0.4.2-8d7489e64c055b44e3c3ece47851fb23685c037eaadda9898ec23ce12482c663-ghc9.6.3.so
7fbbcd167000-7fbbcd19e000 r-xp 00039000 00:22 9501022                    /opt/simplex/lib/app/resources/libHSwitherable-0.4.2-8d7489e64c055b44e3c3ece47851fb23685c037eaadda9898ec23ce12482c663-ghc9.6.3.so
7fbbcd19e000-7fbbcd19f000 r--p 00070000 00:22 9501022                    /opt/simplex/lib/app/resources/libHSwitherable-0.4.2-8d7489e64c055b44e3c3ece47851fb23685c037eaadda9898ec23ce12482c663-ghc9.6.3.so
7fbbcd19f000-7fbbcd1a0000 r--p 00070000 00:22 9501022                    /opt/simplex/lib/app/resources/libHSwitherable-0.4.2-8d7489e64c055b44e3c3ece47851fb23685c037eaadda9898ec23ce12482c663-ghc9.6.3.so
7fbbcd1a0000-7fbbcd1a3000 rw-p 00071000 00:22 9501022                    /opt/simplex/lib/app/resources/libHSwitherable-0.4.2-8d7489e64c055b44e3c3ece47851fb23685c037eaadda9898ec23ce12482c663-ghc9.6.3.so
7fbbcd1a3000-7fbbcd1d9000 r--p 00000000 00:22 9500874                    /opt/simplex/lib/app/resources/libHSansi-terminal-types-0.11.5-4ee3a76fe47abcaa37b7bdb9a45b814da28b7b793448bc9f72187556bbf30827-ghc9.6.3.so
7fbbcd1d9000-7fbbcd1f8000 r-xp 00036000 00:22 9500874                    /opt/simplex/lib/app/resources/libHSansi-terminal-types-0.11.5-4ee3a76fe47abcaa37b7bdb9a45b814da28b7b793448bc9f72187556bbf30827-ghc9.6.3.so
7fbbcd1f8000-7fbbcd1fa000 r--p 00055000 00:22 9500874                    /opt/simplex/lib/app/resources/libHSansi-terminal-types-0.11.5-4ee3a76fe47abcaa37b7bdb9a45b814da28b7b793448bc9f72187556bbf30827-ghc9.6.3.so
7fbbcd1fa000-7fbbcd1fb000 r--p 00056000 00:22 9500874                    /opt/simplex/lib/app/resources/libHSansi-terminal-types-0.11.5-4ee3a76fe47abcaa37b7bdb9a45b814da28b7b793448bc9f72187556bbf30827-ghc9.6.3.so
7fbbcd1fb000-7fbbcd200000 rw-p 00057000 00:22 9500874                    /opt/simplex/lib/app/resources/libHSansi-terminal-types-0.11.5-4ee3a76fe47abcaa37b7bdb9a45b814da28b7b793448bc9f72187556bbf30827-ghc9.6.3.so
7fbbcd200000-7fbbcd5cb000 r--p 00000000 00:22 9500909                    /opt/simplex/lib/app/resources/libHScrypton-0.34-b2399ccbd1993e3b036c7a317962fb65ffa85a86b669ebe78d5cb7ba52c2fa2b-ghc9.6.3.so
7fbbcd5cb000-7fbbcd80d000 r-xp 003cb000 00:22 9500909                    /opt/simplex/lib/app/resources/libHScrypton-0.34-b2399ccbd1993e3b036c7a317962fb65ffa85a86b669ebe78d5cb7ba52c2fa2b-ghc9.6.3.so
7fbbcd80d000-7fbbcd838000 r--p 0060d000 00:22 9500909                    /opt/simplex/lib/app/resources/libHScrypton-0.34-b2399ccbd1993e3b036c7a317962fb65ffa85a86b669ebe78d5cb7ba52c2fa2b-ghc9.6.3.so
7fbbcd838000-7fbbcd83a000 r--p 00637000 00:22 9500909                    /opt/simplex/lib/app/resources/libHScrypton-0.34-b2399ccbd1993e3b036c7a317962fb65ffa85a86b669ebe78d5cb7ba52c2fa2b-ghc9.6.3.so
7fbbcd83a000-7fbbcd8a2000 rw-p 00639000 00:22 9500909                    /opt/simplex/lib/app/resources/libHScrypton-0.34-b2399ccbd1993e3b036c7a317962fb65ffa85a86b669ebe78d5cb7ba52c2fa2b-ghc9.6.3.so
7fbbcd8a2000-7fbbcd8a7000 r--p 00000000 00:22 9500881                    /opt/simplex/lib/app/resources/libHSassoc-1.1-833fe934934ac287ee0125e0f70630bbf79db58c094cac008fb300c306b45c2c-ghc9.6.3.so
7fbbcd8a7000-7fbbcd8a8000 r-xp 00005000 00:22 9500881                    /opt/simplex/lib/app/resources/libHSassoc-1.1-833fe934934ac287ee0125e0f70630bbf79db58c094cac008fb300c306b45c2c-ghc9.6.3.so
7fbbcd8a8000-7fbbcd8a9000 r--p 00006000 00:22 9500881                    /opt/simplex/lib/app/resources/libHSassoc-1.1-833fe934934ac287ee0125e0f70630bbf79db58c094cac008fb300c306b45c2c-ghc9.6.3.so
7fbbcd8a9000-7fbbcd8aa000 r--p 00006000 00:22 9500881                    /opt/simplex/lib/app/resources/libHSassoc-1.1-833fe934934ac287ee0125e0f70630bbf79db58c094cac008fb300c306b45c2c-ghc9.6.3.so
7fbbcd8aa000-7fbbcd8ab000 rw-p 00007000 00:22 9500881                    /opt/simplex/lib/app/resources/libHSassoc-1.1-833fe934934ac287ee0125e0f70630bbf79db58c094cac008fb300c306b45c2c-ghc9.6.3.so
7fbbcd8ab000-7fbbcd8c8000 r--p 00000000 00:22 9500873                    /opt/simplex/lib/app/resources/libHSansi-terminal-0.11.5-6a9402a4880013edc495bbed56c88d36a8b264c1157297c88c41965b09fc017c-ghc9.6.3.so
7fbbcd8c8000-7fbbcd8d3000 r-xp 0001d000 00:22 9500873                    /opt/simplex/lib/app/resources/libHSansi-terminal-0.11.5-6a9402a4880013edc495bbed56c88d36a8b264c1157297c88c41965b09fc017c-ghc9.6.3.so
7fbbcd8d3000-7fbbcd8d4000 r--p 00028000 00:22 9500873                    /opt/simplex/lib/app/resources/libHSansi-terminal-0.11.5-6a9402a4880013edc495bbed56c88d36a8b264c1157297c88c41965b09fc017c-ghc9.6.3.so
7fbbcd8d4000-7fbbcd8d5000 r--p 00028000 00:22 9500873                    /opt/simplex/lib/app/resources/libHSansi-terminal-0.11.5-6a9402a4880013edc495bbed56c88d36a8b264c1157297c88c41965b09fc017c-ghc9.6.3.so
7fbbcd8d5000-7fbbcd8d8000 rw-p 00029000 00:22 9500873                    /opt/simplex/lib/app/resources/libHSansi-terminal-0.11.5-6a9402a4880013edc495bbed56c88d36a8b264c1157297c88c41965b09fc017c-ghc9.6.3.so
7fbbcd8d8000-7fbbcd8f4000 r--p 00000000 00:22 9500882                    /opt/simplex/lib/app/resources/libHSasync-2.2.5-f240644c06d60420051c45977a93932ce6ee3ff3009f928ccb9f2acf95c571dd-ghc9.6.3.so
7fbbcd8f4000-7fbbcd90c000 r-xp 0001c000 00:22 9500882                    /opt/simplex/lib/app/resources/libHSasync-2.2.5-f240644c06d60420051c45977a93932ce6ee3ff3009f928ccb9f2acf95c571dd-ghc9.6.3.so
7fbbcd90c000-7fbbcd90d000 r--p 00034000 00:22 9500882                    /opt/simplex/lib/app/resources/libHSasync-2.2.5-f240644c06d60420051c45977a93932ce6ee3ff3009f928ccb9f2acf95c571dd-ghc9.6.3.so
7fbbcd90d000-7fbbcd90e000 r--p 00034000 00:22 9500882                    /opt/simplex/lib/app/resources/libHSasync-2.2.5-f240644c06d60420051c45977a93932ce6ee3ff3009f928ccb9f2acf95c571dd-ghc9.6.3.so
7fbbcd90e000-7fbbcd910000 rw-p 00035000 00:22 9500882                    /opt/simplex/lib/app/resources/libHSasync-2.2.5-f240644c06d60420051c45977a93932ce6ee3ff3009f928ccb9f2acf95c571dd-ghc9.6.3.so
7fbbcd910000-7fbbcd925000 r--p 00000000 00:22 9500884                    /opt/simplex/lib/app/resources/libHSattoparsec-0.14.4-l-attoparsec-internal-e9490ddaea4841a79fc251813223287bd9e65e0510180febd5e98a6907758746-ghc9.6.3.so
7fbbcd925000-7fbbcd930000 r-xp 00015000 00:22 9500884                    /opt/simplex/lib/app/resources/libHSattoparsec-0.14.4-l-attoparsec-internal-e9490ddaea4841a79fc251813223287bd9e65e0510180febd5e98a6907758746-ghc9.6.3.so
7fbbcd930000-7fbbcd931000 r--p 00020000 00:22 9500884                    /opt/simplex/lib/app/resources/libHSattoparsec-0.14.4-l-attoparsec-internal-e9490ddaea4841a79fc251813223287bd9e65e0510180febd5e98a6907758746-ghc9.6.3.so
7fbbcd931000-7fbbcd932000 r--p 00020000 00:22 9500884                    /opt/simplex/lib/app/resources/libHSattoparsec-0.14.4-l-attoparsec-internal-e9490ddaea4841a79fc251813223287bd9e65e0510180febd5e98a6907758746-ghc9.6.3.so
7fbbcd932000-7fbbcd934000 rw-p 00021000 00:22 9500884                    /opt/simplex/lib/app/resources/libHSattoparsec-0.14.4-l-attoparsec-internal-e9490ddaea4841a79fc251813223287bd9e65e0510180febd5e98a6907758746-ghc9.6.3.so
7fbbcd934000-7fbbcd9d6000 r--p 00000000 00:22 9500904                    /opt/simplex/lib/app/resources/libHSconstraints-0.13.4-51395134fd9d2fb4ac419e99718fc4d2fa1bca3d7018f1ba7a849169d0aefc3f-ghc9.6.3.so
7fbbcd9d6000-7fbbcd9f6000 r-xp 000a2000 00:22 9500904                    /opt/simplex/lib/app/resources/libHSconstraints-0.13.4-51395134fd9d2fb4ac419e99718fc4d2fa1bca3d7018f1ba7a849169d0aefc3f-ghc9.6.3.so
7fbbcd9f6000-7fbbcd9f7000 r--p 000c2000 00:22 9500904                    /opt/simplex/lib/app/resources/libHSconstraints-0.13.4-51395134fd9d2fb4ac419e99718fc4d2fa1bca3d7018f1ba7a849169d0aefc3f-ghc9.6.3.so
7fbbcd9f7000-7fbbcd9f9000 r--p 000c2000 00:22 9500904                    /opt/simplex/lib/app/resources/libHSconstraints-0.13.4-51395134fd9d2fb4ac419e99718fc4d2fa1bca3d7018f1ba7a849169d0aefc3f-ghc9.6.3.so
7fbbcd9f9000-7fbbcda00000 rw-p 000c4000 00:22 9500904                    /opt/simplex/lib/app/resources/libHSconstraints-0.13.4-51395134fd9d2fb4ac419e99718fc4d2fa1bca3d7018f1ba7a849169d0aefc3f-ghc9.6.3.so
7fbbcda00000-7fbbcdaa0000 r--p 00000000 00:22 9500922                    /opt/simplex/lib/app/resources/libHSdirect-sqlcipher-2.3.28-92796d593dc7316c0ba77b962f19966a70cc5062c89c4754e5696179c5c7b680-ghc9.6.3.so
7fbbcdaa0000-7fbbcdbd0000 r-xp 000a0000 00:22 9500922                    /opt/simplex/lib/app/resources/libHSdirect-sqlcipher-2.3.28-92796d593dc7316c0ba77b962f19966a70cc5062c89c4754e5696179c5c7b680-ghc9.6.3.so
7fbbcdbd0000-7fbbcdc0f000 r--p 001d0000 00:22 9500922                    /opt/simplex/lib/app/resources/libHSdirect-sqlcipher-2.3.28-92796d593dc7316c0ba77b962f19966a70cc5062c89c4754e5696179c5c7b680-ghc9.6.3.so
7fbbcdc0f000-7fbbcdc13000 r--p 0020e000 00:22 9500922                    /opt/simplex/lib/app/resources/libHSdirect-sqlcipher-2.3.28-92796d593dc7316c0ba77b962f19966a70cc5062c89c4754e5696179c5c7b680-ghc9.6.3.so
7fbbcdc13000-7fbbcdc26000 rw-p 00212000 00:22 9500922                    /opt/simplex/lib/app/resources/libHSdirect-sqlcipher-2.3.28-92796d593dc7316c0ba77b962f19966a70cc5062c89c4754e5696179c5c7b680-ghc9.6.3.so
7fbbcdc26000-7fbbcdc27000 rw-p 00000000 00:00 0 
7fbbcdc27000-7fbbcdc34000 r--p 00000000 00:22 9500888                    /opt/simplex/lib/app/resources/libHSbase64-bytestring-1.2.1.0-49cd5e3a01c30b8823595cd1048fbeedf7d533d7f39e6c22a14019c54fec245b-ghc9.6.3.so
7fbbcdc34000-7fbbcdc3e000 r-xp 0000d000 00:22 9500888                    /opt/simplex/lib/app/resources/libHSbase64-bytestring-1.2.1.0-49cd5e3a01c30b8823595cd1048fbeedf7d533d7f39e6c22a14019c54fec245b-ghc9.6.3.so
7fbbcdc3e000-7fbbcdc3f000 r--p 00017000 00:22 9500888                    /opt/simplex/lib/app/resources/libHSbase64-bytestring-1.2.1.0-49cd5e3a01c30b8823595cd1048fbeedf7d533d7f39e6c22a14019c54fec245b-ghc9.6.3.so
7fbbcdc3f000-7fbbcdc40000 r--p 00017000 00:22 9500888                    /opt/simplex/lib/app/resources/libHSbase64-bytestring-1.2.1.0-49cd5e3a01c30b8823595cd1048fbeedf7d533d7f39e6c22a14019c54fec245b-ghc9.6.3.so
7fbbcdc40000-7fbbcdc42000 rw-p 00018000 00:22 9500888                    /opt/simplex/lib/app/resources/libHSbase64-bytestring-1.2.1.0-49cd5e3a01c30b8823595cd1048fbeedf7d533d7f39e6c22a14019c54fec245b-ghc9.6.3.so
7fbbcdc42000-7fbbcdca2000 r--p 00000000 00:22 9500950                    /opt/simplex/lib/app/resources/libHSmemory-0.18.0-86df06eca77fa38fe27d9ccf54ec9e5bdd4cf7adfe9cca5b11aa4b3fd5ae2fa1-ghc9.6.3.so
7fbbcdca2000-7fbbcdcd5000 r-xp 00060000 00:22 9500950                    /opt/simplex/lib/app/resources/libHSmemory-0.18.0-86df06eca77fa38fe27d9ccf54ec9e5bdd4cf7adfe9cca5b11aa4b3fd5ae2fa1-ghc9.6.3.so
7fbbcdcd5000-7fbbcdcd8000 r--p 00093000 00:22 9500950                    /opt/simplex/lib/app/resources/libHSmemory-0.18.0-86df06eca77fa38fe27d9ccf54ec9e5bdd4cf7adfe9cca5b11aa4b3fd5ae2fa1-ghc9.6.3.so
7fbbcdcd8000-7fbbcdcd9000 r--p 00095000 00:22 9500950                    /opt/simplex/lib/app/resources/libHSmemory-0.18.0-86df06eca77fa38fe27d9ccf54ec9e5bdd4cf7adfe9cca5b11aa4b3fd5ae2fa1-ghc9.6.3.so
7fbbcdcd9000-7fbbcdce0000 rw-p 00096000 00:22 9500950                    /opt/simplex/lib/app/resources/libHSmemory-0.18.0-86df06eca77fa38fe27d9ccf54ec9e5bdd4cf7adfe9cca5b11aa4b3fd5ae2fa1-ghc9.6.3.so
7fbbcdce0000-7fbbcdd86000 r--p 00000000 00:22 9500938                    /opt/simplex/lib/app/resources/libHShourglass-0.2.12-f636396f2d46bc10697cc675793b72a77a91d145e2ab377dfdb4cc7920021f54-ghc9.6.3.so
7fbbcdd86000-7fbbcddea000 r-xp 000a6000 00:22 9500938                    /opt/simplex/lib/app/resources/libHShourglass-0.2.12-f636396f2d46bc10697cc675793b72a77a91d145e2ab377dfdb4cc7920021f54-ghc9.6.3.so
7fbbcddea000-7fbbcddee000 r--p 0010a000 00:22 9500938                    /opt/simplex/lib/app/resources/libHShourglass-0.2.12-f636396f2d46bc10697cc675793b72a77a91d145e2ab377dfdb4cc7920021f54-ghc9.6.3.so
7fbbcddee000-7fbbcddef000 r--p 0010d000 00:22 9500938                    /opt/simplex/lib/app/resources/libHShourglass-0.2.12-f636396f2d46bc10697cc675793b72a77a91d145e2ab377dfdb4cc7920021f54-ghc9.6.3.so
7fbbcddef000-7fbbcde00000 rw-p 0010e000 00:22 9500938                    /opt/simplex/lib/app/resources/libHShourglass-0.2.12-f636396f2d46bc10697cc675793b72a77a91d145e2ab377dfdb4cc7920021f54-ghc9.6.3.so
7fbbcde00000-7fbbcdf80000 r--p 00000000 00:22 9500940                    /opt/simplex/lib/app/resources/libHShttp2-4.2.2-279e9f93a2a789f5c64f9764f7bd3769d90a8545611b3427359c36d57278b0f6-ghc9.6.3.so
7fbbcdf80000-7fbbce035000 r-xp 00180000 00:22 9500940                    /opt/simplex/lib/app/resources/libHShttp2-4.2.2-279e9f93a2a789f5c64f9764f7bd3769d90a8545611b3427359c36d57278b0f6-ghc9.6.3.so
7fbbce035000-7fbbce03c000 r--p 00235000 00:22 9500940                    /opt/simplex/lib/app/resources/libHShttp2-4.2.2-279e9f93a2a789f5c64f9764f7bd3769d90a8545611b3427359c36d57278b0f6-ghc9.6.3.so
7fbbce03c000-7fbbce03d000 ---p 0023c000 00:22 9500940                    /opt/simplex/lib/app/resources/libHShttp2-4.2.2-279e9f93a2a789f5c64f9764f7bd3769d90a8545611b3427359c36d57278b0f6-ghc9.6.3.so
7fbbce03d000-7fbbce03e000 r--p 0023c000 00:22 9500940                    /opt/simplex/lib/app/resources/libHShttp2-4.2.2-279e9f93a2a789f5c64f9764f7bd3769d90a8545611b3427359c36d57278b0f6-ghc9.6.3.so
7fbbce03e000-7fbbce070000 rw-p 0023d000 00:22 9500940                    /opt/simplex/lib/app/resources/libHShttp2-4.2.2-279e9f93a2a789f5c64f9764f7bd3769d90a8545611b3427359c36d57278b0f6-ghc9.6.3.so
7fbbce073000-7fbbce074000 r--p 00000000 00:22 10087922                   /usr/lib/libutil.so.1
7fbbce074000-7fbbce075000 r-xp 00001000 00:22 10087922                   /usr/lib/libutil.so.1
7fbbce075000-7fbbce076000 r--p 00002000 00:22 10087922                   /usr/lib/libutil.so.1
7fbbce076000-7fbbce077000 r--p 00002000 00:22 10087922                   /usr/lib/libutil.so.1
7fbbce077000-7fbbce078000 rw-p 00003000 00:22 10087922                   /usr/lib/libutil.so.1
7fbbce078000-7fbbce07b000 r--p 00000000 00:22 9500901                    /opt/simplex/lib/app/resources/libHScomposition-1.0.2.2-237b8704d6b2659dedca5654b4896de04c10bdbb3672d164e018047bd34b458b-ghc9.6.3.so
7fbbce07b000-7fbbce07d000 r-xp 00003000 00:22 9500901                    /opt/simplex/lib/app/resources/libHScomposition-1.0.2.2-237b8704d6b2659dedca5654b4896de04c10bdbb3672d164e018047bd34b458b-ghc9.6.3.so
7fbbce07d000-7fbbce07e000 r--p 00005000 00:22 9500901                    /opt/simplex/lib/app/resources/libHScomposition-1.0.2.2-237b8704d6b2659dedca5654b4896de04c10bdbb3672d164e018047bd34b458b-ghc9.6.3.so
7fbbce07e000-7fbbce07f000 r--p 00005000 00:22 9500901                    /opt/simplex/lib/app/resources/libHScomposition-1.0.2.2-237b8704d6b2659dedca5654b4896de04c10bdbb3672d164e018047bd34b458b-ghc9.6.3.so
7fbbce07f000-7fbbce080000 rw-p 00006000 00:22 9500901                    /opt/simplex/lib/app/resources/libHScomposition-1.0.2.2-237b8704d6b2659dedca5654b4896de04c10bdbb3672d164e018047bd34b458b-ghc9.6.3.so
7fbbce080000-7fbbce0b0000 r--p 00000000 00:22 9500880                    /opt/simplex/lib/app/resources/libHSasn1-types-0.3.4-52ab490310e9cb8ba1462a6195d007877c2fc9dcfb589a53e3803b95b1e1307d-ghc9.6.3.so
7fbbce0b0000-7fbbce0ca000 r-xp 00030000 00:22 9500880                    /opt/simplex/lib/app/resources/libHSasn1-types-0.3.4-52ab490310e9cb8ba1462a6195d007877c2fc9dcfb589a53e3803b95b1e1307d-ghc9.6.3.so
7fbbce0ca000-7fbbce0cd000 r--p 0004a000 00:22 9500880                    /opt/simplex/lib/app/resources/libHSasn1-types-0.3.4-52ab490310e9cb8ba1462a6195d007877c2fc9dcfb589a53e3803b95b1e1307d-ghc9.6.3.so
7fbbce0cd000-7fbbce0ce000 r--p 0004c000 00:22 9500880                    /opt/simplex/lib/app/resources/libHSasn1-types-0.3.4-52ab490310e9cb8ba1462a6195d007877c2fc9dcfb589a53e3803b95b1e1307d-ghc9.6.3.so
7fbbce0ce000-7fbbce0d4000 rw-p 0004d000 00:22 9500880                    /opt/simplex/lib/app/resources/libHSasn1-types-0.3.4-52ab490310e9cb8ba1462a6195d007877c2fc9dcfb589a53e3803b95b1e1307d-ghc9.6.3.so
7fbbce0d4000-7fbbce189000 r--p 00000000 00:22 9500910                    /opt/simplex/lib/app/resources/libHScrypton-x509-1.7.6-998bb4ca6b85e4b9e331aa23ce277793a0beb37932d7c40b81027f8c9c5501bd-ghc9.6.3.so
7fbbce189000-7fbbce1e5000 r-xp 000b5000 00:22 9500910                    /opt/simplex/lib/app/resources/libHScrypton-x509-1.7.6-998bb4ca6b85e4b9e331aa23ce277793a0beb37932d7c40b81027f8c9c5501bd-ghc9.6.3.so
7fbbce1e5000-7fbbce1eb000 r--p 00111000 00:22 9500910                    /opt/simplex/lib/app/resources/libHScrypton-x509-1.7.6-998bb4ca6b85e4b9e331aa23ce277793a0beb37932d7c40b81027f8c9c5501bd-ghc9.6.3.so
7fbbce1eb000-7fbbce1ec000 ---p 00117000 00:22 9500910                    /opt/simplex/lib/app/resources/libHScrypton-x509-1.7.6-998bb4ca6b85e4b9e331aa23ce277793a0beb37932d7c40b81027f8c9c5501bd-ghc9.6.3.so
7fbbce1ec000-7fbbce1ed000 r--p 00117000 00:22 9500910                    /opt/simplex/lib/app/resources/libHScrypton-x509-1.7.6-998bb4ca6b85e4b9e331aa23ce277793a0beb37932d7c40b81027f8c9c5501bd-ghc9.6.3.so
7fbbce1ed000-7fbbce200000 rw-p 00118000 00:22 9500910                    /opt/simplex/lib/app/resources/libHScrypton-x509-1.7.6-998bb4ca6b85e4b9e331aa23ce277793a0beb37932d7c40b81027f8c9c5501bd-ghc9.6.3.so
7fbbce200000-7fbbce222000 r--p 00000000 00:22 9501020                    /opt/simplex/lib/app/resources/libHSvector-algorithms-0.9.0.1-622db70b7c3b579b7fe0b3e87dc9b73bdd25f7c197595d6188f4ff6c97ca3a03-ghc9.6.3.so
7fbbce222000-7fbbce473000 r-xp 00022000 00:22 9501020                    /opt/simplex/lib/app/resources/libHSvector-algorithms-0.9.0.1-622db70b7c3b579b7fe0b3e87dc9b73bdd25f7c197595d6188f4ff6c97ca3a03-ghc9.6.3.so
7fbbce473000-7fbbce474000 r--p 00273000 00:22 9501020                    /opt/simplex/lib/app/resources/libHSvector-algorithms-0.9.0.1-622db70b7c3b579b7fe0b3e87dc9b73bdd25f7c197595d6188f4ff6c97ca3a03-ghc9.6.3.so
7fbbce474000-7fbbce475000 ---p 00274000 00:22 9501020                    /opt/simplex/lib/app/resources/libHSvector-algorithms-0.9.0.1-622db70b7c3b579b7fe0b3e87dc9b73bdd25f7c197595d6188f4ff6c97ca3a03-ghc9.6.3.so
7fbbce475000-7fbbce476000 r--p 00274000 00:22 9501020                    /opt/simplex/lib/app/resources/libHSvector-algorithms-0.9.0.1-622db70b7c3b579b7fe0b3e87dc9b73bdd25f7c197595d6188f4ff6c97ca3a03-ghc9.6.3.so
7fbbce476000-7fbbce47a000 rw-p 00275000 00:22 9501020                    /opt/simplex/lib/app/resources/libHSvector-algorithms-0.9.0.1-622db70b7c3b579b7fe0b3e87dc9b73bdd25f7c197595d6188f4ff6c97ca3a03-ghc9.6.3.so
7fbbce47a000-7fbbce47c000 r--p 00000000 00:22 9500868                    /opt/simplex/lib/app/resources/libHSOneTuple-0.4.1.1-25a6728f7eaaed6f25c0c84b9d23c563689aba5664fafb9d25de1e8b6e93e436-ghc9.6.3.so
7fbbce47c000-7fbbce47d000 r-xp 00002000 00:22 9500868                    /opt/simplex/lib/app/resources/libHSOneTuple-0.4.1.1-25a6728f7eaaed6f25c0c84b9d23c563689aba5664fafb9d25de1e8b6e93e436-ghc9.6.3.so
7fbbce47d000-7fbbce47e000 r--p 00003000 00:22 9500868                    /opt/simplex/lib/app/resources/libHSOneTuple-0.4.1.1-25a6728f7eaaed6f25c0c84b9d23c563689aba5664fafb9d25de1e8b6e93e436-ghc9.6.3.so
7fbbce47e000-7fbbce47f000 r--p 00003000 00:22 9500868                    /opt/simplex/lib/app/resources/libHSOneTuple-0.4.1.1-25a6728f7eaaed6f25c0c84b9d23c563689aba5664fafb9d25de1e8b6e93e436-ghc9.6.3.so
7fbbce47f000-7fbbce480000 rw-p 00004000 00:22 9500868                    /opt/simplex/lib/app/resources/libHSOneTuple-0.4.1.1-25a6728f7eaaed6f25c0c84b9d23c563689aba5664fafb9d25de1e8b6e93e436-ghc9.6.3.so
7fbbce480000-7fbbce4ad000 r--p 00000000 00:22 9500878                    /opt/simplex/lib/app/resources/libHSasn1-encoding-0.9.6-7a9728b8adee899eed9bb97cf06c9589da9228bd00263511eb8e7834935a11f6-ghc9.6.3.so
7fbbce4ad000-7fbbce4cc000 r-xp 0002d000 00:22 9500878                    /opt/simplex/lib/app/resources/libHSasn1-encoding-0.9.6-7a9728b8adee899eed9bb97cf06c9589da9228bd00263511eb8e7834935a11f6-ghc9.6.3.so
7fbbce4cc000-7fbbce4ce000 r--p 0004c000 00:22 9500878                    /opt/simplex/lib/app/resources/libHSasn1-encoding-0.9.6-7a9728b8adee899eed9bb97cf06c9589da9228bd00263511eb8e7834935a11f6-ghc9.6.3.so
7fbbce4ce000-7fbbce4cf000 ---p 0004e000 00:22 9500878                    /opt/simplex/lib/app/resources/libHSasn1-encoding-0.9.6-7a9728b8adee899eed9bb97cf06c9589da9228bd00263511eb8e7834935a11f6-ghc9.6.3.so
7fbbce4cf000-7fbbce4d0000 r--p 0004e000 00:22 9500878                    /opt/simplex/lib/app/resources/libHSasn1-encoding-0.9.6-7a9728b8adee899eed9bb97cf06c9589da9228bd00263511eb8e7834935a11f6-ghc9.6.3.so
7fbbce4d0000-7fbbce4d6000 rw-p 0004f000 00:22 9500878                    /opt/simplex/lib/app/resources/libHSasn1-encoding-0.9.6-7a9728b8adee899eed9bb97cf06c9589da9228bd00263511eb8e7834935a11f6-ghc9.6.3.so
7fbbce4d6000-7fbbce5e9000 r-xp 00000000 00:22 9501010                    /opt/simplex/lib/app/resources/libHSunix-2.8.1.0-ghc9.6.3.so
7fbbce5e9000-7fbbce5ea000 ---p 00113000 00:22 9501010                    /opt/simplex/lib/app/resources/libHSunix-2.8.1.0-ghc9.6.3.so
7fbbce5ea000-7fbbce5eb000 r--p 00113000 00:22 9501010                    /opt/simplex/lib/app/resources/libHSunix-2.8.1.0-ghc9.6.3.so
7fbbce5eb000-7fbbce600000 rw-p 00114000 00:22 9501010                    /opt/simplex/lib/app/resources/libHSunix-2.8.1.0-ghc9.6.3.so
7fbbce600000-7fbbce6e9000 r--p 00000000 00:22 9500954                    /opt/simplex/lib/app/resources/libHSmono-traversable-1.0.15.3-702fbc586e2e3e3ba85606e4705af5b51dedb7602b3236f1217afbfba0777dbc-ghc9.6.3.so
7fbbce6e9000-7fbbce822000 r-xp 000e9000 00:22 9500954                    /opt/simplex/lib/app/resources/libHSmono-traversable-1.0.15.3-702fbc586e2e3e3ba85606e4705af5b51dedb7602b3236f1217afbfba0777dbc-ghc9.6.3.so
7fbbce822000-7fbbce824000 r--p 00222000 00:22 9500954                    /opt/simplex/lib/app/resources/libHSmono-traversable-1.0.15.3-702fbc586e2e3e3ba85606e4705af5b51dedb7602b3236f1217afbfba0777dbc-ghc9.6.3.so
7fbbce824000-7fbbce825000 ---p 00224000 00:22 9500954                    /opt/simplex/lib/app/resources/libHSmono-traversable-1.0.15.3-702fbc586e2e3e3ba85606e4705af5b51dedb7602b3236f1217afbfba0777dbc-ghc9.6.3.so
7fbbce825000-7fbbce827000 r--p 00224000 00:22 9500954                    /opt/simplex/lib/app/resources/libHSmono-traversable-1.0.15.3-702fbc586e2e3e3ba85606e4705af5b51dedb7602b3236f1217afbfba0777dbc-ghc9.6.3.so
7fbbce827000-7fbbce83c000 rw-p 00226000 00:22 9500954                    /opt/simplex/lib/app/resources/libHSmono-traversable-1.0.15.3-702fbc586e2e3e3ba85606e4705af5b51dedb7602b3236f1217afbfba0777dbc-ghc9.6.3.so
7fbbce83c000-7fbbce848000 r-xp 00000000 00:22 9500944                    /opt/simplex/lib/app/resources/libHSinteger-gmp-1.1-ghc9.6.3.so
7fbbce848000-7fbbce849000 r--p 0000b000 00:22 9500944                    /opt/simplex/lib/app/resources/libHSinteger-gmp-1.1-ghc9.6.3.so
7fbbce849000-7fbbce84a000 rw-p 0000c000 00:22 9500944                    /opt/simplex/lib/app/resources/libHSinteger-gmp-1.1-ghc9.6.3.so
7fbbce84a000-7fbbce858000 r--p 00000000 00:22 9500962                    /opt/simplex/lib/app/resources/libHSold-locale-1.0.0.7-2fc41634d130ad577f30ae220a366c50aded85663753062bcd06dee8a22a28ee-ghc9.6.3.so
7fbbce858000-7fbbce85c000 r-xp 0000e000 00:22 9500962                    /opt/simplex/lib/app/resources/libHSold-locale-1.0.0.7-2fc41634d130ad577f30ae220a366c50aded85663753062bcd06dee8a22a28ee-ghc9.6.3.so
7fbbce85c000-7fbbce85d000 r--p 00012000 00:22 9500962                    /opt/simplex/lib/app/resources/libHSold-locale-1.0.0.7-2fc41634d130ad577f30ae220a366c50aded85663753062bcd06dee8a22a28ee-ghc9.6.3.so
7fbbce85d000-7fbbce85e000 r--p 00012000 00:22 9500962                    /opt/simplex/lib/app/resources/libHSold-locale-1.0.0.7-2fc41634d130ad577f30ae220a366c50aded85663753062bcd06dee8a22a28ee-ghc9.6.3.so
7fbbce85e000-7fbbce860000 rw-p 00013000 00:22 9500962                    /opt/simplex/lib/app/resources/libHSold-locale-1.0.0.7-2fc41634d130ad577f30ae220a366c50aded85663753062bcd06dee8a22a28ee-ghc9.6.3.so
7fbbce860000-7fbbce8d9000 r-xp 00000000 00:22 9500923                    /opt/simplex/lib/app/resources/libHSdirectory-1.3.8.1-ghc9.6.3.so
7fbbce8d9000-7fbbce8da000 r--p 00078000 00:22 9500923                    /opt/simplex/lib/app/resources/libHSdirectory-1.3.8.1-ghc9.6.3.so
7fbbce8da000-7fbbce8e2000 rw-p 00079000 00:22 9500923                    /opt/simplex/lib/app/resources/libHSdirectory-1.3.8.1-ghc9.6.3.so
7fbbce8e2000-7fbbce8f3000 r--p 00000000 00:22 9500927                    /opt/simplex/lib/app/resources/libHSemail-validate-2.3.2.19-8e093d39175bc833333d170127e683e34f7c13447809285b558be894a69a8107-ghc9.6.3.so
7fbbce8f3000-7fbbce908000 r-xp 00011000 00:22 9500927                    /opt/simplex/lib/app/resources/libHSemail-validate-2.3.2.19-8e093d39175bc833333d170127e683e34f7c13447809285b558be894a69a8107-ghc9.6.3.so
7fbbce908000-7fbbce909000 r--p 00026000 00:22 9500927                    /opt/simplex/lib/app/resources/libHSemail-validate-2.3.2.19-8e093d39175bc833333d170127e683e34f7c13447809285b558be894a69a8107-ghc9.6.3.so
7fbbce909000-7fbbce90a000 r--p 00026000 00:22 9500927                    /opt/simplex/lib/app/resources/libHSemail-validate-2.3.2.19-8e093d39175bc833333d170127e683e34f7c13447809285b558be894a69a8107-ghc9.6.3.so
7fbbce90a000-7fbbce90d000 rw-p 00027000 00:22 9500927                    /opt/simplex/lib/app/resources/libHSemail-validate-2.3.2.19-8e093d39175bc833333d170127e683e34f7c13447809285b558be894a69a8107-ghc9.6.3.so
7fbbce90d000-7fbbce9af000 r--p 00000000 00:22 9500956                    /opt/simplex/lib/app/resources/libHSnetwork-3.1.4.0-d7a34d14b13a117592434557be9626c3e970a42510042af7c7f787b50c31f140-ghc9.6.3.so
7fbbce9af000-7fbbce9ee000 r-xp 000a2000 00:22 9500956                    /opt/simplex/lib/app/resources/libHSnetwork-3.1.4.0-d7a34d14b13a117592434557be9626c3e970a42510042af7c7f787b50c31f140-ghc9.6.3.so
7fbbce9ee000-7fbbce9f1000 r--p 000e1000 00:22 9500956                    /opt/simplex/lib/app/resources/libHSnetwork-3.1.4.0-d7a34d14b13a117592434557be9626c3e970a42510042af7c7f787b50c31f140-ghc9.6.3.so
7fbbce9f1000-7fbbce9f2000 r--p 000e3000 00:22 9500956                    /opt/simplex/lib/app/resources/libHSnetwork-3.1.4.0-d7a34d14b13a117592434557be9626c3e970a42510042af7c7f787b50c31f140-ghc9.6.3.so
7fbbce9f2000-7fbbcea00000 rw-p 000e4000 00:22 9500956                    /opt/simplex/lib/app/resources/libHSnetwork-3.1.4.0-d7a34d14b13a117592434557be9626c3e970a42510042af7c7f787b50c31f140-ghc9.6.3.so
7fbbcea00000-7fbbcf364000 r--p 00000000 00:22 9500981                    /opt/simplex/lib/app/resources/libHSsimplexmq-6.5.1.0-cff98029d5503337eb10bdba67502cae67a500d5ca95c286e739b9554fb4f01c-ghc9.6.3.so
7fbbcf364000-7fbbcfdcf000 r-xp 00964000 00:22 9500981                    /opt/simplex/lib/app/resources/libHSsimplexmq-6.5.1.0-cff98029d5503337eb10bdba67502cae67a500d5ca95c286e739b9554fb4f01c-ghc9.6.3.so
7fbbcfdcf000-7fbbcfe20000 r--p 013cf000 00:22 9500981                    /opt/simplex/lib/app/resources/libHSsimplexmq-6.5.1.0-cff98029d5503337eb10bdba67502cae67a500d5ca95c286e739b9554fb4f01c-ghc9.6.3.so
7fbbcfe20000-7fbbcfe24000 r--p 0141f000 00:22 9500981                    /opt/simplex/lib/app/resources/libHSsimplexmq-6.5.1.0-cff98029d5503337eb10bdba67502cae67a500d5ca95c286e739b9554fb4f01c-ghc9.6.3.so
7fbbcfe24000-7fbbcff29000 rw-p 01423000 00:22 9500981                    /opt/simplex/lib/app/resources/libHSsimplexmq-6.5.1.0-cff98029d5503337eb10bdba67502cae67a500d5ca95c286e739b9554fb4f01c-ghc9.6.3.so
7fbbcff2a000-7fbbcff37000 r--p 00000000 00:22 9500931                    /opt/simplex/lib/app/resources/libHSfile-embed-0.0.15.0-858d0ef424fd92d742d20e68b7596e642557183aba03df51abd86155233a5a95-ghc9.6.3.so
7fbbcff37000-7fbbcff41000 r-xp 0000d000 00:22 9500931                    /opt/simplex/lib/app/resources/libHSfile-embed-0.0.15.0-858d0ef424fd92d742d20e68b7596e642557183aba03df51abd86155233a5a95-ghc9.6.3.so
7fbbcff41000-7fbbcff42000 r--p 00017000 00:22 9500931                    /opt/simplex/lib/app/resources/libHSfile-embed-0.0.15.0-858d0ef424fd92d742d20e68b7596e642557183aba03df51abd86155233a5a95-ghc9.6.3.so
7fbbcff42000-7fbbcff43000 r--p 00017000 00:22 9500931                    /opt/simplex/lib/app/resources/libHSfile-embed-0.0.15.0-858d0ef424fd92d742d20e68b7596e642557183aba03df51abd86155233a5a95-ghc9.6.3.so
7fbbcff43000-7fbbcff45000 rw-p 00018000 00:22 9500931                    /opt/simplex/lib/app/resources/libHSfile-embed-0.0.15.0-858d0ef424fd92d742d20e68b7596e642557183aba03df51abd86155233a5a95-ghc9.6.3.so
7fbbcff45000-7fbbcff54000 r--p 00000000 00:22 9500897                    /opt/simplex/lib/app/resources/libHScase-insensitive-1.2.1.0-911f138ed8f1a51c290f3661c35a231fca5751b2e6d93cb8b08b793c28d333f8-ghc9.6.3.so
7fbbcff54000-7fbbcff60000 r-xp 0000f000 00:22 9500897                    /opt/simplex/lib/app/resources/libHScase-insensitive-1.2.1.0-911f138ed8f1a51c290f3661c35a231fca5751b2e6d93cb8b08b793c28d333f8-ghc9.6.3.so
7fbbcff60000-7fbbcff61000 r--p 0001b000 00:22 9500897                    /opt/simplex/lib/app/resources/libHScase-insensitive-1.2.1.0-911f138ed8f1a51c290f3661c35a231fca5751b2e6d93cb8b08b793c28d333f8-ghc9.6.3.so
7fbbcff61000-7fbbcff62000 r--p 0001b000 00:22 9500897                    /opt/simplex/lib/app/resources/libHScase-insensitive-1.2.1.0-911f138ed8f1a51c290f3661c35a231fca5751b2e6d93cb8b08b793c28d333f8-ghc9.6.3.so
7fbbcff62000-7fbbcff63000 rw-p 0001c000 00:22 9500897                    /opt/simplex/lib/app/resources/libHScase-insensitive-1.2.1.0-911f138ed8f1a51c290f3661c35a231fca5751b2e6d93cb8b08b793c28d333f8-ghc9.6.3.so
7fbbcff63000-7fbbcffb1000 r--p 00000000 00:22 9500939                    /opt/simplex/lib/app/resources/libHShttp-types-0.12.4-04b79bbaa320685b0d9adb7fa02616087e75618cb90fa0923146d636c6dc5c73-ghc9.6.3.so
7fbbcffb1000-7fbbcffda000 r-xp 0004e000 00:22 9500939                    /opt/simplex/lib/app/resources/libHShttp-types-0.12.4-04b79bbaa320685b0d9adb7fa02616087e75618cb90fa0923146d636c6dc5c73-ghc9.6.3.so
7fbbcffda000-7fbbcffdd000 r--p 00077000 00:22 9500939                    /opt/simplex/lib/app/resources/libHShttp-types-0.12.4-04b79bbaa320685b0d9adb7fa02616087e75618cb90fa0923146d636c6dc5c73-ghc9.6.3.so
7fbbcffdd000-7fbbcffde000 ---p 0007a000 00:22 9500939                    /opt/simplex/lib/app/resources/libHShttp-types-0.12.4-04b79bbaa320685b0d9adb7fa02616087e75618cb90fa0923146d636c6dc5c73-ghc9.6.3.so
7fbbcffde000-7fbbcffdf000 r--p 0007a000 00:22 9500939                    /opt/simplex/lib/app/resources/libHShttp-types-0.12.4-04b79bbaa320685b0d9adb7fa02616087e75618cb90fa0923146d636c6dc5c73-ghc9.6.3.so
7fbbcffdf000-7fbbcffe6000 rw-p 0007b000 00:22 9500939                    /opt/simplex/lib/app/resources/libHShttp-types-0.12.4-04b79bbaa320685b0d9adb7fa02616087e75618cb90fa0923146d636c6dc5c73-ghc9.6.3.so
7fbbcffe6000-7fbbcfff4000 r--p 00000000 00:22 9500957                    /opt/simplex/lib/app/resources/libHSnetwork-byte-order-0.1.7-9300eb9d93376c7451b714e77dbee63d69827bfd45154453c5e009f245628c5f-ghc9.6.3.so
7fbbcfff4000-7fbbcfffd000 r-xp 0000e000 00:22 9500957                    /opt/simplex/lib/app/resources/libHSnetwork-byte-order-0.1.7-9300eb9d93376c7451b714e77dbee63d69827bfd45154453c5e009f245628c5f-ghc9.6.3.so
7fbbcfffd000-7fbbcfffe000 r--p 00017000 00:22 9500957                    /opt/simplex/lib/app/resources/libHSnetwork-byte-order-0.1.7-9300eb9d93376c7451b714e77dbee63d69827bfd45154453c5e009f245628c5f-ghc9.6.3.so
7fbbcfffe000-7fbbcffff000 r--p 00017000 00:22 9500957                    /opt/simplex/lib/app/resources/libHSnetwork-byte-order-0.1.7-9300eb9d93376c7451b714e77dbee63d69827bfd45154453c5e009f245628c5f-ghc9.6.3.so
7fbbcffff000-7fbbd0000000 rw-p 00018000 00:22 9500957                    /opt/simplex/lib/app/resources/libHSnetwork-byte-order-0.1.7-9300eb9d93376c7451b714e77dbee63d69827bfd45154453c5e009f245628c5f-ghc9.6.3.so
7fbbd0000000-7fbbd0021000 rw-p 00000000 00:00 0 
7fbbd0021000-7fbbd4000000 ---p 00000000 00:00 0 
7fbbd4002000-7fbbd400a000 r--p 00000000 00:22 9500879                    /opt/simplex/lib/app/resources/libHSasn1-parse-0.9.5-388a8b57b8e521bbc599a749d1894177c5d08ec8998c0db0c8a3c6e56f135e02-ghc9.6.3.so
7fbbd400a000-7fbbd400d000 r-xp 00008000 00:22 9500879                    /opt/simplex/lib/app/resources/libHSasn1-parse-0.9.5-388a8b57b8e521bbc599a749d1894177c5d08ec8998c0db0c8a3c6e56f135e02-ghc9.6.3.so
7fbbd400d000-7fbbd400e000 r--p 0000b000 00:22 9500879                    /opt/simplex/lib/app/resources/libHSasn1-parse-0.9.5-388a8b57b8e521bbc599a749d1894177c5d08ec8998c0db0c8a3c6e56f135e02-ghc9.6.3.so
7fbbd400e000-7fbbd400f000 r--p 0000b000 00:22 9500879                    /opt/simplex/lib/app/resources/libHSasn1-parse-0.9.5-388a8b57b8e521bbc599a749d1894177c5d08ec8998c0db0c8a3c6e56f135e02-ghc9.6.3.so
7fbbd400f000-7fbbd4010000 rw-p 0000c000 00:22 9500879                    /opt/simplex/lib/app/resources/libHSasn1-parse-0.9.5-388a8b57b8e521bbc599a749d1894177c5d08ec8998c0db0c8a3c6e56f135e02-ghc9.6.3.so
7fbbd4010000-7fbbd4040000 r--p 00000000 00:22 9500971                    /opt/simplex/lib/app/resources/libHSpsqueues-0.2.8.0-cf18912fd284bc3c4ca8133b791460e95c2ce18855d35dbe15128d1b9b901f99-ghc9.6.3.so
7fbbd4040000-7fbbd408f000 r-xp 00030000 00:22 9500971                    /opt/simplex/lib/app/resources/libHSpsqueues-0.2.8.0-cf18912fd284bc3c4ca8133b791460e95c2ce18855d35dbe15128d1b9b901f99-ghc9.6.3.so
7fbbd408f000-7fbbd4090000 r--p 0007f000 00:22 9500971                    /opt/simplex/lib/app/resources/libHSpsqueues-0.2.8.0-cf18912fd284bc3c4ca8133b791460e95c2ce18855d35dbe15128d1b9b901f99-ghc9.6.3.so
7fbbd4090000-7fbbd4091000 r--p 0007f000 00:22 9500971                    /opt/simplex/lib/app/resources/libHSpsqueues-0.2.8.0-cf18912fd284bc3c4ca8133b791460e95c2ce18855d35dbe15128d1b9b901f99-ghc9.6.3.so
7fbbd4091000-7fbbd4095000 rw-p 00080000 00:22 9500971                    /opt/simplex/lib/app/resources/libHSpsqueues-0.2.8.0-cf18912fd284bc3c4ca8133b791460e95c2ce18855d35dbe15128d1b9b901f99-ghc9.6.3.so
7fbbd4095000-7fbbd40d0000 r-xp 00000000 00:22 9500970                    /opt/simplex/lib/app/resources/libHSprocess-1.6.17.0-ghc9.6.3.so
7fbbd40d0000-7fbbd40d1000 ---p 0003b000 00:22 9500970                    /opt/simplex/lib/app/resources/libHSprocess-1.6.17.0-ghc9.6.3.so
7fbbd40d1000-7fbbd40d2000 r--p 0003b000 00:22 9500970                    /opt/simplex/lib/app/resources/libHSprocess-1.6.17.0-ghc9.6.3.so
7fbbd40d2000-7fbbd40d6000 rw-p 0003c000 00:22 9500970                    /opt/simplex/lib/app/resources/libHSprocess-1.6.17.0-ghc9.6.3.so
7fbbd40d6000-7fbbd4139000 r--p 00000000 00:22 9501013                    /opt/simplex/lib/app/resources/libHSunliftio-0.2.25.0-e49039a2da3a9a3368bfeaf21760d33880319bcb69605951ea8183d181cc2a0c-ghc9.6.3.so
7fbbd4139000-7fbbd4179000 r-xp 00063000 00:22 9501013                    /opt/simplex/lib/app/resources/libHSunliftio-0.2.25.0-e49039a2da3a9a3368bfeaf21760d33880319bcb69605951ea8183d181cc2a0c-ghc9.6.3.so
7fbbd4179000-7fbbd417b000 r--p 000a3000 00:22 9501013                    /opt/simplex/lib/app/resources/libHSunliftio-0.2.25.0-e49039a2da3a9a3368bfeaf21760d33880319bcb69605951ea8183d181cc2a0c-ghc9.6.3.so
7fbbd417b000-7fbbd417d000 r--p 000a4000 00:22 9501013                    /opt/simplex/lib/app/resources/libHSunliftio-0.2.25.0-e49039a2da3a9a3368bfeaf21760d33880319bcb69605951ea8183d181cc2a0c-ghc9.6.3.so
7fbbd417d000-7fbbd4186000 rw-p 000a6000 00:22 9501013                    /opt/simplex/lib/app/resources/libHSunliftio-0.2.25.0-e49039a2da3a9a3368bfeaf21760d33880319bcb69605951ea8183d181cc2a0c-ghc9.6.3.so
7fbbd4186000-7fbbd4216000 r--p 00000000 00:22 9500964                    /opt/simplex/lib/app/resources/libHSoptparse-applicative-0.16.1.0-3ce9aafbd1a55a039ca95f58edb9a59055e5a44025a363ef7164a17f4f233cd8-ghc9.6.3.so
7fbbd4216000-7fbbd4260000 r-xp 00090000 00:22 9500964                    /opt/simplex/lib/app/resources/libHSoptparse-applicative-0.16.1.0-3ce9aafbd1a55a039ca95f58edb9a59055e5a44025a363ef7164a17f4f233cd8-ghc9.6.3.so
7fbbd4260000-7fbbd4264000 r--p 000da000 00:22 9500964                    /opt/simplex/lib/app/resources/libHSoptparse-applicative-0.16.1.0-3ce9aafbd1a55a039ca95f58edb9a59055e5a44025a363ef7164a17f4f233cd8-ghc9.6.3.so
7fbbd4264000-7fbbd4265000 r--p 000dd000 00:22 9500964                    /opt/simplex/lib/app/resources/libHSoptparse-applicative-0.16.1.0-3ce9aafbd1a55a039ca95f58edb9a59055e5a44025a363ef7164a17f4f233cd8-ghc9.6.3.so
7fbbd4265000-7fbbd4272000 rw-p 000de000 00:22 9500964                    /opt/simplex/lib/app/resources/libHSoptparse-applicative-0.16.1.0-3ce9aafbd1a55a039ca95f58edb9a59055e5a44025a363ef7164a17f4f233cd8-ghc9.6.3.so
7fbbd4272000-7fbbd42bf000 r--p 00000000 00:22 9500892                    /opt/simplex/lib/app/resources/libHSbitvec-1.1.5.0-f7812fb545e860bcf25db099a0f86418cb8b521ac6c734b90394edb5f29dcc64-ghc9.6.3.so
7fbbd42bf000-7fbbd43f4000 r-xp 0004d000 00:22 9500892                    /opt/simplex/lib/app/resources/libHSbitvec-1.1.5.0-f7812fb545e860bcf25db099a0f86418cb8b521ac6c734b90394edb5f29dcc64-ghc9.6.3.so
7fbbd43f4000-7fbbd43f5000 r--p 00182000 00:22 9500892                    /opt/simplex/lib/app/resources/libHSbitvec-1.1.5.0-f7812fb545e860bcf25db099a0f86418cb8b521ac6c734b90394edb5f29dcc64-ghc9.6.3.so
7fbbd43f5000-7fbbd43f6000 ---p 00183000 00:22 9500892                    /opt/simplex/lib/app/resources/libHSbitvec-1.1.5.0-f7812fb545e860bcf25db099a0f86418cb8b521ac6c734b90394edb5f29dcc64-ghc9.6.3.so
7fbbd43f6000-7fbbd43f7000 r--p 00183000 00:22 9500892                    /opt/simplex/lib/app/resources/libHSbitvec-1.1.5.0-f7812fb545e860bcf25db099a0f86418cb8b521ac6c734b90394edb5f29dcc64-ghc9.6.3.so
7fbbd43f7000-7fbbd4400000 rw-p 00184000 00:22 9500892                    /opt/simplex/lib/app/resources/libHSbitvec-1.1.5.0-f7812fb545e860bcf25db099a0f86418cb8b521ac6c734b90394edb5f29dcc64-ghc9.6.3.so
7fbbd4400000-7fbbd4633000 r--p 00000000 00:22 9500913                    /opt/simplex/lib/app/resources/libHScryptostore-0.3.0.1-44f7a30de8c5f27df2f4c61613d8f76fda72b1cf7b8d867e2fe8ff99f77f43b4-ghc9.6.3.so
7fbbd4633000-7fbbd4763000 r-xp 00233000 00:22 9500913                    /opt/simplex/lib/app/resources/libHScryptostore-0.3.0.1-44f7a30de8c5f27df2f4c61613d8f76fda72b1cf7b8d867e2fe8ff99f77f43b4-ghc9.6.3.so
7fbbd4763000-7fbbd4773000 r--p 00363000 00:22 9500913                    /opt/simplex/lib/app/resources/libHScryptostore-0.3.0.1-44f7a30de8c5f27df2f4c61613d8f76fda72b1cf7b8d867e2fe8ff99f77f43b4-ghc9.6.3.so
7fbbd4773000-7fbbd4774000 ---p 00373000 00:22 9500913                    /opt/simplex/lib/app/resources/libHScryptostore-0.3.0.1-44f7a30de8c5f27df2f4c61613d8f76fda72b1cf7b8d867e2fe8ff99f77f43b4-ghc9.6.3.so
7fbbd4774000-7fbbd4776000 r--p 00373000 00:22 9500913                    /opt/simplex/lib/app/resources/libHScryptostore-0.3.0.1-44f7a30de8c5f27df2f4c61613d8f76fda72b1cf7b8d867e2fe8ff99f77f43b4-ghc9.6.3.so
7fbbd4776000-7fbbd47b4000 rw-p 00375000 00:22 9500913                    /opt/simplex/lib/app/resources/libHScryptostore-0.3.0.1-44f7a30de8c5f27df2f4c61613d8f76fda72b1cf7b8d867e2fe8ff99f77f43b4-ghc9.6.3.so
7fbbd47b4000-7fbbd47b5000 r--p 00000000 00:22 9500933                    /opt/simplex/lib/app/resources/libHSgenerically-0.1.1-2834f311c967983e0bc61b2c2991e5f1889ec4efc87b9657d666962213309952-ghc9.6.3.so
7fbbd47b5000-7fbbd47b6000 r-xp 00001000 00:22 9500933                    /opt/simplex/lib/app/resources/libHSgenerically-0.1.1-2834f311c967983e0bc61b2c2991e5f1889ec4efc87b9657d666962213309952-ghc9.6.3.so
7fbbd47b6000-7fbbd47b7000 r--p 00002000 00:22 9500933                    /opt/simplex/lib/app/resources/libHSgenerically-0.1.1-2834f311c967983e0bc61b2c2991e5f1889ec4efc87b9657d666962213309952-ghc9.6.3.so
7fbbd47b7000-7fbbd47b8000 r--p 00002000 00:22 9500933                    /opt/simplex/lib/app/resources/libHSgenerically-0.1.1-2834f311c967983e0bc61b2c2991e5f1889ec4efc87b9657d666962213309952-ghc9.6.3.so
7fbbd47b8000-7fbbd47b9000 rw-p 00003000 00:22 9500933                    /opt/simplex/lib/app/resources/libHSgenerically-0.1.1-2834f311c967983e0bc61b2c2991e5f1889ec4efc87b9657d666962213309952-ghc9.6.3.so
7fbbd47b9000-7fbbd47c2000 r--p 00000000 00:22 9500966                    /opt/simplex/lib/app/resources/libHSpem-0.2.4-f906496cff163a500cd65e64adb820577bcc6db48a8415f3199036f58c5276a6-ghc9.6.3.so
7fbbd47c2000-7fbbd47c6000 r-xp 00009000 00:22 9500966                    /opt/simplex/lib/app/resources/libHSpem-0.2.4-f906496cff163a500cd65e64adb820577bcc6db48a8415f3199036f58c5276a6-ghc9.6.3.so
7fbbd47c6000-7fbbd47c7000 r--p 0000d000 00:22 9500966                    /opt/simplex/lib/app/resources/libHSpem-0.2.4-f906496cff163a500cd65e64adb820577bcc6db48a8415f3199036f58c5276a6-ghc9.6.3.so
7fbbd47c7000-7fbbd47c8000 r--p 0000d000 00:22 9500966                    /opt/simplex/lib/app/resources/libHSpem-0.2.4-f906496cff163a500cd65e64adb820577bcc6db48a8415f3199036f58c5276a6-ghc9.6.3.so
7fbbd47c8000-7fbbd47c9000 rw-p 0000e000 00:22 9500966                    /opt/simplex/lib/app/resources/libHSpem-0.2.4-f906496cff163a500cd65e64adb820577bcc6db48a8415f3199036f58c5276a6-ghc9.6.3.so
7fbbd47c9000-7fbbd47d7000 r--p 00000000 00:22 9500885                    /opt/simplex/lib/app/resources/libHSauto-update-0.1.6-ecb80428f0d9edc16907d305ff237d25cbe29e71e601ffa03b04627282304912-ghc9.6.3.so
7fbbd47d7000-7fbbd47dd000 r-xp 0000e000 00:22 9500885                    /opt/simplex/lib/app/resources/libHSauto-update-0.1.6-ecb80428f0d9edc16907d305ff237d25cbe29e71e601ffa03b04627282304912-ghc9.6.3.so
7fbbd47dd000-7fbbd47de000 r--p 00014000 00:22 9500885                    /opt/simplex/lib/app/resources/libHSauto-update-0.1.6-ecb80428f0d9edc16907d305ff237d25cbe29e71e601ffa03b04627282304912-ghc9.6.3.so
7fbbd47de000-7fbbd47df000 r--p 00014000 00:22 9500885                    /opt/simplex/lib/app/resources/libHSauto-update-0.1.6-ecb80428f0d9edc16907d305ff237d25cbe29e71e601ffa03b04627282304912-ghc9.6.3.so
7fbbd47df000-7fbbd47e1000 rw-p 00015000 00:22 9500885                    /opt/simplex/lib/app/resources/libHSauto-update-0.1.6-ecb80428f0d9edc16907d305ff237d25cbe29e71e601ffa03b04627282304912-ghc9.6.3.so
7fbbd47e1000-7fbbd47f4000 r--p 00000000 00:22 9500976                    /opt/simplex/lib/app/resources/libHSsafe-exceptions-0.1.7.4-fa39710bdd0613170da182466a4d5f7d7e1ca3350d0d4a062ea9d3f2a3dbbb31-ghc9.6.3.so
7fbbd47f4000-7fbbd47fc000 r-xp 00013000 00:22 9500976                    /opt/simplex/lib/app/resources/libHSsafe-exceptions-0.1.7.4-fa39710bdd0613170da182466a4d5f7d7e1ca3350d0d4a062ea9d3f2a3dbbb31-ghc9.6.3.so
7fbbd47fc000-7fbbd47fd000 r--p 0001b000 00:22 9500976                    /opt/simplex/lib/app/resources/libHSsafe-exceptions-0.1.7.4-fa39710bdd0613170da182466a4d5f7d7e1ca3350d0d4a062ea9d3f2a3dbbb31-ghc9.6.3.so
7fbbd47fd000-7fbbd47fe000 r--p 0001b000 00:22 9500976                    /opt/simplex/lib/app/resources/libHSsafe-exceptions-0.1.7.4-fa39710bdd0613170da182466a4d5f7d7e1ca3350d0d4a062ea9d3f2a3dbbb31-ghc9.6.3.so
7fbbd47fe000-7fbbd4800000 rw-p 0001c000 00:22 9500976                    /opt/simplex/lib/app/resources/libHSsafe-exceptions-0.1.7.4-fa39710bdd0613170da182466a4d5f7d7e1ca3350d0d4a062ea9d3f2a3dbbb31-ghc9.6.3.so
7fbbd4800000-7fbbd4a3c000 r--p 00000000 00:22 9501004                    /opt/simplex/lib/app/resources/libHStls-1.9.0-6788cf450613a953599cb80c84cd483fafc4caa194ade4412ea440d544ee19ba-ghc9.6.3.so
7fbbd4a3c000-7fbbd4bc5000 r-xp 0023c000 00:22 9501004                    /opt/simplex/lib/app/resources/libHStls-1.9.0-6788cf450613a953599cb80c84cd483fafc4caa194ade4412ea440d544ee19ba-ghc9.6.3.so
7fbbd4bc5000-7fbbd4bd9000 r--p 003c5000 00:22 9501004                    /opt/simplex/lib/app/resources/libHStls-1.9.0-6788cf450613a953599cb80c84cd483fafc4caa194ade4412ea440d544ee19ba-ghc9.6.3.so
7fbbd4bd9000-7fbbd4bda000 ---p 003d9000 00:22 9501004                    /opt/simplex/lib/app/resources/libHStls-1.9.0-6788cf450613a953599cb80c84cd483fafc4caa194ade4412ea440d544ee19ba-ghc9.6.3.so
7fbbd4bda000-7fbbd4bdc000 r--p 003d9000 00:22 9501004                    /opt/simplex/lib/app/resources/libHStls-1.9.0-6788cf450613a953599cb80c84cd483fafc4caa194ade4412ea440d544ee19ba-ghc9.6.3.so
7fbbd4bdc000-7fbbd4c1f000 rw-p 003db000 00:22 9501004                    /opt/simplex/lib/app/resources/libHStls-1.9.0-6788cf450613a953599cb80c84cd483fafc4caa194ade4412ea440d544ee19ba-ghc9.6.3.so
7fbbd4c21000-7fbbd4c2a000 r--p 00000000 00:22 9501014                    /opt/simplex/lib/app/resources/libHSunliftio-core-0.2.1.0-fe08e519f2101e0d6af5c7436f21f4fe398f2538422b74fd8852415fb9c17a59-ghc9.6.3.so
7fbbd4c2a000-7fbbd4c2c000 r-xp 00009000 00:22 9501014                    /opt/simplex/lib/app/resources/libHSunliftio-core-0.2.1.0-fe08e519f2101e0d6af5c7436f21f4fe398f2538422b74fd8852415fb9c17a59-ghc9.6.3.so
7fbbd4c2c000-7fbbd4c2d000 r--p 0000b000 00:22 9501014                    /opt/simplex/lib/app/resources/libHSunliftio-core-0.2.1.0-fe08e519f2101e0d6af5c7436f21f4fe398f2538422b74fd8852415fb9c17a59-ghc9.6.3.so
7fbbd4c2d000-7fbbd4c2e000 r--p 0000b000 00:22 9501014                    /opt/simplex/lib/app/resources/libHSunliftio-core-0.2.1.0-fe08e519f2101e0d6af5c7436f21f4fe398f2538422b74fd8852415fb9c17a59-ghc9.6.3.so
7fbbd4c2e000-7fbbd4c2f000 rw-p 0000c000 00:22 9501014                    /opt/simplex/lib/app/resources/libHSunliftio-core-0.2.1.0-fe08e519f2101e0d6af5c7436f21f4fe398f2538422b74fd8852415fb9c17a59-ghc9.6.3.so
7fbbd4c2f000-7fbbd4c38000 r--p 00000000 00:22 9501003                    /opt/simplex/lib/app/resources/libHStime-manager-0.0.1-77828802fbee26aec7c30a924eb863902e639ee260505a667e17333384754050-ghc9.6.3.so
7fbbd4c38000-7fbbd4c3a000 r-xp 00009000 00:22 9501003                    /opt/simplex/lib/app/resources/libHStime-manager-0.0.1-77828802fbee26aec7c30a924eb863902e639ee260505a667e17333384754050-ghc9.6.3.so
7fbbd4c3a000-7fbbd4c3b000 r--p 0000b000 00:22 9501003                    /opt/simplex/lib/app/resources/libHStime-manager-0.0.1-77828802fbee26aec7c30a924eb863902e639ee260505a667e17333384754050-ghc9.6.3.so
7fbbd4c3b000-7fbbd4c3c000 r--p 0000b000 00:22 9501003                    /opt/simplex/lib/app/resources/libHStime-manager-0.0.1-77828802fbee26aec7c30a924eb863902e639ee260505a667e17333384754050-ghc9.6.3.so
7fbbd4c3c000-7fbbd4c3d000 rw-p 0000c000 00:22 9501003                    /opt/simplex/lib/app/resources/libHStime-manager-0.0.1-77828802fbee26aec7c30a924eb863902e639ee260505a667e17333384754050-ghc9.6.3.so
7fbbd4c3d000-7fbbd4c64000 r--p 00000000 00:22 9500963                    /opt/simplex/lib/app/resources/libHSold-time-1.1.0.4-1176cf9d27ce76ea666f65838dedc69cf85e21dda79241ecb77ebc9da74206df-ghc9.6.3.so
7fbbd4c64000-7fbbd4c84000 r-xp 00027000 00:22 9500963                    /opt/simplex/lib/app/resources/libHSold-time-1.1.0.4-1176cf9d27ce76ea666f65838dedc69cf85e21dda79241ecb77ebc9da74206df-ghc9.6.3.so
7fbbd4c84000-7fbbd4c86000 r--p 00047000 00:22 9500963                    /opt/simplex/lib/app/resources/libHSold-time-1.1.0.4-1176cf9d27ce76ea666f65838dedc69cf85e21dda79241ecb77ebc9da74206df-ghc9.6.3.so
7fbbd4c86000-7fbbd4c87000 r--p 00048000 00:22 9500963                    /opt/simplex/lib/app/resources/libHSold-time-1.1.0.4-1176cf9d27ce76ea666f65838dedc69cf85e21dda79241ecb77ebc9da74206df-ghc9.6.3.so
7fbbd4c87000-7fbbd4c8c000 rw-p 00049000 00:22 9500963                    /opt/simplex/lib/app/resources/libHSold-time-1.1.0.4-1176cf9d27ce76ea666f65838dedc69cf85e21dda79241ecb77ebc9da74206df-ghc9.6.3.so
7fbbd4c8c000-7fbbd4cbf000 r--p 00000000 00:22 9500959                    /opt/simplex/lib/app/resources/libHSnetwork-transport-0.5.6-a598784797da0e5cd837bb152982a8134dbeea490ef4781a1161ebd03ad61e22-ghc9.6.3.so
7fbbd4cbf000-7fbbd4cd6000 r-xp 00033000 00:22 9500959                    /opt/simplex/lib/app/resources/libHSnetwork-transport-0.5.6-a598784797da0e5cd837bb152982a8134dbeea490ef4781a1161ebd03ad61e22-ghc9.6.3.so
7fbbd4cd6000-7fbbd4cd8000 r--p 0004a000 00:22 9500959                    /opt/simplex/lib/app/resources/libHSnetwork-transport-0.5.6-a598784797da0e5cd837bb152982a8134dbeea490ef4781a1161ebd03ad61e22-ghc9.6.3.so
7fbbd4cd8000-7fbbd4cd9000 r--p 0004b000 00:22 9500959                    /opt/simplex/lib/app/resources/libHSnetwork-transport-0.5.6-a598784797da0e5cd837bb152982a8134dbeea490ef4781a1161ebd03ad61e22-ghc9.6.3.so
7fbbd4cd9000-7fbbd4cde000 rw-p 0004c000 00:22 9500959                    /opt/simplex/lib/app/resources/libHSnetwork-transport-0.5.6-a598784797da0e5cd837bb152982a8134dbeea490ef4781a1161ebd03ad61e22-ghc9.6.3.so
7fbbd4cde000-7fbbd4d54000 r--p 00000000 00:22 9500902                    /opt/simplex/lib/app/resources/libHSconduit-1.3.5-f7cd0af4bd2712f81767a07893f463374305fbd51a1ccbf7dde3d722fad38078-ghc9.6.3.so
7fbbd4d54000-7fbbd4df3000 r-xp 00076000 00:22 9500902                    /opt/simplex/lib/app/resources/libHSconduit-1.3.5-f7cd0af4bd2712f81767a07893f463374305fbd51a1ccbf7dde3d722fad38078-ghc9.6.3.so
7fbbd4df3000-7fbbd4df5000 r--p 00115000 00:22 9500902                    /opt/simplex/lib/app/resources/libHSconduit-1.3.5-f7cd0af4bd2712f81767a07893f463374305fbd51a1ccbf7dde3d722fad38078-ghc9.6.3.so
7fbbd4df5000-7fbbd4df6000 ---p 00117000 00:22 9500902                    /opt/simplex/lib/app/resources/libHSconduit-1.3.5-f7cd0af4bd2712f81767a07893f463374305fbd51a1ccbf7dde3d722fad38078-ghc9.6.3.so
7fbbd4df6000-7fbbd4df7000 r--p 00117000 00:22 9500902                    /opt/simplex/lib/app/resources/libHSconduit-1.3.5-f7cd0af4bd2712f81767a07893f463374305fbd51a1ccbf7dde3d722fad38078-ghc9.6.3.so
7fbbd4df7000-7fbbd4e00000 rw-p 00118000 00:22 9500902                    /opt/simplex/lib/app/resources/libHSconduit-1.3.5-f7cd0af4bd2712f81767a07893f463374305fbd51a1ccbf7dde3d722fad38078-ghc9.6.3.so
7fbbd4e00000-7fbbd5bc6000 r--p 00000000 00:22 9501029                    /opt/simplex/lib/app/resources/libsimplex.so
7fbbd5bc6000-7fbbd7385000 r-xp 00dc6000 00:22 9501029                    /opt/simplex/lib/app/resources/libsimplex.so
7fbbd7385000-7fbbd7448000 r--p 02585000 00:22 9501029                    /opt/simplex/lib/app/resources/libsimplex.so
7fbbd7448000-7fbbd7449000 ---p 02648000 00:22 9501029                    /opt/simplex/lib/app/resources/libsimplex.so
7fbbd7449000-7fbbd744e000 r--p 02648000 00:22 9501029                    /opt/simplex/lib/app/resources/libsimplex.so
7fbbd744e000-7fbbd768f000 rw-p 0264d000 00:22 9501029                    /opt/simplex/lib/app/resources/libsimplex.so
7fbbd7693000-7fbbd76a3000 r--p 00000000 00:22 9501012                    /opt/simplex/lib/app/resources/libHSunix-time-0.4.11-9189a02348ca6152b40e2de4217054859bd40e33c0e5eeb1369921a564b5cf30-ghc9.6.3.so
7fbbd76a3000-7fbbd76ac000 r-xp 00010000 00:22 9501012                    /opt/simplex/lib/app/resources/libHSunix-time-0.4.11-9189a02348ca6152b40e2de4217054859bd40e33c0e5eeb1369921a564b5cf30-ghc9.6.3.so
7fbbd76ac000-7fbbd76ad000 r--p 00019000 00:22 9501012                    /opt/simplex/lib/app/resources/libHSunix-time-0.4.11-9189a02348ca6152b40e2de4217054859bd40e33c0e5eeb1369921a564b5cf30-ghc9.6.3.so
7fbbd76ad000-7fbbd76ae000 r--p 00019000 00:22 9501012                    /opt/simplex/lib/app/resources/libHSunix-time-0.4.11-9189a02348ca6152b40e2de4217054859bd40e33c0e5eeb1369921a564b5cf30-ghc9.6.3.so
7fbbd76ae000-7fbbd76af000 rw-p 0001a000 00:22 9501012                    /opt/simplex/lib/app/resources/libHSunix-time-0.4.11-9189a02348ca6152b40e2de4217054859bd40e33c0e5eeb1369921a564b5cf30-ghc9.6.3.so
7fbbd76af000-7fbbd76d3000 r--p 00000000 00:22 9500875                    /opt/simplex/lib/app/resources/libHSansi-wl-pprint-0.6.9-740e11c23a4b1fdd05b947ad8c991cbe710e732c7aa74fd140113a8437bcb88a-ghc9.6.3.so
7fbbd76d3000-7fbbd76e1000 r-xp 00024000 00:22 9500875                    /opt/simplex/lib/app/resources/libHSansi-wl-pprint-0.6.9-740e11c23a4b1fdd05b947ad8c991cbe710e732c7aa74fd140113a8437bcb88a-ghc9.6.3.so
7fbbd76e1000-7fbbd76e3000 r--p 00032000 00:22 9500875                    /opt/simplex/lib/app/resources/libHSansi-wl-pprint-0.6.9-740e11c23a4b1fdd05b947ad8c991cbe710e732c7aa74fd140113a8437bcb88a-ghc9.6.3.so
7fbbd76e3000-7fbbd76e4000 r--p 00033000 00:22 9500875                    /opt/simplex/lib/app/resources/libHSansi-wl-pprint-0.6.9-740e11c23a4b1fdd05b947ad8c991cbe710e732c7aa74fd140113a8437bcb88a-ghc9.6.3.so
7fbbd76e4000-7fbbd76e7000 rw-p 00034000 00:22 9500875                    /opt/simplex/lib/app/resources/libHSansi-wl-pprint-0.6.9-740e11c23a4b1fdd05b947ad8c991cbe710e732c7aa74fd140113a8437bcb88a-ghc9.6.3.so
7fbbd76e7000-7fbbd76ee000 r--p 00000000 00:22 9500973                    /opt/simplex/lib/app/resources/libHSrecord-hasfield-1.0-d6cb5024fc4032d99d6944fd59d32266d746ed207dd5c5f8d3ffdca859062686-ghc9.6.3.so
7fbbd76ee000-7fbbd76f1000 r-xp 00007000 00:22 9500973                    /opt/simplex/lib/app/resources/libHSrecord-hasfield-1.0-d6cb5024fc4032d99d6944fd59d32266d746ed207dd5c5f8d3ffdca859062686-ghc9.6.3.so
7fbbd76f1000-7fbbd76f2000 r--p 0000a000 00:22 9500973                    /opt/simplex/lib/app/resources/libHSrecord-hasfield-1.0-d6cb5024fc4032d99d6944fd59d32266d746ed207dd5c5f8d3ffdca859062686-ghc9.6.3.so
7fbbd76f2000-7fbbd76f3000 r--p 0000a000 00:22 9500973                    /opt/simplex/lib/app/resources/libHSrecord-hasfield-1.0-d6cb5024fc4032d99d6944fd59d32266d746ed207dd5c5f8d3ffdca859062686-ghc9.6.3.so
7fbbd76f3000-7fbbd76f4000 rw-p 0000b000 00:22 9500973                    /opt/simplex/lib/app/resources/libHSrecord-hasfield-1.0-d6cb5024fc4032d99d6944fd59d32266d746ed207dd5c5f8d3ffdca859062686-ghc9.6.3.so
7fbbd76f4000-7fbbd771d000 r--p 00000000 00:22 9500930                    /opt/simplex/lib/app/resources/libHSfast-logger-3.2.2-b996f2a9213a68adbcb76c2cd120cca89f66fffcc9f58aa29e344f14c7372a28-ghc9.6.3.so
7fbbd771d000-7fbbd773a000 r-xp 00029000 00:22 9500930                    /opt/simplex/lib/app/resources/libHSfast-logger-3.2.2-b996f2a9213a68adbcb76c2cd120cca89f66fffcc9f58aa29e344f14c7372a28-ghc9.6.3.so
7fbbd773a000-7fbbd773b000 r--p 00046000 00:22 9500930                    /opt/simplex/lib/app/resources/libHSfast-logger-3.2.2-b996f2a9213a68adbcb76c2cd120cca89f66fffcc9f58aa29e344f14c7372a28-ghc9.6.3.so
7fbbd773b000-7fbbd773c000 ---p 00047000 00:22 9500930                    /opt/simplex/lib/app/resources/libHSfast-logger-3.2.2-b996f2a9213a68adbcb76c2cd120cca89f66fffcc9f58aa29e344f14c7372a28-ghc9.6.3.so
7fbbd773c000-7fbbd773d000 r--p 00047000 00:22 9500930                    /opt/simplex/lib/app/resources/libHSfast-logger-3.2.2-b996f2a9213a68adbcb76c2cd120cca89f66fffcc9f58aa29e344f14c7372a28-ghc9.6.3.so
7fbbd773d000-7fbbd7741000 rw-p 00048000 00:22 9500930                    /opt/simplex/lib/app/resources/libHSfast-logger-3.2.2-b996f2a9213a68adbcb76c2cd120cca89f66fffcc9f58aa29e344f14c7372a28-ghc9.6.3.so
7fbbd7741000-7fbbd7768000 r--p 00000000 00:22 9500974                    /opt/simplex/lib/app/resources/libHSresourcet-1.3.0-7bc4c5832125cb21a657e1e52c7d15ade8946d90d44a4aeef2da03d323cfdcfc-ghc9.6.3.so
7fbbd7768000-7fbbd777b000 r-xp 00027000 00:22 9500974                    /opt/simplex/lib/app/resources/libHSresourcet-1.3.0-7bc4c5832125cb21a657e1e52c7d15ade8946d90d44a4aeef2da03d323cfdcfc-ghc9.6.3.so
7fbbd777b000-7fbbd777c000 r--p 0003a000 00:22 9500974                    /opt/simplex/lib/app/resources/libHSresourcet-1.3.0-7bc4c5832125cb21a657e1e52c7d15ade8946d90d44a4aeef2da03d323cfdcfc-ghc9.6.3.so
7fbbd777c000-7fbbd777d000 ---p 0003b000 00:22 9500974                    /opt/simplex/lib/app/resources/libHSresourcet-1.3.0-7bc4c5832125cb21a657e1e52c7d15ade8946d90d44a4aeef2da03d323cfdcfc-ghc9.6.3.so
7fbbd777d000-7fbbd777e000 r--p 0003b000 00:22 9500974                    /opt/simplex/lib/app/resources/libHSresourcet-1.3.0-7bc4c5832125cb21a657e1e52c7d15ade8946d90d44a4aeef2da03d323cfdcfc-ghc9.6.3.so
7fbbd777e000-7fbbd7781000 rw-p 0003c000 00:22 9500974                    /opt/simplex/lib/app/resources/libHSresourcet-1.3.0-7bc4c5832125cb21a657e1e52c7d15ade8946d90d44a4aeef2da03d323cfdcfc-ghc9.6.3.so
7fbbd7781000-7fbbd77c4000 r--p 00000000 00:22 9501025                    /opt/simplex/lib/app/resources/libHSzlib-0.6.3.0-a39aae8f67ff3eaace9ad2f1a8075252dfa05207ee067004481e4d1b253aa7f7-ghc9.6.3.so
7fbbd77c4000-7fbbd77f5000 r-xp 00043000 00:22 9501025                    /opt/simplex/lib/app/resources/libHSzlib-0.6.3.0-a39aae8f67ff3eaace9ad2f1a8075252dfa05207ee067004481e4d1b253aa7f7-ghc9.6.3.so
7fbbd77f5000-7fbbd77f8000 r--p 00074000 00:22 9501025                    /opt/simplex/lib/app/resources/libHSzlib-0.6.3.0-a39aae8f67ff3eaace9ad2f1a8075252dfa05207ee067004481e4d1b253aa7f7-ghc9.6.3.so
7fbbd77f8000-7fbbd77f9000 r--p 00076000 00:22 9501025                    /opt/simplex/lib/app/resources/libHSzlib-0.6.3.0-a39aae8f67ff3eaace9ad2f1a8075252dfa05207ee067004481e4d1b253aa7f7-ghc9.6.3.so
7fbbd77f9000-7fbbd7800000 rw-p 00077000 00:22 9501025                    /opt/simplex/lib/app/resources/libHSzlib-0.6.3.0-a39aae8f67ff3eaace9ad2f1a8075252dfa05207ee067004481e4d1b253aa7f7-ghc9.6.3.so
7fbbd7800000-7fbbd7807000 r-xp 00000000 00:22 9501950                    /opt/simplex/lib/runtime/lib/libzip.so
7fbbd7807000-7fbbd7a07000 ---p 00007000 00:22 9501950                    /opt/simplex/lib/runtime/lib/libzip.so
7fbbd7a07000-7fbbd7a08000 r--p 00007000 00:22 9501950                    /opt/simplex/lib/runtime/lib/libzip.so
7fbbd7a08000-7fbbd7a09000 rw-p 00000000 00:00 0 
7fbbd7a0d000-7fbbd7a1c000 r--p 00000000 00:22 9500926                    /opt/simplex/lib/app/resources/libHSeasy-file-0.2.5-993791674239f71f3d5c5348a4742b33b35a11f259b010653481c060821ceac2-ghc9.6.3.so
7fbbd7a1c000-7fbbd7a24000 r-xp 0000f000 00:22 9500926                    /opt/simplex/lib/app/resources/libHSeasy-file-0.2.5-993791674239f71f3d5c5348a4742b33b35a11f259b010653481c060821ceac2-ghc9.6.3.so
7fbbd7a24000-7fbbd7a25000 r--p 00017000 00:22 9500926                    /opt/simplex/lib/app/resources/libHSeasy-file-0.2.5-993791674239f71f3d5c5348a4742b33b35a11f259b010653481c060821ceac2-ghc9.6.3.so
7fbbd7a25000-7fbbd7a26000 r--p 00017000 00:22 9500926                    /opt/simplex/lib/app/resources/libHSeasy-file-0.2.5-993791674239f71f3d5c5348a4742b33b35a11f259b010653481c060821ceac2-ghc9.6.3.so
7fbbd7a26000-7fbbd7a28000 rw-p 00018000 00:22 9500926                    /opt/simplex/lib/app/resources/libHSeasy-file-0.2.5-993791674239f71f3d5c5348a4742b33b35a11f259b010653481c060821ceac2-ghc9.6.3.so
7fbbd7a28000-7fbbd7a39000 r--p 00000000 00:22 9500983                    /opt/simplex/lib/app/resources/libHSsplit-0.2.4-fe41ecd5cdbc55441ea0d9f6b9c0a5fa60d53be08482d4617078dba8531c5ff7-ghc9.6.3.so
7fbbd7a39000-7fbbd7a42000 r-xp 00011000 00:22 9500983                    /opt/simplex/lib/app/resources/libHSsplit-0.2.4-fe41ecd5cdbc55441ea0d9f6b9c0a5fa60d53be08482d4617078dba8531c5ff7-ghc9.6.3.so
7fbbd7a42000-7fbbd7a43000 r--p 0001a000 00:22 9500983                    /opt/simplex/lib/app/resources/libHSsplit-0.2.4-fe41ecd5cdbc55441ea0d9f6b9c0a5fa60d53be08482d4617078dba8531c5ff7-ghc9.6.3.so
7fbbd7a43000-7fbbd7a44000 r--p 0001a000 00:22 9500983                    /opt/simplex/lib/app/resources/libHSsplit-0.2.4-fe41ecd5cdbc55441ea0d9f6b9c0a5fa60d53be08482d4617078dba8531c5ff7-ghc9.6.3.so
7fbbd7a44000-7fbbd7a46000 rw-p 0001b000 00:22 9500983                    /opt/simplex/lib/app/resources/libHSsplit-0.2.4-fe41ecd5cdbc55441ea0d9f6b9c0a5fa60d53be08482d4617078dba8531c5ff7-ghc9.6.3.so
7fbbd7a46000-7fbbd7a9f000 r--p 00000000 00:22 9500988                    /opt/simplex/lib/app/resources/libHSstreaming-commons-0.2.2.6-c2a64f34d630d423cfe81f4f5f013ab2aa9c88fe829a5b8fb1558030225c68fe-ghc9.6.3.so
7fbbd7a9f000-7fbbd7ad7000 r-xp 00059000 00:22 9500988                    /opt/simplex/lib/app/resources/libHSstreaming-commons-0.2.2.6-c2a64f34d630d423cfe81f4f5f013ab2aa9c88fe829a5b8fb1558030225c68fe-ghc9.6.3.so
7fbbd7ad7000-7fbbd7ada000 r--p 00091000 00:22 9500988                    /opt/simplex/lib/app/resources/libHSstreaming-commons-0.2.2.6-c2a64f34d630d423cfe81f4f5f013ab2aa9c88fe829a5b8fb1558030225c68fe-ghc9.6.3.so
7fbbd7ada000-7fbbd7adb000 r--p 00093000 00:22 9500988                    /opt/simplex/lib/app/resources/libHSstreaming-commons-0.2.2.6-c2a64f34d630d423cfe81f4f5f013ab2aa9c88fe829a5b8fb1558030225c68fe-ghc9.6.3.so
7fbbd7adb000-7fbbd7ae3000 rw-p 00094000 00:22 9500988                    /opt/simplex/lib/app/resources/libHSstreaming-commons-0.2.2.6-c2a64f34d630d423cfe81f4f5f013ab2aa9c88fe829a5b8fb1558030225c68fe-ghc9.6.3.so
7fbbd7ae3000-7fbbd7b07000 r--p 00000000 00:22 9501009                    /opt/simplex/lib/app/resources/libHStyped-process-0.2.11.1-62f137b38f036ac21804c99685e715e16a8eae2414705926bc32627e2e3746b7-ghc9.6.3.so
7fbbd7b07000-7fbbd7b1e000 r-xp 00024000 00:22 9501009                    /opt/simplex/lib/app/resources/libHStyped-process-0.2.11.1-62f137b38f036ac21804c99685e715e16a8eae2414705926bc32627e2e3746b7-ghc9.6.3.so
7fbbd7b1e000-7fbbd7b1f000 r--p 0003b000 00:22 9501009                    /opt/simplex/lib/app/resources/libHStyped-process-0.2.11.1-62f137b38f036ac21804c99685e715e16a8eae2414705926bc32627e2e3746b7-ghc9.6.3.so
7fbbd7b1f000-7fbbd7b20000 ---p 0003c000 00:22 9501009                    /opt/simplex/lib/app/resources/libHStyped-process-0.2.11.1-62f137b38f036ac21804c99685e715e16a8eae2414705926bc32627e2e3746b7-ghc9.6.3.so
7fbbd7b20000-7fbbd7b21000 r--p 0003c000 00:22 9501009                    /opt/simplex/lib/app/resources/libHStyped-process-0.2.11.1-62f137b38f036ac21804c99685e715e16a8eae2414705926bc32627e2e3746b7-ghc9.6.3.so
7fbbd7b21000-7fbbd7b24000 rw-p 0003d000 00:22 9501009                    /opt/simplex/lib/app/resources/libHStyped-process-0.2.11.1-62f137b38f036ac21804c99685e715e16a8eae2414705926bc32627e2e3746b7-ghc9.6.3.so
7fbbd7b24000-7fbbd7b63000 r--p 00000000 00:22 9500903                    /opt/simplex/lib/app/resources/libHSconduit-extra-1.3.6-46fa6ccb0368471fb2eb4319e2a291d4351d9beb99b9d3dc2b80ef3c18ff6a8d-ghc9.6.3.so
7fbbd7b63000-7fbbd7bab000 r-xp 0003f000 00:22 9500903                    /opt/simplex/lib/app/resources/libHSconduit-extra-1.3.6-46fa6ccb0368471fb2eb4319e2a291d4351d9beb99b9d3dc2b80ef3c18ff6a8d-ghc9.6.3.so
7fbbd7bab000-7fbbd7bac000 r--p 00087000 00:22 9500903                    /opt/simplex/lib/app/resources/libHSconduit-extra-1.3.6-46fa6ccb0368471fb2eb4319e2a291d4351d9beb99b9d3dc2b80ef3c18ff6a8d-ghc9.6.3.so
7fbbd7bac000-7fbbd7bad000 ---p 00088000 00:22 9500903                    /opt/simplex/lib/app/resources/libHSconduit-extra-1.3.6-46fa6ccb0368471fb2eb4319e2a291d4351d9beb99b9d3dc2b80ef3c18ff6a8d-ghc9.6.3.so
7fbbd7bad000-7fbbd7bae000 r--p 00088000 00:22 9500903                    /opt/simplex/lib/app/resources/libHSconduit-extra-1.3.6-46fa6ccb0368471fb2eb4319e2a291d4351d9beb99b9d3dc2b80ef3c18ff6a8d-ghc9.6.3.so
7fbbd7bae000-7fbbd7bb4000 rw-p 00089000 00:22 9500903                    /opt/simplex/lib/app/resources/libHSconduit-extra-1.3.6-46fa6ccb0368471fb2eb4319e2a291d4351d9beb99b9d3dc2b80ef3c18ff6a8d-ghc9.6.3.so
7fbbd7bb4000-7fbbd7bc1000 r--p 00000000 00:22 9500951                    /opt/simplex/lib/app/resources/libHSmonad-control-1.0.3.1-6f6ba806d7cf991812bc234b52c30f48282db4f291e3d32cab0696752b0c8a6b-ghc9.6.3.so
7fbbd7bc1000-7fbbd7bc7000 r-xp 0000d000 00:22 9500951                    /opt/simplex/lib/app/resources/libHSmonad-control-1.0.3.1-6f6ba806d7cf991812bc234b52c30f48282db4f291e3d32cab0696752b0c8a6b-ghc9.6.3.so
7fbbd7bc7000-7fbbd7bc8000 r--p 00013000 00:22 9500951                    /opt/simplex/lib/app/resources/libHSmonad-control-1.0.3.1-6f6ba806d7cf991812bc234b52c30f48282db4f291e3d32cab0696752b0c8a6b-ghc9.6.3.so
7fbbd7bc8000-7fbbd7bc9000 r--p 00013000 00:22 9500951                    /opt/simplex/lib/app/resources/libHSmonad-control-1.0.3.1-6f6ba806d7cf991812bc234b52c30f48282db4f291e3d32cab0696752b0c8a6b-ghc9.6.3.so
7fbbd7bc9000-7fbbd7bca000 rw-p 00014000 00:22 9500951                    /opt/simplex/lib/app/resources/libHSmonad-control-1.0.3.1-6f6ba806d7cf991812bc234b52c30f48282db4f291e3d32cab0696752b0c8a6b-ghc9.6.3.so
7fbbd7bca000-7fbbd7bd8000 r--p 00000000 00:22 9500949                    /opt/simplex/lib/app/resources/libHSlifted-base-0.2.3.12-6bb680b275575f77f23a400002cab0d5c5392afc5c95837c034d35d6f4d761c8-ghc9.6.3.so
7fbbd7bd8000-7fbbd7be4000 r-xp 0000e000 00:22 9500949                    /opt/simplex/lib/app/resources/libHSlifted-base-0.2.3.12-6bb680b275575f77f23a400002cab0d5c5392afc5c95837c034d35d6f4d761c8-ghc9.6.3.so
7fbbd7be4000-7fbbd7be5000 r--p 0001a000 00:22 9500949                    /opt/simplex/lib/app/resources/libHSlifted-base-0.2.3.12-6bb680b275575f77f23a400002cab0d5c5392afc5c95837c034d35d6f4d761c8-ghc9.6.3.so
7fbbd7be5000-7fbbd7be6000 r--p 0001a000 00:22 9500949                    /opt/simplex/lib/app/resources/libHSlifted-base-0.2.3.12-6bb680b275575f77f23a400002cab0d5c5392afc5c95837c034d35d6f4d761c8-ghc9.6.3.so
7fbbd7be6000-7fbbd7be7000 rw-p 0001b000 00:22 9500949                    /opt/simplex/lib/app/resources/libHSlifted-base-0.2.3.12-6bb680b275575f77f23a400002cab0d5c5392afc5c95837c034d35d6f4d761c8-ghc9.6.3.so
7fbbd7be7000-7fbbd7bef000 r--p 00000000 00:22 9500953                    /opt/simplex/lib/app/resources/libHSmonad-loops-0.4.3-98feff43df6edc7df39efe98002b1cc9407b070d698d434ec670f5726dc88e5b-ghc9.6.3.so
7fbbd7bef000-7fbbd7bfd000 r-xp 00008000 00:22 9500953                    /opt/simplex/lib/app/resources/libHSmonad-loops-0.4.3-98feff43df6edc7df39efe98002b1cc9407b070d698d434ec670f5726dc88e5b-ghc9.6.3.so
7fbbd7bfd000-7fbbd7bfe000 r--p 00016000 00:22 9500953                    /opt/simplex/lib/app/resources/libHSmonad-loops-0.4.3-98feff43df6edc7df39efe98002b1cc9407b070d698d434ec670f5726dc88e5b-ghc9.6.3.so
7fbbd7bfe000-7fbbd7bff000 r--p 00016000 00:22 9500953                    /opt/simplex/lib/app/resources/libHSmonad-loops-0.4.3-98feff43df6edc7df39efe98002b1cc9407b070d698d434ec670f5726dc88e5b-ghc9.6.3.so
7fbbd7bff000-7fbbd7c00000 rw-p 00017000 00:22 9500953                    /opt/simplex/lib/app/resources/libHSmonad-loops-0.4.3-98feff43df6edc7df39efe98002b1cc9407b070d698d434ec670f5726dc88e5b-ghc9.6.3.so
7fbbd7c00000-7fbbd7c15000 r-xp 00000000 00:22 9501945                    /opt/simplex/lib/runtime/lib/libnet.so
7fbbd7c15000-7fbbd7e14000 ---p 00015000 00:22 9501945                    /opt/simplex/lib/runtime/lib/libnet.so
7fbbd7e14000-7fbbd7e15000 r--p 00014000 00:22 9501945                    /opt/simplex/lib/runtime/lib/libnet.so
7fbbd7e15000-7fbbd7e16000 rw-p 00015000 00:22 9501945                    /opt/simplex/lib/runtime/lib/libnet.so
7fbbd7e16000-7fbbd7e1e000 r--p 00000000 00:22 9500915                    /opt/simplex/lib/app/resources/libHSdata-default-class-0.1.2.0-d6478233bb84b60567a3dfc7c3c78e8e26df20c2f16a39369f2fe564b42c4bc8-ghc9.6.3.so
7fbbd7e1e000-7fbbd7e1f000 r-xp 00008000 00:22 9500915                    /opt/simplex/lib/app/resources/libHSdata-default-class-0.1.2.0-d6478233bb84b60567a3dfc7c3c78e8e26df20c2f16a39369f2fe564b42c4bc8-ghc9.6.3.so
7fbbd7e1f000-7fbbd7e20000 r--p 00009000 00:22 9500915                    /opt/simplex/lib/app/resources/libHSdata-default-class-0.1.2.0-d6478233bb84b60567a3dfc7c3c78e8e26df20c2f16a39369f2fe564b42c4bc8-ghc9.6.3.so
7fbbd7e20000-7fbbd7e21000 r--p 00009000 00:22 9500915                    /opt/simplex/lib/app/resources/libHSdata-default-class-0.1.2.0-d6478233bb84b60567a3dfc7c3c78e8e26df20c2f16a39369f2fe564b42c4bc8-ghc9.6.3.so
7fbbd7e21000-7fbbd7e22000 rw-p 0000a000 00:22 9500915                    /opt/simplex/lib/app/resources/libHSdata-default-class-0.1.2.0-d6478233bb84b60567a3dfc7c3c78e8e26df20c2f16a39369f2fe564b42c4bc8-ghc9.6.3.so
7fbbd7e22000-7fbbd7e69000 r--p 00000000 00:22 9500952                    /opt/simplex/lib/app/resources/libHSmonad-logger-0.3.40-bd2c86f117c7a9e15efe0e94bf63ea4ba9acb1a3cd6ae109d16580e3e144a39f-ghc9.6.3.so
7fbbd7e69000-7fbbd7e99000 r-xp 00047000 00:22 9500952                    /opt/simplex/lib/app/resources/libHSmonad-logger-0.3.40-bd2c86f117c7a9e15efe0e94bf63ea4ba9acb1a3cd6ae109d16580e3e144a39f-ghc9.6.3.so
7fbbd7e99000-7fbbd7e9a000 r--p 00077000 00:22 9500952                    /opt/simplex/lib/app/resources/libHSmonad-logger-0.3.40-bd2c86f117c7a9e15efe0e94bf63ea4ba9acb1a3cd6ae109d16580e3e144a39f-ghc9.6.3.so
7fbbd7e9a000-7fbbd7e9b000 ---p 00078000 00:22 9500952                    /opt/simplex/lib/app/resources/libHSmonad-logger-0.3.40-bd2c86f117c7a9e15efe0e94bf63ea4ba9acb1a3cd6ae109d16580e3e144a39f-ghc9.6.3.so
7fbbd7e9b000-7fbbd7e9c000 r--p 00078000 00:22 9500952                    /opt/simplex/lib/app/resources/libHSmonad-logger-0.3.40-bd2c86f117c7a9e15efe0e94bf63ea4ba9acb1a3cd6ae109d16580e3e144a39f-ghc9.6.3.so
7fbbd7e9c000-7fbbd7ea1000 rw-p 00079000 00:22 9500952                    /opt/simplex/lib/app/resources/libHSmonad-logger-0.3.40-bd2c86f117c7a9e15efe0e94bf63ea4ba9acb1a3cd6ae109d16580e3e144a39f-ghc9.6.3.so
7fbbd7ea1000-7fbbd7eb9000 r--p 00000000 00:22 9500980                    /opt/simplex/lib/app/resources/libHSsimple-logger-0.1.1-74a5a24b5c9c137579e4e7136fe51f6f3d021f9d392f41e966f82eb3aced465f-ghc9.6.3.so
7fbbd7eb9000-7fbbd7ec8000 r-xp 00018000 00:22 9500980                    /opt/simplex/lib/app/resources/libHSsimple-logger-0.1.1-74a5a24b5c9c137579e4e7136fe51f6f3d021f9d392f41e966f82eb3aced465f-ghc9.6.3.so
7fbbd7ec8000-7fbbd7ec9000 r--p 00027000 00:22 9500980                    /opt/simplex/lib/app/resources/libHSsimple-logger-0.1.1-74a5a24b5c9c137579e4e7136fe51f6f3d021f9d392f41e966f82eb3aced465f-ghc9.6.3.so
7fbbd7ec9000-7fbbd7eca000 ---p 00028000 00:22 9500980                    /opt/simplex/lib/app/resources/libHSsimple-logger-0.1.1-74a5a24b5c9c137579e4e7136fe51f6f3d021f9d392f41e966f82eb3aced465f-ghc9.6.3.so
7fbbd7eca000-7fbbd7ecb000 r--p 00028000 00:22 9500980                    /opt/simplex/lib/app/resources/libHSsimple-logger-0.1.1-74a5a24b5c9c137579e4e7136fe51f6f3d021f9d392f41e966f82eb3aced465f-ghc9.6.3.so
7fbbd7ecb000-7fbbd7ece000 rw-p 00029000 00:22 9500980                    /opt/simplex/lib/app/resources/libHSsimple-logger-0.1.1-74a5a24b5c9c137579e4e7136fe51f6f3d021f9d392f41e966f82eb3aced465f-ghc9.6.3.so
7fbbd7ece000-7fbbd7f1d000 r--p 00000000 00:22 9500946                    /opt/simplex/lib/app/resources/libHSiproute-1.7.12-f2697155f8d196d730c7a4356a213a14569fb9fe169e659aee4a75a1b1e3d28d-ghc9.6.3.so
7fbbd7f1d000-7fbbd7f60000 r-xp 0004f000 00:22 9500946                    /opt/simplex/lib/app/resources/libHSiproute-1.7.12-f2697155f8d196d730c7a4356a213a14569fb9fe169e659aee4a75a1b1e3d28d-ghc9.6.3.so
7fbbd7f60000-7fbbd7f61000 r--p 00092000 00:22 9500946                    /opt/simplex/lib/app/resources/libHSiproute-1.7.12-f2697155f8d196d730c7a4356a213a14569fb9fe169e659aee4a75a1b1e3d28d-ghc9.6.3.so
7fbbd7f61000-7fbbd7f62000 ---p 00093000 00:22 9500946                    /opt/simplex/lib/app/resources/libHSiproute-1.7.12-f2697155f8d196d730c7a4356a213a14569fb9fe169e659aee4a75a1b1e3d28d-ghc9.6.3.so
7fbbd7f62000-7fbbd7f63000 r--p 00093000 00:22 9500946                    /opt/simplex/lib/app/resources/libHSiproute-1.7.12-f2697155f8d196d730c7a4356a213a14569fb9fe169e659aee4a75a1b1e3d28d-ghc9.6.3.so
7fbbd7f63000-7fbbd7f6b000 rw-p 00094000 00:22 9500946                    /opt/simplex/lib/app/resources/libHSiproute-1.7.12-f2697155f8d196d730c7a4356a213a14569fb9fe169e659aee4a75a1b1e3d28d-ghc9.6.3.so
7fbbd7f6b000-7fbbd7fa6000 r--p 00000000 00:22 9500898                    /opt/simplex/lib/app/resources/libHScereal-0.5.8.3-1dc9d2e442647ca716729f0956fdcf61c80cd8a0e0593a7c3ffd6dec6fd90897-ghc9.6.3.so
7fbbd7fa6000-7fbbd7ffa000 r-xp 0003b000 00:22 9500898                    /opt/simplex/lib/app/resources/libHScereal-0.5.8.3-1dc9d2e442647ca716729f0956fdcf61c80cd8a0e0593a7c3ffd6dec6fd90897-ghc9.6.3.so
7fbbd7ffa000-7fbbd7ffb000 r--p 0008f000 00:22 9500898                    /opt/simplex/lib/app/resources/libHScereal-0.5.8.3-1dc9d2e442647ca716729f0956fdcf61c80cd8a0e0593a7c3ffd6dec6fd90897-ghc9.6.3.so
7fbbd7ffb000-7fbbd7ffc000 r--p 0008f000 00:22 9500898                    /opt/simplex/lib/app/resources/libHScereal-0.5.8.3-1dc9d2e442647ca716729f0956fdcf61c80cd8a0e0593a7c3ffd6dec6fd90897-ghc9.6.3.so
7fbbd7ffc000-7fbbd8000000 rw-p 00090000 00:22 9500898                    /opt/simplex/lib/app/resources/libHScereal-0.5.8.3-1dc9d2e442647ca716729f0956fdcf61c80cd8a0e0593a7c3ffd6dec6fd90897-ghc9.6.3.so
7fbbd8000000-7fbbd8021000 rw-p 00000000 00:00 0 
7fbbd8021000-7fbbdc000000 ---p 00000000 00:00 0 
7fbbdc000000-7fbbdc021000 rw-p 00000000 00:00 0 
7fbbdc021000-7fbbe0000000 ---p 00000000 00:00 0 
7fbbe0000000-7fbbe0639000 rw-p 00000000 00:00 0 
7fbbe0639000-7fbbe4000000 ---p 00000000 00:00 0 
7fbbe4000000-7fbbe4021000 rw-p 00000000 00:00 0 
7fbbe4021000-7fbbe8000000 ---p 00000000 00:00 0 
7fbbe8000000-7fbbe8021000 rw-p 00000000 00:00 0 
7fbbe8021000-7fbbec000000 ---p 00000000 00:00 0 
7fbbec000000-7fbbed2ac000 rw-p 00000000 00:00 0 
7fbbed2ac000-7fbbf0000000 ---p 00000000 00:00 0 
7fbbf0000000-7fbbf0021000 rw-p 00000000 00:00 0 
7fbbf0021000-7fbbf4000000 ---p 00000000 00:00 0 
7fbbf4000000-7fbbf4021000 rw-p 00000000 00:00 0 
7fbbf4021000-7fbbf8000000 ---p 00000000 00:00 0 
7fbbf8000000-7fbbf8021000 rw-p 00000000 00:00 0 
7fbbf8021000-7fbbfc000000 ---p 00000000 00:00 0 
7fbbfc000000-7fbbfc021000 rw-p 00000000 00:00 0 
7fbbfc021000-7fbc00000000 ---p 00000000 00:00 0 
7fbc00000000-7fbc00400000 rw-p 00000000 00:00 0 
7fbc00400000-7fbc00500000 rw-p 00000000 00:00 0 
7fbc00500000-7fbc00600000 rw-p 00000000 00:00 0 
7fbc00600000-7fbc00780000 rw-p 00000000 00:00 0 
7fbc00780000-7fbc00800000 rw-p 00000000 00:00 0 
7fbc00800000-7fbc00980000 rw-p 00000000 00:00 0 
7fbc00980000-7fbc00b00000 rw-p 00000000 00:00 0 
7fbc00b00000-7fbc00b80000 rw-p 00000000 00:00 0 
7fbc00b80000-7fbc00c00000 rw-p 00000000 00:00 0 
7fbc00c00000-7fbc00f00000 rw-p 00000000 00:00 0 
7fbc00f00000-7fbc01000000 rw-p 00000000 00:00 0 
7fbc01000000-7fbc01060000 rw-p 00000000 00:00 0 
7fbc01060000-7fbc01080000 rw-p 00000000 00:00 0 
7fbc01080000-7fbc01100000 rw-p 00000000 00:00 0 
7fbc01100000-7fbc01300000 rw-p 00000000 00:00 0 
7fbc01300000-7fbc01360000 rw-p 00000000 00:00 0 
7fbc01360000-7fbc01380000 rw-p 00000000 00:00 0 
7fbc01380000-7fbc01500000 rw-p 00000000 00:00 0 
7fbc01500000-7fbc01520000 rw-p 00000000 00:00 0 
7fbc01520000-7fbc01540000 rw-p 00000000 00:00 0 
7fbc01540000-7fbc01580000 rw-p 00000000 00:00 0 
7fbc01580000-7fbc01700000 rw-p 00000000 00:00 0 
7fbc01700000-7fbc01780000 rw-p 00000000 00:00 0 
7fbc01780000-7fbc01900000 rw-p 00000000 00:00 0 
7fbc01900000-7fbc01940000 rw-p 00000000 00:00 0 
7fbc01940000-7fbc01980000 rw-p 00000000 00:00 0 
7fbc01980000-7fbc01b00000 rw-p 00000000 00:00 0 
7fbc01b00000-7fbc02300000 rw-p 00000000 00:00 0 
7fbc02300000-7fbc023a0000 rw-p 00000000 00:00 0 
7fbc023a0000-7fbc02400000 ---p 00000000 00:00 0 
7fbc02400000-7fbc028d0000 rw-p 00000000 00:00 0 
7fbc028d0000-7fbc04000000 ---p 00000000 00:00 0 
7fbc04000000-7fbc04021000 rw-p 00000000 00:00 0 
7fbc04021000-7fbc08000000 ---p 00000000 00:00 0 
7fbc08000000-7fbc08021000 rw-p 00000000 00:00 0 
7fbc08021000-7fbc0c000000 ---p 00000000 00:00 0 
7fbc0c000000-7fbc0c021000 rw-p 00000000 00:00 0 
7fbc0c021000-7fbc10000000 ---p 00000000 00:00 0 
7fbc10000000-7fbc10016000 r--p 00000000 00:22 9500987                    /opt/simplex/lib/app/resources/libHSstm-chans-3.0.0.9-27ac3a1df633cbdc2c71a28c9eeacd8c9b232a2a752f54f84e55418ba8d206e4-ghc9.6.3.so
7fbc10016000-7fbc10021000 r-xp 00016000 00:22 9500987                    /opt/simplex/lib/app/resources/libHSstm-chans-3.0.0.9-27ac3a1df633cbdc2c71a28c9eeacd8c9b232a2a752f54f84e55418ba8d206e4-ghc9.6.3.so
7fbc10021000-7fbc10022000 r--p 00021000 00:22 9500987                    /opt/simplex/lib/app/resources/libHSstm-chans-3.0.0.9-27ac3a1df633cbdc2c71a28c9eeacd8c9b232a2a752f54f84e55418ba8d206e4-ghc9.6.3.so
7fbc10022000-7fbc10023000 r--p 00021000 00:22 9500987                    /opt/simplex/lib/app/resources/libHSstm-chans-3.0.0.9-27ac3a1df633cbdc2c71a28c9eeacd8c9b232a2a752f54f84e55418ba8d206e4-ghc9.6.3.so
7fbc10023000-7fbc10025000 rw-p 00022000 00:22 9500987                    /opt/simplex/lib/app/resources/libHSstm-chans-3.0.0.9-27ac3a1df633cbdc2c71a28c9eeacd8c9b232a2a752f54f84e55418ba8d206e4-ghc9.6.3.so
7fbc10025000-7fbc10032000 r--p 00000000 00:22 9500911                    /opt/simplex/lib/app/resources/libHScrypton-x509-store-1.6.9-64fdad60030d495614a07f5b56043ee9ff853e07d06be0e999faf50e57e3c974-ghc9.6.3.so
7fbc10032000-7fbc1003c000 r-xp 0000d000 00:22 9500911                    /opt/simplex/lib/app/resources/libHScrypton-x509-store-1.6.9-64fdad60030d495614a07f5b56043ee9ff853e07d06be0e999faf50e57e3c974-ghc9.6.3.so
7fbc1003c000-7fbc1003d000 r--p 00017000 00:22 9500911                    /opt/simplex/lib/app/resources/libHScrypton-x509-store-1.6.9-64fdad60030d495614a07f5b56043ee9ff853e07d06be0e999faf50e57e3c974-ghc9.6.3.so
7fbc1003d000-7fbc1003e000 r--p 00017000 00:22 9500911                    /opt/simplex/lib/app/resources/libHScrypton-x509-store-1.6.9-64fdad60030d495614a07f5b56043ee9ff853e07d06be0e999faf50e57e3c974-ghc9.6.3.so
7fbc1003e000-7fbc10040000 rw-p 00018000 00:22 9500911                    /opt/simplex/lib/app/resources/libHScrypton-x509-store-1.6.9-64fdad60030d495614a07f5b56043ee9ff853e07d06be0e999faf50e57e3c974-ghc9.6.3.so
7fbc10040000-7fbc10064000 r--p 00000000 00:22 9500912                    /opt/simplex/lib/app/resources/libHScrypton-x509-validation-1.6.12-6c2492e39358fa3eb290c04e6d2e26ea294b9142355075e952d607428999798b-ghc9.6.3.so
7fbc10064000-7fbc10075000 r-xp 00024000 00:22 9500912                    /opt/simplex/lib/app/resources/libHScrypton-x509-validation-1.6.12-6c2492e39358fa3eb290c04e6d2e26ea294b9142355075e952d607428999798b-ghc9.6.3.so
7fbc10075000-7fbc10077000 r--p 00035000 00:22 9500912                    /opt/simplex/lib/app/resources/libHScrypton-x509-validation-1.6.12-6c2492e39358fa3eb290c04e6d2e26ea294b9142355075e952d607428999798b-ghc9.6.3.so
7fbc10077000-7fbc10078000 r--p 00036000 00:22 9500912                    /opt/simplex/lib/app/resources/libHScrypton-x509-validation-1.6.12-6c2492e39358fa3eb290c04e6d2e26ea294b9142355075e952d607428999798b-ghc9.6.3.so
7fbc10078000-7fbc1007b000 rw-p 00037000 00:22 9500912                    /opt/simplex/lib/app/resources/libHScrypton-x509-validation-1.6.12-6c2492e39358fa3eb290c04e6d2e26ea294b9142355075e952d607428999798b-ghc9.6.3.so
7fbc1007b000-7fbc100c9000 r--p 00000000 00:22 9500982                    /opt/simplex/lib/app/resources/libHSsocks-0.6.1-321a4ad83486b2eab3dbdbbd43e942eb6e8e886281d9cd99264913eda3e51659-ghc9.6.3.so
7fbc100c9000-7fbc1010d000 r-xp 0004e000 00:22 9500982                    /opt/simplex/lib/app/resources/libHSsocks-0.6.1-321a4ad83486b2eab3dbdbbd43e942eb6e8e886281d9cd99264913eda3e51659-ghc9.6.3.so
7fbc1010d000-7fbc10111000 r--p 00092000 00:22 9500982                    /opt/simplex/lib/app/resources/libHSsocks-0.6.1-321a4ad83486b2eab3dbdbbd43e942eb6e8e886281d9cd99264913eda3e51659-ghc9.6.3.so
7fbc10111000-7fbc10112000 ---p 00096000 00:22 9500982                    /opt/simplex/lib/app/resources/libHSsocks-0.6.1-321a4ad83486b2eab3dbdbbd43e942eb6e8e886281d9cd99264913eda3e51659-ghc9.6.3.so
7fbc10112000-7fbc10113000 r--p 00096000 00:22 9500982                    /opt/simplex/lib/app/resources/libHSsocks-0.6.1-321a4ad83486b2eab3dbdbbd43e942eb6e8e886281d9cd99264913eda3e51659-ghc9.6.3.so
7fbc10113000-7fbc1011b000 rw-p 00097000 00:22 9500982                    /opt/simplex/lib/app/resources/libHSsocks-0.6.1-321a4ad83486b2eab3dbdbbd43e942eb6e8e886281d9cd99264913eda3e51659-ghc9.6.3.so
7fbc1011b000-7fbc1017e000 r--p 00000000 00:22 9500985                    /opt/simplex/lib/app/resources/libHSsqlcipher-simple-0.4.18.1-10c21f8b76877ac291d7cd5bb401353f25996f3b172b661e6e356c860fae6224-ghc9.6.3.so
7fbc1017e000-7fbc101c6000 r-xp 00063000 00:22 9500985                    /opt/simplex/lib/app/resources/libHSsqlcipher-simple-0.4.18.1-10c21f8b76877ac291d7cd5bb401353f25996f3b172b661e6e356c860fae6224-ghc9.6.3.so
7fbc101c6000-7fbc101c8000 r--p 000ab000 00:22 9500985                    /opt/simplex/lib/app/resources/libHSsqlcipher-simple-0.4.18.1-10c21f8b76877ac291d7cd5bb401353f25996f3b172b661e6e356c860fae6224-ghc9.6.3.so
7fbc101c8000-7fbc101c9000 ---p 000ad000 00:22 9500985                    /opt/simplex/lib/app/resources/libHSsqlcipher-simple-0.4.18.1-10c21f8b76877ac291d7cd5bb401353f25996f3b172b661e6e356c860fae6224-ghc9.6.3.so
7fbc101c9000-7fbc101ca000 r--p 000ad000 00:22 9500985                    /opt/simplex/lib/app/resources/libHSsqlcipher-simple-0.4.18.1-10c21f8b76877ac291d7cd5bb401353f25996f3b172b661e6e356c860fae6224-ghc9.6.3.so
7fbc101ca000-7fbc101d3000 rw-p 000ae000 00:22 9500985                    /opt/simplex/lib/app/resources/libHSsqlcipher-simple-0.4.18.1-10c21f8b76877ac291d7cd5bb401353f25996f3b172b661e6e356c860fae6224-ghc9.6.3.so
7fbc101d3000-7fbc10216000 r--p 00000000 00:22 9500948                    /opt/simplex/lib/app/resources/libHSlibyaml-0.1.2-de0acb1e923516f14fa49958b60d7cc3a140a82067b24afd52ce940c2f0441f1-ghc9.6.3.so
7fbc10216000-7fbc10251000 r-xp 00043000 00:22 9500948                    /opt/simplex/lib/app/resources/libHSlibyaml-0.1.2-de0acb1e923516f14fa49958b60d7cc3a140a82067b24afd52ce940c2f0441f1-ghc9.6.3.so
7fbc10251000-7fbc10258000 r--p 0007e000 00:22 9500948                    /opt/simplex/lib/app/resources/libHSlibyaml-0.1.2-de0acb1e923516f14fa49958b60d7cc3a140a82067b24afd52ce940c2f0441f1-ghc9.6.3.so
7fbc10258000-7fbc10259000 ---p 00085000 00:22 9500948                    /opt/simplex/lib/app/resources/libHSlibyaml-0.1.2-de0acb1e923516f14fa49958b60d7cc3a140a82067b24afd52ce940c2f0441f1-ghc9.6.3.so
7fbc10259000-7fbc1025a000 r--p 00085000 00:22 9500948                    /opt/simplex/lib/app/resources/libHSlibyaml-0.1.2-de0acb1e923516f14fa49958b60d7cc3a140a82067b24afd52ce940c2f0441f1-ghc9.6.3.so
7fbc1025a000-7fbc10261000 rw-p 00086000 00:22 9500948                    /opt/simplex/lib/app/resources/libHSlibyaml-0.1.2-de0acb1e923516f14fa49958b60d7cc3a140a82067b24afd52ce940c2f0441f1-ghc9.6.3.so
7fbc10261000-7fbc102ad000 r--p 00000000 00:22 9501023                    /opt/simplex/lib/app/resources/libHSyaml-0.11.11.2-2c247ec5eab9916942fb606ad20d3e2bde3e7b572227f2797341c26ecc997bca-ghc9.6.3.so
7fbc102ad000-7fbc102f2000 r-xp 0004c000 00:22 9501023                    /opt/simplex/lib/app/resources/libHSyaml-0.11.11.2-2c247ec5eab9916942fb606ad20d3e2bde3e7b572227f2797341c26ecc997bca-ghc9.6.3.so
7fbc102f2000-7fbc102f4000 r--p 00091000 00:22 9501023                    /opt/simplex/lib/app/resources/libHSyaml-0.11.11.2-2c247ec5eab9916942fb606ad20d3e2bde3e7b572227f2797341c26ecc997bca-ghc9.6.3.so
7fbc102f4000-7fbc102f6000 r--p 00092000 00:22 9501023                    /opt/simplex/lib/app/resources/libHSyaml-0.11.11.2-2c247ec5eab9916942fb606ad20d3e2bde3e7b572227f2797341c26ecc997bca-ghc9.6.3.so
7fbc102f6000-7fbc102fe000 rw-p 00094000 00:22 9501023                    /opt/simplex/lib/app/resources/libHSyaml-0.11.11.2-2c247ec5eab9916942fb606ad20d3e2bde3e7b572227f2797341c26ecc997bca-ghc9.6.3.so
7fbc102fe000-7fbc1032e000 r--p 00000000 00:22 9501026                    /opt/simplex/lib/app/resources/libHSzstd-0.1.3.0-203b259d81b55151fd2c9ecb432bfa701dfd8529080fb68640d12b8cbccbb2c4-ghc9.6.3.so
7fbc1032e000-7fbc103eb000 r-xp 00030000 00:22 9501026                    /opt/simplex/lib/app/resources/libHSzstd-0.1.3.0-203b259d81b55151fd2c9ecb432bfa701dfd8529080fb68640d12b8cbccbb2c4-ghc9.6.3.so
7fbc103eb000-7fbc103fa000 r--p 000ed000 00:22 9501026                    /opt/simplex/lib/app/resources/libHSzstd-0.1.3.0-203b259d81b55151fd2c9ecb432bfa701dfd8529080fb68640d12b8cbccbb2c4-ghc9.6.3.so
7fbc103fa000-7fbc103fb000 ---p 000fc000 00:22 9501026                    /opt/simplex/lib/app/resources/libHSzstd-0.1.3.0-203b259d81b55151fd2c9ecb432bfa701dfd8529080fb68640d12b8cbccbb2c4-ghc9.6.3.so
7fbc103fb000-7fbc103fc000 r--p 000fc000 00:22 9501026                    /opt/simplex/lib/app/resources/libHSzstd-0.1.3.0-203b259d81b55151fd2c9ecb432bfa701dfd8529080fb68640d12b8cbccbb2c4-ghc9.6.3.so
7fbc103fc000-7fbc10400000 rw-p 000fd000 00:22 9501026                    /opt/simplex/lib/app/resources/libHSzstd-0.1.3.0-203b259d81b55151fd2c9ecb432bfa701dfd8529080fb68640d12b8cbccbb2c4-ghc9.6.3.so
7fbc10400000-7fbc10412000 r-xp 00000000 00:22 9501946                    /opt/simplex/lib/runtime/lib/libnio.so
7fbc10412000-7fbc10612000 ---p 00012000 00:22 9501946                    /opt/simplex/lib/runtime/lib/libnio.so
7fbc10612000-7fbc10613000 r--p 00012000 00:22 9501946                    /opt/simplex/lib/runtime/lib/libnio.so
7fbc10613000-7fbc10614000 rw-p 00013000 00:22 9501946                    /opt/simplex/lib/runtime/lib/libnio.so
7fbc10615000-7fbc10616000 r--p 00000000 00:22 9501008                    /opt/simplex/lib/app/resources/libHStype-equality-1-c6a98cb4eb3e5594096ad0805c75d62364c4e94bc328d1703756f1c4f2bcddcf-ghc9.6.3.so
7fbc10616000-7fbc10617000 r-xp 00001000 00:22 9501008                    /opt/simplex/lib/app/resources/libHStype-equality-1-c6a98cb4eb3e5594096ad0805c75d62364c4e94bc328d1703756f1c4f2bcddcf-ghc9.6.3.so
7fbc10617000-7fbc10618000 r--p 00002000 00:22 9501008                    /opt/simplex/lib/app/resources/libHStype-equality-1-c6a98cb4eb3e5594096ad0805c75d62364c4e94bc328d1703756f1c4f2bcddcf-ghc9.6.3.so
7fbc10618000-7fbc10619000 r--p 00002000 00:22 9501008                    /opt/simplex/lib/app/resources/libHStype-equality-1-c6a98cb4eb3e5594096ad0805c75d62364c4e94bc328d1703756f1c4f2bcddcf-ghc9.6.3.so
7fbc10619000-7fbc1061a000 rw-p 00003000 00:22 9501008                    /opt/simplex/lib/app/resources/libHStype-equality-1-c6a98cb4eb3e5594096ad0805c75d62364c4e94bc328d1703756f1c4f2bcddcf-ghc9.6.3.so
7fbc1061a000-7fbc1067f000 r--p 00000000 00:22 9500968                    /opt/simplex/lib/app/resources/libHSprettyprinter-1.7.1-287da2e036de31e4a5b0a697b58ed34063c3a4b99d58100d6d6202cad6e659d0-ghc9.6.3.so
7fbc1067f000-7fbc1070d000 r-xp 00065000 00:22 9500968                    /opt/simplex/lib/app/resources/libHSprettyprinter-1.7.1-287da2e036de31e4a5b0a697b58ed34063c3a4b99d58100d6d6202cad6e659d0-ghc9.6.3.so
7fbc1070d000-7fbc10712000 r--p 000f3000 00:22 9500968                    /opt/simplex/lib/app/resources/libHSprettyprinter-1.7.1-287da2e036de31e4a5b0a697b58ed34063c3a4b99d58100d6d6202cad6e659d0-ghc9.6.3.so
7fbc10712000-7fbc10713000 r--p 000f7000 00:22 9500968                    /opt/simplex/lib/app/resources/libHSprettyprinter-1.7.1-287da2e036de31e4a5b0a697b58ed34063c3a4b99d58100d6d6202cad6e659d0-ghc9.6.3.so
7fbc10713000-7fbc1071c000 rw-p 000f8000 00:22 9500968                    /opt/simplex/lib/app/resources/libHSprettyprinter-1.7.1-287da2e036de31e4a5b0a697b58ed34063c3a4b99d58100d6d6202cad6e659d0-ghc9.6.3.so
7fbc1071c000-7fbc10798000 r--p 00000000 00:22 9500992                    /opt/simplex/lib/app/resources/libHSterminal-0.2.0.0-fbbb10e30fe4fdf009d551e793d8e5d9e09aca9300ff8302cfe6b9700ff7f048-ghc9.6.3.so
7fbc10798000-7fbc107e4000 r-xp 0007c000 00:22 9500992                    /opt/simplex/lib/app/resources/libHSterminal-0.2.0.0-fbbb10e30fe4fdf009d551e793d8e5d9e09aca9300ff8302cfe6b9700ff7f048-ghc9.6.3.so
7fbc107e4000-7fbc107e9000 r--p 000c8000 00:22 9500992                    /opt/simplex/lib/app/resources/libHSterminal-0.2.0.0-fbbb10e30fe4fdf009d551e793d8e5d9e09aca9300ff8302cfe6b9700ff7f048-ghc9.6.3.so
7fbc107e9000-7fbc107ea000 ---p 000cd000 00:22 9500992                    /opt/simplex/lib/app/resources/libHSterminal-0.2.0.0-fbbb10e30fe4fdf009d551e793d8e5d9e09aca9300ff8302cfe6b9700ff7f048-ghc9.6.3.so
7fbc107ea000-7fbc107eb000 r--p 000cd000 00:22 9500992                    /opt/simplex/lib/app/resources/libHSterminal-0.2.0.0-fbbb10e30fe4fdf009d551e793d8e5d9e09aca9300ff8302cfe6b9700ff7f048-ghc9.6.3.so
7fbc107eb000-7fbc107f8000 rw-p 000ce000 00:22 9500992                    /opt/simplex/lib/app/resources/libHSterminal-0.2.0.0-fbbb10e30fe4fdf009d551e793d8e5d9e09aca9300ff8302cfe6b9700ff7f048-ghc9.6.3.so
7fbc107f8000-7fbc107f9000 rw-p 00000000 00:00 0 
7fbc107f9000-7fbc107fd000 ---p 00000000 00:00 0 
7fbc107fd000-7fbc109fb000 rw-p 00000000 00:00 0 
7fbc109fb000-7fbc109ff000 ---p 00000000 00:00 0 
7fbc109ff000-7fbc10afc000 rw-p 00000000 00:00 0 
7fbc10afc000-7fbc10b00000 ---p 00000000 00:00 0 
7fbc10b00000-7fbc10bfd000 rw-p 00000000 00:00 0 
7fbc10bfd000-7fbc10c01000 ---p 00000000 00:00 0 
7fbc10c01000-7fbc10cfe000 rw-p 00000000 00:00 0 
7fbc10cfe000-7fbc10d02000 ---p 00000000 00:00 0 
7fbc10d02000-7fbc10dff000 rw-p 00000000 00:00 0 
7fbc10dff000-7fbc10e03000 ---p 00000000 00:00 0 
7fbc10e03000-7fbc10f00000 rw-p 00000000 00:00 0 
7fbc10f00000-7fbc10f04000 ---p 00000000 00:00 0 
7fbc10f04000-7fbc11000000 rw-p 00000000 00:00 0 
7fbc11000000-7fbc115c1000 r--p 00000000 00:22 10357571                   /usr/lib/locale/locale-archive
7fbc115c1000-7fbc115cb000 r--p 00000000 00:22 9501006                    /opt/simplex/lib/app/resources/libHStransformers-base-0.4.6-7c5a8ca4b546fee71e383ab67aa6d04821890ff83d9df8fa9270fd287319cc2f-ghc9.6.3.so
7fbc115cb000-7fbc115d1000 r-xp 0000a000 00:22 9501006                    /opt/simplex/lib/app/resources/libHStransformers-base-0.4.6-7c5a8ca4b546fee71e383ab67aa6d04821890ff83d9df8fa9270fd287319cc2f-ghc9.6.3.so
7fbc115d1000-7fbc115d2000 r--p 00010000 00:22 9501006                    /opt/simplex/lib/app/resources/libHStransformers-base-0.4.6-7c5a8ca4b546fee71e383ab67aa6d04821890ff83d9df8fa9270fd287319cc2f-ghc9.6.3.so
7fbc115d2000-7fbc115d3000 r--p 00010000 00:22 9501006                    /opt/simplex/lib/app/resources/libHStransformers-base-0.4.6-7c5a8ca4b546fee71e383ab67aa6d04821890ff83d9df8fa9270fd287319cc2f-ghc9.6.3.so
7fbc115d3000-7fbc115d4000 rw-p 00011000 00:22 9501006                    /opt/simplex/lib/app/resources/libHStransformers-base-0.4.6-7c5a8ca4b546fee71e383ab67aa6d04821890ff83d9df8fa9270fd287319cc2f-ghc9.6.3.so
7fbc115d4000-7fbc115e0000 r--p 00000000 00:22 9500876                    /opt/simplex/lib/app/resources/libHSappar-0.1.8-bd63ed1040fe7d92a0e7cc92684637afe09f278adaac8b4a583b27a1abb41d6f-ghc9.6.3.so
7fbc115e0000-7fbc115e5000 r-xp 0000c000 00:22 9500876                    /opt/simplex/lib/app/resources/libHSappar-0.1.8-bd63ed1040fe7d92a0e7cc92684637afe09f278adaac8b4a583b27a1abb41d6f-ghc9.6.3.so
7fbc115e5000-7fbc115e6000 r--p 00011000 00:22 9500876                    /opt/simplex/lib/app/resources/libHSappar-0.1.8-bd63ed1040fe7d92a0e7cc92684637afe09f278adaac8b4a583b27a1abb41d6f-ghc9.6.3.so
7fbc115e6000-7fbc115e7000 r--p 00011000 00:22 9500876                    /opt/simplex/lib/app/resources/libHSappar-0.1.8-bd63ed1040fe7d92a0e7cc92684637afe09f278adaac8b4a583b27a1abb41d6f-ghc9.6.3.so
7fbc115e7000-7fbc115e9000 rw-p 00012000 00:22 9500876                    /opt/simplex/lib/app/resources/libHSappar-0.1.8-bd63ed1040fe7d92a0e7cc92684637afe09f278adaac8b4a583b27a1abb41d6f-ghc9.6.3.so
7fbc115e9000-7fbc115f0000 r--p 00000000 00:22 9500895                    /opt/simplex/lib/app/resources/libHSbyteorder-1.0.4-ed17d207852397b4b016f73775ae7e4a811a9c27f8222c19d558bd92a259ee1d-ghc9.6.3.so
7fbc115f0000-7fbc115f3000 r-xp 00007000 00:22 9500895                    /opt/simplex/lib/app/resources/libHSbyteorder-1.0.4-ed17d207852397b4b016f73775ae7e4a811a9c27f8222c19d558bd92a259ee1d-ghc9.6.3.so
7fbc115f3000-7fbc115f4000 r--p 0000a000 00:22 9500895                    /opt/simplex/lib/app/resources/libHSbyteorder-1.0.4-ed17d207852397b4b016f73775ae7e4a811a9c27f8222c19d558bd92a259ee1d-ghc9.6.3.so
7fbc115f4000-7fbc115f5000 r--p 0000a000 00:22 9500895                    /opt/simplex/lib/app/resources/libHSbyteorder-1.0.4-ed17d207852397b4b016f73775ae7e4a811a9c27f8222c19d558bd92a259ee1d-ghc9.6.3.so
7fbc115f5000-7fbc115f6000 rw-p 0000b000 00:22 9500895                    /opt/simplex/lib/app/resources/libHSbyteorder-1.0.4-ed17d207852397b4b016f73775ae7e4a811a9c27f8222c19d558bd92a259ee1d-ghc9.6.3.so
7fbc115f6000-7fbc115f7000 rw-p 00000000 00:00 0 
7fbc115f7000-7fbc115fb000 ---p 00000000 00:00 0 
7fbc115fb000-7fbc116f8000 rw-p 00000000 00:00 0 
7fbc116f8000-7fbc116fc000 ---p 00000000 00:00 0 
7fbc116fc000-7fbc117f9000 rw-p 00000000 00:00 0 
7fbc117f9000-7fbc117fd000 ---p 00000000 00:00 0 
7fbc117fd000-7fbc11bfc000 rw-p 00000000 00:00 0 
7fbc11bfc000-7fbc14021000 rw-p 00000000 00:00 0 
7fbc14021000-7fbc18000000 ---p 00000000 00:00 0 
7fbc18000000-7fbc18021000 rw-p 00000000 00:00 0 
7fbc18021000-7fbc1c000000 ---p 00000000 00:00 0 
7fbc1c000000-7fbc1c021000 rw-p 00000000 00:00 0 
7fbc1c021000-7fbc20000000 ---p 00000000 00:00 0 
7fbc20002000-7fbc20012000 r--p 00000000 00:22 9500958                    /opt/simplex/lib/app/resources/libHSnetwork-info-0.2.1-49a3d4e9c6a555a4c6b765f873d00374b22e229f03394a07154790970cb7ff97-ghc9.6.3.so
7fbc20012000-7fbc2001a000 r-xp 00010000 00:22 9500958                    /opt/simplex/lib/app/resources/libHSnetwork-info-0.2.1-49a3d4e9c6a555a4c6b765f873d00374b22e229f03394a07154790970cb7ff97-ghc9.6.3.so
7fbc2001a000-7fbc2001b000 r--p 00018000 00:22 9500958                    /opt/simplex/lib/app/resources/libHSnetwork-info-0.2.1-49a3d4e9c6a555a4c6b765f873d00374b22e229f03394a07154790970cb7ff97-ghc9.6.3.so
7fbc2001b000-7fbc2001c000 r--p 00018000 00:22 9500958                    /opt/simplex/lib/app/resources/libHSnetwork-info-0.2.1-49a3d4e9c6a555a4c6b765f873d00374b22e229f03394a07154790970cb7ff97-ghc9.6.3.so
7fbc2001c000-7fbc2001e000 rw-p 00019000 00:22 9500958                    /opt/simplex/lib/app/resources/libHSnetwork-info-0.2.1-49a3d4e9c6a555a4c6b765f873d00374b22e229f03394a07154790970cb7ff97-ghc9.6.3.so
7fbc2001e000-7fbc2002f000 r--p 00000000 00:22 9500960                    /opt/simplex/lib/app/resources/libHSnetwork-udp-0.0.0-530084fb15fcec5f08fc3bee6044237bcec27bdd9896cea52bf3bf54ae880d2d-ghc9.6.3.so
7fbc2002f000-7fbc2003b000 r-xp 00011000 00:22 9500960                    /opt/simplex/lib/app/resources/libHSnetwork-udp-0.0.0-530084fb15fcec5f08fc3bee6044237bcec27bdd9896cea52bf3bf54ae880d2d-ghc9.6.3.so
7fbc2003b000-7fbc2003c000 r--p 0001d000 00:22 9500960                    /opt/simplex/lib/app/resources/libHSnetwork-udp-0.0.0-530084fb15fcec5f08fc3bee6044237bcec27bdd9896cea52bf3bf54ae880d2d-ghc9.6.3.so
7fbc2003c000-7fbc2003d000 r--p 0001d000 00:22 9500960                    /opt/simplex/lib/app/resources/libHSnetwork-udp-0.0.0-530084fb15fcec5f08fc3bee6044237bcec27bdd9896cea52bf3bf54ae880d2d-ghc9.6.3.so
7fbc2003d000-7fbc2003f000 rw-p 0001e000 00:22 9500960                    /opt/simplex/lib/app/resources/libHSnetwork-udp-0.0.0-530084fb15fcec5f08fc3bee6044237bcec27bdd9896cea52bf3bf54ae880d2d-ghc9.6.3.so
7fbc2003f000-7fbc20057000 r--p 00000000 00:22 9500893                    /opt/simplex/lib/app/resources/libHSblaze-builder-0.4.2.3-cfba547b28f9002387e922228aa358ccf0b616be9b75b595c36c70c86441d563-ghc9.6.3.so
7fbc20057000-7fbc20067000 r-xp 00018000 00:22 9500893                    /opt/simplex/lib/app/resources/libHSblaze-builder-0.4.2.3-cfba547b28f9002387e922228aa358ccf0b616be9b75b595c36c70c86441d563-ghc9.6.3.so
7fbc20067000-7fbc20068000 r--p 00028000 00:22 9500893                    /opt/simplex/lib/app/resources/libHSblaze-builder-0.4.2.3-cfba547b28f9002387e922228aa358ccf0b616be9b75b595c36c70c86441d563-ghc9.6.3.so
7fbc20068000-7fbc20069000 r--p 00028000 00:22 9500893                    /opt/simplex/lib/app/resources/libHSblaze-builder-0.4.2.3-cfba547b28f9002387e922228aa358ccf0b616be9b75b595c36c70c86441d563-ghc9.6.3.so
7fbc20069000-7fbc2006b000 rw-p 00029000 00:22 9500893                    /opt/simplex/lib/app/resources/libHSblaze-builder-0.4.2.3-cfba547b28f9002387e922228aa358ccf0b616be9b75b595c36c70c86441d563-ghc9.6.3.so
7fbc2006b000-7fbc2046f000 rw-p 00000000 00:00 0 
7fbc2046f000-7fbc20772000 rw-p 00000000 00:00 0 
7fbc20772000-7fbc209aa000 rw-p 00000000 00:00 0 
7fbc209aa000-7fbc20ab2000 ---p 00000000 00:00 0 
7fbc20ab2000-7fbc20ac2000 rw-p 00000000 00:00 0 
7fbc20ac2000-7fbc20b2a000 ---p 00000000 00:00 0 
7fbc20b2a000-7fbc20b32000 rw-p 00000000 00:00 0 
7fbc20b32000-7fbc2430a000 ---p 00000000 00:00 0 
7fbc2430a000-7fbc24542000 rw-p 00000000 00:00 0 
7fbc24542000-7fbc2464a000 ---p 00000000 00:00 0 
7fbc2464a000-7fbc2465a000 rw-p 00000000 00:00 0 
7fbc2465a000-7fbc246c2000 ---p 00000000 00:00 0 
7fbc246c2000-7fbc246ca000 rw-p 00000000 00:00 0 
7fbc246ca000-7fbc27ea2000 ---p 00000000 00:00 0 
7fbc27ea2000-7fbc27ee9000 rw-p 00000000 00:00 0 
7fbc27ee9000-7fbc27f0a000 ---p 00000000 00:00 0 
7fbc27f0a000-7fbc27f0c000 rw-p 00000000 00:00 0 
7fbc27f0c000-7fbc27f19000 ---p 00000000 00:00 0 
7fbc27f19000-7fbc27f1a000 rw-p 00000000 00:00 0 
7fbc27f1a000-7fbc28615000 ---p 00000000 00:00 0 
7fbc28615000-7fbc2865c000 rw-p 00000000 00:00 0 
7fbc2865c000-7fbc2867d000 ---p 00000000 00:00 0 
7fbc2867d000-7fbc2867f000 rw-p 00000000 00:00 0 
7fbc2867f000-7fbc2868c000 ---p 00000000 00:00 0 
7fbc2868c000-7fbc2868d000 rw-p 00000000 00:00 0 
7fbc2868d000-7fbc28d88000 ---p 00000000 00:00 0 
7fbc28d88000-7fbc28dcf000 rw-p 00000000 00:00 0 
7fbc28dcf000-7fbc28df0000 ---p 00000000 00:00 0 
7fbc28df0000-7fbc28df2000 rw-p 00000000 00:00 0 
7fbc28df2000-7fbc28dff000 ---p 00000000 00:00 0 
7fbc28dff000-7fbc28e00000 rw-p 00000000 00:00 0 
7fbc28e00000-7fbc294fb000 ---p 00000000 00:00 0 
7fbc294fb000-7fbc29a00000 rw-p 00000000 00:00 0 
7fbc29a00000-7fbc29f60000 rwxp 00000000 00:00 0 
7fbc29f60000-7fbc30f37000 ---p 00000000 00:00 0 
7fbc30f37000-7fbc311a7000 rwxp 00000000 00:00 0 
7fbc311a7000-7fbc314c9000 ---p 00000000 00:00 0 
7fbc314c9000-7fbc31739000 rwxp 00000000 00:00 0 
7fbc31739000-7fbc38a00000 ---p 00000000 00:00 0 
7fbc38a00000-7fbc38a24000 r-xp 00000000 00:22 9501936                    /opt/simplex/lib/runtime/lib/libjava.so
7fbc38a24000-7fbc38c24000 ---p 00024000 00:22 9501936                    /opt/simplex/lib/runtime/lib/libjava.so
7fbc38c24000-7fbc38c25000 r--p 00024000 00:22 9501936                    /opt/simplex/lib/runtime/lib/libjava.so
7fbc38c25000-7fbc38c26000 rw-p 00025000 00:22 9501936                    /opt/simplex/lib/runtime/lib/libjava.so
7fbc38c26000-7fbc38c27000 rw-p 00000000 00:00 0 
7fbc38c28000-7fbc38c2a000 r--p 00000000 00:22 9500916                    /opt/simplex/lib/app/resources/libHSdata-default-instances-containers-0.0.1-e07d6bd680e8b4edd6ca2b303e8e36905ca27003d2c3d92ef0670ee9c04aa2cd-ghc9.6.3.so
7fbc38c2a000-7fbc38c2b000 r-xp 00002000 00:22 9500916                    /opt/simplex/lib/app/resources/libHSdata-default-instances-containers-0.0.1-e07d6bd680e8b4edd6ca2b303e8e36905ca27003d2c3d92ef0670ee9c04aa2cd-ghc9.6.3.so
7fbc38c2b000-7fbc38c2c000 r--p 00003000 00:22 9500916                    /opt/simplex/lib/app/resources/libHSdata-default-instances-containers-0.0.1-e07d6bd680e8b4edd6ca2b303e8e36905ca27003d2c3d92ef0670ee9c04aa2cd-ghc9.6.3.so
7fbc38c2c000-7fbc38c2d000 r--p 00003000 00:22 9500916                    /opt/simplex/lib/app/resources/libHSdata-default-instances-containers-0.0.1-e07d6bd680e8b4edd6ca2b303e8e36905ca27003d2c3d92ef0670ee9c04aa2cd-ghc9.6.3.so
7fbc38c2d000-7fbc38c2e000 rw-p 00004000 00:22 9500916                    /opt/simplex/lib/app/resources/libHSdata-default-instances-containers-0.0.1-e07d6bd680e8b4edd6ca2b303e8e36905ca27003d2c3d92ef0670ee9c04aa2cd-ghc9.6.3.so
7fbc38c2e000-7fbc38c2f000 r--p 00000000 00:22 9500917                    /opt/simplex/lib/app/resources/libHSdata-default-instances-dlist-0.0.1-38b1acfbec2ad8ad85a0928dba90ca3c87c03c627c255d665ba59997ed6a1e7d-ghc9.6.3.so
7fbc38c2f000-7fbc38c30000 r-xp 00001000 00:22 9500917                    /opt/simplex/lib/app/resources/libHSdata-default-instances-dlist-0.0.1-38b1acfbec2ad8ad85a0928dba90ca3c87c03c627c255d665ba59997ed6a1e7d-ghc9.6.3.so
7fbc38c30000-7fbc38c31000 r--p 00002000 00:22 9500917                    /opt/simplex/lib/app/resources/libHSdata-default-instances-dlist-0.0.1-38b1acfbec2ad8ad85a0928dba90ca3c87c03c627c255d665ba59997ed6a1e7d-ghc9.6.3.so
7fbc38c31000-7fbc38c32000 r--p 00002000 00:22 9500917                    /opt/simplex/lib/app/resources/libHSdata-default-instances-dlist-0.0.1-38b1acfbec2ad8ad85a0928dba90ca3c87c03c627c255d665ba59997ed6a1e7d-ghc9.6.3.so
7fbc38c32000-7fbc38c33000 rw-p 00003000 00:22 9500917                    /opt/simplex/lib/app/resources/libHSdata-default-instances-dlist-0.0.1-38b1acfbec2ad8ad85a0928dba90ca3c87c03c627c255d665ba59997ed6a1e7d-ghc9.6.3.so
7fbc38c33000-7fbc38c3a000 r--p 00000000 00:22 9500869                    /opt/simplex/lib/app/resources/libHSOnly-0.1-d2bf20dfe5467325a687dcb3fde37a1178e357c9b6ec5a5420e432ad07a7bbb4-ghc9.6.3.so
7fbc38c3a000-7fbc38c3e000 r-xp 00007000 00:22 9500869                    /opt/simplex/lib/app/resources/libHSOnly-0.1-d2bf20dfe5467325a687dcb3fde37a1178e357c9b6ec5a5420e432ad07a7bbb4-ghc9.6.3.so
7fbc38c3e000-7fbc38c3f000 r--p 0000b000 00:22 9500869                    /opt/simplex/lib/app/resources/libHSOnly-0.1-d2bf20dfe5467325a687dcb3fde37a1178e357c9b6ec5a5420e432ad07a7bbb4-ghc9.6.3.so
7fbc38c3f000-7fbc38c40000 r--p 0000b000 00:22 9500869                    /opt/simplex/lib/app/resources/libHSOnly-0.1-d2bf20dfe5467325a687dcb3fde37a1178e357c9b6ec5a5420e432ad07a7bbb4-ghc9.6.3.so
7fbc38c40000-7fbc38c41000 rw-p 0000c000 00:22 9500869                    /opt/simplex/lib/app/resources/libHSOnly-0.1-d2bf20dfe5467325a687dcb3fde37a1178e357c9b6ec5a5420e432ad07a7bbb4-ghc9.6.3.so
7fbc38c41000-7fbc38c4d000 r--p 00000000 00:22 9500894                    /opt/simplex/lib/app/resources/libHSblaze-textual-0.2.3.1-df8b5224c67a2ff9b4ea9f1217d8696cbece59157a1b11f3edb6e543f74102d0-ghc9.6.3.so
7fbc38c4d000-7fbc38c5e000 r-xp 0000c000 00:22 9500894                    /opt/simplex/lib/app/resources/libHSblaze-textual-0.2.3.1-df8b5224c67a2ff9b4ea9f1217d8696cbece59157a1b11f3edb6e543f74102d0-ghc9.6.3.so
7fbc38c5e000-7fbc38c5f000 r--p 0001d000 00:22 9500894                    /opt/simplex/lib/app/resources/libHSblaze-textual-0.2.3.1-df8b5224c67a2ff9b4ea9f1217d8696cbece59157a1b11f3edb6e543f74102d0-ghc9.6.3.so
7fbc38c5f000-7fbc38c60000 r--p 0001d000 00:22 9500894                    /opt/simplex/lib/app/resources/libHSblaze-textual-0.2.3.1-df8b5224c67a2ff9b4ea9f1217d8696cbece59157a1b11f3edb6e543f74102d0-ghc9.6.3.so
7fbc38c60000-7fbc38c62000 rw-p 0001e000 00:22 9500894                    /opt/simplex/lib/app/resources/libHSblaze-textual-0.2.3.1-df8b5224c67a2ff9b4ea9f1217d8696cbece59157a1b11f3edb6e543f74102d0-ghc9.6.3.so
7fbc38c62000-7fbc38cb1000 r--p 00000000 00:22 9501016                    /opt/simplex/lib/app/resources/libHSuri-bytestring-0.3.3.1-4d719fc60e6ca5f4f72051b1f43399c95eb51b1d320c3943ade8d35848396c46-ghc9.6.3.so
7fbc38cb1000-7fbc38cf4000 r-xp 0004f000 00:22 9501016                    /opt/simplex/lib/app/resources/libHSuri-bytestring-0.3.3.1-4d719fc60e6ca5f4f72051b1f43399c95eb51b1d320c3943ade8d35848396c46-ghc9.6.3.so
7fbc38cf4000-7fbc38cf6000 r--p 00092000 00:22 9501016                    /opt/simplex/lib/app/resources/libHSuri-bytestring-0.3.3.1-4d719fc60e6ca5f4f72051b1f43399c95eb51b1d320c3943ade8d35848396c46-ghc9.6.3.so
7fbc38cf6000-7fbc38cf7000 r--p 00093000 00:22 9501016                    /opt/simplex/lib/app/resources/libHSuri-bytestring-0.3.3.1-4d719fc60e6ca5f4f72051b1f43399c95eb51b1d320c3943ade8d35848396c46-ghc9.6.3.so
7fbc38cf7000-7fbc38cff000 rw-p 00094000 00:22 9501016                    /opt/simplex/lib/app/resources/libHSuri-bytestring-0.3.3.1-4d719fc60e6ca5f4f72051b1f43399c95eb51b1d320c3943ade8d35848396c46-ghc9.6.3.so
7fbc38cff000-7fbc38e00000 rw-p 00000000 00:00 0 
7fbc38e00000-7fbc3bb00000 r--s 00000000 00:22 9501951                    /opt/simplex/lib/runtime/lib/modules
7fbc3bb03000-7fbc3bb07000 r--p 00000000 00:22 9501011                    /opt/simplex/lib/app/resources/libHSunix-compat-0.7.1-04755f57844c9ce72e8a2cab1ebd7288024e6fb7aa9baab3dee08a636e74f2d8-ghc9.6.3.so
7fbc3bb07000-7fbc3bb08000 r-xp 00004000 00:22 9501011                    /opt/simplex/lib/app/resources/libHSunix-compat-0.7.1-04755f57844c9ce72e8a2cab1ebd7288024e6fb7aa9baab3dee08a636e74f2d8-ghc9.6.3.so
7fbc3bb08000-7fbc3bb09000 r--p 00005000 00:22 9501011                    /opt/simplex/lib/app/resources/libHSunix-compat-0.7.1-04755f57844c9ce72e8a2cab1ebd7288024e6fb7aa9baab3dee08a636e74f2d8-ghc9.6.3.so
7fbc3bb09000-7fbc3bb0a000 r--p 00005000 00:22 9501011                    /opt/simplex/lib/app/resources/libHSunix-compat-0.7.1-04755f57844c9ce72e8a2cab1ebd7288024e6fb7aa9baab3dee08a636e74f2d8-ghc9.6.3.so
7fbc3bb0a000-7fbc3bb0b000 rw-p 00006000 00:22 9501011                    /opt/simplex/lib/app/resources/libHSunix-compat-0.7.1-04755f57844c9ce72e8a2cab1ebd7288024e6fb7aa9baab3dee08a636e74f2d8-ghc9.6.3.so
7fbc3bb0b000-7fbc3bb18000 r--p 00000000 00:22 9500998                    /opt/simplex/lib/app/resources/libHSth-lift-0.8.4-1c91f8c5d8bf435aa4ba27eac4f6358b3d7ba8c4445440d023bc46f9e92e47d6-ghc9.6.3.so
7fbc3bb18000-7fbc3bb27000 r-xp 0000d000 00:22 9500998                    /opt/simplex/lib/app/resources/libHSth-lift-0.8.4-1c91f8c5d8bf435aa4ba27eac4f6358b3d7ba8c4445440d023bc46f9e92e47d6-ghc9.6.3.so
7fbc3bb27000-7fbc3bb28000 r--p 0001c000 00:22 9500998                    /opt/simplex/lib/app/resources/libHSth-lift-0.8.4-1c91f8c5d8bf435aa4ba27eac4f6358b3d7ba8c4445440d023bc46f9e92e47d6-ghc9.6.3.so
7fbc3bb28000-7fbc3bb29000 r--p 0001c000 00:22 9500998                    /opt/simplex/lib/app/resources/libHSth-lift-0.8.4-1c91f8c5d8bf435aa4ba27eac4f6358b3d7ba8c4445440d023bc46f9e92e47d6-ghc9.6.3.so
7fbc3bb29000-7fbc3bb2c000 rw-p 0001d000 00:22 9500998                    /opt/simplex/lib/app/resources/libHSth-lift-0.8.4-1c91f8c5d8bf435aa4ba27eac4f6358b3d7ba8c4445440d023bc46f9e92e47d6-ghc9.6.3.so
7fbc3bb2c000-7fbc3bb8c000 r--p 00000000 00:22 9501024                    /opt/simplex/lib/app/resources/libHSzip-2.2.1-c84529db08699b8940be8253f32c450005f695e7c889e6b7a63f112a12d4453f-ghc9.6.3.so
7fbc3bb8c000-7fbc3bbf0000 r-xp 00060000 00:22 9501024                    /opt/simplex/lib/app/resources/libHSzip-2.2.1-c84529db08699b8940be8253f32c450005f695e7c889e6b7a63f112a12d4453f-ghc9.6.3.so
7fbc3bbf0000-7fbc3bbf2000 r--p 000c4000 00:22 9501024                    /opt/simplex/lib/app/resources/libHSzip-2.2.1-c84529db08699b8940be8253f32c450005f695e7c889e6b7a63f112a12d4453f-ghc9.6.3.so
7fbc3bbf2000-7fbc3bbf3000 ---p 000c6000 00:22 9501024                    /opt/simplex/lib/app/resources/libHSzip-2.2.1-c84529db08699b8940be8253f32c450005f695e7c889e6b7a63f112a12d4453f-ghc9.6.3.so
7fbc3bbf3000-7fbc3bbf5000 r--p 000c6000 00:22 9501024                    /opt/simplex/lib/app/resources/libHSzip-2.2.1-c84529db08699b8940be8253f32c450005f695e7c889e6b7a63f112a12d4453f-ghc9.6.3.so
7fbc3bbf5000-7fbc3bc00000 rw-p 000c8000 00:22 9501024                    /opt/simplex/lib/app/resources/libHSzip-2.2.1-c84529db08699b8940be8253f32c450005f695e7c889e6b7a63f112a12d4453f-ghc9.6.3.so
7fbc3bc00000-7fbc3bc1b000 r-xp 00000000 00:22 9501939                    /opt/simplex/lib/runtime/lib/libjimage.so
7fbc3bc1b000-7fbc3be1a000 ---p 0001b000 00:22 9501939                    /opt/simplex/lib/runtime/lib/libjimage.so
7fbc3be1a000-7fbc3be1c000 r--p 0001a000 00:22 9501939                    /opt/simplex/lib/runtime/lib/libjimage.so
7fbc3be1c000-7fbc3be1d000 rw-p 0001c000 00:22 9501939                    /opt/simplex/lib/runtime/lib/libjimage.so
7fbc3be1d000-7fbc3be1e000 rw-s 00000000 00:01 138018                     /memfd:xshmfence (deleted)
7fbc3be1e000-7fbc3be1f000 r--p 00000000 00:22 9500918                    /opt/simplex/lib/app/resources/libHSdata-default-instances-old-locale-0.0.1-e85d0ded954c9ef0f874779c89b261bd7dce2b130c748c5ff301aa13a813ebd2-ghc9.6.3.so
7fbc3be1f000-7fbc3be20000 r-xp 00001000 00:22 9500918                    /opt/simplex/lib/app/resources/libHSdata-default-instances-old-locale-0.0.1-e85d0ded954c9ef0f874779c89b261bd7dce2b130c748c5ff301aa13a813ebd2-ghc9.6.3.so
7fbc3be20000-7fbc3be21000 r--p 00002000 00:22 9500918                    /opt/simplex/lib/app/resources/libHSdata-default-instances-old-locale-0.0.1-e85d0ded954c9ef0f874779c89b261bd7dce2b130c748c5ff301aa13a813ebd2-ghc9.6.3.so
7fbc3be21000-7fbc3be22000 r--p 00002000 00:22 9500918                    /opt/simplex/lib/app/resources/libHSdata-default-instances-old-locale-0.0.1-e85d0ded954c9ef0f874779c89b261bd7dce2b130c748c5ff301aa13a813ebd2-ghc9.6.3.so
7fbc3be22000-7fbc3be23000 rw-p 00003000 00:22 9500918                    /opt/simplex/lib/app/resources/libHSdata-default-instances-old-locale-0.0.1-e85d0ded954c9ef0f874779c89b261bd7dce2b130c748c5ff301aa13a813ebd2-ghc9.6.3.so
7fbc3be23000-7fbc3dd11000 rw-p 00000000 00:00 0 
7fbc3dd11000-7fbc40000000 ---p 00000000 00:00 0 
7fbc40000000-7fbc40001000 rw-s 1050bc000 00:07 806                       /dev/dri/renderD128
7fbc40001000-7fbc40003000 r--p 00000000 00:22 9500914                    /opt/simplex/lib/app/resources/libHSdata-default-0.7.1.1-0dc1fc6930f802543ff7577d89a20f1a17f8631c8f8cd7fd967230ca6a8e107a-ghc9.6.3.so
7fbc40003000-7fbc40004000 r-xp 00002000 00:22 9500914                    /opt/simplex/lib/app/resources/libHSdata-default-0.7.1.1-0dc1fc6930f802543ff7577d89a20f1a17f8631c8f8cd7fd967230ca6a8e107a-ghc9.6.3.so
7fbc40004000-7fbc40005000 r--p 00003000 00:22 9500914                    /opt/simplex/lib/app/resources/libHSdata-default-0.7.1.1-0dc1fc6930f802543ff7577d89a20f1a17f8631c8f8cd7fd967230ca6a8e107a-ghc9.6.3.so
7fbc40005000-7fbc40006000 r--p 00003000 00:22 9500914                    /opt/simplex/lib/app/resources/libHSdata-default-0.7.1.1-0dc1fc6930f802543ff7577d89a20f1a17f8631c8f8cd7fd967230ca6a8e107a-ghc9.6.3.so
7fbc40006000-7fbc40007000 rw-p 00004000 00:22 9500914                    /opt/simplex/lib/app/resources/libHSdata-default-0.7.1.1-0dc1fc6930f802543ff7577d89a20f1a17f8631c8f8cd7fd967230ca6a8e107a-ghc9.6.3.so
7fbc40007000-7fbc4000d000 r--p 00000000 00:22 9500999                    /opt/simplex/lib/app/resources/libHSth-lift-instances-0.1.20-cd99be9ab1bc86675c598032f14d52b773b0e5dee01ec40e583b58e7b99e5d81-ghc9.6.3.so
7fbc4000d000-7fbc40011000 r-xp 00006000 00:22 9500999                    /opt/simplex/lib/app/resources/libHSth-lift-instances-0.1.20-cd99be9ab1bc86675c598032f14d52b773b0e5dee01ec40e583b58e7b99e5d81-ghc9.6.3.so
7fbc40011000-7fbc40012000 r--p 0000a000 00:22 9500999                    /opt/simplex/lib/app/resources/libHSth-lift-instances-0.1.20-cd99be9ab1bc86675c598032f14d52b773b0e5dee01ec40e583b58e7b99e5d81-ghc9.6.3.so
7fbc40012000-7fbc40013000 r--p 0000a000 00:22 9500999                    /opt/simplex/lib/app/resources/libHSth-lift-instances-0.1.20-cd99be9ab1bc86675c598032f14d52b773b0e5dee01ec40e583b58e7b99e5d81-ghc9.6.3.so
7fbc40013000-7fbc40014000 rw-p 0000b000 00:22 9500999                    /opt/simplex/lib/app/resources/libHSth-lift-instances-0.1.20-cd99be9ab1bc86675c598032f14d52b773b0e5dee01ec40e583b58e7b99e5d81-ghc9.6.3.so
7fbc40014000-7fbc4011a000 rw-p 00000000 00:00 0 
7fbc4011a000-7fbc40200000 ---p 00000000 00:00 0 
7fbc40200000-7fbc414cb000 r-xp 00000000 00:22 9501961                    /opt/simplex/lib/runtime/lib/server/libjvm.so
7fbc414cb000-7fbc416ca000 ---p 012cb000 00:22 9501961                    /opt/simplex/lib/runtime/lib/server/libjvm.so
7fbc416ca000-7fbc41783000 r--p 012ca000 00:22 9501961                    /opt/simplex/lib/runtime/lib/server/libjvm.so
7fbc41783000-7fbc417b8000 rw-p 01383000 00:22 9501961                    /opt/simplex/lib/runtime/lib/server/libjvm.so
7fbc417b8000-7fbc41813000 rw-p 00000000 00:00 0 
7fbc41813000-7fbc41814000 rw-s 1050bb000 00:07 806                       /dev/dri/renderD128
7fbc41814000-7fbc41815000 rw-s 121ff3000 00:07 806                       /dev/dri/renderD128
7fbc41815000-7fbc41820000 rw-p 00000000 00:00 0 
7fbc41820000-7fbc41900000 ---p 00000000 00:00 0 
7fbc41900000-7fbc41904000 ---p 00000000 00:00 0 
7fbc41904000-7fbc41a00000 rw-p 00000000 00:00 0 
7fbc41a00000-7fbc41a0f000 r-xp 00000000 00:22 9501940                    /opt/simplex/lib/runtime/lib/libjli.so
7fbc41a0f000-7fbc41c0e000 ---p 0000f000 00:22 9501940                    /opt/simplex/lib/runtime/lib/libjli.so
7fbc41c0e000-7fbc41c0f000 r--p 0000e000 00:22 9501940                    /opt/simplex/lib/runtime/lib/libjli.so
7fbc41c0f000-7fbc41c10000 rw-p 0000f000 00:22 9501940                    /opt/simplex/lib/runtime/lib/libjli.so
7fbc41c10000-7fbc41c11000 rw-s 110b91000 00:07 806                       /dev/dri/renderD128
7fbc41c11000-7fbc41c14000 r--s 00000000 00:22 19815                      /var/cache/fontconfig/1876b2dcf508980ebba421dbe8e808d3-le64.cache-11
7fbc41c14000-7fbc41c1b000 r--p 00000000 00:22 9500907                    /opt/simplex/lib/app/resources/libHScryptohash-md5-0.11.101.0-3e5428d235f9533ab23c9db75abdfb80b57c54f4269b0769f87f5b37c728be6f-ghc9.6.3.so
7fbc41c1b000-7fbc41c23000 r-xp 00007000 00:22 9500907                    /opt/simplex/lib/app/resources/libHScryptohash-md5-0.11.101.0-3e5428d235f9533ab23c9db75abdfb80b57c54f4269b0769f87f5b37c728be6f-ghc9.6.3.so
7fbc41c23000-7fbc41c24000 r--p 0000f000 00:22 9500907                    /opt/simplex/lib/app/resources/libHScryptohash-md5-0.11.101.0-3e5428d235f9533ab23c9db75abdfb80b57c54f4269b0769f87f5b37c728be6f-ghc9.6.3.so
7fbc41c24000-7fbc41c25000 r--p 0000f000 00:22 9500907                    /opt/simplex/lib/app/resources/libHScryptohash-md5-0.11.101.0-3e5428d235f9533ab23c9db75abdfb80b57c54f4269b0769f87f5b37c728be6f-ghc9.6.3.so
7fbc41c25000-7fbc41c26000 rw-p 00010000 00:22 9500907                    /opt/simplex/lib/app/resources/libHScryptohash-md5-0.11.101.0-3e5428d235f9533ab23c9db75abdfb80b57c54f4269b0769f87f5b37c728be6f-ghc9.6.3.so
7fbc41c26000-7fbc41c2d000 r--p 00000000 00:22 9500908                    /opt/simplex/lib/app/resources/libHScryptohash-sha1-0.11.101.0-f9f5afd4e14b2941ce9d06239c42f864d8d670b8d70cc4005a54e7e3270c528d-ghc9.6.3.so
7fbc41c2d000-7fbc41c38000 r-xp 00007000 00:22 9500908                    /opt/simplex/lib/app/resources/libHScryptohash-sha1-0.11.101.0-f9f5afd4e14b2941ce9d06239c42f864d8d670b8d70cc4005a54e7e3270c528d-ghc9.6.3.so
7fbc41c38000-7fbc41c39000 r--p 00012000 00:22 9500908                    /opt/simplex/lib/app/resources/libHScryptohash-sha1-0.11.101.0-f9f5afd4e14b2941ce9d06239c42f864d8d670b8d70cc4005a54e7e3270c528d-ghc9.6.3.so
7fbc41c39000-7fbc41c3a000 r--p 00012000 00:22 9500908                    /opt/simplex/lib/app/resources/libHScryptohash-sha1-0.11.101.0-f9f5afd4e14b2941ce9d06239c42f864d8d670b8d70cc4005a54e7e3270c528d-ghc9.6.3.so
7fbc41c3a000-7fbc41c3b000 rw-p 00013000 00:22 9500908                    /opt/simplex/lib/app/resources/libHScryptohash-sha1-0.11.101.0-f9f5afd4e14b2941ce9d06239c42f864d8d670b8d70cc4005a54e7e3270c528d-ghc9.6.3.so
7fbc41c3b000-7fbc41c47000 r--p 00000000 00:22 9501017                    /opt/simplex/lib/app/resources/libHSuuid-1.3.15-4828f16f2b77b79ea8b795753bd98503215dea0d6fddf19a95ffe8c7a59f1ea7-ghc9.6.3.so
7fbc41c47000-7fbc41c4f000 r-xp 0000c000 00:22 9501017                    /opt/simplex/lib/app/resources/libHSuuid-1.3.15-4828f16f2b77b79ea8b795753bd98503215dea0d6fddf19a95ffe8c7a59f1ea7-ghc9.6.3.so
7fbc41c4f000-7fbc41c50000 r--p 00014000 00:22 9501017                    /opt/simplex/lib/app/resources/libHSuuid-1.3.15-4828f16f2b77b79ea8b795753bd98503215dea0d6fddf19a95ffe8c7a59f1ea7-ghc9.6.3.so
7fbc41c50000-7fbc41c51000 r--p 00014000 00:22 9501017                    /opt/simplex/lib/app/resources/libHSuuid-1.3.15-4828f16f2b77b79ea8b795753bd98503215dea0d6fddf19a95ffe8c7a59f1ea7-ghc9.6.3.so
7fbc41c51000-7fbc41c52000 rw-p 00015000 00:22 9501017                    /opt/simplex/lib/app/resources/libHSuuid-1.3.15-4828f16f2b77b79ea8b795753bd98503215dea0d6fddf19a95ffe8c7a59f1ea7-ghc9.6.3.so
7fbc41c52000-7fbc41ccd000 rw-p 00000000 00:00 0 
7fbc41ccd000-7fbc41cdd000 r--p 00000000 00:22 10087896                   /usr/lib/libm.so.6
7fbc41cdd000-7fbc41d76000 r-xp 00010000 00:22 10087896                   /usr/lib/libm.so.6
7fbc41d76000-7fbc41dfe000 r--p 000a9000 00:22 10087896                   /usr/lib/libm.so.6
7fbc41dfe000-7fbc41dff000 r--p 00130000 00:22 10087896                   /usr/lib/libm.so.6
7fbc41dff000-7fbc41e00000 rw-p 00131000 00:22 10087896                   /usr/lib/libm.so.6
7fbc41e00000-7fbc41e24000 r--p 00000000 00:22 10087886                   /usr/lib/libc.so.6
7fbc41e24000-7fbc41f99000 r-xp 00024000 00:22 10087886                   /usr/lib/libc.so.6
7fbc41f99000-7fbc4200e000 r--p 00199000 00:22 10087886                   /usr/lib/libc.so.6
7fbc4200e000-7fbc42012000 r--p 0020d000 00:22 10087886                   /usr/lib/libc.so.6
7fbc42012000-7fbc42014000 rw-p 00211000 00:22 10087886                   /usr/lib/libc.so.6
7fbc42014000-7fbc4201c000 rw-p 00000000 00:00 0 
7fbc4201c000-7fbc4201f000 r--s 00000000 00:22 19797                      /var/cache/fontconfig/6ba42ae0000f58711b5caaf10d690066-le64.cache-11
7fbc4201f000-7fbc42092000 rw-p 00000000 00:00 0 
7fbc42092000-7fbc42093000 r--p 00000000 00:22 10087918                   /usr/lib/librt.so.1
7fbc42093000-7fbc42094000 r-xp 00001000 00:22 10087918                   /usr/lib/librt.so.1
7fbc42094000-7fbc42095000 r--p 00002000 00:22 10087918                   /usr/lib/librt.so.1
7fbc42095000-7fbc42096000 r--p 00002000 00:22 10087918                   /usr/lib/librt.so.1
7fbc42096000-7fbc42097000 rw-p 00003000 00:22 10087918                   /usr/lib/librt.so.1
7fbc42097000-7fbc42098000 r--p 00000000 00:22 10087913                   /usr/lib/libpthread.so.0
7fbc42098000-7fbc42099000 r-xp 00001000 00:22 10087913                   /usr/lib/libpthread.so.0
7fbc42099000-7fbc4209a000 r--p 00002000 00:22 10087913                   /usr/lib/libpthread.so.0
7fbc4209a000-7fbc4209b000 r--p 00002000 00:22 10087913                   /usr/lib/libpthread.so.0
7fbc4209b000-7fbc4209c000 rw-p 00003000 00:22 10087913                   /usr/lib/libpthread.so.0
7fbc4209c000-7fbc4209f000 r--p 00000000 00:22 6740239                    /usr/lib/libz.so.1.3.2
7fbc4209f000-7fbc420af000 r-xp 00003000 00:22 6740239                    /usr/lib/libz.so.1.3.2
7fbc420af000-7fbc420b5000 r--p 00013000 00:22 6740239                    /usr/lib/libz.so.1.3.2
7fbc420b5000-7fbc420b6000 r--p 00018000 00:22 6740239                    /usr/lib/libz.so.1.3.2
7fbc420b6000-7fbc420b7000 rw-p 00019000 00:22 6740239                    /usr/lib/libz.so.1.3.2
7fbc420b7000-7fbc420ba000 rw-p 00000000 00:00 0 
7fbc420ba000-7fbc420bb000 r--p 00000000 00:22 10087891                   /usr/lib/libdl.so.2
7fbc420bb000-7fbc420bc000 r-xp 00001000 00:22 10087891                   /usr/lib/libdl.so.2
7fbc420bc000-7fbc420bd000 r--p 00002000 00:22 10087891                   /usr/lib/libdl.so.2
7fbc420bd000-7fbc420be000 r--p 00002000 00:22 10087891                   /usr/lib/libdl.so.2
7fbc420be000-7fbc420bf000 rw-p 00003000 00:22 10087891                   /usr/lib/libdl.so.2
7fbc420bf000-7fbc420c1000 rw-p 00000000 00:00 0 
7fbc420c1000-7fbc420c2000 rw-p 00000000 00:00 0 
7fbc420c2000-7fbc420c3000 r--p 00000000 00:22 6931965                    /usr/share/locale/en/LC_MESSAGES/gtk30-properties.mo
7fbc420c3000-7fbc420c4000 r--p 00000000 00:22 6931966                    /usr/share/locale/en/LC_MESSAGES/gtk30.mo
7fbc420c4000-7fbc420c7000 r--p 00000000 00:22 9500947                    /opt/simplex/lib/app/resources/libHSiso8601-time-0.1.5-7f565c978c2ccda76ebfa53eadc50025f93857add83f2dded45add1b6358a9db-ghc9.6.3.so
7fbc420c7000-7fbc420c8000 r-xp 00003000 00:22 9500947                    /opt/simplex/lib/app/resources/libHSiso8601-time-0.1.5-7f565c978c2ccda76ebfa53eadc50025f93857add83f2dded45add1b6358a9db-ghc9.6.3.so
7fbc420c8000-7fbc420c9000 r--p 00004000 00:22 9500947                    /opt/simplex/lib/app/resources/libHSiso8601-time-0.1.5-7f565c978c2ccda76ebfa53eadc50025f93857add83f2dded45add1b6358a9db-ghc9.6.3.so
7fbc420c9000-7fbc420ca000 r--p 00004000 00:22 9500947                    /opt/simplex/lib/app/resources/libHSiso8601-time-0.1.5-7f565c978c2ccda76ebfa53eadc50025f93857add83f2dded45add1b6358a9db-ghc9.6.3.so
7fbc420ca000-7fbc420cb000 rw-p 00005000 00:22 9500947                    /opt/simplex/lib/app/resources/libHSiso8601-time-0.1.5-7f565c978c2ccda76ebfa53eadc50025f93857add83f2dded45add1b6358a9db-ghc9.6.3.so
7fbc420cb000-7fbc420d1000 r--p 00000000 00:22 9500928                    /opt/simplex/lib/app/resources/libHSentropy-0.4.1.10-d4a847724a3b6d10e83808146b77b36d07bb854fcaa1dece416caea1c022f5c6-ghc9.6.3.so
7fbc420d1000-7fbc420d4000 r-xp 00006000 00:22 9500928                    /opt/simplex/lib/app/resources/libHSentropy-0.4.1.10-d4a847724a3b6d10e83808146b77b36d07bb854fcaa1dece416caea1c022f5c6-ghc9.6.3.so
7fbc420d4000-7fbc420d5000 r--p 00009000 00:22 9500928                    /opt/simplex/lib/app/resources/libHSentropy-0.4.1.10-d4a847724a3b6d10e83808146b77b36d07bb854fcaa1dece416caea1c022f5c6-ghc9.6.3.so
7fbc420d5000-7fbc420d6000 r--p 00009000 00:22 9500928                    /opt/simplex/lib/app/resources/libHSentropy-0.4.1.10-d4a847724a3b6d10e83808146b77b36d07bb854fcaa1dece416caea1c022f5c6-ghc9.6.3.so
7fbc420d6000-7fbc420d7000 rw-p 0000a000 00:22 9500928                    /opt/simplex/lib/app/resources/libHSentropy-0.4.1.10-d4a847724a3b6d10e83808146b77b36d07bb854fcaa1dece416caea1c022f5c6-ghc9.6.3.so
7fbc420d7000-7fbc420dd000 r--p 00000000 00:22 9500921                    /opt/simplex/lib/app/resources/libHSdigest-0.0.1.3-2ac287db51ccbe243b46853bfcd942cd2c9207ea2336791de9b022a1ed4dcad2-ghc9.6.3.so
7fbc420dd000-7fbc420df000 r-xp 00006000 00:22 9500921                    /opt/simplex/lib/app/resources/libHSdigest-0.0.1.3-2ac287db51ccbe243b46853bfcd942cd2c9207ea2336791de9b022a1ed4dcad2-ghc9.6.3.so
7fbc420df000-7fbc420e0000 r--p 00008000 00:22 9500921                    /opt/simplex/lib/app/resources/libHSdigest-0.0.1.3-2ac287db51ccbe243b46853bfcd942cd2c9207ea2336791de9b022a1ed4dcad2-ghc9.6.3.so
7fbc420e0000-7fbc420e1000 r--p 00008000 00:22 9500921                    /opt/simplex/lib/app/resources/libHSdigest-0.0.1.3-2ac287db51ccbe243b46853bfcd942cd2c9207ea2336791de9b022a1ed4dcad2-ghc9.6.3.so
7fbc420e1000-7fbc420e2000 rw-p 00009000 00:22 9500921                    /opt/simplex/lib/app/resources/libHSdigest-0.0.1.3-2ac287db51ccbe243b46853bfcd942cd2c9207ea2336791de9b022a1ed4dcad2-ghc9.6.3.so
7fbc420e2000-7fbc420e4000 r--p 00000000 00:22 9501027                    /opt/simplex/lib/app/resources/libapp-lib.so
7fbc420e4000-7fbc420e6000 r-xp 00002000 00:22 9501027                    /opt/simplex/lib/app/resources/libapp-lib.so
7fbc420e6000-7fbc420e7000 r--p 00004000 00:22 9501027                    /opt/simplex/lib/app/resources/libapp-lib.so
7fbc420e7000-7fbc420e8000 r--p 00004000 00:22 9501027                    /opt/simplex/lib/app/resources/libapp-lib.so
7fbc420e8000-7fbc420e9000 rw-p 00005000 00:22 9501027                    /opt/simplex/lib/app/resources/libapp-lib.so
7fbc420e9000-7fbc420ee000 rw-p 00000000 00:00 0 
7fbc420ee000-7fbc420f5000 ---p 00000000 00:00 0 
7fbc420f5000-7fbc420fd000 rw-s 00000000 00:22 10691306                   /tmp/hsperfdata_mleku/656405
7fbc420fd000-7fbc420fe000 ---p 00000000 00:00 0 
7fbc420fe000-7fbc420ff000 r--p 00000000 00:00 0 
7fbc420ff000-7fbc42100000 ---p 00000000 00:00 0 
7fbc42100000-7fbc42104000 r--p 00000000 00:00 0                          [vvar]
7fbc42104000-7fbc42106000 r--p 00000000 00:00 0                          [vvar_vclock]
7fbc42106000-7fbc42108000 r-xp 00000000 00:00 0                          [vdso]
7fbc42108000-7fbc42109000 r--p 00000000 00:22 10087877                   /usr/lib/ld-linux-x86-64.so.2
7fbc42109000-7fbc42133000 r-xp 00001000 00:22 10087877                   /usr/lib/ld-linux-x86-64.so.2
7fbc42133000-7fbc42142000 r--p 0002b000 00:22 10087877                   /usr/lib/ld-linux-x86-64.so.2
7fbc42142000-7fbc42144000 r--p 00039000 00:22 10087877                   /usr/lib/ld-linux-x86-64.so.2
7fbc42144000-7fbc42145000 rw-p 0003b000 00:22 10087877                   /usr/lib/ld-linux-x86-64.so.2
7fbc42145000-7fbc42146000 rw-p 00000000 00:00 0 
7fff8ed42000-7fff8ed64000 rw-p 00000000 00:00 0                          [stack]
ffffffffff600000-ffffffffff601000 --xp 00000000 00:00 0                  [vsyscall]


VM Arguments:
jvm_args: -Djpackage.app-version=6.5.2 -Dcompose.application.resources.dir=/opt/simplex/lib/app/resources -Dcompose.application.configure.swing.globals=true -Dskiko.library.path=/opt/simplex/lib/app -Djpackage.app-path=/opt/simplex/bin/simplex 
java_command: chat.simplex.desktop.MainKt
java_class_path (initial): /opt/simplex/lib/app/desktop-jvm-6.5.2-496324f07b1cb76441f3ab359c0e2c8.jar:/opt/simplex/lib/app/animation-core-desktop-1.8.2-89882254a9c39d5b61e9ebfe58237d8.jar:/opt/simplex/lib/app/animation-desktop-1.8.2-aa361a5749a780284bf03455dbd58ba2.jar:/opt/simplex/lib/app/annotation-jvm-1.9.1-1d6a04b3b9847638d0529df8ef76a.jar:/opt/simplex/lib/app/annotations-23.0.0-8484cd17d040d837983323f760b2c660.jar:/opt/simplex/lib/app/atomicfu-jvm-0.23.2-5e4f88ed1c37222d791f5dcadf481498.jar:/opt/simplex/lib/app/batik-anim-1.16-ef2d1e77dc121a894a6da6c5028e8dc.jar:/opt/simplex/lib/app/batik-awt-util-1.16-5493fc13976389ff705f96f867f5cb8.jar:/opt/simplex/lib/app/batik-bridge-1.16-67eb64799e6d69a8d9ac19ccc5a8f2d9.jar:/opt/simplex/lib/app/batik-codec-1.16-f8139eda5bd656be3de6c68cc49667ba.jar:/opt/simplex/lib/app/batik-constants-1.16-dbb7585ab60d6fee6b42b814756023.jar:/opt/simplex/lib/app/batik-css-1.16-18b391172074464552b09acb9187e.jar:/opt/simplex/lib/app/batik-dom-1.16-3a8e777a8777513a2b80ec91d06252da.jar:/opt/simplex/lib/app/batik-ext-1.16-88db233e758febe33059f2be9f7c7fc8.jar:/opt/simplex/lib/app/batik-gvt-1.16-fe24bef455f4d68232121574ea209b.jar:/opt/simplex/lib/app/batik-i18n-1.16-b2ac749b2277fb0f46ec912da8bfdde.jar:/opt/simplex/lib/app/batik-parser-1.16-62c4e0778339752a1f6f4d53ea3aef2f.jar:/opt/simplex/lib/app/batik-rasterizer-1.16-9a4bec95395ecacaee2085945c311ad.jar:/opt/simplex/lib/app/batik-script-1.16-bfcf216f539f5718c7345322e0f060fc.jar:/opt/simplex/lib/app/batik-shared-resources-1.16-d6b1e37464c15ad7cd1a5b06d9ee1a9.jar:/opt/simplex/lib/app/batik-svg-dom-1.16-ee7f7021afdfbe71b29871159da5765.jar:/opt/simplex/lib/app/batik-svggen-1.16-48657fb48029f0427b1e34eb2a6884.jar:/opt/simplex/lib/app/batik-svgrasterizer-1.16-649f564439bc465caa6d1fa68ad24.jar:/opt/simplex/lib/app/batik-transcoder-1.16-1290ebbcaf1ebbef5e1675eb639d54c.jar:/opt/simplex/lib/app/batik-util-1.16-d8f93a889db85573d4f8c576ff2ad2f.jar:/opt/simplex/lib/app/batik-xml-1.16-3147e6cfe396df25489c8c589
Launcher Type: SUN_STANDARD

[Global flags]
     intx CICompilerCount                          = 4                                         {product} {ergonomic}
     uint ConcGCThreads                            = 2                                         {product} {ergonomic}
     uint G1ConcRefinementThreads                  = 8                                         {product} {ergonomic}
   size_t G1HeapRegionSize                         = 2097152                                   {product} {ergonomic}
    uintx GCDrainStackTargetSize                   = 64                                        {product} {ergonomic}
   size_t InitialHeapSize                          = 251658240                                 {product} {ergonomic}
   size_t MarkStackSize                            = 4194304                                   {product} {ergonomic}
   size_t MaxHeapSize                              = 3999268864                                {product} {ergonomic}
   size_t MaxNewSize                               = 2399141888                                {product} {ergonomic}
   size_t MinHeapDeltaBytes                        = 2097152                                   {product} {ergonomic}
   size_t MinHeapSize                              = 8388608                                   {product} {ergonomic}
    uintx NonNMethodCodeHeapSize                   = 5839372                                {pd product} {ergonomic}
    uintx NonProfiledCodeHeapSize                  = 122909434                              {pd product} {ergonomic}
    uintx ProfiledCodeHeapSize                     = 122909434                              {pd product} {ergonomic}
    uintx ReservedCodeCacheSize                    = 251658240                              {pd product} {ergonomic}
     bool SegmentedCodeCache                       = true                                      {product} {ergonomic}
   size_t SoftMaxHeapSize                          = 3999268864                             {manageable} {ergonomic}
     bool UseCompressedClassPointers               = true                           {product lp64_product} {ergonomic}
     bool UseCompressedOops                        = true                           {product lp64_product} {ergonomic}
     bool UseG1GC                                  = true                                      {product} {ergonomic}

Logging:
Log output configuration:
 #0: stdout all=warning uptime,level,tags
 #1: stderr all=off uptime,level,tags

Environment Variables:
PATH=/home/mleku/Android/Sdk/cmdline-tools/latest/bin:/home/mleku/Android/Sdk/platform-tools:/home/mleku/.local/bin:/home/mleku/.local/bin:/home/mleku/bin:/home/mleku/.wasmtime/bin:/home/mleku/.local/bin:/home/mleku/go/bin:/home/mleku/.local/bin:/home/mleku/go/bin:/home/mleku/.local/bin:/home/mleku/go/bin:/home/mleku/.local/bin:/home/mleku/go/bin:/home/mleku/.local/bin:/home/mleku/go/bin:/home/mleku/.local/bin:/home/mleku/go/bin:/home/mleku/go/bin:/home/mleku/.local/bin:/usr/local/go/bin:/home/mleku/.local/share/JetBrains/Toolbox/scripts:/home/mleku/.bun/bin:/home/mleku/go/bin:/home/mleku/.local/bin:/home/mleku/.local/bin:/home/mleku/.local/bin:/home/mleku/bin:/home/mleku/.wasmtime/bin:/home/mleku/.local/bin:/home/mleku/go/bin:/home/mleku/.local/bin:/home/mleku/go/bin:/home/mleku/.local/bin:/home/mleku/go/bin:/home/mleku/.local/bin:/home/mleku/go/bin:/home/mleku/.local/bin:/home/mleku/go/bin:/home/mleku/.local/bin:/home/mleku/go/bin:/bin::/usr/local/go/bin:/home/mleku/.local/share/JetBrains/Toolbox/scripts:/home/mleku/.bun/bin:/home/mleku/go/bin:/home/mleku/.local/bin:/home/mleku/.cargo/bin:/usr/local/bin:/usr/bin:/bin:/usr/local/sbin:/opt/android-sdk/platform-tools:/var/lib/flatpak/exports/bin:/usr/lib/jvm/default/bin:/usr/bin/site_perl:/usr/bin/vendor_perl:/usr/bin/core_perl:/opt/rocm/bin:/opt/android-sdk/platform-tools
LD_LIBRARY_PATH=:/opt/simplex/lib/app
SHELL=/bin/bash
DISPLAY=:0
LANG=en_AU.UTF-8
LC_NUMERIC=hr_HR.UTF-8
LC_TIME=en_AU.UTF-8
TERM=xterm-256color
TMPDIR=/home/mleku/.cache/tmp

Active Locale:
LC_ALL=LC_CTYPE=en_AU.UTF-8;LC_NUMERIC=hr_HR.UTF-8;LC_TIME=en_AU.UTF-8;LC_COLLATE=en_AU.UTF-8;LC_MONETARY=hr_HR.UTF-8;LC_MESSAGES=en_AU.UTF-8;LC_PAPER=hr_HR.UTF-8;LC_NAME=hr_HR.UTF-8;LC_ADDRESS=hr_HR.UTF-8;LC_TELEPHONE=hr_HR.UTF-8;LC_MEASUREMENT=hr_HR.UTF-8;LC_IDENTIFICATION=hr_HR.UTF-8
LC_COLLATE=en_AU.UTF-8
LC_CTYPE=en_AU.UTF-8
LC_MESSAGES=en_AU.UTF-8
LC_MONETARY=hr_HR.UTF-8
LC_NUMERIC=hr_HR.UTF-8
LC_TIME=en_AU.UTF-8

Signal Handlers:
   SIGSEGV: 0x00007fbc41165570 in libjvm.so+16143728, mask=11100100010111111101111111111110, flags=SA_RESTART|SA_SIGINFO, unblocked
    SIGBUS: 0x00007fbc41165570 in libjvm.so+16143728, mask=11100100010111111101111111111110, flags=SA_RESTART|SA_SIGINFO, unblocked
    SIGFPE: 0x00007fbc41165570 in libjvm.so+16143728, mask=11100100010111111101111111111110, flags=SA_RESTART|SA_SIGINFO, unblocked
   SIGPIPE: SIG_IGN, mask=00000000000010000000000000000000, flags=SA_RESTART, blocked
  *** Handler was modified!
  *** Expected: 0x00007fbc40fffaa0 in libjvm.so+14678688, mask=11100100110111111111111111111110, flags=SA_RESTART|SA_SIGINFO
   SIGXFSZ: 0x00007fbc40fffaa0 in libjvm.so+14678688, mask=11100100010111111101111111111110, flags=SA_RESTART|SA_SIGINFO, blocked
    SIGILL: 0x00007fbc41165570 in libjvm.so+16143728, mask=11100100010111111101111111111110, flags=SA_RESTART|SA_SIGINFO, unblocked
   SIGUSR2: 0x00007fbc40fff150 in libjvm.so+14676304, mask=00000000000000000000000000000000, flags=SA_RESTART|SA_SIGINFO, blocked
    SIGHUP: 0x00007fbc40fff090 in libjvm.so+14676112, mask=11100100010111111101111111111110, flags=SA_RESTART|SA_SIGINFO, blocked
    SIGINT: 0x00007fbbca62b480 in libHSrts-1.0.2_thr-ghc9.6.3.so+468096, mask=00000000000000000000000000000000, flags=none, blocked
   SIGTERM: 0x00007fbc40fff090 in libjvm.so+14676112, mask=11100100010111111101111111111110, flags=SA_RESTART|SA_SIGINFO, blocked
   SIGQUIT: 0x00007fbbca62b450 in libHSrts-1.0.2_thr-ghc9.6.3.so+468048, mask=00000000000000000000000000000000, flags=none, blocked
   SIGTRAP: 0x00007fbc41165570 in libjvm.so+16143728, mask=11100100010111111101111111111110, flags=SA_RESTART|SA_SIGINFO, unblocked


Periodic native trim disabled


---------------  S Y S T E M  ---------------

OS:
DISTRIB_ID=Garuda
DISTRIB_RELEASE=Soaring
DISTRIB_DESCRIPTION="Garuda Linux Broadwing"
DISTRIB_CODENAME="Broadwing"
uname: Linux 7.1.3-zen1-2-zen #1 ZEN SMP PREEMPT_DYNAMIC Thu, 09 Jul 2026 20:39:38 +0000 x86_64
OS uptime: 3 days 20:23 hours
libc: glibc 2.43 NPTL 2.43 
rlimit (soft/hard): STACK 8192k/infinity , CORE infinity/infinity , NPROC 1048576/1048576 , NOFILE 1048576/1048576 , AS infinity/infinity , CPU infinity/infinity , DATA infinity/infinity , FSIZE infinity/infinity , MEMLOCK infinity/infinity
load average: 3,81 1,87 1,22

/proc/meminfo:
MemTotal:       15619068 kB
MemFree:         3281164 kB
MemAvailable:    8968588 kB
Buffers:              40 kB
Cached:          5885884 kB
SwapCached:         6888 kB
Active:          4080256 kB
Inactive:        6175740 kB
Active(anon):    3289036 kB
Inactive(anon):  1264300 kB
Active(file):     791220 kB
Inactive(file):  4911440 kB
Unevictable:       67968 kB
Mlocked:             152 kB
SwapTotal:      32804856 kB
SwapFree:       29291732 kB
Zswap:                 0 kB
Zswapped:              0 kB
Dirty:            138428 kB
Writeback:             0 kB
AnonPages:       4418976 kB
Mapped:          1127568 kB
Shmem:            115784 kB
KReclaimable:     320356 kB
Slab:             588768 kB
SReclaimable:     320356 kB
SUnreclaim:       268412 kB
KernelStack:       30912 kB
PageTables:       105712 kB
SecPageTables:      3488 kB
NFS_Unstable:          0 kB
Bounce:                0 kB
WritebackTmp:          0 kB
CommitLimit:    40614388 kB
Committed_AS:   32119128 kB
VmallocTotal:   34359738367 kB
VmallocUsed:      173180 kB
VmallocChunk:          0 kB
Percpu:             7552 kB
HardwareCorrupted:     0 kB
AnonHugePages:    116736 kB
ShmemHugePages:        0 kB
ShmemPmdMapped:        0 kB
FileHugePages:    131072 kB
FilePmdMapped:    124928 kB
CmaTotal:              0 kB
CmaFree:               0 kB
Unaccepted:            0 kB
Balloon:               0 kB
GPUActive:        103884 kB
GPUReclaim:         4984 kB
HugePages_Total:       0
HugePages_Free:        0
HugePages_Rsvd:        0
HugePages_Surp:        0
Hugepagesize:       2048 kB
Hugetlb:               0 kB
DirectMap4k:     6506496 kB
DirectMap2M:     9517056 kB
DirectMap1G:     1048576 kB

/sys/kernel/mm/transparent_hugepage/enabled: [always] madvise never
/sys/kernel/mm/transparent_hugepage/hpage_pmd_size: 2097152
/sys/kernel/mm/transparent_hugepage/defrag (defrag/compaction efforts parameter): always defer [defer+madvise] madvise never

Process Memory:
Virtual Size: 1084218864K (peak: 1084273632K)
Resident Set Size: 485756K (peak: 485756K) (anon: 237092K, file: 248660K, shmem: 4K)
Swapped out: 0K
C-Heap outstanding allocations: 104222K, retained: 31245K
glibc malloc tunables: (default)

/proc/sys/kernel/threads-max (system-wide limit on the number of threads): 121692
/proc/sys/vm/max_map_count (maximum number of memory map areas a process may have): 1048576
/proc/sys/vm/swappiness (control to define how aggressively the kernel swaps out anonymous memory): 133
/proc/sys/kernel/pid_max (system-wide limit on number of process identifiers): 4194304

container information not found.
Steal ticks since vm start: 0
Steal ticks percentage since vm start:  0,000

CPU: total 8 (initial active 8) (8 cores per cpu, 2 threads per core) family 23 model 160 stepping 0 microcode 0x8a0000b, cx8, cmov, fxsr, ht, mmx, 3dnowpref, sse, sse2, sse3, ssse3, sse4a, sse4.1, sse4.2, popcnt, lzcnt, tsc, tscinvbit, avx, avx2, aes, clmul, bmi1, bmi2, adx, sha, fma, vzeroupper, clflush, clflushopt
CPU Model and flags from /proc/cpuinfo:
model name	: AMD Ryzen 5 7520U with Radeon Graphics
flags		: fpu vme de pse tsc msr pae mce cx8 apic sep mtrr pge mca cmov pat pse36 clflush mmx fxsr sse sse2 ht syscall nx mmxext fxsr_opt pdpe1gb rdtscp lm constant_tsc rep_good nopl xtopology nonstop_tsc cpuid extd_apicid aperfmperf rapl pni pclmulqdq monitor ssse3 fma cx16 sse4_1 sse4_2 x2apic movbe popcnt aes xsave avx f16c rdrand lahf_lm cmp_legacy svm extapic cr8_legacy abm sse4a misalignsse 3dnowprefetch osvw ibs skinit wdt tce topoext perfctr_core perfctr_nb bpext perfctr_llc mwaitx cpb cat_l3 cdp_l3 hw_pstate ssbd mba ibrs ibpb stibp vmmcall fsgsbase bmi1 avx2 smep bmi2 cqm rdt_a rdseed adx smap clflushopt clwb sha_ni xsaveopt xsavec xgetbv1 cqm_llc cqm_occup_llc cqm_mbm_total cqm_mbm_local clzero irperf xsaveerptr rdpru wbnoinvd arat npt lbrv svm_lock nrip_save tsc_scale vmcb_clean flushbyasid decodeassists pausefilter pfthreshold avic v_vmsave_vmload vgif v_spec_ctrl umip rdpid overflow_recov succor smca sev sev_es

Online cpus: 0-7
Offline cpus: 
BIOS frequency limitation: <Not Available>
Frequency switch latency (ns): 0
Available cpu frequencies: <Not Available>
Current governor: powersave
Core performance/turbo boost: 1

Memory: 4k page, physical 15619068k(3281164k free), swap 32804856k(29291740k free)
Page Sizes: 4k

vm_info: OpenJDK 64-Bit Server VM (17.0.17+10-LTS) for linux-amd64 JRE (17.0.17+10-LTS), built on Oct 17 2025 16:56:23 by "jenkins" with gcc 7.3.1 20180303 (Red Hat 7.3.1-5)

END.
