#
# A fatal error has been detected by the Java Runtime Environment:
#
#  SIGSEGV (0xb) at pc=0x00007f2b091d5941, pid=657108, tid=657203
#
# JRE version: OpenJDK Runtime Environment Corretto-17.0.17.10.1 (17.0.17+10) (build 17.0.17+10-LTS)
# Java VM: OpenJDK 64-Bit Server VM Corretto-17.0.17.10.1 (17.0.17+10-LTS, mixed mode, tiered, compressed oops, compressed class ptrs, g1 gc, linux-amd64)
# Problematic frame:
# C  [libHSzstd-0.1.3.0-203b259d81b55151fd2c9ecb432bfa701dfd8529080fb68640d12b8cbccbb2c4-ghc9.6.3.so+0xd7941]  ZSTD_freeDDict+0x11
#
# Core dump will be written. Default location: Core dumps may be processed with "/usr/lib/systemd/systemd-coredump %P %u %g %s %t %c %h %d %F %I" (or dumping to /home/mleku/s/cipherkeys/core.657108)
#
# If you would like to submit a bug report, please visit:
#   https://github.com/corretto/corretto-17/issues/
#

---------------  S U M M A R Y ------------

Command Line: -Djpackage.app-version=6.5.2 -Dcompose.application.resources.dir=/opt/simplex/lib/app/resources -Dcompose.application.configure.swing.globals=true -Dskiko.library.path=/opt/simplex/lib/app -Djpackage.app-path=/opt/simplex/bin/simplex chat.simplex.desktop.MainKt --version

Host: AMD Ryzen 5 7520U with Radeon Graphics, 8 cores, 14G, Garuda Linux Broadwing
Time: Wed Jul 22 08:32:17 2026 +04 elapsed time: 5.279043 seconds (0d 0h 0m 5s)

---------------  T H R E A D  ---------------

Current thread is native thread

Stack: [0x00007f2a3c5ff000,0x00007f2a3cdff000],  sp=0x00007f2a3cdfd9c8,  free space=8186k
Native frames: (J=compiled Java code, j=interpreted, Vv=VM code, C=native code)
C  [libHSzstd-0.1.3.0-203b259d81b55151fd2c9ecb432bfa701dfd8529080fb68640d12b8cbccbb2c4-ghc9.6.3.so+0xd7941]  ZSTD_freeDDict+0x11


siginfo: si_signo: 11 (SIGSEGV), si_code: 1 (SEGV_MAPERR), si_addr: 0x0000000100006ad1

Registers:
RAX=0x0000000000000000, RBX=0x00007f29f8000fe0, RCX=0x00007f29f8000c5c, RDX=0x00000000000002f8
RSP=0x00007f2a3cdfd9c8, RBP=0x0000000100000001, RSI=0x00007f29f8000ce0, RDI=0x0000000100000001
R8 =0x0000000000000071, R9 =0x00007f2b3b612ac0, R10=0x0000000000000004, R11=0x00007f29f8000038
R12=0x00007f29f8000ce0, R13=0x00000000000002f8, R14=0x00007f29f8000c5c, R15=0x0000000000000071
RIP=0x00007f2b091d5941, EFLAGS=0x0000000000010212, CSGSFS=0x002b000000000033, ERR=0x0000000000000004
  TRAPNO=0x000000000000000e

XMM[0]=0x0000000000000000 0x0000000000000000
XMM[1]=0xffffffffffffffff 0xffffffffffffffff
XMM[2]=0xffffffffffffffff 0xffffffffffffffff
XMM[3]=0x6561336133623433 0x3832643336642f65
XMM[4]=0xffb099a6966dab4f 0x1465bd5bda6139a8
XMM[5]=0xe67cc1cd79938a43 0x36dddcd1cc7ee06b
XMM[6]=0x434f444e454d5f4c 0x000000002bcfaf00
XMM[7]=0x004f4e49000000be 0xb46301f200000000
XMM[8]=0x434f444e454d5f4c 0x000000002bcfaf00
XMM[9]=0x000000ff81ae787b 0x4152003000000000
XMM[10]=0x0000000000000000 0x00007f2a20e0a0c0
XMM[11]=0x00243c32014cd43c 0x01afab5c00c9b714
XMM[12]=0x0000000000000000 0x00007f2a20e0d4c0
XMM[13]=0x0000000000000000 0x00007f2a20e0cfe0
XMM[14]=0x0c0f0e0d080b0a09 0x0407060500030201
XMM[15]=0x0d0c0f0e09080b0a 0x0504070601000302
  MXCSR=0x00001fa4


Top of Stack: (sp=0x00007f2a3cdfd9c8)
0x00007f2a3cdfd9c8:   3231363235363135 00007f2a6c494730
0x00007f2a3cdfd9d8:   00007f29f8000ce0 00007f2a3cdfda00
0x00007f2a3cdfd9e8:   00007f2abda3d1ab 00007f29f8000fe0
0x00007f2a3cdfd9f8:   00007f2b091dc77b 00007f29f8000ce0
0x00007f2a3cdfda08:   00000000000002f8 00007f29f8000c5c
0x00007f2a3cdfda18:   0000000000000071 00007f2a3cdfda60
0x00007f2a3cdfda28:   00007f2abda4143f 053296c9d1fc1c78
0x00007f2a3cdfda38:   00007f2a6c494730 0000000000000071
0x00007f2a3cdfda48:   0000000037a85387 00007f29f8000c5c
0x00007f2a3cdfda58:   00007f29f8000c54 00007f2a3cdfda70
0x00007f2a3cdfda68:   00007f2a21012c00 00007f2a3cdfdaf0
0x00007f2a3cdfda78:   00007f2a20fcce26 00007f29f8000ce0
0x00007f2a3cdfda88:   00007f2a3cdfdc48 00007f29f8000bf0
0x00007f2a3cdfda98:   00007f29f8000ccd 00007f29f8000ccd
0x00007f2a3cdfdaa8:   00007f2a3cdfe600 00007f2a3cdfdad0
0x00007f2a3cdfdab8:   2dced28e33d6b400 0000000000000000
0x00007f2a3cdfdac8:   00000000000000b5 00007f29f8000bf0
0x00007f2a3cdfdad8:   00007f29f8000b80 00000000000000dd
0x00007f2a3cdfdae8:   00000000000000dd 00007f2a3cdfdbe0
0x00007f2a3cdfdaf8:   00007f2a20fcd90e 00007f2a3cdfdc48
0x00007f2a3cdfdb08:   00007f2a6c494730 0000000000000023
0x00007f2a3cdfdb18:   0000000002668a00 0000000000000001
0x00007f2a3cdfdb28:   000003e8000081a4 00000000000003e8
0x00007f2a3cdfdb38:   0000000000000000 00000000000000dd
0x00007f2a3cdfdb48:   0000000000001000 0000000000000008
0x00007f2a3cdfdb58:   000000006a55b76c 0000000029eca90c
0x00007f2a3cdfdb68:   000000006a55b76c 0000000029eca90c
0x00007f2a3cdfdb78:   000000006a55b76c 0000000029fbeb47
0x00007f2a3cdfdb88:   0000000000000000 0000000000000000
0x00007f2a3cdfdb98:   0000000000000000 6537653430653262
0x00007f2a3cdfdba8:   2dced28e33d6b400 6661623237343231
0x00007f2a3cdfdbb8:   00007f2a6c494730 00007f2a3cdfdc48 

Instructions: (pc=0x00007f2b091d5941)
0x00007f2b091d5841:   48 8d 86 20 10 00 00 48 89 47 10 48 8d 86 30 28
0x00007f2b091d5851:   00 00 48 89 47 18 8b 86 34 68 00 00 89 87 3c 68
0x00007f2b091d5861:   00 00 8b 86 38 68 00 00 89 87 40 68 00 00 8b 86
0x00007f2b091d5871:   3c 68 00 00 89 87 44 68 00 00 c3 0f 1f 40 00 48
0x00007f2b091d5881:   c7 87 28 75 00 00 00 00 00 00 c3 0f 1f 40 00 f3
0x00007f2b091d5891:   0f 1e fa 41 55 44 89 c0 49 89 cd 45 89 c8 41 54
0x00007f2b091d58a1:   49 89 fc 48 89 f7 48 89 d6 48 83 ec 18 41 f6 c4
0x00007f2b091d58b1:   07 0f 95 c2 83 f8 01 74 56 48 8d 89 d8 6a 00 00
0x00007f2b091d58c1:   48 39 f9 77 57 84 d2 75 53 85 c0 75 20 49 8d 8c
0x00007f2b091d58d1:   24 d8 6a 00 00 4c 89 ea 44 89 4c 24 0c 48 89 cf
0x00007f2b091d58e1:   e8 5a 87 f5 ff 44 8b 44 24 0c 48 89 c6 b9 01 00
0x00007f2b091d58f1:   00 00 4c 89 ea 4c 89 e7 e8 82 fd ff ff 48 83 f8
0x00007f2b091d5901:   88 77 19 48 83 c4 18 4c 89 e0 41 5c 41 5d c3 48
0x00007f2b091d5911:   81 ff d7 6a 00 00 76 04 84 d2 74 d1 45 31 e4 48
0x00007f2b091d5921:   83 c4 18 4c 89 e0 41 5c 41 5d c3 0f 1f 40 00 f3
0x00007f2b091d5931:   0f 1e fa 48 85 ff 74 57 55 48 89 fd 48 83 ec 28
0x00007f2b091d5941:   48 8b 87 d0 6a 00 00 f3 0f 6f 87 c0 6a 00 00 48
0x00007f2b091d5951:   89 44 24 18 0f 29 44 24 08 ff 74 24 18 ff 74 24
0x00007f2b091d5961:   18 ff 74 24 18 48 8b 3f e8 02 f6 f6 ff 48 83 c4
0x00007f2b091d5971:   18 48 89 ef ff 74 24 18 ff 74 24 18 ff 74 24 18
0x00007f2b091d5981:   e8 ea f5 f6 ff 48 83 c4 40 31 c0 5d c3 66 90 31
0x00007f2b091d5991:   c0 c3 66 66 2e 0f 1f 84 00 00 00 00 00 66 90 f3
0x00007f2b091d59a1:   0f 1e fa 41 56 41 55 41 89 d5 41 54 55 53 48 83
0x00007f2b091d59b1:   7c 24 30 00 0f 94 c2 48 83 7c 24 38 00 0f 94 c0
0x00007f2b091d59c1:   38 c2 75 6b 48 83 ec 08 48 89 fd bf d8 6a 00 00
0x00007f2b091d59d1:   49 89 f6 ff 74 24 48 89 cb ff 74 24 48 ff 74 24
0x00007f2b091d59e1:   48 e8 19 f5 f6 ff 48 83 c4 20 49 89 c4 48 85 c0
0x00007f2b091d59f1:   74 3d f3 0f 6f 44 24 30 41 89 d8 44 89 e9 4c 89
0x00007f2b091d5a01:   f2 48 89 ee 4c 89 e7 0f 11 80 c0 6a 00 00 48 8b
0x00007f2b091d5a11:   44 24 40 49 89 84 24 d0 6a 00 00 e8 5f fc ff ff
0x00007f2b091d5a21:   48 83 f8 88 76 0c 4c 89 e7 e8 01 ff ff ff 90 45
0x00007f2b091d5a31:   31 e4 5b 4c 89 e0 5d 41 5c 41 5d 41 5e c3 90 f3 



---------------  P R O C E S S  ---------------

VM state: not at safepoint (normal execution)

VM Mutex/Monitor currently owned by a thread: None

Heap address: 0x0000000711a00000, size: 3814 MB, Compressed Oops mode: Zero based, Oop shift amount: 3

CDS archive(s) not mapped
Compressed class space mapped at: 0x0000000800000000-0x0000000840000000, reserved size: 1073741824
Narrow klass base: 0x0000000800000000, Narrow klass shift: 0, Narrow klass range: 0x40000000

GC Precious Log:
<Skipped>

Heap:
 garbage-first heap   total 55296K, used 32616K [0x0000000711a00000, 0x0000000800000000)
  region size 2048K, 9 young (18432K), 2 survivors (4096K)
 Metaspace       used 46002K, committed 46528K, reserved 1114112K
  class space    used 4822K, committed 5056K, reserved 1048576K

Heap Regions: E=young(eden), S=young(survivor), O=old, HS=humongous(starts), HC=humongous(continues), CS=collection set, F=free, OA=open archive, CA=closed archive, TAMS=top-at-mark-start (previous, next)
|   0|0x0000000711a00000, 0x0000000711c00000, 0x0000000711c00000|100%|HS|  |TAMS 0x0000000711c00000, 0x0000000711a00000| Complete 
|   1|0x0000000711c00000, 0x0000000711e00000, 0x0000000711e00000|100%| O|  |TAMS 0x0000000711e00000, 0x0000000711c00000| Untracked 
|   2|0x0000000711e00000, 0x0000000712000000, 0x0000000712000000|100%| O|  |TAMS 0x0000000712000000, 0x0000000711e00000| Untracked 
|   3|0x0000000712000000, 0x0000000712200000, 0x0000000712200000|100%| O|  |TAMS 0x0000000712200000, 0x0000000712000000| Untracked 
|   4|0x0000000712200000, 0x0000000712200000, 0x0000000712400000|  0%| F|  |TAMS 0x0000000712200000, 0x0000000712200000| Untracked 
|   5|0x0000000712400000, 0x0000000712600000, 0x0000000712600000|100%| O|  |TAMS 0x0000000712600000, 0x0000000712400000| Untracked 
|   6|0x0000000712600000, 0x0000000712800000, 0x0000000712800000|100%| O|  |TAMS 0x0000000712800000, 0x0000000712600000| Untracked 
|   7|0x0000000712800000, 0x0000000712a00000, 0x0000000712a00000|100%| O|  |TAMS 0x0000000712a00000, 0x0000000712800000| Untracked 
|   8|0x0000000712a00000, 0x0000000712b06400, 0x0000000712c00000| 51%| O|  |TAMS 0x0000000712b06400, 0x0000000712a00000| Untracked 
|   9|0x0000000712c00000, 0x0000000712c00000, 0x0000000712e00000|  0%| F|  |TAMS 0x0000000712c00000, 0x0000000712c00000| Untracked 
|  10|0x0000000712e00000, 0x0000000712e00000, 0x0000000713000000|  0%| F|  |TAMS 0x0000000712e00000, 0x0000000712e00000| Untracked 
|  11|0x0000000713000000, 0x0000000713000000, 0x0000000713200000|  0%| F|  |TAMS 0x0000000713000000, 0x0000000713000000| Untracked 
|  12|0x0000000713200000, 0x0000000713200000, 0x0000000713400000|  0%| F|  |TAMS 0x0000000713200000, 0x0000000713200000| Untracked 
|  13|0x0000000713400000, 0x0000000713400000, 0x0000000713600000|  0%| F|  |TAMS 0x0000000713400000, 0x0000000713400000| Untracked 
|  14|0x0000000713600000, 0x000000071376cdd0, 0x0000000713800000| 71%| S|CS|TAMS 0x0000000713600000, 0x0000000713600000| Complete 
|  15|0x0000000713800000, 0x0000000713a00000, 0x0000000713a00000|100%| S|CS|TAMS 0x0000000713800000, 0x0000000713800000| Complete 
|  16|0x0000000713a00000, 0x0000000713a00000, 0x0000000713c00000|  0%| F|  |TAMS 0x0000000713a00000, 0x0000000713a00000| Untracked 
|  17|0x0000000713c00000, 0x0000000713c00000, 0x0000000713e00000|  0%| F|  |TAMS 0x0000000713c00000, 0x0000000713c00000| Untracked 
|  18|0x0000000713e00000, 0x0000000713e00000, 0x0000000714000000|  0%| F|  |TAMS 0x0000000713e00000, 0x0000000713e00000| Untracked 
|  19|0x0000000714000000, 0x0000000714000000, 0x0000000714200000|  0%| F|  |TAMS 0x0000000714000000, 0x0000000714000000| Untracked 
|  20|0x0000000714200000, 0x0000000714367070, 0x0000000714400000| 70%| E|  |TAMS 0x0000000714200000, 0x0000000714200000| Complete 
|  21|0x0000000714400000, 0x0000000714600000, 0x0000000714600000|100%| E|CS|TAMS 0x0000000714400000, 0x0000000714400000| Complete 
|  22|0x0000000714600000, 0x0000000714800000, 0x0000000714800000|100%| E|CS|TAMS 0x0000000714600000, 0x0000000714600000| Complete 
|  23|0x0000000714800000, 0x0000000714a00000, 0x0000000714a00000|100%| E|CS|TAMS 0x0000000714800000, 0x0000000714800000| Complete 
| 104|0x000000071ea00000, 0x000000071ec00000, 0x000000071ec00000|100%| E|CS|TAMS 0x000000071ea00000, 0x000000071ea00000| Complete 
| 105|0x000000071ec00000, 0x000000071ee00000, 0x000000071ee00000|100%| E|CS|TAMS 0x000000071ec00000, 0x000000071ec00000| Complete 
| 119|0x0000000720800000, 0x0000000720a00000, 0x0000000720a00000|100%| E|CS|TAMS 0x0000000720800000, 0x0000000720800000| Complete 

Card table byte_map: [0x00007f2b21a8d000,0x00007f2b22200000] _byte_map_base: 0x00007f2b1e200000

Marking Bits (Prev, Next): (CMBitMap*) 0x00007f2b34094ba0, (CMBitMap*) 0x00007f2b34094be0
 Prev Bits: [0x00007f2b1d782000, 0x00007f2b2131a000)
 Next Bits: [0x00007f2b19bea000, 0x00007f2b1d782000)

Polling page: 0x00007f2b3b72c000

Metaspace:

Usage:
  Non-class:     40,21 MB used.
      Class:      4,71 MB used.
       Both:     44,92 MB used.

Virtual space:
  Non-class space:       64,00 MB reserved,      40,50 MB ( 63%) committed,  1 nodes.
      Class space:        1,00 GB reserved,       4,94 MB ( <1%) committed,  1 nodes.
             Both:        1,06 GB reserved,      45,44 MB (  4%) committed. 

Chunk freelists:
   Non-Class:  7,36 MB
       Class:  11,12 MB
        Both:  18,48 MB

MaxMetaspaceSize: unlimited
CompressedClassSpaceSize: 1,00 GB
Initial GC threshold: 21,00 MB
Current GC threshold: 58,75 MB
CDS: off
MetaspaceReclaimPolicy: balanced
 - commit_granule_bytes: 65536.
 - commit_granule_words: 8192.
 - virtual_space_node_default_size: 8388608.
 - enlarge_chunks_in_place: 1.
 - new_chunks_are_fully_committed: 0.
 - uncommit_free_chunks: 1.
 - use_allocation_guard: 0.
 - handle_deallocations: 1.


Internal statistics:

num_allocs_failed_limit: 6.
num_arena_births: 538.
num_arena_deaths: 0.
num_vsnodes_births: 2.
num_vsnodes_deaths: 0.
num_space_committed: 724.
num_space_uncommitted: 0.
num_chunks_returned_to_freelist: 6.
num_chunks_taken_from_freelist: 1592.
num_chunk_merges: 3.
num_chunk_splits: 1121.
num_chunks_enlarged: 874.
num_inconsistent_stats: 0.

CodeHeap 'non-profiled nmethods': size=120028Kb used=1654Kb max_used=1654Kb free=118373Kb
 bounds [0x00007f2b29cc9000, 0x00007f2b29f39000, 0x00007f2b31200000]
CodeHeap 'profiled nmethods': size=120028Kb used=5596Kb max_used=5596Kb free=114431Kb
 bounds [0x00007f2b22200000, 0x00007f2b22780000, 0x00007f2b29737000]
CodeHeap 'non-nmethods': size=5704Kb used=1965Kb max_used=1968Kb free=3738Kb
 bounds [0x00007f2b29737000, 0x00007f2b299a7000, 0x00007f2b29cc9000]
 total_blobs=4606 nmethods=3148 adapters=1371
 compilation: enabled
              stopped_count=0, restarted_count=0
 full_count=0

Compilation events (20 events):
Event: 5,257 Thread 0x00007f2b34204a20 nmethod 3138 0x00007f2b22772690 code [0x00007f2b22772860, 0x00007f2b22772c00]
Event: 5,257 Thread 0x00007f2b34204a20 3139       3       androidx.compose.runtime.collection.ScopeMap::add-impl (191 bytes)
Event: 5,258 Thread 0x00007f2b34204a20 nmethod 3139 0x00007f2b22772d90 code [0x00007f2b227731c0, 0x00007f2b22775040]
Event: 5,258 Thread 0x00007f2b34204a20 3140       3       org.jetbrains.skia.impl.Stats::onNativeCall (17 bytes)
Event: 5,258 Thread 0x00007f2b34204a20 nmethod 3140 0x00007f2b22775b10 code [0x00007f2b22775ca0, 0x00007f2b22775e10]
Event: 5,258 Thread 0x00007f2b34204a20 3142       1       androidx.compose.ui.graphics.drawscope.CanvasDrawScope::getDrawParams (5 bytes)
Event: 5,258 Thread 0x00007f2b34204a20 nmethod 3142 0x00007f2b29e65a10 code [0x00007f2b29e65ba0, 0x00007f2b29e65c70]
Event: 5,258 Thread 0x00007f2b34204a20 3141       1       androidx.collection.ScatterMap::getCapacity (5 bytes)
Event: 5,258 Thread 0x00007f2b34204a20 nmethod 3141 0x00007f2b29e65d10 code [0x00007f2b29e65ea0, 0x00007f2b29e65f70]
Event: 5,261 Thread 0x00007f2b34204a20 3143       3       androidx.compose.ui.node.NodeKindKt::getIncludeSelfInTraversal-H91voCI (19 bytes)
Event: 5,261 Thread 0x00007f2b34204a20 nmethod 3143 0x00007f2b22775e90 code [0x00007f2b22776040, 0x00007f2b227761d0]
Event: 5,261 Thread 0x00007f2b34204a20 3144       1       androidx.compose.ui.graphics.drawscope.CanvasDrawScope::getDrawContext (5 bytes)
Event: 5,261 Thread 0x00007f2b34204a20 nmethod 3144 0x00007f2b29e66010 code [0x00007f2b29e661a0, 0x00007f2b29e66270]
Event: 5,263 Thread 0x00007f2b34204a20 3145       3       androidx.compose.ui.node.LayoutModifierNodeCoordinator::getTail (10 bytes)
Event: 5,263 Thread 0x00007f2b34204a20 nmethod 3145 0x00007f2b22776290 code [0x00007f2b22776440, 0x00007f2b22776620]
Event: 5,263 Thread 0x00007f2b34204a20 3146       3       androidx.compose.ui.node.LayoutNodeKt::requireOwner (36 bytes)
Event: 5,264 Thread 0x00007f2b34204a20 nmethod 3146 0x00007f2b22776710 code [0x00007f2b22776940, 0x00007f2b22776ff0]
Event: 5,271 Thread 0x00007f2b342034f0 3148   !   4       java.net.URL::<init> (543 bytes)
Event: 5,273 Thread 0x00007f2b34204a20 3149       1       org.jetbrains.skia.impl.Native$Companion::getNullPointer (2 bytes)
Event: 5,273 Thread 0x00007f2b34204a20 nmethod 3149 0x00007f2b29e66710 code [0x00007f2b29e668a0, 0x00007f2b29e66970]

GC Heap History (14 events):
Event: 1,061 GC heap before
{Heap before GC invocations=0 (full 0):
 garbage-first heap   total 245760K, used 22528K [0x0000000711a00000, 0x0000000800000000)
  region size 2048K, 11 young (22528K), 0 survivors (0K)
 Metaspace       used 10381K, committed 10560K, reserved 1114112K
  class space    used 827K, committed 896K, reserved 1048576K
}
Event: 1,066 GC heap after
{Heap after GC invocations=1 (full 0):
 garbage-first heap   total 245760K, used 8980K [0x0000000711a00000, 0x0000000800000000)
  region size 2048K, 2 young (4096K), 2 survivors (4096K)
 Metaspace       used 10381K, committed 10560K, reserved 1114112K
  class space    used 827K, committed 896K, reserved 1048576K
}
Event: 1,586 GC heap before
{Heap before GC invocations=1 (full 0):
 garbage-first heap   total 245760K, used 29460K [0x0000000711a00000, 0x0000000800000000)
  region size 2048K, 14 young (28672K), 2 survivors (4096K)
 Metaspace       used 21313K, committed 21504K, reserved 1114112K
  class space    used 2021K, committed 2112K, reserved 1048576K
}
Event: 1,592 GC heap after
{Heap after GC invocations=2 (full 0):
 garbage-first heap   total 245760K, used 12053K [0x0000000711a00000, 0x0000000800000000)
  region size 2048K, 2 young (4096K), 2 survivors (4096K)
 Metaspace       used 21313K, committed 21504K, reserved 1114112K
  class space    used 2021K, committed 2112K, reserved 1048576K
}
Event: 2,403 GC heap before
{Heap before GC invocations=3 (full 0):
 garbage-first heap   total 55296K, used 34581K [0x0000000711a00000, 0x0000000800000000)
  region size 2048K, 14 young (28672K), 2 survivors (4096K)
 Metaspace       used 32164K, committed 32448K, reserved 1114112K
  class space    used 3253K, committed 3392K, reserved 1048576K
}
Event: 2,407 GC heap after
{Heap after GC invocations=4 (full 0):
 garbage-first heap   total 55296K, used 15517K [0x0000000711a00000, 0x0000000800000000)
  region size 2048K, 2 young (4096K), 2 survivors (4096K)
 Metaspace       used 32164K, committed 32448K, reserved 1114112K
  class space    used 3253K, committed 3392K, reserved 1048576K
}
Event: 2,452 GC heap before
{Heap before GC invocations=4 (full 0):
 garbage-first heap   total 55296K, used 15517K [0x0000000711a00000, 0x0000000800000000)
  region size 2048K, 3 young (6144K), 2 survivors (4096K)
 Metaspace       used 32610K, committed 32896K, reserved 1114112K
  class space    used 3307K, committed 3456K, reserved 1048576K
}
Event: 2,456 GC heap after
{Heap after GC invocations=5 (full 0):
 garbage-first heap   total 55296K, used 15892K [0x0000000711a00000, 0x0000000800000000)
  region size 2048K, 1 young (2048K), 1 survivors (2048K)
 Metaspace       used 32610K, committed 32896K, reserved 1114112K
  class space    used 3307K, committed 3456K, reserved 1048576K
}
Event: 2,686 GC heap before
{Heap before GC invocations=5 (full 0):
 garbage-first heap   total 55296K, used 24084K [0x0000000711a00000, 0x0000000800000000)
  region size 2048K, 7 young (14336K), 1 survivors (2048K)
 Metaspace       used 35715K, committed 35968K, reserved 1114112K
  class space    used 3698K, committed 3840K, reserved 1048576K
}
Event: 2,688 GC heap after
{Heap after GC invocations=6 (full 0):
 garbage-first heap   total 55296K, used 16015K [0x0000000711a00000, 0x0000000800000000)
  region size 2048K, 1 young (2048K), 1 survivors (2048K)
 Metaspace       used 35715K, committed 35968K, reserved 1114112K
  class space    used 3698K, committed 3840K, reserved 1048576K
}
Event: 3,132 GC heap before
{Heap before GC invocations=7 (full 0):
 garbage-first heap   total 55296K, used 36495K [0x0000000711a00000, 0x0000000800000000)
  region size 2048K, 10 young (20480K), 1 survivors (2048K)
 Metaspace       used 39270K, committed 39616K, reserved 1114112K
  class space    used 4074K, committed 4224K, reserved 1048576K
}
Event: 3,134 GC heap after
{Heap after GC invocations=8 (full 0):
 garbage-first heap   total 55296K, used 16589K [0x0000000711a00000, 0x0000000800000000)
  region size 2048K, 1 young (2048K), 1 survivors (2048K)
 Metaspace       used 39270K, committed 39616K, reserved 1114112K
  class space    used 4074K, committed 4224K, reserved 1048576K
}
Event: 4,743 GC heap before
{Heap before GC invocations=8 (full 0):
 garbage-first heap   total 55296K, used 35021K [0x0000000711a00000, 0x0000000800000000)
  region size 2048K, 11 young (22528K), 1 survivors (2048K)
 Metaspace       used 42505K, committed 42880K, reserved 1114112K
  class space    used 4430K, committed 4608K, reserved 1048576K
}
Event: 4,749 GC heap after
{Heap after GC invocations=9 (full 0):
 garbage-first heap   total 55296K, used 18892K [0x0000000711a00000, 0x0000000800000000)
  region size 2048K, 2 young (4096K), 2 survivors (4096K)
 Metaspace       used 42505K, committed 42880K, reserved 1114112K
  class space    used 4430K, committed 4608K, reserved 1048576K
}

Dll operation events (10 events):
Event: 0,003 Loaded shared library /opt/simplex/lib/runtime/lib/libjava.so
Event: 0,060 Loaded shared library /opt/simplex/lib/runtime/lib/libnio.so
Event: 0,067 Loaded shared library /opt/simplex/lib/runtime/lib/libzip.so
Event: 0,606 Loaded shared library /opt/simplex/lib/app/resources/libapp-lib.so
Event: 1,017 Loaded shared library /opt/simplex/lib/runtime/lib/libjimage.so
Event: 1,158 Loaded shared library /opt/simplex/lib/runtime/lib/libnet.so
Event: 1,487 Loaded shared library /opt/simplex/lib/runtime/lib/libawt.so
Event: 1,492 Loaded shared library /opt/simplex/lib/runtime/lib/libawt_xawt.so
Event: 1,515 Loaded shared library /opt/simplex/lib/runtime/lib/libfontmanager.so
Event: 1,829 Loaded shared library /opt/simplex/lib/app/libskiko-linux-x64.so

Deoptimization events (20 events):
Event: 2,784 Thread 0x00007f2ab0196fb0 DEOPT PACKING pc=0x00007f2b224edb7b sp=0x00007f2aa4fa1500
Event: 2,784 Thread 0x00007f2ab0196fb0 DEOPT UNPACKING pc=0x00007f2b2978de2f sp=0x00007f2aa4fa0950 mode 0
Event: 2,949 Thread 0x00007f2ab0196fb0 DEOPT PACKING pc=0x00007f2b225eb847 sp=0x00007f2aa4fa1550
Event: 2,949 Thread 0x00007f2ab0196fb0 DEOPT UNPACKING pc=0x00007f2b2978de2f sp=0x00007f2aa4fa0a60 mode 0
Event: 2,951 Thread 0x00007f2ab0196fb0 DEOPT PACKING pc=0x00007f2b225eb847 sp=0x00007f2aa4fa1550
Event: 2,951 Thread 0x00007f2ab0196fb0 DEOPT UNPACKING pc=0x00007f2b2978de2f sp=0x00007f2aa4fa0a60 mode 0
Event: 2,952 Thread 0x00007f2ab0196fb0 DEOPT PACKING pc=0x00007f2b225eb847 sp=0x00007f2aa4fa1550
Event: 2,952 Thread 0x00007f2ab0196fb0 DEOPT UNPACKING pc=0x00007f2b2978de2f sp=0x00007f2aa4fa0a60 mode 0
Event: 2,984 Thread 0x00007f2b34534620 Uncommon trap: trap_request=0xffffff45 fr.pc=0x00007f2b29dc02ac relative=0x000000000000070c
Event: 2,984 Thread 0x00007f2b34534620 Uncommon trap: reason=unstable_if action=reinterpret pc=0x00007f2b29dc02ac method=kotlinx.serialization.json.internal.StringJsonLexer.consumeKeyString()Ljava/lang/String; @ 70 c2
Event: 2,984 Thread 0x00007f2b34534620 DEOPT PACKING pc=0x00007f2b29dc02ac sp=0x00007f2abd8af740
Event: 2,984 Thread 0x00007f2b34534620 DEOPT UNPACKING pc=0x00007f2b2978d699 sp=0x00007f2abd8af700 mode 2
Event: 2,987 Thread 0x00007f2b34534620 Uncommon trap: trap_request=0xffffff6e fr.pc=0x00007f2b29dc141c relative=0x00000000000001dc
Event: 2,987 Thread 0x00007f2b34534620 Uncommon trap: reason=loop_limit_check action=maybe_recompile pc=0x00007f2b29dc141c method=kotlinx.serialization.json.internal.AbstractJsonLexer.peekNextToken()B @ 19 c2
Event: 2,987 Thread 0x00007f2b34534620 DEOPT PACKING pc=0x00007f2b29dc141c sp=0x00007f2abd8aedf0
Event: 2,987 Thread 0x00007f2b34534620 DEOPT UNPACKING pc=0x00007f2b2978d699 sp=0x00007f2abd8aed98 mode 2
Event: 3,044 Thread 0x00007f2b34534620 Uncommon trap: trap_request=0xffffff45 fr.pc=0x00007f2b29dc63f0 relative=0x0000000000000150
Event: 3,044 Thread 0x00007f2b34534620 Uncommon trap: reason=unstable_if action=reinterpret pc=0x00007f2b29dc63f0 method=kotlinx.serialization.json.internal.StringJsonLexer.consumeNextToken()B @ 49 c2
Event: 3,044 Thread 0x00007f2b34534620 DEOPT PACKING pc=0x00007f2b29dc63f0 sp=0x00007f2abd8afef0
Event: 3,044 Thread 0x00007f2b34534620 DEOPT UNPACKING pc=0x00007f2b2978d699 sp=0x00007f2abd8afe90 mode 2

Classes loaded (20 events):
Event: 4,979 Loading class java/util/stream/IntPipeline$10
Event: 4,980 Loading class java/util/stream/IntPipeline$StatelessOp
Event: 4,980 Loading class java/util/stream/IntPipeline$StatelessOp done
Event: 4,980 Loading class java/util/stream/IntPipeline$10 done
Event: 4,980 Loading class java/util/stream/FindOps$FindSink$OfInt
Event: 4,980 Loading class java/util/stream/Sink$OfInt
Event: 4,980 Loading class java/util/function/IntConsumer
Event: 4,980 Loading class java/util/function/IntConsumer done
Event: 4,980 Loading class java/util/stream/Sink$OfInt done
Event: 4,980 Loading class java/util/stream/FindOps$FindSink$OfInt done
Event: 4,980 Loading class java/util/OptionalInt
Event: 4,980 Loading class java/util/OptionalInt done
Event: 4,982 Loading class java/util/stream/IntPipeline$10$1
Event: 4,982 Loading class java/util/stream/Sink$ChainedInt
Event: 4,982 Loading class java/util/stream/Sink$ChainedInt done
Event: 4,982 Loading class java/util/stream/IntPipeline$10$1 done
Event: 4,982 Loading class java/lang/StringUTF16$CharsSpliterator
Event: 4,982 Loading class java/lang/StringUTF16$CharsSpliterator done
Event: 5,187 Loading class java/util/AbstractList$ListItr
Event: 5,187 Loading class java/util/AbstractList$ListItr done

Classes unloaded (0 events):
No events

Classes redefined (0 events):
No events

Internal exceptions (20 events):
Event: 4,706 Thread 0x00007f2b34e67ad0 Exception <a 'java/lang/NoSuchMethodError'{0x0000000713d42758}: 'java.lang.Object java.lang.invoke.Invokers$Holder.linkToTargetMethod(java.lang.Object, java.lang.Object, long, java.lang.Object)'> (0x0000000713d42758) 
thrown [src/hotspot/share/interpreter/linkResolver.cpp, line 759]
Event: 4,736 Thread 0x00007f2b34e67ad0 Exception <a 'java/lang/NoSuchMethodError'{0x0000000713dd3d90}: 'java.lang.Object java.lang.invoke.DirectMethodHandle$Holder.invokeStatic(java.lang.Object, java.lang.Object, java.lang.Object, java.lang.Object, java.lang.Object, java.lang.Object, java.lang.Object, java.lang.Object, java.lang.Object, java.lang.Object, long)'> (0x0000000713dd3d90) 
thrown [src/hotspot/share/interpreter/linkResolver.cpp, line 759]
Event: 4,766 Thread 0x00007f2b34e67ad0 Exception <a 'java/lang/NoSuchMethodError'{0x000000072085c9b0}: 'java.lang.Object java.lang.invoke.DirectMethodHandle$Holder.newInvokeSpecial(java.lang.Object, java.lang.Object, java.lang.Object, java.lang.Object, int, int, java.lang.Object)'> (0x000000072085c9b0) 
thrown [src/hotspot/share/interpreter/linkResolver.cpp, line 759]
Event: 4,807 Thread 0x00007f2b34e67ad0 Exception <a 'java/lang/NoSuchMethodError'{0x000000072098b5b8}: 'java.lang.Object java.lang.invoke.DirectMethodHandle$Holder.invokeStaticInit(java.lang.Object, int)'> (0x000000072098b5b8) 
thrown [src/hotspot/share/interpreter/linkResolver.cpp, line 759]
Event: 4,831 Thread 0x00007f2b34e67ad0 Exception <a 'java/lang/NoSuchMethodError'{0x000000071ec21db0}: 'java.lang.Object java.lang.invoke.DirectMethodHandle$Holder.invokeStaticInit(java.lang.Object, long)'> (0x000000071ec21db0) 
thrown [src/hotspot/share/interpreter/linkResolver.cpp, line 759]
Event: 4,841 Thread 0x00007f2b34e67ad0 Exception <a 'java/lang/NoSuchMethodError'{0x000000071ec78c08}: 'java.lang.Object java.lang.invoke.DirectMethodHandle$Holder.invokeStatic(java.lang.Object, java.lang.Object, int, java.lang.Object, java.lang.Object, java.lang.Object)'> (0x000000071ec78c08) 
thrown [src/hotspot/share/interpreter/linkResolver.cpp, line 759]
Event: 4,879 Thread 0x00007f2b34e67ad0 Exception <a 'java/lang/NoSuchMethodError'{0x000000071ede8278}: 'long java.lang.invoke.DirectMethodHandle$Holder.invokeStatic(java.lang.Object, java.lang.Object)'> (0x000000071ede8278) 
thrown [src/hotspot/share/interpreter/linkResolver.cpp, line 759]
Event: 5,071 Thread 0x00007f2b34e67ad0 Exception <a 'java/lang/NoSuchMethodError'{0x0000000714673120}: 'float java.lang.invoke.DirectMethodHandle$Holder.invokeStatic(java.lang.Object, java.lang.Object)'> (0x0000000714673120) 
thrown [src/hotspot/share/interpreter/linkResolver.cpp, line 759]
Event: 5,147 Thread 0x00007f2b34e67ad0 Exception <a 'java/lang/NoSuchMethodError'{0x000000071448eea8}: 'java.lang.Object java.lang.invoke.DirectMethodHandle$Holder.invokeSpecial(java.lang.Object, java.lang.Object, java.lang.Object, java.lang.Object, int, java.lang.Object)'> (0x000000071448eea8) 
thrown [src/hotspot/share/interpreter/linkResolver.cpp, line 759]
Event: 5,148 Thread 0x00007f2b34e67ad0 Exception <a 'java/lang/NoSuchMethodError'{0x0000000714493698}: 'java.lang.Object java.lang.invoke.Invokers$Holder.linkToTargetMethod(java.lang.Object, java.lang.Object, int, java.lang.Object, java.lang.Object)'> (0x0000000714493698) 
thrown [src/hotspot/share/interpreter/linkResolver.cpp, line 759]
Event: 5,190 Thread 0x00007f2b34e67ad0 Exception <a 'java/lang/NoSuchMethodError'{0x00000007145e5528}: 'java.lang.Object java.lang.invoke.DirectMethodHandle$Holder.invokeStatic(java.lang.Object, java.lang.Object, java.lang.Object, int, int, java.lang.Object, java.lang.Object)'> (0x00000007145e5528) 
thrown [src/hotspot/share/interpreter/linkResolver.cpp, line 759]
Event: 5,191 Thread 0x00007f2b34e67ad0 Exception <a 'java/lang/NoSuchMethodError'{0x00000007145ee958}: 'java.lang.Object java.lang.invoke.DirectMethodHandle$Holder.newInvokeSpecial(java.lang.Object, java.lang.Object, java.lang.Object, int, int, java.lang.Object)'> (0x00000007145ee958) 
thrown [src/hotspot/share/interpreter/linkResolver.cpp, line 759]
Event: 5,191 Thread 0x00007f2b34e67ad0 Exception <a 'java/lang/NoSuchMethodError'{0x00000007145f3620}: 'java.lang.Object java.lang.invoke.DirectMethodHandle$Holder.invokeSpecial(java.lang.Object, java.lang.Object, java.lang.Object, java.lang.Object, int, int, java.lang.Object)'> (0x00000007145f3620) 
thrown [src/hotspot/share/interpreter/linkResolver.cpp, line 759]
Event: 5,193 Thread 0x00007f2b34e67ad0 Exception <a 'java/lang/NoSuchMethodError'{0x0000000714204a28}: 'java.lang.Object java.lang.invoke.DirectMethodHandle$Holder.newInvokeSpecial(java.lang.Object, java.lang.Object, java.lang.Object, int, int, java.lang.Object, java.lang.Object)'> (0x0000000714204a28) 
thrown [src/hotspot/share/interpreter/linkResolver.cpp, line 759]
Event: 5,194 Thread 0x00007f2b34e67ad0 Exception <a 'java/lang/NoSuchMethodError'{0x0000000714209820}: 'java.lang.Object java.lang.invoke.DirectMethodHandle$Holder.invokeSpecial(java.lang.Object, java.lang.Object, java.lang.Object, java.lang.Object, int, int, java.lang.Object, java.lang.Object)'> (0x0000000714209820) 
thrown [src/hotspot/share/interpreter/linkResolver.cpp, line 759]
Event: 5,199 Thread 0x00007f2b34e67ad0 Exception <a 'java/lang/NoSuchMethodError'{0x0000000714218028}: 'java.lang.Object java.lang.invoke.DirectMethodHandle$Holder.invokeStatic(java.lang.Object, java.lang.Object, int, int, java.lang.Object)'> (0x0000000714218028) 
thrown [src/hotspot/share/interpreter/linkResolver.cpp, line 759]
Event: 5,201 Thread 0x00007f2b34e67ad0 Exception <a 'java/lang/NoSuchMethodError'{0x0000000714220240}: 'java.lang.Object java.lang.invoke.DirectMethodHandle$Holder.newInvokeSpecial(java.lang.Object, java.lang.Object, int, int)'> (0x0000000714220240) 
thrown [src/hotspot/share/interpreter/linkResolver.cpp, line 759]
Event: 5,201 Thread 0x00007f2b34e67ad0 Exception <a 'java/lang/NoSuchMethodError'{0x0000000714224c18}: 'java.lang.Object java.lang.invoke.DirectMethodHandle$Holder.invokeSpecial(java.lang.Object, java.lang.Object, java.lang.Object, int, int)'> (0x0000000714224c18) 
thrown [src/hotspot/share/interpreter/linkResolver.cpp, line 759]
Event: 5,236 Thread 0x00007f2b34e67ad0 Exception <a 'java/lang/NoSuchMethodError'{0x0000000714257c50}: 'java.lang.Object java.lang.invoke.DirectMethodHandle$Holder.newInvokeSpecial(java.lang.Object, java.lang.Object, int, java.lang.Object, int)'> (0x0000000714257c50) 
thrown [src/hotspot/share/interpreter/linkResolver.cpp, line 759]
Event: 5,237 Thread 0x00007f2b34e67ad0 Exception <a 'java/lang/NoSuchMethodError'{0x000000071425c5d8}: 'java.lang.Object java.lang.invoke.DirectMethodHandle$Holder.invokeSpecial(java.lang.Object, java.lang.Object, java.lang.Object, int, java.lang.Object, int)'> (0x000000071425c5d8) 
thrown [src/hotspot/share/interpreter/linkResolver.cpp, line 759]

VM Operations (20 events):
Event: 2,452 Executing VM operation: G1CollectForAllocation
Event: 2,456 Executing VM operation: G1CollectForAllocation done
Event: 2,686 Executing VM operation: CollectForMetadataAllocation
Event: 2,688 Executing VM operation: CollectForMetadataAllocation done
Event: 2,697 Executing VM operation: G1PauseRemark
Event: 2,699 Executing VM operation: G1PauseRemark done
Event: 2,703 Executing VM operation: G1PauseCleanup
Event: 2,703 Executing VM operation: G1PauseCleanup done
Event: 3,132 Executing VM operation: G1CollectForAllocation
Event: 3,134 Executing VM operation: G1CollectForAllocation done
Event: 4,134 Executing VM operation: Cleanup
Event: 4,134 Executing VM operation: Cleanup done
Event: 4,742 Executing VM operation: G1CollectForAllocation
Event: 4,749 Executing VM operation: G1CollectForAllocation done
Event: 4,759 Executing VM operation: HandshakeAllThreads
Event: 4,759 Executing VM operation: HandshakeAllThreads done
Event: 4,872 Executing VM operation: HandshakeAllThreads
Event: 4,872 Executing VM operation: HandshakeAllThreads done
Event: 4,872 Executing VM operation: HandshakeAllThreads
Event: 4,872 Executing VM operation: HandshakeAllThreads done

Memory protections (20 events):
Event: 1,745 Protecting memory [0x00007f2aa50fc000,0x00007f2aa5100000] with protection modes 0
Event: 1,747 Protecting memory [0x00007f2aa4ffb000,0x00007f2aa4fff000] with protection modes 0
Event: 1,812 Protecting memory [0x00007f2aa4ea4000,0x00007f2aa4ea8000] with protection modes 0
Event: 1,995 Protecting memory [0x00007f2b09900000,0x00007f2b09904000] with protection modes 0
Event: 1,999 Protecting memory [0x00007f2abd8b3000,0x00007f2abd8b7000] with protection modes 0
Event: 2,069 Protecting memory [0x00007f2aa4ea4000,0x00007f2aa4ea8000] with protection modes 0
Event: 2,070 Protecting memory [0x00007f2a640e4000,0x00007f2a640e8000] with protection modes 0
Event: 2,083 Protecting memory [0x00007f2a5cdfd000,0x00007f2a5ce01000] with protection modes 0
Event: 2,151 Protecting memory [0x00007f2a5ccfc000,0x00007f2a5cd00000] with protection modes 0
Event: 2,152 Protecting memory [0x00007f2a5cbfb000,0x00007f2a5cbff000] with protection modes 0
Event: 2,280 Protecting memory [0x00007f2b09900000,0x00007f2b09904000] with protection modes 0
Event: 2,282 Protecting memory [0x00007f2abd8b3000,0x00007f2abd8b7000] with protection modes 0
Event: 2,283 Protecting memory [0x00007f2a5c14a000,0x00007f2a5c14e000] with protection modes 0
Event: 2,643 Protecting memory [0x00007f2a5c049000,0x00007f2a5c04d000] with protection modes 0
Event: 2,907 Protecting memory [0x00007f2a3e6fd000,0x00007f2a3e701000] with protection modes 0
Event: 3,012 Protecting memory [0x00007f2a3e137000,0x00007f2a3e13b000] with protection modes 0
Event: 3,054 Protecting memory [0x00007f2a3e036000,0x00007f2a3e03a000] with protection modes 0
Event: 3,095 Protecting memory [0x00007f2a3c0fe000,0x00007f2a3c102000] with protection modes 0
Event: 3,151 Protecting memory [0x00007f2a20900000,0x00007f2a20904000] with protection modes 0
Event: 3,153 Protecting memory [0x00007f2a64022000,0x00007f2a64026000] with protection modes 0

Nmethod flushes (0 events):
No events

Events (20 events):
Event: 1,995 Thread 0x00007f2b34204a20 Thread added: 0x00007f2ad832cd80
Event: 1,999 Thread 0x00007f2b34204a20 Thread added: 0x00007f2ad832e1b0
Event: 2,069 Thread 0x00007f2b34534620 Thread added: 0x00007f2ab0196fb0
Event: 2,070 Thread 0x00007f2b34534620 Thread added: 0x00007f2ab0197e00
Event: 2,083 Thread 0x00007f2b34534620 Thread added: 0x00007f2ab019cdf0
Event: 2,151 Thread 0x00007f2ab0197e00 Thread added: 0x00007f2a48001440
Event: 2,152 Thread 0x00007f2a48001440 Thread added: 0x00007f2a40000f60
Event: 2,256 Thread 0x00007f2ad832e1b0 Thread exited: 0x00007f2ad832e1b0
Event: 2,257 Thread 0x00007f2ad832cd80 Thread exited: 0x00007f2ad832cd80
Event: 2,280 Thread 0x00007f2b34535480 Thread added: 0x00007f2ab4092440
Event: 2,282 Thread 0x00007f2b34535480 Thread added: 0x00007f2ab4095ec0
Event: 2,283 Thread 0x00007f2b3402bbf0 Thread added: 0x00007f2b3571b820
Event: 2,643 Thread 0x00007f2b34e67ad0 Thread added: 0x00007f2a6c1af8b0
Event: 2,906 Thread 0x00007f2b34204a20 Thread added: 0x00007f2ad834b7d0
Event: 3,010 Thread 0x00007f2b34204a20 Thread added: 0x00007f2ad836b6c0
Event: 3,053 Thread 0x00007f2b34b40970 Thread added: 0x00007f2a80002120
Event: 3,095 Thread 0x00007f2b34e67ad0 Thread added: 0x00007f2a6c8ce2f0
Event: 3,151 Thread 0x00007f2b34e67ad0 Thread added: 0x00007f2a6c8ebd50
Event: 3,153 Thread 0x00007f2b34e67ad0 Thread added: 0x00007f2a6c8ed080
Event: 3,225 Thread 0x00007f2ad836b6c0 Thread exited: 0x00007f2ad836b6c0


Dynamic libraries:
711a00000-714a00000 rw-p 00000000 00:00 0 
714a00000-71ea00000 ---p 00000000 00:00 0 
71ea00000-71ee00000 rw-p 00000000 00:00 0 
71ee00000-720800000 ---p 00000000 00:00 0 
720800000-720a00000 rw-p 00000000 00:00 0 
720a00000-800000000 ---p 00000000 00:00 0 
800000000-800020000 rw-p 00000000 00:00 0 
800020000-800040000 rw-p 00000000 00:00 0 
800040000-8000c0000 rw-p 00000000 00:00 0 
8000c0000-800100000 rw-p 00000000 00:00 0 
800100000-800140000 rw-p 00000000 00:00 0 
800140000-800180000 rw-p 00000000 00:00 0 
800180000-8001c0000 rw-p 00000000 00:00 0 
8001c0000-800200000 rw-p 00000000 00:00 0 
800200000-800240000 rw-p 00000000 00:00 0 
800240000-8002c0000 rw-p 00000000 00:00 0 
8002c0000-8002e0000 rw-p 00000000 00:00 0 
8002e0000-800340000 rw-p 00000000 00:00 0 
800340000-8004f0000 rw-p 00000000 00:00 0 
8004f0000-840000000 ---p 00000000 00:00 0 
4200000000-4204300000 rw-p 00000000 00:00 0 
4204300000-14200100000 ---p 00000000 00:00 0 
55c740000000-55c740003000 r-xp 00000000 00:22 9500759                    /opt/simplex/bin/simplex
55c740202000-55c740203000 r--p 00002000 00:22 9500759                    /opt/simplex/bin/simplex
55c740203000-55c740204000 rw-p 00003000 00:22 9500759                    /opt/simplex/bin/simplex
55c774c42000-55c774c8f000 rw-p 00000000 00:00 0                          [heap]
7f29e77ff000-7f29e8000000 rw-p 00000000 00:00 0 
7f29e8000000-7f29e8021000 rw-p 00000000 00:00 0 
7f29e8021000-7f29ec000000 ---p 00000000 00:00 0 
7f29eebfe000-7f29eedfe000 rw-s 12b3a9000 00:07 806                       /dev/dri/renderD128
7f29eedfe000-7f29eeffe000 rw-s 1175dc000 00:07 806                       /dev/dri/renderD128
7f29eeffe000-7f29f0000000 rw-p 00000000 00:00 0 
7f29f0000000-7f29f0021000 rw-p 00000000 00:00 0 
7f29f0021000-7f29f4000000 ---p 00000000 00:00 0 
7f29f4000000-7f29f4021000 rw-p 00000000 00:00 0 
7f29f4021000-7f29f8000000 ---p 00000000 00:00 0 
7f29f8000000-7f29f8021000 rw-p 00000000 00:00 0 
7f29f8021000-7f29fc000000 ---p 00000000 00:00 0 
7f29fc000000-7f29fc021000 rw-p 00000000 00:00 0 
7f29fc021000-7f2a00000000 ---p 00000000 00:00 0 
7f2a00000000-7f2a00021000 rw-p 00000000 00:00 0 
7f2a00021000-7f2a04000000 ---p 00000000 00:00 0 
7f2a04000000-7f2a04021000 rw-p 00000000 00:00 0 
7f2a04021000-7f2a08000000 ---p 00000000 00:00 0 
7f2a08000000-7f2a08021000 rw-p 00000000 00:00 0 
7f2a08021000-7f2a0c000000 ---p 00000000 00:00 0 
7f2a0c000000-7f2a0c021000 rw-p 00000000 00:00 0 
7f2a0c021000-7f2a10000000 ---p 00000000 00:00 0 
7f2a10000000-7f2a1035d000 rw-p 00000000 00:00 0 
7f2a1035d000-7f2a14000000 ---p 00000000 00:00 0 
7f2a14142000-7f2a14342000 rw-s 1245ad000 00:07 806                       /dev/dri/renderD128
7f2a14342000-7f2a143fc000 r--p 00000000 00:22 7073392                    /usr/share/fonts/TTF/DejaVuSans.ttf
7f2a143fc000-7f2a16400000 rw-p 00000000 00:00 0 
7f2a16400000-7f2a1695b000 r--p 00000000 00:22 10407070                   /usr/lib/libLLVM.so.22.1
7f2a1695b000-7f2a1c60a000 r-xp 0055b000 00:22 10407070                   /usr/lib/libLLVM.so.22.1
7f2a1c60a000-7f2a20558000 r--p 0620a000 00:22 10407070                   /usr/lib/libLLVM.so.22.1
7f2a20558000-7f2a20774000 r--p 0a158000 00:22 10407070                   /usr/lib/libLLVM.so.22.1
7f2a20774000-7f2a2077e000 rw-p 0a374000 00:22 10407070                   /usr/lib/libLLVM.so.22.1
7f2a2077e000-7f2a2084e000 rw-p 00000000 00:00 0 
7f2a2089a000-7f2a208ff000 r--p 00000000 00:22 158888                     /usr/share/fonts/liberation/LiberationSans-Regular.ttf
7f2a208ff000-7f2a20900000 rw-p 00000000 00:00 0 
7f2a20900000-7f2a20904000 ---p 00000000 00:00 0 
7f2a20904000-7f2a20a00000 rw-p 00000000 00:00 0 
7f2a20a00000-7f2a20a1a000 r--p 00000000 00:22 10096457                   /usr/lib/libgallium-26.1.4-arch1.1.so
7f2a20a1a000-7f2a229eb000 r-xp 0001a000 00:22 10096457                   /usr/lib/libgallium-26.1.4-arch1.1.so
7f2a229eb000-7f2a23bdd000 r--p 01feb000 00:22 10096457                   /usr/lib/libgallium-26.1.4-arch1.1.so
7f2a23bdd000-7f2a23d51000 r--p 031dc000 00:22 10096457                   /usr/lib/libgallium-26.1.4-arch1.1.so
7f2a23d51000-7f2a23d87000 rw-p 03350000 00:22 10096457                   /usr/lib/libgallium-26.1.4-arch1.1.so
7f2a23d87000-7f2a23f54000 rw-p 00000000 00:00 0 
7f2a23f68000-7f2a24000000 r--p 00000000 00:22 10097593                   /usr/share/fonts/noto/NotoSans-Regular.ttf
7f2a24000000-7f2a24021000 rw-p 00000000 00:00 0 
7f2a24021000-7f2a28000000 ---p 00000000 00:00 0 
7f2a28000000-7f2a291ae000 rw-p 00000000 00:00 0 
7f2a291ae000-7f2a2c000000 ---p 00000000 00:00 0 
7f2a2c000000-7f2a2c021000 rw-p 00000000 00:00 0 
7f2a2c021000-7f2a30000000 ---p 00000000 00:00 0 
7f2a30000000-7f2a30021000 rw-p 00000000 00:00 0 
7f2a30021000-7f2a34000000 ---p 00000000 00:00 0 
7f2a34000000-7f2a34021000 rw-p 00000000 00:00 0 
7f2a34021000-7f2a38000000 ---p 00000000 00:00 0 
7f2a38000000-7f2a38021000 rw-p 00000000 00:00 0 
7f2a38021000-7f2a3c000000 ---p 00000000 00:00 0 
7f2a3c056000-7f2a3c0fd000 r--p 00000000 00:22 10691341                   /tmp/moko-resources-font-cache12949283738858798110.tmp
7f2a3c0fd000-7f2a3c0fe000 rw-p 00000000 00:00 0 
7f2a3c0fe000-7f2a3c102000 ---p 00000000 00:00 0 
7f2a3c102000-7f2a3c1fe000 rw-p 00000000 00:00 0 
7f2a3c1fe000-7f2a3c3fe000 rw-s 10ee8b000 00:07 806                       /dev/dri/renderD128
7f2a3c3fe000-7f2a3c5fe000 rw-s 12afc5000 00:07 806                       /dev/dri/renderD128
7f2a3c5fe000-7f2a3d600000 rw-p 00000000 00:00 0 
7f2a3d600000-7f2a3d801000 rw-s 00000000 00:22 3041                       /home/mleku/.cache/mesa_shader_cache/index
7f2a3d834000-7f2a3e036000 rw-p 00000000 00:00 0 
7f2a3e036000-7f2a3e03a000 ---p 00000000 00:00 0 
7f2a3e03a000-7f2a3e137000 rw-p 00000000 00:00 0 
7f2a3e137000-7f2a3e13b000 ---p 00000000 00:00 0 
7f2a3e13b000-7f2a3e237000 rw-p 00000000 00:00 0 
7f2a3e237000-7f2a3e24e000 r--p 00000000 00:22 9645241                    /usr/lib/libSPIRV-Tools.so
7f2a3e24e000-7f2a3e37a000 r-xp 00017000 00:22 9645241                    /usr/lib/libSPIRV-Tools.so
7f2a3e37a000-7f2a3e3fc000 r--p 00143000 00:22 9645241                    /usr/lib/libSPIRV-Tools.so
7f2a3e3fc000-7f2a3e3ff000 r--p 001c5000 00:22 9645241                    /usr/lib/libSPIRV-Tools.so
7f2a3e3ff000-7f2a3e400000 rw-p 001c8000 00:22 9645241                    /usr/lib/libSPIRV-Tools.so
7f2a3e400000-7f2a3e401000 r-xp 00000000 00:22 9501938                    /opt/simplex/lib/runtime/lib/libjawt.so
7f2a3e401000-7f2a3e600000 ---p 00001000 00:22 9501938                    /opt/simplex/lib/runtime/lib/libjawt.so
7f2a3e600000-7f2a3e601000 r--p 00000000 00:22 9501938                    /opt/simplex/lib/runtime/lib/libjawt.so
7f2a3e601000-7f2a3e602000 rw-p 00000000 00:00 0 
7f2a3e611000-7f2a3e61e000 r--p 00000000 00:22 6914745                    /usr/lib/libncursesw.so.6.6
7f2a3e61e000-7f2a3e666000 r-xp 0000d000 00:22 6914745                    /usr/lib/libncursesw.so.6.6
7f2a3e666000-7f2a3e67c000 r--p 00055000 00:22 6914745                    /usr/lib/libncursesw.so.6.6
7f2a3e67c000-7f2a3e681000 r--p 0006a000 00:22 6914745                    /usr/lib/libncursesw.so.6.6
7f2a3e681000-7f2a3e682000 rw-p 0006f000 00:22 6914745                    /usr/lib/libncursesw.so.6.6
7f2a3e682000-7f2a3e684000 r--p 00000000 00:22 6746945                    /usr/lib/libpciaccess.so.0.11.1
7f2a3e684000-7f2a3e689000 r-xp 00002000 00:22 6746945                    /usr/lib/libpciaccess.so.0.11.1
7f2a3e689000-7f2a3e68b000 r--p 00007000 00:22 6746945                    /usr/lib/libpciaccess.so.0.11.1
7f2a3e68b000-7f2a3e68c000 r--p 00008000 00:22 6746945                    /usr/lib/libpciaccess.so.0.11.1
7f2a3e68c000-7f2a3e68d000 rw-p 00009000 00:22 6746945                    /usr/lib/libpciaccess.so.0.11.1
7f2a3e68d000-7f2a3e693000 r--p 00000000 00:22 9263247                    /usr/lib/libedit.so.0.0.78
7f2a3e693000-7f2a3e6b5000 r-xp 00006000 00:22 9263247                    /usr/lib/libedit.so.0.0.78
7f2a3e6b5000-7f2a3e6c2000 r--p 00028000 00:22 9263247                    /usr/lib/libedit.so.0.0.78
7f2a3e6c2000-7f2a3e6c5000 r--p 00034000 00:22 9263247                    /usr/lib/libedit.so.0.0.78
7f2a3e6c5000-7f2a3e6c6000 rw-p 00037000 00:22 9263247                    /usr/lib/libedit.so.0.0.78
7f2a3e6c6000-7f2a3e6c9000 rw-p 00000000 00:00 0 
7f2a3e6c9000-7f2a3e6cc000 r--p 00000000 00:22 9645161                    /usr/lib/libdrm_intel.so.1.134.0
7f2a3e6cc000-7f2a3e6e3000 r-xp 00003000 00:22 9645161                    /usr/lib/libdrm_intel.so.1.134.0
7f2a3e6e3000-7f2a3e6ed000 r--p 0001a000 00:22 9645161                    /usr/lib/libdrm_intel.so.1.134.0
7f2a3e6ed000-7f2a3e6ee000 r--p 00023000 00:22 9645161                    /usr/lib/libdrm_intel.so.1.134.0
7f2a3e6ee000-7f2a3e6ef000 rw-p 00024000 00:22 9645161                    /usr/lib/libdrm_intel.so.1.134.0
7f2a3e6ef000-7f2a3e6f2000 r--p 00000000 00:22 9645158                    /usr/lib/libdrm_amdgpu.so.1.134.0
7f2a3e6f2000-7f2a3e6f8000 r-xp 00003000 00:22 9645158                    /usr/lib/libdrm_amdgpu.so.1.134.0
7f2a3e6f8000-7f2a3e6fa000 r--p 00009000 00:22 9645158                    /usr/lib/libdrm_amdgpu.so.1.134.0
7f2a3e6fa000-7f2a3e6fb000 r--p 0000a000 00:22 9645158                    /usr/lib/libdrm_amdgpu.so.1.134.0
7f2a3e6fb000-7f2a3e6fc000 rw-p 0000b000 00:22 9645158                    /usr/lib/libdrm_amdgpu.so.1.134.0
7f2a3e6fc000-7f2a3e6fd000 rw-p 00000000 00:00 0 
7f2a3e6fd000-7f2a3e701000 ---p 00000000 00:00 0 
7f2a3e701000-7f2a40000000 rw-p 00000000 00:00 0 
7f2a40000000-7f2a40021000 rw-p 00000000 00:00 0 
7f2a40021000-7f2a44000000 ---p 00000000 00:00 0 
7f2a44000000-7f2a44021000 rw-p 00000000 00:00 0 
7f2a44021000-7f2a48000000 ---p 00000000 00:00 0 
7f2a48000000-7f2a48021000 rw-p 00000000 00:00 0 
7f2a48021000-7f2a4c000000 ---p 00000000 00:00 0 
7f2a4c000000-7f2a4c021000 rw-p 00000000 00:00 0 
7f2a4c021000-7f2a50000000 ---p 00000000 00:00 0 
7f2a50000000-7f2a50071000 rw-p 00000000 00:00 0 
7f2a50071000-7f2a54000000 ---p 00000000 00:00 0 
7f2a54000000-7f2a54021000 rw-p 00000000 00:00 0 
7f2a54021000-7f2a58000000 ---p 00000000 00:00 0 
7f2a58000000-7f2a580eb000 rw-p 00000000 00:00 0 
7f2a580eb000-7f2a5c000000 ---p 00000000 00:00 0 
7f2a5c009000-7f2a5c00c000 r--p 00000000 00:22 9103650                    /usr/lib/libelf-0.195.so
7f2a5c00c000-7f2a5c020000 r-xp 00003000 00:22 9103650                    /usr/lib/libelf-0.195.so
7f2a5c020000-7f2a5c024000 r--p 00017000 00:22 9103650                    /usr/lib/libelf-0.195.so
7f2a5c024000-7f2a5c025000 r--p 0001b000 00:22 9103650                    /usr/lib/libelf-0.195.so
7f2a5c025000-7f2a5c026000 rw-p 0001c000 00:22 9103650                    /usr/lib/libelf-0.195.so
7f2a5c026000-7f2a5c02d000 r--p 00000000 00:22 10250                      /usr/lib/libxcb-randr.so.0.1.0
7f2a5c02d000-7f2a5c033000 r-xp 00007000 00:22 10250                      /usr/lib/libxcb-randr.so.0.1.0
7f2a5c033000-7f2a5c036000 r--p 0000d000 00:22 10250                      /usr/lib/libxcb-randr.so.0.1.0
7f2a5c036000-7f2a5c037000 r--p 00010000 00:22 10250                      /usr/lib/libxcb-randr.so.0.1.0
7f2a5c037000-7f2a5c038000 rw-p 00011000 00:22 10250                      /usr/lib/libxcb-randr.so.0.1.0
7f2a5c038000-7f2a5c03a000 r--p 00000000 00:22 309095                     /usr/lib/libsensors.so.5.0.0
7f2a5c03a000-7f2a5c042000 r-xp 00002000 00:22 309095                     /usr/lib/libsensors.so.5.0.0
7f2a5c042000-7f2a5c046000 r--p 0000a000 00:22 309095                     /usr/lib/libsensors.so.5.0.0
7f2a5c046000-7f2a5c047000 r--p 0000e000 00:22 309095                     /usr/lib/libsensors.so.5.0.0
7f2a5c047000-7f2a5c048000 rw-p 0000f000 00:22 309095                     /usr/lib/libsensors.so.5.0.0
7f2a5c048000-7f2a5c049000 rw-p 00000000 00:00 0 
7f2a5c049000-7f2a5c04d000 ---p 00000000 00:00 0 
7f2a5c04d000-7f2a5c14a000 rw-p 00000000 00:00 0 
7f2a5c14a000-7f2a5c14e000 ---p 00000000 00:00 0 
7f2a5c14e000-7f2a5ca4b000 rw-p 00000000 00:00 0 
7f2a5ca4b000-7f2a5ca5a000 r--p 00000000 00:22 9189652                    /usr/lib/libibus-1.0.so.5.0.534
7f2a5ca5a000-7f2a5ca91000 r-xp 0000f000 00:22 9189652                    /usr/lib/libibus-1.0.so.5.0.534
7f2a5ca91000-7f2a5cacc000 r--p 00046000 00:22 9189652                    /usr/lib/libibus-1.0.so.5.0.534
7f2a5cacc000-7f2a5cacf000 r--p 00080000 00:22 9189652                    /usr/lib/libibus-1.0.so.5.0.534
7f2a5cacf000-7f2a5cad0000 rw-p 00083000 00:22 9189652                    /usr/lib/libibus-1.0.so.5.0.534
7f2a5cad0000-7f2a5cb62000 r--p 00000000 00:22 10097834                   /usr/share/fonts/noto/NotoSansMono-Regular.ttf
7f2a5cb62000-7f2a5cbfa000 r--p 00000000 00:22 10097593                   /usr/share/fonts/noto/NotoSans-Regular.ttf
7f2a5cbfa000-7f2a5cbfb000 rw-p 00000000 00:00 0 
7f2a5cbfb000-7f2a5cbff000 ---p 00000000 00:00 0 
7f2a5cbff000-7f2a5ccfc000 rw-p 00000000 00:00 0 
7f2a5ccfc000-7f2a5cd00000 ---p 00000000 00:00 0 
7f2a5cd00000-7f2a5cdfd000 rw-p 00000000 00:00 0 
7f2a5cdfd000-7f2a5ce01000 ---p 00000000 00:00 0 
7f2a5ce01000-7f2a5cefd000 rw-p 00000000 00:00 0 
7f2a5cefd000-7f2a5cfd3000 rw-p 00000000 00:00 0 
7f2a5cfd8000-7f2a5cfdb000 r--p 00000000 00:22 10257                      /usr/lib/libxcb-sync.so.1.0.0
7f2a5cfdb000-7f2a5cfde000 r-xp 00003000 00:22 10257                      /usr/lib/libxcb-sync.so.1.0.0
7f2a5cfde000-7f2a5cfdf000 r--p 00006000 00:22 10257                      /usr/lib/libxcb-sync.so.1.0.0
7f2a5cfdf000-7f2a5cfe0000 r--p 00007000 00:22 10257                      /usr/lib/libxcb-sync.so.1.0.0
7f2a5cfe0000-7f2a5cfe1000 rw-p 00008000 00:22 10257                      /usr/lib/libxcb-sync.so.1.0.0
7f2a5cfe1000-7f2a5cfed000 r--p 00000000 00:22 10248                      /usr/lib/libxcb-glx.so.0.0.0
7f2a5cfed000-7f2a5cff6000 r-xp 0000c000 00:22 10248                      /usr/lib/libxcb-glx.so.0.0.0
7f2a5cff6000-7f2a5cffb000 r--p 00015000 00:22 10248                      /usr/lib/libxcb-glx.so.0.0.0
7f2a5cffb000-7f2a5cffd000 r--p 0001a000 00:22 10248                      /usr/lib/libxcb-glx.so.0.0.0
7f2a5cffd000-7f2a5cffe000 rw-p 0001c000 00:22 10248                      /usr/lib/libxcb-glx.so.0.0.0
7f2a5cffe000-7f2a5e000000 rw-p 00000000 00:00 0 
7f2a5e000000-7f2a5ff94000 r--p 00000000 00:22 6744665                    /usr/lib/libicudata.so.78.3
7f2a5ff94000-7f2a5ff95000 r--p 01f93000 00:22 6744665                    /usr/lib/libicudata.so.78.3
7f2a5ff98000-7f2a5ff99000 r--p 00000000 00:22 117573                     /usr/lib/libxshmfence.so.1.0.0
7f2a5ff99000-7f2a5ff9a000 r-xp 00001000 00:22 117573                     /usr/lib/libxshmfence.so.1.0.0
7f2a5ff9a000-7f2a5ff9b000 r--p 00002000 00:22 117573                     /usr/lib/libxshmfence.so.1.0.0
7f2a5ff9b000-7f2a5ff9c000 r--p 00002000 00:22 117573                     /usr/lib/libxshmfence.so.1.0.0
7f2a5ff9c000-7f2a5ff9d000 rw-p 00003000 00:22 117573                     /usr/lib/libxshmfence.so.1.0.0
7f2a5ff9d000-7f2a5ffa0000 r--p 00000000 00:22 10259                      /usr/lib/libxcb-xfixes.so.0.0.0
7f2a5ffa0000-7f2a5ffa3000 r-xp 00003000 00:22 10259                      /usr/lib/libxcb-xfixes.so.0.0.0
7f2a5ffa3000-7f2a5ffa4000 r--p 00006000 00:22 10259                      /usr/lib/libxcb-xfixes.so.0.0.0
7f2a5ffa4000-7f2a5ffa5000 r--p 00007000 00:22 10259                      /usr/lib/libxcb-xfixes.so.0.0.0
7f2a5ffa5000-7f2a5ffa6000 rw-p 00008000 00:22 10259                      /usr/lib/libxcb-xfixes.so.0.0.0
7f2a5ffa6000-7f2a5ffab000 r--p 00000000 00:22 10096456                   /usr/lib/libGLX_mesa.so.0.0.0
7f2a5ffab000-7f2a5ffeb000 r-xp 00005000 00:22 10096456                   /usr/lib/libGLX_mesa.so.0.0.0
7f2a5ffeb000-7f2a5fffb000 r--p 00045000 00:22 10096456                   /usr/lib/libGLX_mesa.so.0.0.0
7f2a5fffb000-7f2a5ffff000 r--p 00054000 00:22 10096456                   /usr/lib/libGLX_mesa.so.0.0.0
7f2a5ffff000-7f2a60000000 rw-p 00058000 00:22 10096456                   /usr/lib/libGLX_mesa.so.0.0.0
7f2a60000000-7f2a60021000 rw-p 00000000 00:00 0 
7f2a60021000-7f2a64000000 ---p 00000000 00:00 0 
7f2a64000000-7f2a64001000 r--p 00000000 00:22 10249                      /usr/lib/libxcb-present.so.0.0.0
7f2a64001000-7f2a64002000 r-xp 00001000 00:22 10249                      /usr/lib/libxcb-present.so.0.0.0
7f2a64002000-7f2a64003000 r--p 00002000 00:22 10249                      /usr/lib/libxcb-present.so.0.0.0
7f2a64003000-7f2a64004000 r--p 00002000 00:22 10249                      /usr/lib/libxcb-present.so.0.0.0
7f2a64004000-7f2a64005000 rw-p 00003000 00:22 10249                      /usr/lib/libxcb-present.so.0.0.0
7f2a64005000-7f2a64007000 r--p 00000000 00:22 10247                      /usr/lib/libxcb-dri3.so.0.1.0
7f2a64007000-7f2a64009000 r-xp 00002000 00:22 10247                      /usr/lib/libxcb-dri3.so.0.1.0
7f2a64009000-7f2a6400a000 r--p 00004000 00:22 10247                      /usr/lib/libxcb-dri3.so.0.1.0
7f2a6400a000-7f2a6400b000 r--p 00004000 00:22 10247                      /usr/lib/libxcb-dri3.so.0.1.0
7f2a6400b000-7f2a6400c000 rw-p 00005000 00:22 10247                      /usr/lib/libxcb-dri3.so.0.1.0
7f2a64021000-7f2a64022000 rw-p 00000000 00:00 0 
7f2a64022000-7f2a64026000 ---p 00000000 00:00 0 
7f2a64026000-7f2a64044000 rw-p 00000000 00:00 0 
7f2a64044000-7f2a6404b000 r--s 00000000 00:22 10088609                   /usr/lib/gconv/gconv-modules.cache
7f2a6404b000-7f2a640e3000 r--p 00000000 00:22 10097593                   /usr/share/fonts/noto/NotoSans-Regular.ttf
7f2a640e3000-7f2a640e4000 rw-p 00000000 00:00 0 
7f2a640e4000-7f2a640e8000 ---p 00000000 00:00 0 
7f2a640e8000-7f2a641e4000 rw-p 00000000 00:00 0 
7f2a641e4000-7f2a641f2000 r--p 00000000 00:22 10164432                   /usr/lib/gvfs/libgvfscommon.so
7f2a641f2000-7f2a6420d000 r-xp 0000e000 00:22 10164432                   /usr/lib/gvfs/libgvfscommon.so
7f2a6420d000-7f2a64219000 r--p 00029000 00:22 10164432                   /usr/lib/gvfs/libgvfscommon.so
7f2a64219000-7f2a6421f000 r--p 00035000 00:22 10164432                   /usr/lib/gvfs/libgvfscommon.so
7f2a6421f000-7f2a64220000 rw-p 0003b000 00:22 10164432                   /usr/lib/gvfs/libgvfscommon.so
7f2a64220000-7f2a64249000 r--s 00000000 00:22 19811                      /var/cache/fontconfig/f2e43df3287529323e79e7929dc44cc9-le64.cache-11
7f2a64249000-7f2a6424c000 r--p 00000000 00:22 117519                     /usr/lib/libvorbis.so.0.4.9
7f2a6424c000-7f2a64264000 r-xp 00003000 00:22 117519                     /usr/lib/libvorbis.so.0.4.9
7f2a64264000-7f2a64275000 r--p 0001b000 00:22 117519                     /usr/lib/libvorbis.so.0.4.9
7f2a64275000-7f2a64276000 r--p 0002b000 00:22 117519                     /usr/lib/libvorbis.so.0.4.9
7f2a64276000-7f2a64277000 rw-p 0002c000 00:22 117519                     /usr/lib/libvorbis.so.0.4.9
7f2a64277000-7f2a6438f000 r--s 00000000 00:22 21833                      /var/cache/fontconfig/923e285e415b1073c8df160bee08820f-le64.cache-11
7f2a6438f000-7f2a643ff000 r--s 00000000 00:22 19795                      /var/cache/fontconfig/f6b893a7224233d96cb72fd88691c0b4-le64.cache-11
7f2a643ff000-7f2a64c00000 rw-p 00000000 00:00 0 
7f2a64c00000-7f2a64c9a000 r--p 00000000 00:22 10406377                   /usr/lib/libstdc++.so.6.0.35
7f2a64c9a000-7f2a64e1c000 r-xp 0009a000 00:22 10406377                   /usr/lib/libstdc++.so.6.0.35
7f2a64e1c000-7f2a64ebc000 r--p 0021c000 00:22 10406377                   /usr/lib/libstdc++.so.6.0.35
7f2a64ebc000-7f2a64ecd000 r--p 002bb000 00:22 10406377                   /usr/lib/libstdc++.so.6.0.35
7f2a64ecd000-7f2a64ece000 rw-p 002cc000 00:22 10406377                   /usr/lib/libstdc++.so.6.0.35
7f2a64ece000-7f2a64ed2000 rw-p 00000000 00:00 0 
7f2a64ed4000-7f2a64ed5000 r--p 00000000 00:22 1663804                    /usr/lib/libXxf86vm.so.1.0.0
7f2a64ed5000-7f2a64ed8000 r-xp 00001000 00:22 1663804                    /usr/lib/libXxf86vm.so.1.0.0
7f2a64ed8000-7f2a64ed9000 r--p 00004000 00:22 1663804                    /usr/lib/libXxf86vm.so.1.0.0
7f2a64ed9000-7f2a64eda000 r--p 00004000 00:22 1663804                    /usr/lib/libXxf86vm.so.1.0.0
7f2a64eda000-7f2a64edb000 rw-p 00005000 00:22 1663804                    /usr/lib/libXxf86vm.so.1.0.0
7f2a64edb000-7f2a64ee0000 r--p 00000000 00:22 9645155                    /usr/lib/libdrm.so.2.134.0
7f2a64ee0000-7f2a64eec000 r-xp 00005000 00:22 9645155                    /usr/lib/libdrm.so.2.134.0
7f2a64eec000-7f2a64ef0000 r--p 00011000 00:22 9645155                    /usr/lib/libdrm.so.2.134.0
7f2a64ef0000-7f2a64ef1000 r--p 00015000 00:22 9645155                    /usr/lib/libdrm.so.2.134.0
7f2a64ef1000-7f2a64ef2000 rw-p 00016000 00:22 9645155                    /usr/lib/libdrm.so.2.134.0
7f2a64ef2000-7f2a64ef4000 r--p 00000000 00:22 329580                     /usr/lib/libogg.so.0.8.6
7f2a64ef4000-7f2a64ef7000 r-xp 00002000 00:22 329580                     /usr/lib/libogg.so.0.8.6
7f2a64ef7000-7f2a64efa000 r--p 00005000 00:22 329580                     /usr/lib/libogg.so.0.8.6
7f2a64efa000-7f2a64efb000 r--p 00008000 00:22 329580                     /usr/lib/libogg.so.0.8.6
7f2a64efb000-7f2a64efc000 rw-p 00009000 00:22 329580                     /usr/lib/libogg.so.0.8.6
7f2a64efc000-7f2a64f0c000 r--s 00000000 00:22 19807                      /var/cache/fontconfig/8d4af663993b81a124ee82e610bb31f9-le64.cache-11
7f2a64f0c000-7f2a64f12000 r--s 00000000 00:22 19805                      /var/cache/fontconfig/b67b32625a2bb51b023d3814a918f351-le64.cache-11
7f2a64f12000-7f2a64f22000 r--s 00000000 00:22 19803                      /var/cache/fontconfig/491f45a0a771fef1c10b9b647a97fb82-le64.cache-11
7f2a64f22000-7f2a64f26000 r--p 00000000 00:22 1664640                    /usr/lib/libtdb.so.1.4.15
7f2a64f26000-7f2a64f34000 r-xp 00004000 00:22 1664640                    /usr/lib/libtdb.so.1.4.15
7f2a64f34000-7f2a64f39000 r--p 00012000 00:22 1664640                    /usr/lib/libtdb.so.1.4.15
7f2a64f39000-7f2a64f3a000 r--p 00016000 00:22 1664640                    /usr/lib/libtdb.so.1.4.15
7f2a64f3a000-7f2a64f3b000 rw-p 00017000 00:22 1664640                    /usr/lib/libtdb.so.1.4.15
7f2a64f3b000-7f2a64f47000 r--s 00000000 00:22 19793                      /var/cache/fontconfig/4b31aef11cb0687b6d280d34cbe23592-le64.cache-11
7f2a64f47000-7f2a64fac000 r--s 00000000 00:22 28524892                   /home/mleku/.cache/fontconfig/5ced086c378f87cc8519016917c034bd-le64.cache-11
7f2a64fac000-7f2a64faf000 r--p 00000000 00:22 333741                     /usr/lib/libcanberra.so.0.2.5
7f2a64faf000-7f2a64fb9000 r-xp 00003000 00:22 333741                     /usr/lib/libcanberra.so.0.2.5
7f2a64fb9000-7f2a64fbc000 r--p 0000d000 00:22 333741                     /usr/lib/libcanberra.so.0.2.5
7f2a64fbc000-7f2a64fbd000 r--p 00010000 00:22 333741                     /usr/lib/libcanberra.so.0.2.5
7f2a64fbd000-7f2a64fbe000 rw-p 00011000 00:22 333741                     /usr/lib/libcanberra.so.0.2.5
7f2a64fbe000-7f2a64fc2000 r--p 00000000 00:22 1665341                    /usr/lib/libxkbfile.so.1.0.2
7f2a64fc2000-7f2a64fdd000 r-xp 00004000 00:22 1665341                    /usr/lib/libxkbfile.so.1.0.2
7f2a64fdd000-7f2a64fe3000 r--p 0001f000 00:22 1665341                    /usr/lib/libxkbfile.so.1.0.2
7f2a64fe3000-7f2a64fe4000 r--p 00025000 00:22 1665341                    /usr/lib/libxkbfile.so.1.0.2
7f2a64fe4000-7f2a64fe5000 rw-p 00026000 00:22 1665341                    /usr/lib/libxkbfile.so.1.0.2
7f2a64fe5000-7f2a64feb000 r--p 00000000 00:22 336386                     /usr/lib/libxklavier.so.16.4.0
7f2a64feb000-7f2a64ff7000 r-xp 00006000 00:22 336386                     /usr/lib/libxklavier.so.16.4.0
7f2a64ff7000-7f2a64ffe000 r--p 00012000 00:22 336386                     /usr/lib/libxklavier.so.16.4.0
7f2a64ffe000-7f2a64fff000 r--p 00018000 00:22 336386                     /usr/lib/libxklavier.so.16.4.0
7f2a64fff000-7f2a65000000 rw-p 00019000 00:22 336386                     /usr/lib/libxklavier.so.16.4.0
7f2a65000000-7f2a65048000 r--p 00000000 00:22 6744680                    /usr/lib/libicuuc.so.78.3
7f2a65048000-7f2a65165000 r-xp 00048000 00:22 6744680                    /usr/lib/libicuuc.so.78.3
7f2a65165000-7f2a651f8000 r--p 00165000 00:22 6744680                    /usr/lib/libicuuc.so.78.3
7f2a651f8000-7f2a6520b000 r--p 001f8000 00:22 6744680                    /usr/lib/libicuuc.so.78.3
7f2a6520b000-7f2a6520c000 rw-p 0020b000 00:22 6744680                    /usr/lib/libicuuc.so.78.3
7f2a6520c000-7f2a6520e000 rw-p 00000000 00:00 0 
7f2a6520e000-7f2a65210000 r--p 00000000 00:22 10098408                   /usr/lib/libltdl.so.7.3.6
7f2a65210000-7f2a65215000 r-xp 00002000 00:22 10098408                   /usr/lib/libltdl.so.7.3.6
7f2a65215000-7f2a65217000 r--p 00007000 00:22 10098408                   /usr/lib/libltdl.so.7.3.6
7f2a65217000-7f2a65218000 r--p 00009000 00:22 10098408                   /usr/lib/libltdl.so.7.3.6
7f2a65218000-7f2a65219000 rw-p 0000a000 00:22 10098408                   /usr/lib/libltdl.so.7.3.6
7f2a65219000-7f2a6522a000 r--p 00000000 00:22 336436                     /usr/lib/libxapp.so.3.2.2
7f2a6522a000-7f2a65245000 r-xp 00011000 00:22 336436                     /usr/lib/libxapp.so.3.2.2
7f2a65245000-7f2a65251000 r--p 0002c000 00:22 336436                     /usr/lib/libxapp.so.3.2.2
7f2a65251000-7f2a65254000 r--p 00037000 00:22 336436                     /usr/lib/libxapp.so.3.2.2
7f2a65254000-7f2a65255000 rw-p 0003a000 00:22 336436                     /usr/lib/libxapp.so.3.2.2
7f2a65256000-7f2a6525a000 r--p 00000000 00:22 9189671                    /usr/lib/gtk-3.0/3.0.0/immodules/im-ibus.so
7f2a6525a000-7f2a6525e000 r-xp 00004000 00:22 9189671                    /usr/lib/gtk-3.0/3.0.0/immodules/im-ibus.so
7f2a6525e000-7f2a65260000 r--p 00008000 00:22 9189671                    /usr/lib/gtk-3.0/3.0.0/immodules/im-ibus.so
7f2a65260000-7f2a65261000 r--p 00009000 00:22 9189671                    /usr/lib/gtk-3.0/3.0.0/immodules/im-ibus.so
7f2a65261000-7f2a65262000 rw-p 0000a000 00:22 9189671                    /usr/lib/gtk-3.0/3.0.0/immodules/im-ibus.so
7f2a65262000-7f2a6526c000 r--p 00000000 00:22 10164430                   /usr/lib/gio/modules/libgvfsdbus.so
7f2a6526c000-7f2a65288000 r-xp 0000a000 00:22 10164430                   /usr/lib/gio/modules/libgvfsdbus.so
7f2a65288000-7f2a65291000 r--p 00026000 00:22 10164430                   /usr/lib/gio/modules/libgvfsdbus.so
7f2a65291000-7f2a65293000 r--p 0002f000 00:22 10164430                   /usr/lib/gio/modules/libgvfsdbus.so
7f2a65293000-7f2a65294000 rw-p 00031000 00:22 10164430                   /usr/lib/gio/modules/libgvfsdbus.so
7f2a65294000-7f2a65296000 r--p 00000000 00:22 265340                     /usr/lib/libseccomp.so.2.6.0
7f2a65296000-7f2a652a6000 r-xp 00002000 00:22 265340                     /usr/lib/libseccomp.so.2.6.0
7f2a652a6000-7f2a652bf000 r--p 00012000 00:22 265340                     /usr/lib/libseccomp.so.2.6.0
7f2a652bf000-7f2a652c0000 r--p 0002b000 00:22 265340                     /usr/lib/libseccomp.so.2.6.0
7f2a652c0000-7f2a652c1000 rw-p 0002c000 00:22 265340                     /usr/lib/libseccomp.so.2.6.0
7f2a652c1000-7f2a652ca000 r--p 00000000 00:22 9102852                    /usr/lib/liblcms2.so.2.0.19
7f2a652ca000-7f2a65311000 r-xp 00009000 00:22 9102852                    /usr/lib/liblcms2.so.2.0.19
7f2a65311000-7f2a65326000 r--p 00050000 00:22 9102852                    /usr/lib/liblcms2.so.2.0.19
7f2a65326000-7f2a65329000 r--p 00064000 00:22 9102852                    /usr/lib/liblcms2.so.2.0.19
7f2a65329000-7f2a6532c000 rw-p 00067000 00:22 9102852                    /usr/lib/liblcms2.so.2.0.19
7f2a6532c000-7f2a6532d000 rw-p 00000000 00:00 0 
7f2a6532d000-7f2a65342000 r--p 00000000 00:22 10089244                   /usr/lib/libsystemd.so.0.44.0
7f2a65342000-7f2a6541a000 r-xp 00015000 00:22 10089244                   /usr/lib/libsystemd.so.0.44.0
7f2a6541a000-7f2a65469000 r--p 000ed000 00:22 10089244                   /usr/lib/libsystemd.so.0.44.0
7f2a65469000-7f2a65472000 r--p 0013b000 00:22 10089244                   /usr/lib/libsystemd.so.0.44.0
7f2a65472000-7f2a65473000 rw-p 00144000 00:22 10089244                   /usr/lib/libsystemd.so.0.44.0
7f2a65473000-7f2a65474000 rw-p 00000000 00:00 0 
7f2a65474000-7f2a65479000 r--p 00000000 00:22 9612533                    /usr/lib/libblkid.so.1.1.0
7f2a65479000-7f2a654a2000 r-xp 00005000 00:22 9612533                    /usr/lib/libblkid.so.1.1.0
7f2a654a2000-7f2a654ad000 r--p 0002e000 00:22 9612533                    /usr/lib/libblkid.so.1.1.0
7f2a654ad000-7f2a654b3000 r--p 00038000 00:22 9612533                    /usr/lib/libblkid.so.1.1.0
7f2a654b3000-7f2a654b4000 rw-p 0003e000 00:22 9612533                    /usr/lib/libblkid.so.1.1.0
7f2a654b4000-7f2a654be000 r--p 00000000 00:22 10088679                   /usr/lib/libsqlite3.so.3.53.3
7f2a654be000-7f2a6560d000 r-xp 0000a000 00:22 10088679                   /usr/lib/libsqlite3.so.3.53.3
7f2a6560d000-7f2a65644000 r--p 00159000 00:22 10088679                   /usr/lib/libsqlite3.so.3.53.3
7f2a65644000-7f2a65648000 r--p 00190000 00:22 10088679                   /usr/lib/libsqlite3.so.3.53.3
7f2a65648000-7f2a6564d000 rw-p 00194000 00:22 10088679                   /usr/lib/libsqlite3.so.3.53.3
7f2a6564d000-7f2a65667000 r--p 00000000 00:22 8968455                    /usr/lib/libxml2.so.16.1.3
7f2a65667000-7f2a6573b000 r-xp 0001a000 00:22 8968455                    /usr/lib/libxml2.so.16.1.3
7f2a6573b000-7f2a65778000 r--p 000ee000 00:22 8968455                    /usr/lib/libxml2.so.16.1.3
7f2a65778000-7f2a65781000 r--p 0012b000 00:22 8968455                    /usr/lib/libxml2.so.16.1.3
7f2a65781000-7f2a65782000 rw-p 00134000 00:22 8968455                    /usr/lib/libxml2.so.16.1.3
7f2a65782000-7f2a65783000 rw-p 00000000 00:00 0 
7f2a65783000-7f2a6578c000 r--p 00000000 00:22 309824                     /usr/lib/libjson-glib-1.0.so.0.1000.8
7f2a6578c000-7f2a657a2000 r-xp 00009000 00:22 309824                     /usr/lib/libjson-glib-1.0.so.0.1000.8
7f2a657a2000-7f2a657ab000 r--p 0001f000 00:22 309824                     /usr/lib/libjson-glib-1.0.so.0.1000.8
7f2a657ab000-7f2a657ac000 r--p 00028000 00:22 309824                     /usr/lib/libjson-glib-1.0.so.0.1000.8
7f2a657ac000-7f2a657ad000 rw-p 00029000 00:22 309824                     /usr/lib/libjson-glib-1.0.so.0.1000.8
7f2a657ad000-7f2a657bb000 r--p 00000000 00:22 9909                       /usr/lib/libdbus-1.so.3.38.3
7f2a657bb000-7f2a657ec000 r-xp 0000e000 00:22 9909                       /usr/lib/libdbus-1.so.3.38.3
7f2a657ec000-7f2a657fd000 r--p 0003f000 00:22 9909                       /usr/lib/libdbus-1.so.3.38.3
7f2a657fd000-7f2a657ff000 r--p 0004f000 00:22 9909                       /usr/lib/libdbus-1.so.3.38.3
7f2a657ff000-7f2a65800000 rw-p 00051000 00:22 9909                       /usr/lib/libdbus-1.so.3.38.3
7f2a65800000-7f2a658c3000 r--p 00000000 00:22 10407137                   /usr/lib/libglycin-2.so.0
7f2a658c3000-7f2a65be0000 r-xp 000c2000 00:22 10407137                   /usr/lib/libglycin-2.so.0
7f2a65be0000-7f2a65bf9000 r--p 003de000 00:22 10407137                   /usr/lib/libglycin-2.so.0
7f2a65bf9000-7f2a65bfd000 rw-p 003f6000 00:22 10407137                   /usr/lib/libglycin-2.so.0
7f2a65bfd000-7f2a65bfe000 r--p 00000000 00:22 5529099                    /usr/lib/libX11-xcb.so.1.0.0
7f2a65bfe000-7f2a65bff000 r-xp 00001000 00:22 5529099                    /usr/lib/libX11-xcb.so.1.0.0
7f2a65bff000-7f2a65c00000 r--p 00002000 00:22 5529099                    /usr/lib/libX11-xcb.so.1.0.0
7f2a65c00000-7f2a65c01000 r--p 00002000 00:22 5529099                    /usr/lib/libX11-xcb.so.1.0.0
7f2a65c01000-7f2a65c02000 rw-p 00003000 00:22 5529099                    /usr/lib/libX11-xcb.so.1.0.0
7f2a65c02000-7f2a65c04000 r--p 00000000 00:22 288663                     /usr/lib/libdatrie.so.1.4.1
7f2a65c04000-7f2a65c08000 r-xp 00002000 00:22 288663                     /usr/lib/libdatrie.so.1.4.1
7f2a65c08000-7f2a65c09000 r--p 00006000 00:22 288663                     /usr/lib/libdatrie.so.1.4.1
7f2a65c09000-7f2a65c0a000 r--p 00006000 00:22 288663                     /usr/lib/libdatrie.so.1.4.1
7f2a65c0a000-7f2a65c0b000 rw-p 00007000 00:22 288663                     /usr/lib/libdatrie.so.1.4.1
7f2a65c0b000-7f2a65c19000 r--p 00000000 00:22 10094198                   /usr/lib/libatspi.so.0.0.1
7f2a65c19000-7f2a65c34000 r-xp 0000e000 00:22 10094198                   /usr/lib/libatspi.so.0.0.1
7f2a65c34000-7f2a65c42000 r--p 00029000 00:22 10094198                   /usr/lib/libatspi.so.0.0.1
7f2a65c42000-7f2a65c46000 r--p 00037000 00:22 10094198                   /usr/lib/libatspi.so.0.0.1
7f2a65c46000-7f2a65c47000 rw-p 0003b000 00:22 10094198                   /usr/lib/libatspi.so.0.0.1
7f2a65c47000-7f2a65c49000 r--p 00000000 00:22 9624303                    /usr/lib/libgraphite2.so.3.3.1
7f2a65c49000-7f2a65c62000 r-xp 00002000 00:22 9624303                    /usr/lib/libgraphite2.so.3.3.1
7f2a65c62000-7f2a65c67000 r--p 0001b000 00:22 9624303                    /usr/lib/libgraphite2.so.3.3.1
7f2a65c67000-7f2a65c69000 r--p 0001f000 00:22 9624303                    /usr/lib/libgraphite2.so.3.3.1
7f2a65c69000-7f2a65c6a000 rw-p 00021000 00:22 9624303                    /usr/lib/libgraphite2.so.3.3.1
7f2a65c6a000-7f2a65c6f000 r--p 00000000 00:22 287982                     /usr/lib/libpixman-1.so.0.46.4
7f2a65c6f000-7f2a65d00000 r-xp 00005000 00:22 287982                     /usr/lib/libpixman-1.so.0.46.4
7f2a65d00000-7f2a65d10000 r--p 00096000 00:22 287982                     /usr/lib/libpixman-1.so.0.46.4
7f2a65d10000-7f2a65d18000 r--p 000a6000 00:22 287982                     /usr/lib/libpixman-1.so.0.46.4
7f2a65d18000-7f2a65d19000 rw-p 000ae000 00:22 287982                     /usr/lib/libpixman-1.so.0.46.4
7f2a65d19000-7f2a65d1f000 r--p 00000000 00:22 10252                      /usr/lib/libxcb-render.so.0.0.0
7f2a65d1f000-7f2a65d24000 r-xp 00006000 00:22 10252                      /usr/lib/libxcb-render.so.0.0.0
7f2a65d24000-7f2a65d26000 r--p 0000b000 00:22 10252                      /usr/lib/libxcb-render.so.0.0.0
7f2a65d26000-7f2a65d27000 r--p 0000d000 00:22 10252                      /usr/lib/libxcb-render.so.0.0.0
7f2a65d27000-7f2a65d28000 rw-p 0000e000 00:22 10252                      /usr/lib/libxcb-render.so.0.0.0
7f2a65d28000-7f2a65d2a000 r--p 00000000 00:22 288717                     /usr/lib/libthai.so.0.3.2
7f2a65d2a000-7f2a65d2e000 r-xp 00002000 00:22 288717                     /usr/lib/libthai.so.0.3.2
7f2a65d2e000-7f2a65d31000 r--p 00006000 00:22 288717                     /usr/lib/libthai.so.0.3.2
7f2a65d31000-7f2a65d32000 r--p 00008000 00:22 288717                     /usr/lib/libthai.so.0.3.2
7f2a65d32000-7f2a65d33000 rw-p 00009000 00:22 288717                     /usr/lib/libthai.so.0.3.2
7f2a65d33000-7f2a65d3d000 r--p 00000000 00:22 9612542                    /usr/lib/libmount.so.1.1.0
7f2a65d3d000-7f2a65d7b000 r-xp 0000a000 00:22 9612542                    /usr/lib/libmount.so.1.1.0
7f2a65d7b000-7f2a65d8c000 r--p 00048000 00:22 9612542                    /usr/lib/libmount.so.1.1.0
7f2a65d8c000-7f2a65d8e000 r--p 00059000 00:22 9612542                    /usr/lib/libmount.so.1.1.0
7f2a65d8e000-7f2a65d8f000 rw-p 0005b000 00:22 9612542                    /usr/lib/libmount.so.1.1.0
7f2a65d8f000-7f2a65d92000 r--p 00000000 00:22 265592                     /usr/lib/libpcre2-8.so.0.15.0
7f2a65d92000-7f2a65e10000 r-xp 00003000 00:22 265592                     /usr/lib/libpcre2-8.so.0.15.0
7f2a65e10000-7f2a65e3b000 r--p 00081000 00:22 265592                     /usr/lib/libpcre2-8.so.0.15.0
7f2a65e3b000-7f2a65e3c000 r--p 000ab000 00:22 265592                     /usr/lib/libpcre2-8.so.0.15.0
7f2a65e3c000-7f2a65e3d000 rw-p 000ac000 00:22 265592                     /usr/lib/libpcre2-8.so.0.15.0
7f2a65e3d000-7f2a65e3f000 r--p 00000000 00:22 1663735                    /usr/lib/libXrandr.so.2.2.0
7f2a65e3f000-7f2a65e46000 r-xp 00002000 00:22 1663735                    /usr/lib/libXrandr.so.2.2.0
7f2a65e46000-7f2a65e48000 r--p 00009000 00:22 1663735                    /usr/lib/libXrandr.so.2.2.0
7f2a65e48000-7f2a65e49000 r--p 0000a000 00:22 1663735                    /usr/lib/libXrandr.so.2.2.0
7f2a65e49000-7f2a65e4a000 rw-p 0000b000 00:22 1663735                    /usr/lib/libXrandr.so.2.2.0
7f2a65e4a000-7f2a65e4e000 r--p 00000000 00:22 9645073                    /usr/lib/libxkbcommon.so.0.13.2
7f2a65e4e000-7f2a65e7d000 r-xp 00004000 00:22 9645073                    /usr/lib/libxkbcommon.so.0.13.2
7f2a65e7d000-7f2a65ea6000 r--p 00033000 00:22 9645073                    /usr/lib/libxkbcommon.so.0.13.2
7f2a65ea6000-7f2a65ea8000 r--p 0005b000 00:22 9645073                    /usr/lib/libxkbcommon.so.0.13.2
7f2a65ea8000-7f2a65ea9000 rw-p 0005d000 00:22 9645073                    /usr/lib/libxkbcommon.so.0.13.2
7f2a65ea9000-7f2a65eb9000 r--p 00000000 00:22 8971165                    /usr/lib/libtinysparql-3.0.so.0.1101.0
7f2a65eb9000-7f2a65f38000 r-xp 00010000 00:22 8971165                    /usr/lib/libtinysparql-3.0.so.0.1101.0
7f2a65f38000-7f2a65f6d000 r--p 0008f000 00:22 8971165                    /usr/lib/libtinysparql-3.0.so.0.1101.0
7f2a65f6d000-7f2a65f7c000 r--p 000c3000 00:22 8971165                    /usr/lib/libtinysparql-3.0.so.0.1101.0
7f2a65f7c000-7f2a65f7d000 rw-p 000d2000 00:22 8971165                    /usr/lib/libtinysparql-3.0.so.0.1101.0
7f2a65f7d000-7f2a65f88000 r--p 00000000 00:22 10094195                   /usr/lib/libatk-bridge-2.0.so.0.0.0
7f2a65f88000-7f2a65fa1000 r-xp 0000b000 00:22 10094195                   /usr/lib/libatk-bridge-2.0.so.0.0.0
7f2a65fa1000-7f2a65fb5000 r--p 00024000 00:22 10094195                   /usr/lib/libatk-bridge-2.0.so.0.0.0
7f2a65fb5000-7f2a65fb7000 r--p 00037000 00:22 10094195                   /usr/lib/libatk-bridge-2.0.so.0.0.0
7f2a65fb7000-7f2a65fb9000 rw-p 00039000 00:22 10094195                   /usr/lib/libatk-bridge-2.0.so.0.0.0
7f2a65fb9000-7f2a66003000 r--p 00000000 00:22 117087                     /usr/lib/libepoxy.so.0.0.0
7f2a66003000-7f2a66069000 r-xp 0004a000 00:22 117087                     /usr/lib/libepoxy.so.0.0.0
7f2a66069000-7f2a660b7000 r--p 000b0000 00:22 117087                     /usr/lib/libepoxy.so.0.0.0
7f2a660b7000-7f2a660bf000 r--p 000fd000 00:22 117087                     /usr/lib/libepoxy.so.0.0.0
7f2a660bf000-7f2a660c6000 rw-p 00105000 00:22 117087                     /usr/lib/libepoxy.so.0.0.0
7f2a660c6000-7f2a660d3000 r--p 00000000 00:22 9624374                    /usr/lib/libharfbuzz.so.0.61421.0
7f2a660d3000-7f2a661c9000 r-xp 0000d000 00:22 9624374                    /usr/lib/libharfbuzz.so.0.61421.0
7f2a661c9000-7f2a661fd000 r--p 00103000 00:22 9624374                    /usr/lib/libharfbuzz.so.0.61421.0
7f2a661fd000-7f2a661ff000 r--p 00136000 00:22 9624374                    /usr/lib/libharfbuzz.so.0.61421.0
7f2a661ff000-7f2a66200000 rw-p 00138000 00:22 9624374                    /usr/lib/libharfbuzz.so.0.61421.0
7f2a66200000-7f2a67bd8000 r-xp 00000000 00:22 9500842                    /opt/simplex/lib/app/libskiko-linux-x64.so
7f2a67bd8000-7f2a67dd8000 ---p 019d8000 00:22 9500842                    /opt/simplex/lib/app/libskiko-linux-x64.so
7f2a67dd8000-7f2a67e16000 r--p 019d8000 00:22 9500842                    /opt/simplex/lib/app/libskiko-linux-x64.so
7f2a67e16000-7f2a67e19000 rw-p 01a16000 00:22 9500842                    /opt/simplex/lib/app/libskiko-linux-x64.so
7f2a67e19000-7f2a67e25000 rw-p 00000000 00:00 0 
7f2a67e25000-7f2a67e26000 r--p 00000000 00:22 10089042                   /usr/lib/libgthread-2.0.so.0.8800.2
7f2a67e26000-7f2a67e27000 r-xp 00001000 00:22 10089042                   /usr/lib/libgthread-2.0.so.0.8800.2
7f2a67e27000-7f2a67e28000 r--p 00002000 00:22 10089042                   /usr/lib/libgthread-2.0.so.0.8800.2
7f2a67e28000-7f2a67e29000 r--p 00002000 00:22 10089042                   /usr/lib/libgthread-2.0.so.0.8800.2
7f2a67e29000-7f2a67e2a000 rw-p 00003000 00:22 10089042                   /usr/lib/libgthread-2.0.so.0.8800.2
7f2a67e2a000-7f2a67e31000 r--p 00000000 00:22 308910                     /usr/lib/libcloudproviders.so.0.4.0
7f2a67e31000-7f2a67e3b000 r-xp 00007000 00:22 308910                     /usr/lib/libcloudproviders.so.0.4.0
7f2a67e3b000-7f2a67e40000 r--p 00011000 00:22 308910                     /usr/lib/libcloudproviders.so.0.4.0
7f2a67e40000-7f2a67e41000 r--p 00016000 00:22 308910                     /usr/lib/libcloudproviders.so.0.4.0
7f2a67e41000-7f2a67e42000 rw-p 00017000 00:22 308910                     /usr/lib/libcloudproviders.so.0.4.0
7f2a67e42000-7f2a67e4a000 r--p 00000000 00:22 10094192                   /usr/lib/libatk-1.0.so.0.26014.1
7f2a67e4a000-7f2a67e5a000 r-xp 00008000 00:22 10094192                   /usr/lib/libatk-1.0.so.0.26014.1
7f2a67e5a000-7f2a67e65000 r--p 00018000 00:22 10094192                   /usr/lib/libatk-1.0.so.0.26014.1
7f2a67e65000-7f2a67e68000 r--p 00023000 00:22 10094192                   /usr/lib/libatk-1.0.so.0.26014.1
7f2a67e68000-7f2a67e69000 rw-p 00026000 00:22 10094192                   /usr/lib/libatk-1.0.so.0.26014.1
7f2a67e69000-7f2a67e70000 r--p 00000000 00:22 10096258                   /usr/lib/libgdk_pixbuf-2.0.so.0.4400.7
7f2a67e70000-7f2a67e92000 r-xp 00007000 00:22 10096258                   /usr/lib/libgdk_pixbuf-2.0.so.0.4400.7
7f2a67e92000-7f2a67ea0000 r--p 00029000 00:22 10096258                   /usr/lib/libgdk_pixbuf-2.0.so.0.4400.7
7f2a67ea0000-7f2a67ea2000 r--p 00036000 00:22 10096258                   /usr/lib/libgdk_pixbuf-2.0.so.0.4400.7
7f2a67ea2000-7f2a67ea3000 rw-p 00038000 00:22 10096258                   /usr/lib/libgdk_pixbuf-2.0.so.0.4400.7
7f2a67ea3000-7f2a67ea5000 r--p 00000000 00:22 288618                     /usr/lib/libfribidi.so.0.4.0
7f2a67ea5000-7f2a67eaa000 r-xp 00002000 00:22 288618                     /usr/lib/libfribidi.so.0.4.0
7f2a67eaa000-7f2a67ec1000 r--p 00007000 00:22 288618                     /usr/lib/libfribidi.so.0.4.0
7f2a67ec1000-7f2a67ec2000 r--p 0001d000 00:22 288618                     /usr/lib/libfribidi.so.0.4.0
7f2a67ec2000-7f2a67ec3000 rw-p 0001e000 00:22 288618                     /usr/lib/libfribidi.so.0.4.0
7f2a67ec3000-7f2a67ed1000 r--p 00000000 00:22 288015                     /usr/lib/libcairo.so.2.11804.4
7f2a67ed1000-7f2a67fc4000 r-xp 0000e000 00:22 288015                     /usr/lib/libcairo.so.2.11804.4
7f2a67fc4000-7f2a67ff9000 r--p 00101000 00:22 288015                     /usr/lib/libcairo.so.2.11804.4
7f2a67ff9000-7f2a67ffd000 r--p 00136000 00:22 288015                     /usr/lib/libcairo.so.2.11804.4
7f2a67ffd000-7f2a67fff000 rw-p 0013a000 00:22 288015                     /usr/lib/libcairo.so.2.11804.4
7f2a67fff000-7f2a68021000 rw-p 00000000 00:00 0 
7f2a68021000-7f2a6c000000 ---p 00000000 00:00 0 
7f2a6c000000-7f2a6cd3c000 rw-p 00000000 00:00 0 
7f2a6cd3c000-7f2a70000000 ---p 00000000 00:00 0 
7f2a70000000-7f2a70021000 rw-p 00000000 00:00 0 
7f2a70021000-7f2a74000000 ---p 00000000 00:00 0 
7f2a74000000-7f2a74021000 rw-p 00000000 00:00 0 
7f2a74021000-7f2a78000000 ---p 00000000 00:00 0 
7f2a78000000-7f2a78021000 rw-p 00000000 00:00 0 
7f2a78021000-7f2a7c000000 ---p 00000000 00:00 0 
7f2a7c000000-7f2a7c021000 rw-p 00000000 00:00 0 
7f2a7c021000-7f2a80000000 ---p 00000000 00:00 0 
7f2a80000000-7f2a80021000 rw-p 00000000 00:00 0 
7f2a80021000-7f2a84000000 ---p 00000000 00:00 0 
7f2a84000000-7f2a84021000 rw-p 00000000 00:00 0 
7f2a84021000-7f2a88000000 ---p 00000000 00:00 0 
7f2a88000000-7f2a88021000 rw-p 00000000 00:00 0 
7f2a88021000-7f2a8c000000 ---p 00000000 00:00 0 
7f2a8c000000-7f2a8c021000 rw-p 00000000 00:00 0 
7f2a8c021000-7f2a90000000 ---p 00000000 00:00 0 
7f2a90000000-7f2a90021000 rw-p 00000000 00:00 0 
7f2a90021000-7f2a94000000 ---p 00000000 00:00 0 
7f2a94000000-7f2a94021000 rw-p 00000000 00:00 0 
7f2a94021000-7f2a98000000 ---p 00000000 00:00 0 
7f2a98000000-7f2a98021000 rw-p 00000000 00:00 0 
7f2a98021000-7f2a9c000000 ---p 00000000 00:00 0 
7f2a9c000000-7f2a9c021000 rw-p 00000000 00:00 0 
7f2a9c021000-7f2aa0000000 ---p 00000000 00:00 0 
7f2aa0000000-7f2aa0021000 rw-p 00000000 00:00 0 
7f2aa0021000-7f2aa4000000 ---p 00000000 00:00 0 
7f2aa4001000-7f2aa4002000 r--p 00000000 00:22 10256                      /usr/lib/libxcb-shm.so.0.0.0
7f2aa4002000-7f2aa4003000 r-xp 00001000 00:22 10256                      /usr/lib/libxcb-shm.so.0.0.0
7f2aa4003000-7f2aa4004000 r--p 00002000 00:22 10256                      /usr/lib/libxcb-shm.so.0.0.0
7f2aa4004000-7f2aa4005000 r--p 00002000 00:22 10256                      /usr/lib/libxcb-shm.so.0.0.0
7f2aa4005000-7f2aa4006000 rw-p 00003000 00:22 10256                      /usr/lib/libxcb-shm.so.0.0.0
7f2aa4006000-7f2aa4007000 r--p 00000000 00:22 1663760                    /usr/lib/libXcomposite.so.1.0.0
7f2aa4007000-7f2aa4008000 r-xp 00001000 00:22 1663760                    /usr/lib/libXcomposite.so.1.0.0
7f2aa4008000-7f2aa4009000 r--p 00002000 00:22 1663760                    /usr/lib/libXcomposite.so.1.0.0
7f2aa4009000-7f2aa400a000 r--p 00002000 00:22 1663760                    /usr/lib/libXcomposite.so.1.0.0
7f2aa400a000-7f2aa400b000 rw-p 00003000 00:22 1663760                    /usr/lib/libXcomposite.so.1.0.0
7f2aa400b000-7f2aa400c000 r--p 00000000 00:22 1663709                    /usr/lib/libXdamage.so.1.1.0
7f2aa400c000-7f2aa400d000 r-xp 00001000 00:22 1663709                    /usr/lib/libXdamage.so.1.1.0
7f2aa400d000-7f2aa400e000 r--p 00002000 00:22 1663709                    /usr/lib/libXdamage.so.1.1.0
7f2aa400e000-7f2aa400f000 r--p 00002000 00:22 1663709                    /usr/lib/libXdamage.so.1.1.0
7f2aa400f000-7f2aa4010000 rw-p 00003000 00:22 1663709                    /usr/lib/libXdamage.so.1.1.0
7f2aa4010000-7f2aa4018000 r--p 00000000 00:22 10096096                   /usr/lib/libpangoft2-1.0.so.0.5800.0
7f2aa4018000-7f2aa4027000 r-xp 00008000 00:22 10096096                   /usr/lib/libpangoft2-1.0.so.0.5800.0
7f2aa4027000-7f2aa402c000 r--p 00017000 00:22 10096096                   /usr/lib/libpangoft2-1.0.so.0.5800.0
7f2aa402c000-7f2aa402d000 r--p 0001c000 00:22 10096096                   /usr/lib/libpangoft2-1.0.so.0.5800.0
7f2aa402d000-7f2aa402e000 rw-p 0001d000 00:22 10096096                   /usr/lib/libpangoft2-1.0.so.0.5800.0
7f2aa402e000-7f2aa403c000 r--p 00000000 00:22 10096090                   /usr/lib/libpango-1.0.so.0.5800.0
7f2aa403c000-7f2aa407c000 r-xp 0000e000 00:22 10096090                   /usr/lib/libpango-1.0.so.0.5800.0
7f2aa407c000-7f2aa4098000 r--p 0004e000 00:22 10096090                   /usr/lib/libpango-1.0.so.0.5800.0
7f2aa4098000-7f2aa409c000 r--p 00069000 00:22 10096090                   /usr/lib/libpango-1.0.so.0.5800.0
7f2aa409c000-7f2aa409d000 rw-p 0006d000 00:22 10096090                   /usr/lib/libpango-1.0.so.0.5800.0
7f2aa409d000-7f2aa40a2000 r--p 00000000 00:22 10096093                   /usr/lib/libpangocairo-1.0.so.0.5800.0
7f2aa40a2000-7f2aa40ab000 r-xp 00005000 00:22 10096093                   /usr/lib/libpangocairo-1.0.so.0.5800.0
7f2aa40ab000-7f2aa40ad000 r--p 0000e000 00:22 10096093                   /usr/lib/libpangocairo-1.0.so.0.5800.0
7f2aa40ad000-7f2aa40ae000 r--p 00010000 00:22 10096093                   /usr/lib/libpangocairo-1.0.so.0.5800.0
7f2aa40ae000-7f2aa40af000 rw-p 00011000 00:22 10096093                   /usr/lib/libpangocairo-1.0.so.0.5800.0
7f2aa40af000-7f2aa40e1000 r--p 00000000 00:22 10089022                   /usr/lib/libgio-2.0.so.0.8800.2
7f2aa40e1000-7f2aa4210000 r-xp 00032000 00:22 10089022                   /usr/lib/libgio-2.0.so.0.8800.2
7f2aa4210000-7f2aa4291000 r--p 00161000 00:22 10089022                   /usr/lib/libgio-2.0.so.0.8800.2
7f2aa4291000-7f2aa429a000 r--p 001e1000 00:22 10089022                   /usr/lib/libgio-2.0.so.0.8800.2
7f2aa429a000-7f2aa429b000 rw-p 001ea000 00:22 10089022                   /usr/lib/libgio-2.0.so.0.8800.2
7f2aa429b000-7f2aa429d000 rw-p 00000000 00:00 0 
7f2aa429d000-7f2aa42bb000 r--p 00000000 00:22 10089030                   /usr/lib/libglib-2.0.so.0.8800.2
7f2aa42bb000-7f2aa4369000 r-xp 0001e000 00:22 10089030                   /usr/lib/libglib-2.0.so.0.8800.2
7f2aa4369000-7f2aa43fd000 r--p 000cc000 00:22 10089030                   /usr/lib/libglib-2.0.so.0.8800.2
7f2aa43fd000-7f2aa43fe000 r--p 00160000 00:22 10089030                   /usr/lib/libglib-2.0.so.0.8800.2
7f2aa43fe000-7f2aa43ff000 rw-p 00161000 00:22 10089030                   /usr/lib/libglib-2.0.so.0.8800.2
7f2aa43ff000-7f2aa4400000 rw-p 00000000 00:00 0 
7f2aa4400000-7f2aa4470000 r--p 00000000 00:22 6931863                    /usr/lib/libgtk-3.so.0.2420.32
7f2aa4470000-7f2aa4827000 r-xp 00070000 00:22 6931863                    /usr/lib/libgtk-3.so.0.2420.32
7f2aa4827000-7f2aa4ae5000 r--p 00427000 00:22 6931863                    /usr/lib/libgtk-3.so.0.2420.32
7f2aa4ae5000-7f2aa4af7000 r--p 006e5000 00:22 6931863                    /usr/lib/libgtk-3.so.0.2420.32
7f2aa4af7000-7f2aa4af9000 rw-p 006f7000 00:22 6931863                    /usr/lib/libgtk-3.so.0.2420.32
7f2aa4af9000-7f2aa4afe000 rw-p 00000000 00:00 0 
7f2aa4afe000-7f2aa4b0a000 r--p 00000000 00:22 10089038                   /usr/lib/libgobject-2.0.so.0.8800.2
7f2aa4b0a000-7f2aa4b43000 r-xp 0000c000 00:22 10089038                   /usr/lib/libgobject-2.0.so.0.8800.2
7f2aa4b43000-7f2aa4b5d000 r--p 00045000 00:22 10089038                   /usr/lib/libgobject-2.0.so.0.8800.2
7f2aa4b5d000-7f2aa4b60000 r--p 0005e000 00:22 10089038                   /usr/lib/libgobject-2.0.so.0.8800.2
7f2aa4b60000-7f2aa4b61000 rw-p 00061000 00:22 10089038                   /usr/lib/libgobject-2.0.so.0.8800.2
7f2aa4b61000-7f2aa4b7e000 r--p 00000000 00:22 6931860                    /usr/lib/libgdk-3.so.0.2420.32
7f2aa4b7e000-7f2aa4c00000 r-xp 0001d000 00:22 6931860                    /usr/lib/libgdk-3.so.0.2420.32
7f2aa4c00000-7f2aa4c42000 r--p 0009f000 00:22 6931860                    /usr/lib/libgdk-3.so.0.2420.32
7f2aa4c42000-7f2aa4c4c000 r--p 000e0000 00:22 6931860                    /usr/lib/libgdk-3.so.0.2420.32
7f2aa4c4c000-7f2aa4c4e000 rw-p 000ea000 00:22 6931860                    /usr/lib/libgdk-3.so.0.2420.32
7f2aa4c4e000-7f2aa4c54000 r--p 00000000 00:22 10093585                   /usr/lib/libpng16.so.16.58.0
7f2aa4c54000-7f2aa4c7f000 r-xp 00006000 00:22 10093585                   /usr/lib/libpng16.so.16.58.0
7f2aa4c7f000-7f2aa4c89000 r--p 00031000 00:22 10093585                   /usr/lib/libpng16.so.16.58.0
7f2aa4c89000-7f2aa4c8a000 r--p 0003a000 00:22 10093585                   /usr/lib/libpng16.so.16.58.0
7f2aa4c8a000-7f2aa4c8b000 rw-p 0003b000 00:22 10093585                   /usr/lib/libpng16.so.16.58.0
7f2aa4c8b000-7f2aa4c91000 r--p 00000000 00:22 6923027                    /usr/lib/libfreetype.so.6.20.6
7f2aa4c91000-7f2aa4d29000 r-xp 00006000 00:22 6923027                    /usr/lib/libfreetype.so.6.20.6
7f2aa4d29000-7f2aa4d52000 r--p 0009e000 00:22 6923027                    /usr/lib/libfreetype.so.6.20.6
7f2aa4d52000-7f2aa4d5a000 r--p 000c6000 00:22 6923027                    /usr/lib/libfreetype.so.6.20.6
7f2aa4d5a000-7f2aa4d5b000 rw-p 000ce000 00:22 6923027                    /usr/lib/libfreetype.so.6.20.6
7f2aa4d5b000-7f2aa4d5d000 r--p 00000000 00:22 309333                     /usr/lib/libGLdispatch.so.0.0.0
7f2aa4d5d000-7f2aa4d9c000 r-xp 00002000 00:22 309333                     /usr/lib/libGLdispatch.so.0.0.0
7f2aa4d9c000-7f2aa4daf000 r--p 00041000 00:22 309333                     /usr/lib/libGLdispatch.so.0.0.0
7f2aa4daf000-7f2aa4dcb000 r--p 00054000 00:22 309333                     /usr/lib/libGLdispatch.so.0.0.0
7f2aa4dcb000-7f2aa4dcc000 rw-p 00070000 00:22 309333                     /usr/lib/libGLdispatch.so.0.0.0
7f2aa4dcc000-7f2aa4dd4000 rw-p 00000000 00:00 0 
7f2aa4dd4000-7f2aa4dda000 r--p 00000000 00:22 9623971                    /usr/lib/libfontconfig.so.1.17.0
7f2aa4dda000-7f2aa4e0e000 r-xp 00006000 00:22 9623971                    /usr/lib/libfontconfig.so.1.17.0
7f2aa4e0e000-7f2aa4e27000 r--p 0003a000 00:22 9623971                    /usr/lib/libfontconfig.so.1.17.0
7f2aa4e27000-7f2aa4e30000 r--p 00053000 00:22 9623971                    /usr/lib/libfontconfig.so.1.17.0
7f2aa4e30000-7f2aa4e31000 rw-p 0005c000 00:22 9623971                    /usr/lib/libfontconfig.so.1.17.0
7f2aa4e31000-7f2aa4e60000 r--p 00000000 00:22 309324                     /usr/lib/libGL.so.1.7.0
7f2aa4e60000-7f2aa4e7f000 r-xp 0002f000 00:22 309324                     /usr/lib/libGL.so.1.7.0
7f2aa4e7f000-7f2aa4e93000 r--p 0004e000 00:22 309324                     /usr/lib/libGL.so.1.7.0
7f2aa4e93000-7f2aa4ea1000 r--p 00062000 00:22 309324                     /usr/lib/libGL.so.1.7.0
7f2aa4ea1000-7f2aa4ea2000 rw-p 00070000 00:22 309324                     /usr/lib/libGL.so.1.7.0
7f2aa4ea2000-7f2aa4ea3000 rw-p 00000000 00:00 0 
7f2aa4ea3000-7f2aa4ea4000 rw-p 00000000 00:00 0 
7f2aa4ea4000-7f2aa4ea8000 ---p 00000000 00:00 0 
7f2aa4ea8000-7f2aa4fa4000 rw-p 00000000 00:00 0 
7f2aa4fa4000-7f2aa4fa7000 r--p 00000000 00:22 10089240                   /usr/lib/libnss_resolve.so.2
7f2aa4fa7000-7f2aa4fda000 r-xp 00003000 00:22 10089240                   /usr/lib/libnss_resolve.so.2
7f2aa4fda000-7f2aa4ff2000 r--p 00036000 00:22 10089240                   /usr/lib/libnss_resolve.so.2
7f2aa4ff2000-7f2aa4ff9000 r--p 0004e000 00:22 10089240                   /usr/lib/libnss_resolve.so.2
7f2aa4ff9000-7f2aa4ffa000 rw-p 00055000 00:22 10089240                   /usr/lib/libnss_resolve.so.2
7f2aa4ffa000-7f2aa4ffb000 rw-p 00000000 00:00 0 
7f2aa4ffb000-7f2aa4fff000 ---p 00000000 00:00 0 
7f2aa4fff000-7f2aa50fc000 rw-p 00000000 00:00 0 
7f2aa50fc000-7f2aa5100000 ---p 00000000 00:00 0 
7f2aa5100000-7f2aa5500000 rw-p 00000000 00:00 0 
7f2aa5500000-7f2aa5504000 ---p 00000000 00:00 0 
7f2aa5504000-7f2aa5600000 rw-p 00000000 00:00 0 
7f2aa5600000-7f2aa56af000 r-xp 00000000 00:22 9501935                    /opt/simplex/lib/runtime/lib/libfreetype.so
7f2aa56af000-7f2aa58af000 ---p 000af000 00:22 9501935                    /opt/simplex/lib/runtime/lib/libfreetype.so
7f2aa58af000-7f2aa58b5000 r--p 000af000 00:22 9501935                    /opt/simplex/lib/runtime/lib/libfreetype.so
7f2aa58b5000-7f2aa58b6000 rw-p 00000000 00:00 0 
7f2aa58b9000-7f2aa58ba000 r--p 00000000 00:22 8971019                    /usr/lib/libwayland-egl.so.1.25.0
7f2aa58ba000-7f2aa58bb000 r-xp 00001000 00:22 8971019                    /usr/lib/libwayland-egl.so.1.25.0
7f2aa58bb000-7f2aa58bc000 r--p 00002000 00:22 8971019                    /usr/lib/libwayland-egl.so.1.25.0
7f2aa58bc000-7f2aa58bd000 r--p 00002000 00:22 8971019                    /usr/lib/libwayland-egl.so.1.25.0
7f2aa58bd000-7f2aa58be000 rw-p 00003000 00:22 8971019                    /usr/lib/libwayland-egl.so.1.25.0
7f2aa58be000-7f2aa58c0000 r--p 00000000 00:22 9884                       /usr/lib/libbz2.so.1.0.8
7f2aa58c0000-7f2aa58cd000 r-xp 00002000 00:22 9884                       /usr/lib/libbz2.so.1.0.8
7f2aa58cd000-7f2aa58cf000 r--p 0000f000 00:22 9884                       /usr/lib/libbz2.so.1.0.8
7f2aa58cf000-7f2aa58d0000 r--p 00010000 00:22 9884                       /usr/lib/libbz2.so.1.0.8
7f2aa58d0000-7f2aa58d1000 rw-p 00011000 00:22 9884                       /usr/lib/libbz2.so.1.0.8
7f2aa58d1000-7f2aa58d3000 r--p 00000000 00:22 10090289                   /usr/lib/libexpat.so.1.12.2
7f2aa58d3000-7f2aa58f3000 r-xp 00002000 00:22 10090289                   /usr/lib/libexpat.so.1.12.2
7f2aa58f3000-7f2aa58fc000 r--p 00022000 00:22 10090289                   /usr/lib/libexpat.so.1.12.2
7f2aa58fc000-7f2aa58fe000 r--p 0002a000 00:22 10090289                   /usr/lib/libexpat.so.1.12.2
7f2aa58fe000-7f2aa58ff000 rw-p 0002c000 00:22 10090289                   /usr/lib/libexpat.so.1.12.2
7f2aa58ff000-7f2aa5900000 rw-p 00000000 00:00 0 
7f2aa5900000-7f2aa5904000 ---p 00000000 00:00 0 
7f2aa5904000-7f2aa5a00000 rw-p 00000000 00:00 0 
7f2aa5a00000-7f2aa5bc9000 r-xp 00000000 00:22 9501934                    /opt/simplex/lib/runtime/lib/libfontmanager.so
7f2aa5bc9000-7f2aa5dc8000 ---p 001c9000 00:22 9501934                    /opt/simplex/lib/runtime/lib/libfontmanager.so
7f2aa5dc8000-7f2aa5dca000 r--p 001c8000 00:22 9501934                    /opt/simplex/lib/runtime/lib/libfontmanager.so
7f2aa5dca000-7f2aa5dcb000 rw-p 001ca000 00:22 9501934                    /opt/simplex/lib/runtime/lib/libfontmanager.so
7f2aa5dcb000-7f2aa5dcc000 rw-p 00000000 00:00 0 
7f2aa5dcf000-7f2aa5dd1000 r--p 00000000 00:22 309330                     /usr/lib/libGLX.so.0.0.0
7f2aa5dd1000-7f2aa5deb000 r-xp 00002000 00:22 309330                     /usr/lib/libGLX.so.0.0.0
7f2aa5deb000-7f2aa5dee000 r--p 0001c000 00:22 309330                     /usr/lib/libGLX.so.0.0.0
7f2aa5dee000-7f2aa5def000 r--p 0001f000 00:22 309330                     /usr/lib/libGLX.so.0.0.0
7f2aa5def000-7f2aa5df0000 rw-p 00020000 00:22 309330                     /usr/lib/libGLX.so.0.0.0
7f2aa5df0000-7f2aa5e00000 rw-p 00000000 00:00 0 
7f2aa5e00000-7f2aa5e71000 r-xp 00000000 00:22 9501933                    /opt/simplex/lib/runtime/lib/libawt_xawt.so
7f2aa5e71000-7f2aa6070000 ---p 00071000 00:22 9501933                    /opt/simplex/lib/runtime/lib/libawt_xawt.so
7f2aa6070000-7f2aa6076000 r--p 00070000 00:22 9501933                    /opt/simplex/lib/runtime/lib/libawt_xawt.so
7f2aa6076000-7f2aa6078000 rw-p 00076000 00:22 9501933                    /opt/simplex/lib/runtime/lib/libawt_xawt.so
7f2aa6078000-7f2aa607a000 rw-p 00000000 00:00 0 
7f2aa607a000-7f2aa607d000 r--p 00000000 00:22 8971013                    /usr/lib/libwayland-client.so.0.25.0
7f2aa607d000-7f2aa6084000 r-xp 00003000 00:22 8971013                    /usr/lib/libwayland-client.so.0.25.0
7f2aa6084000-7f2aa6087000 r--p 0000a000 00:22 8971013                    /usr/lib/libwayland-client.so.0.25.0
7f2aa6087000-7f2aa6089000 r--p 0000c000 00:22 8971013                    /usr/lib/libwayland-client.so.0.25.0
7f2aa6089000-7f2aa608a000 rw-p 0000e000 00:22 8971013                    /usr/lib/libwayland-client.so.0.25.0
7f2aa608a000-7f2aa608d000 r--p 00000000 00:22 10089238                   /usr/lib/libnss_myhostname.so.2
7f2aa608d000-7f2aa60a8000 r-xp 00003000 00:22 10089238                   /usr/lib/libnss_myhostname.so.2
7f2aa60a8000-7f2aa60b8000 r--p 0001e000 00:22 10089238                   /usr/lib/libnss_myhostname.so.2
7f2aa60b8000-7f2aa60bd000 r--p 0002e000 00:22 10089238                   /usr/lib/libnss_myhostname.so.2
7f2aa60bd000-7f2aa60be000 rw-p 00033000 00:22 10089238                   /usr/lib/libnss_myhostname.so.2
7f2aa60be000-7f2aa60d5000 r--p 00000000 00:22 5529102                    /usr/lib/libX11.so.6.4.0
7f2aa60d5000-7f2aa616a000 r-xp 00017000 00:22 5529102                    /usr/lib/libX11.so.6.4.0
7f2aa616a000-7f2aa61f9000 r--p 000ac000 00:22 5529102                    /usr/lib/libX11.so.6.4.0
7f2aa61f9000-7f2aa61fc000 r--p 0013a000 00:22 5529102                    /usr/lib/libX11.so.6.4.0
7f2aa61fc000-7f2aa6200000 rw-p 0013d000 00:22 5529102                    /usr/lib/libX11.so.6.4.0
7f2aa6200000-7f2aa62bc000 r-xp 00000000 00:22 9501931                    /opt/simplex/lib/runtime/lib/libawt.so
7f2aa62bc000-7f2aa64bc000 ---p 000bc000 00:22 9501931                    /opt/simplex/lib/runtime/lib/libawt.so
7f2aa64bc000-7f2aa64bd000 r--p 000bc000 00:22 9501931                    /opt/simplex/lib/runtime/lib/libawt.so
7f2aa64bd000-7f2aa64c8000 rw-p 000bd000 00:22 9501931                    /opt/simplex/lib/runtime/lib/libawt.so
7f2aa64c8000-7f2aa64ed000 rw-p 00000000 00:00 0 
7f2aa64f1000-7f2aa64f2000 r--p 00000000 00:22 8971016                    /usr/lib/libwayland-cursor.so.0.25.0
7f2aa64f2000-7f2aa64f4000 r-xp 00001000 00:22 8971016                    /usr/lib/libwayland-cursor.so.0.25.0
7f2aa64f4000-7f2aa64f5000 r--p 00003000 00:22 8971016                    /usr/lib/libwayland-cursor.so.0.25.0
7f2aa64f5000-7f2aa64f6000 r--p 00003000 00:22 8971016                    /usr/lib/libwayland-cursor.so.0.25.0
7f2aa64f6000-7f2aa64fa000 rw-p 00004000 00:22 8971016                    /usr/lib/libwayland-cursor.so.0.25.0
7f2aa64fa000-7f2aa8000000 rw-p 00000000 00:00 0 
7f2aa8000000-7f2aa8021000 rw-p 00000000 00:00 0 
7f2aa8021000-7f2aac000000 ---p 00000000 00:00 0 
7f2aac000000-7f2aac021000 rw-p 00000000 00:00 0 
7f2aac021000-7f2ab0000000 ---p 00000000 00:00 0 
7f2ab0000000-7f2ab01c1000 rw-p 00000000 00:00 0 
7f2ab01c1000-7f2ab4000000 ---p 00000000 00:00 0 
7f2ab4000000-7f2ab409b000 rw-p 00000000 00:00 0 
7f2ab409b000-7f2ab8000000 ---p 00000000 00:00 0 
7f2ab8000000-7f2ab820c000 rw-p 00000000 00:00 0 
7f2ab820c000-7f2abc000000 ---p 00000000 00:00 0 
7f2abc001000-7f2abc003000 r--p 00000000 00:22 288009                     /usr/lib/libcairo-gobject.so.2.11804.4
7f2abc003000-7f2abc005000 r-xp 00002000 00:22 288009                     /usr/lib/libcairo-gobject.so.2.11804.4
7f2abc005000-7f2abc007000 r--p 00004000 00:22 288009                     /usr/lib/libcairo-gobject.so.2.11804.4
7f2abc007000-7f2abc009000 r--p 00006000 00:22 288009                     /usr/lib/libcairo-gobject.so.2.11804.4
7f2abc009000-7f2abc00a000 rw-p 00008000 00:22 288009                     /usr/lib/libcairo-gobject.so.2.11804.4
7f2abc00a000-7f2abc00e000 r--p 00000000 00:22 10406369                   /usr/lib/libgcc_s.so.1
7f2abc00e000-7f2abc031000 r-xp 00004000 00:22 10406369                   /usr/lib/libgcc_s.so.1
7f2abc031000-7f2abc035000 r--p 00027000 00:22 10406369                   /usr/lib/libgcc_s.so.1
7f2abc035000-7f2abc036000 r--p 0002b000 00:22 10406369                   /usr/lib/libgcc_s.so.1
7f2abc036000-7f2abc037000 rw-p 0002c000 00:22 10406369                   /usr/lib/libgcc_s.so.1
7f2abc037000-7f2abc03b000 r--p 00000000 00:22 10089239                   /usr/lib/libnss_mymachines.so.2
7f2abc03b000-7f2abc08c000 r-xp 00004000 00:22 10089239                   /usr/lib/libnss_mymachines.so.2
7f2abc08c000-7f2abc0a6000 r--p 00055000 00:22 10089239                   /usr/lib/libnss_mymachines.so.2
7f2abc0a6000-7f2abc0a9000 r--p 0006f000 00:22 10089239                   /usr/lib/libnss_mymachines.so.2
7f2abc0a9000-7f2abc0aa000 rw-p 00072000 00:22 10089239                   /usr/lib/libnss_mymachines.so.2
7f2abc0aa000-7f2abd2ae000 rw-p 00000000 00:00 0 
7f2abd2ae000-7f2abd6b0000 rw-p 00000000 00:00 0 
7f2abd6b0000-7f2abd6b1000 rw-p 00000000 00:00 0 
7f2abd6b1000-7f2abd6b5000 ---p 00000000 00:00 0 
7f2abd6b5000-7f2abd7b2000 rw-p 00000000 00:00 0 
7f2abd7b2000-7f2abd7b6000 ---p 00000000 00:00 0 
7f2abd7b6000-7f2abd8b3000 rw-p 00000000 00:00 0 
7f2abd8b3000-7f2abd8b7000 ---p 00000000 00:00 0 
7f2abd8b7000-7f2abd9b3000 rw-p 00000000 00:00 0 
7f2abd9b3000-7f2abd9bf000 r--p 00000000 00:22 5932547                    /usr/lib/libzstd.so.1.5.7
7f2abd9bf000-7f2abda86000 r-xp 0000c000 00:22 5932547                    /usr/lib/libzstd.so.1.5.7
7f2abda86000-7f2abda97000 r--p 000d3000 00:22 5932547                    /usr/lib/libzstd.so.1.5.7
7f2abda97000-7f2abda98000 r--p 000e4000 00:22 5932547                    /usr/lib/libzstd.so.1.5.7
7f2abda98000-7f2abda99000 rw-p 000e5000 00:22 5932547                    /usr/lib/libzstd.so.1.5.7
7f2abda99000-7f2abda9a000 r--p 00000000 00:22 268364                     /usr/lib/libbrotlienc.so.1.2.0
7f2abda9a000-7f2abdb07000 r-xp 00001000 00:22 268364                     /usr/lib/libbrotlienc.so.1.2.0
7f2abdb07000-7f2abdb57000 r--p 0006e000 00:22 268364                     /usr/lib/libbrotlienc.so.1.2.0
7f2abdb57000-7f2abdb58000 r--p 000bd000 00:22 268364                     /usr/lib/libbrotlienc.so.1.2.0
7f2abdb58000-7f2abdb59000 rw-p 000be000 00:22 268364                     /usr/lib/libbrotlienc.so.1.2.0
7f2abdb59000-7f2abdb6a000 r--p 00000000 00:22 5932587                    /usr/lib/libgmp.so.10.5.0
7f2abdb6a000-7f2abdbe8000 r-xp 00011000 00:22 5932587                    /usr/lib/libgmp.so.10.5.0
7f2abdbe8000-7f2abdbfd000 r--p 0008f000 00:22 5932587                    /usr/lib/libgmp.so.10.5.0
7f2abdbfd000-7f2abdbff000 r--p 000a3000 00:22 5932587                    /usr/lib/libgmp.so.10.5.0
7f2abdbff000-7f2abdc00000 rw-p 000a5000 00:22 5932587                    /usr/lib/libgmp.so.10.5.0
7f2abdc00000-7f2abdc53000 r--p 00000000 00:22 9605042                    /usr/lib/libcrypto.so.3
7f2abdc53000-7f2abdfff000 r-xp 00053000 00:22 9605042                    /usr/lib/libcrypto.so.3
7f2abdfff000-7f2abe125000 r--p 003ff000 00:22 9605042                    /usr/lib/libcrypto.so.3
7f2abe125000-7f2abe1a3000 r--p 00525000 00:22 9605042                    /usr/lib/libcrypto.so.3
7f2abe1a3000-7f2abe1a6000 rw-p 005a3000 00:22 9605042                    /usr/lib/libcrypto.so.3
7f2abe1a6000-7f2abe1a9000 rw-p 00000000 00:00 0 
7f2abe1ac000-7f2abe1ae000 r--p 00000000 00:22 10089034                   /usr/lib/libgmodule-2.0.so.0.8800.2
7f2abe1ae000-7f2abe1b0000 r-xp 00002000 00:22 10089034                   /usr/lib/libgmodule-2.0.so.0.8800.2
7f2abe1b0000-7f2abe1b1000 r--p 00004000 00:22 10089034                   /usr/lib/libgmodule-2.0.so.0.8800.2
7f2abe1b1000-7f2abe1b2000 r--p 00004000 00:22 10089034                   /usr/lib/libgmodule-2.0.so.0.8800.2
7f2abe1b2000-7f2abe1b3000 rw-p 00005000 00:22 10089034                   /usr/lib/libgmodule-2.0.so.0.8800.2
7f2abe1b3000-7f2abe1b4000 r--p 00000000 00:22 10119                      /usr/lib/libnss_mdns_minimal.so.2
7f2abe1b4000-7f2abe1b6000 r-xp 00001000 00:22 10119                      /usr/lib/libnss_mdns_minimal.so.2
7f2abe1b6000-7f2abe1b7000 r--p 00003000 00:22 10119                      /usr/lib/libnss_mdns_minimal.so.2
7f2abe1b7000-7f2abe1b8000 r--p 00003000 00:22 10119                      /usr/lib/libnss_mdns_minimal.so.2
7f2abe1b8000-7f2abe1b9000 rw-p 00004000 00:22 10119                      /usr/lib/libnss_mdns_minimal.so.2
7f2abe1b9000-7f2abe1bb000 r--p 00000000 00:22 290724                     /usr/lib/libXfixes.so.3.1.0
7f2abe1bb000-7f2abe1be000 r-xp 00002000 00:22 290724                     /usr/lib/libXfixes.so.3.1.0
7f2abe1be000-7f2abe1bf000 r--p 00005000 00:22 290724                     /usr/lib/libXfixes.so.3.1.0
7f2abe1bf000-7f2abe1c0000 r--p 00005000 00:22 290724                     /usr/lib/libXfixes.so.3.1.0
7f2abe1c0000-7f2abe1c1000 rw-p 00006000 00:22 290724                     /usr/lib/libXfixes.so.3.1.0
7f2abe1c2000-7f2abe1c4000 r--p 00000000 00:22 117521                     /usr/lib/libvorbisfile.so.3.3.8
7f2abe1c4000-7f2abe1c9000 r-xp 00002000 00:22 117521                     /usr/lib/libvorbisfile.so.3.3.8
7f2abe1c9000-7f2abe1ca000 r--p 00007000 00:22 117521                     /usr/lib/libvorbisfile.so.3.3.8
7f2abe1ca000-7f2abe1cb000 r--p 00007000 00:22 117521                     /usr/lib/libvorbisfile.so.3.3.8
7f2abe1cb000-7f2abe1cc000 rw-p 00008000 00:22 117521                     /usr/lib/libvorbisfile.so.3.3.8
7f2abe1cc000-7f2abe1ce000 r--p 00000000 00:22 333738                     /usr/lib/libcanberra-gtk3.so.0.1.9
7f2abe1ce000-7f2abe1d0000 r-xp 00002000 00:22 333738                     /usr/lib/libcanberra-gtk3.so.0.1.9
7f2abe1d0000-7f2abe1d1000 r--p 00004000 00:22 333738                     /usr/lib/libcanberra-gtk3.so.0.1.9
7f2abe1d1000-7f2abe1d2000 r--p 00004000 00:22 333738                     /usr/lib/libcanberra-gtk3.so.0.1.9
7f2abe1d2000-7f2abe1d3000 rw-p 00005000 00:22 333738                     /usr/lib/libcanberra-gtk3.so.0.1.9
7f2abe1d3000-7f2abe1d5000 r--p 00000000 00:22 333727                     /usr/lib/gtk-3.0/modules/libcanberra-gtk3-module.so
7f2abe1d5000-7f2abe1d8000 r-xp 00002000 00:22 333727                     /usr/lib/gtk-3.0/modules/libcanberra-gtk3-module.so
7f2abe1d8000-7f2abe1d9000 r--p 00005000 00:22 333727                     /usr/lib/gtk-3.0/modules/libcanberra-gtk3-module.so
7f2abe1d9000-7f2abe1da000 r--p 00005000 00:22 333727                     /usr/lib/gtk-3.0/modules/libcanberra-gtk3-module.so
7f2abe1da000-7f2abe1db000 rw-p 00006000 00:22 333727                     /usr/lib/gtk-3.0/modules/libcanberra-gtk3-module.so
7f2abe1db000-7f2abe1de000 r--p 00000000 00:22 1675018                    /usr/lib/libgnomekbd.so.8.0.0
7f2abe1de000-7f2abe1e1000 r-xp 00003000 00:22 1675018                    /usr/lib/libgnomekbd.so.8.0.0
7f2abe1e1000-7f2abe1e2000 r--p 00006000 00:22 1675018                    /usr/lib/libgnomekbd.so.8.0.0
7f2abe1e2000-7f2abe1e3000 r--p 00007000 00:22 1675018                    /usr/lib/libgnomekbd.so.8.0.0
7f2abe1e3000-7f2abe1e4000 rw-p 00008000 00:22 1675018                    /usr/lib/libgnomekbd.so.8.0.0
7f2abe1e4000-7f2abe1ec000 r--p 00000000 00:22 1675021                    /usr/lib/libgnomekbdui.so.8.0.0
7f2abe1ec000-7f2abe1f5000 r-xp 00008000 00:22 1675021                    /usr/lib/libgnomekbdui.so.8.0.0
7f2abe1f5000-7f2abe1f9000 r--p 00011000 00:22 1675021                    /usr/lib/libgnomekbdui.so.8.0.0
7f2abe1f9000-7f2abe1fa000 r--p 00015000 00:22 1675021                    /usr/lib/libgnomekbdui.so.8.0.0
7f2abe1fa000-7f2abe1fb000 rw-p 00016000 00:22 1675021                    /usr/lib/libgnomekbdui.so.8.0.0
7f2abe1fb000-7f2abe1fc000 r--p 00000000 00:22 336433                     /usr/lib/gtk-3.0/modules/libxapp-gtk3-module.so
7f2abe1fc000-7f2abe1fd000 r-xp 00001000 00:22 336433                     /usr/lib/gtk-3.0/modules/libxapp-gtk3-module.so
7f2abe1fd000-7f2abe1fe000 r--p 00002000 00:22 336433                     /usr/lib/gtk-3.0/modules/libxapp-gtk3-module.so
7f2abe1fe000-7f2abe1ff000 r--p 00002000 00:22 336433                     /usr/lib/gtk-3.0/modules/libxapp-gtk3-module.so
7f2abe1ff000-7f2abe200000 rw-p 00003000 00:22 336433                     /usr/lib/gtk-3.0/modules/libxapp-gtk3-module.so
7f2abe200000-7f2abe616000 r-xp 00000000 00:22 9500936                    /opt/simplex/lib/app/resources/libHSghc-prim-0.10.0-ghc9.6.3.so
7f2abe616000-7f2abe617000 ---p 00416000 00:22 9500936                    /opt/simplex/lib/app/resources/libHSghc-prim-0.10.0-ghc9.6.3.so
7f2abe617000-7f2abe618000 r--p 00416000 00:22 9500936                    /opt/simplex/lib/app/resources/libHSghc-prim-0.10.0-ghc9.6.3.so
7f2abe618000-7f2abe6f7000 rw-p 00417000 00:22 9500936                    /opt/simplex/lib/app/resources/libHSghc-prim-0.10.0-ghc9.6.3.so
7f2abe6f7000-7f2abe6fa000 r--p 00000000 00:22 116796                     /usr/lib/libXcursor.so.1.0.2
7f2abe6fa000-7f2abe700000 r-xp 00003000 00:22 116796                     /usr/lib/libXcursor.so.1.0.2
7f2abe700000-7f2abe702000 r--p 00009000 00:22 116796                     /usr/lib/libXcursor.so.1.0.2
7f2abe702000-7f2abe703000 r--p 0000a000 00:22 116796                     /usr/lib/libXcursor.so.1.0.2
7f2abe703000-7f2abe704000 rw-p 0000b000 00:22 116796                     /usr/lib/libXcursor.so.1.0.2
7f2abe704000-7f2abe710000 r--p 00000000 00:22 10266                      /usr/lib/libxcb.so.1.1.0
7f2abe710000-7f2abe724000 r-xp 0000c000 00:22 10266                      /usr/lib/libxcb.so.1.1.0
7f2abe724000-7f2abe72d000 r--p 00020000 00:22 10266                      /usr/lib/libxcb.so.1.1.0
7f2abe72d000-7f2abe72e000 r--p 00028000 00:22 10266                      /usr/lib/libxcb.so.1.1.0
7f2abe72e000-7f2abe72f000 rw-p 00029000 00:22 10266                      /usr/lib/libxcb.so.1.1.0
7f2abe72f000-7f2abe730000 rw-p 00000000 00:00 0 
7f2abe730000-7f2abe734000 ---p 00000000 00:00 0 
7f2abe734000-7f2abe752000 rw-p 00000000 00:00 0 
7f2abe752000-7f2abe7f3000 r-xp 00000000 00:22 9500975                    /opt/simplex/lib/app/resources/libHSrts-1.0.2_thr-ghc9.6.3.so
7f2abe7f3000-7f2abe7f4000 ---p 000a1000 00:22 9500975                    /opt/simplex/lib/app/resources/libHSrts-1.0.2_thr-ghc9.6.3.so
7f2abe7f4000-7f2abe7f5000 r--p 000a1000 00:22 9500975                    /opt/simplex/lib/app/resources/libHSrts-1.0.2_thr-ghc9.6.3.so
7f2abe7f5000-7f2abe7fd000 rw-p 000a2000 00:22 9500975                    /opt/simplex/lib/app/resources/libHSrts-1.0.2_thr-ghc9.6.3.so
7f2abe7fd000-7f2abe800000 rw-p 00000000 00:00 0 
7f2abe800000-7f2abf319000 r-xp 00000000 00:22 9500886                    /opt/simplex/lib/app/resources/libHSbase-4.18.1.0-ghc9.6.3.so
7f2abf319000-7f2abf31a000 ---p 00b19000 00:22 9500886                    /opt/simplex/lib/app/resources/libHSbase-4.18.1.0-ghc9.6.3.so
7f2abf31a000-7f2abf31c000 r--p 00b19000 00:22 9500886                    /opt/simplex/lib/app/resources/libHSbase-4.18.1.0-ghc9.6.3.so
7f2abf31c000-7f2abf3c7000 rw-p 00b1b000 00:22 9500886                    /opt/simplex/lib/app/resources/libHSbase-4.18.1.0-ghc9.6.3.so
7f2abf3c8000-7f2abf3cb000 r--p 00000000 00:22 9262718                    /usr/lib/libXi.so.6.1.0
7f2abf3cb000-7f2abf3d8000 r-xp 00003000 00:22 9262718                    /usr/lib/libXi.so.6.1.0
7f2abf3d8000-7f2abf3db000 r--p 00010000 00:22 9262718                    /usr/lib/libXi.so.6.1.0
7f2abf3db000-7f2abf3dc000 r--p 00012000 00:22 9262718                    /usr/lib/libXi.so.6.1.0
7f2abf3dc000-7f2abf3dd000 rw-p 00013000 00:22 9262718                    /usr/lib/libXi.so.6.1.0
7f2abf3dd000-7f2abf3de000 r--p 00000000 00:22 268358                     /usr/lib/libbrotlicommon.so.1.2.0
7f2abf3de000-7f2abf3df000 r-xp 00001000 00:22 268358                     /usr/lib/libbrotlicommon.so.1.2.0
7f2abf3df000-7f2abf3fe000 r--p 00002000 00:22 268358                     /usr/lib/libbrotlicommon.so.1.2.0
7f2abf3fe000-7f2abf3ff000 r--p 00021000 00:22 268358                     /usr/lib/libbrotlicommon.so.1.2.0
7f2abf3ff000-7f2abf400000 rw-p 00022000 00:22 268358                     /usr/lib/libbrotlicommon.so.1.2.0
7f2abf400000-7f2abf771000 r-xp 00000000 00:22 9500991                    /opt/simplex/lib/app/resources/libHStemplate-haskell-2.20.0.0-ghc9.6.3.so
7f2abf771000-7f2abf772000 ---p 00371000 00:22 9500991                    /opt/simplex/lib/app/resources/libHStemplate-haskell-2.20.0.0-ghc9.6.3.so
7f2abf772000-7f2abf773000 r--p 00371000 00:22 9500991                    /opt/simplex/lib/app/resources/libHStemplate-haskell-2.20.0.0-ghc9.6.3.so
7f2abf773000-7f2abf7a9000 rw-p 00372000 00:22 9500991                    /opt/simplex/lib/app/resources/libHStemplate-haskell-2.20.0.0-ghc9.6.3.so
7f2abf7ac000-7f2abf7fb000 r-xp 00000000 00:22 9500934                    /opt/simplex/lib/app/resources/libHSghc-bignum-1.3-ghc9.6.3.so
7f2abf7fb000-7f2abf7fc000 r--p 0004e000 00:22 9500934                    /opt/simplex/lib/app/resources/libHSghc-bignum-1.3-ghc9.6.3.so
7f2abf7fc000-7f2abf800000 rw-p 0004f000 00:22 9500934                    /opt/simplex/lib/app/resources/libHSghc-bignum-1.3-ghc9.6.3.so
7f2abf800000-7f2abfb7b000 r-xp 00000000 00:22 9500905                    /opt/simplex/lib/app/resources/libHScontainers-0.6.7-ghc9.6.3.so
7f2abfb7b000-7f2abfb7c000 r--p 0037a000 00:22 9500905                    /opt/simplex/lib/app/resources/libHScontainers-0.6.7-ghc9.6.3.so
7f2abfb7c000-7f2abfb98000 rw-p 0037b000 00:22 9500905                    /opt/simplex/lib/app/resources/libHScontainers-0.6.7-ghc9.6.3.so
7f2abfb9a000-7f2abfb9e000 r--p 00000000 00:22 1663633                    /usr/lib/libXext.so.6.4.0
7f2abfb9e000-7f2abfba9000 r-xp 00004000 00:22 1663633                    /usr/lib/libXext.so.6.4.0
7f2abfba9000-7f2abfbac000 r--p 0000f000 00:22 1663633                    /usr/lib/libXext.so.6.4.0
7f2abfbac000-7f2abfbad000 r--p 00011000 00:22 1663633                    /usr/lib/libXext.so.6.4.0
7f2abfbad000-7f2abfbae000 rw-p 00012000 00:22 1663633                    /usr/lib/libXext.so.6.4.0
7f2abfbae000-7f2abfbe4000 r-xp 00000000 00:22 9500935                    /opt/simplex/lib/app/resources/libHSghc-boot-th-9.6.3-ghc9.6.3.so
7f2abfbe4000-7f2abfbe5000 ---p 00036000 00:22 9500935                    /opt/simplex/lib/app/resources/libHSghc-boot-th-9.6.3-ghc9.6.3.so
7f2abfbe5000-7f2abfbe6000 r--p 00036000 00:22 9500935                    /opt/simplex/lib/app/resources/libHSghc-boot-th-9.6.3-ghc9.6.3.so
7f2abfbe6000-7f2abfbef000 rw-p 00037000 00:22 9500935                    /opt/simplex/lib/app/resources/libHSghc-boot-th-9.6.3-ghc9.6.3.so
7f2abfbef000-7f2abfc6a000 r-xp 00000000 00:22 9500877                    /opt/simplex/lib/app/resources/libHSarray-0.5.5.0-ghc9.6.3.so
7f2abfc6a000-7f2abfc6b000 ---p 0007b000 00:22 9500877                    /opt/simplex/lib/app/resources/libHSarray-0.5.5.0-ghc9.6.3.so
7f2abfc6b000-7f2abfc6c000 r--p 0007b000 00:22 9500877                    /opt/simplex/lib/app/resources/libHSarray-0.5.5.0-ghc9.6.3.so
7f2abfc6c000-7f2abfc71000 rw-p 0007c000 00:22 9500877                    /opt/simplex/lib/app/resources/libHSarray-0.5.5.0-ghc9.6.3.so
7f2abfc71000-7f2abfc8d000 r-xp 00000000 00:22 9500920                    /opt/simplex/lib/app/resources/libHSdeepseq-1.4.8.1-ghc9.6.3.so
7f2abfc8d000-7f2abfc8e000 ---p 0001c000 00:22 9500920                    /opt/simplex/lib/app/resources/libHSdeepseq-1.4.8.1-ghc9.6.3.so
7f2abfc8e000-7f2abfc8f000 r--p 0001c000 00:22 9500920                    /opt/simplex/lib/app/resources/libHSdeepseq-1.4.8.1-ghc9.6.3.so
7f2abfc8f000-7f2abfc90000 rw-p 0001d000 00:22 9500920                    /opt/simplex/lib/app/resources/libHSdeepseq-1.4.8.1-ghc9.6.3.so
7f2abfc90000-7f2abfde2000 r-xp 00000000 00:22 9500896                    /opt/simplex/lib/app/resources/libHSbytestring-0.11.5.2-ghc9.6.3.so
7f2abfde2000-7f2abfde3000 r--p 00151000 00:22 9500896                    /opt/simplex/lib/app/resources/libHSbytestring-0.11.5.2-ghc9.6.3.so
7f2abfde3000-7f2abfdf5000 rw-p 00152000 00:22 9500896                    /opt/simplex/lib/app/resources/libHSbytestring-0.11.5.2-ghc9.6.3.so
7f2abfdf5000-7f2abff06000 r-xp 00000000 00:22 9501005                    /opt/simplex/lib/app/resources/libHStransformers-0.6.1.0-ghc9.6.3.so
7f2abff06000-7f2abff07000 r--p 00110000 00:22 9501005                    /opt/simplex/lib/app/resources/libHStransformers-0.6.1.0-ghc9.6.3.so
7f2abff07000-7f2abff12000 rw-p 00111000 00:22 9501005                    /opt/simplex/lib/app/resources/libHStransformers-0.6.1.0-ghc9.6.3.so
7f2abff12000-7f2abff6b000 r--p 00000000 00:22 9500972                    /opt/simplex/lib/app/resources/libHSrandom-1.2.1.1-f75323201d1b45182ed9370fb261ee029c5dbe1b59bf181cffc1aadffc6d66a4-ghc9.6.3.so
7f2abff6b000-7f2abfff6000 r-xp 00059000 00:22 9500972                    /opt/simplex/lib/app/resources/libHSrandom-1.2.1.1-f75323201d1b45182ed9370fb261ee029c5dbe1b59bf181cffc1aadffc6d66a4-ghc9.6.3.so
7f2abfff6000-7f2abfff7000 r--p 000e4000 00:22 9500972                    /opt/simplex/lib/app/resources/libHSrandom-1.2.1.1-f75323201d1b45182ed9370fb261ee029c5dbe1b59bf181cffc1aadffc6d66a4-ghc9.6.3.so
7f2abfff7000-7f2abfff8000 ---p 000e5000 00:22 9500972                    /opt/simplex/lib/app/resources/libHSrandom-1.2.1.1-f75323201d1b45182ed9370fb261ee029c5dbe1b59bf181cffc1aadffc6d66a4-ghc9.6.3.so
7f2abfff8000-7f2abfff9000 r--p 000e5000 00:22 9500972                    /opt/simplex/lib/app/resources/libHSrandom-1.2.1.1-f75323201d1b45182ed9370fb261ee029c5dbe1b59bf181cffc1aadffc6d66a4-ghc9.6.3.so
7f2abfff9000-7f2ac0000000 rw-p 000e6000 00:22 9500972                    /opt/simplex/lib/app/resources/libHSrandom-1.2.1.1-f75323201d1b45182ed9370fb261ee029c5dbe1b59bf181cffc1aadffc6d66a4-ghc9.6.3.so
7f2ac0000000-7f2ac0113000 r--p 00000000 00:22 9500870                    /opt/simplex/lib/app/resources/libHSQuickCheck-2.14.3-42e7b27f0bb2b87c0930816285f53ba2bdf063e20fd76cc59871d58e800a849e-ghc9.6.3.so
7f2ac0113000-7f2ac01fb000 r-xp 00113000 00:22 9500870                    /opt/simplex/lib/app/resources/libHSQuickCheck-2.14.3-42e7b27f0bb2b87c0930816285f53ba2bdf063e20fd76cc59871d58e800a849e-ghc9.6.3.so
7f2ac01fb000-7f2ac01fe000 r--p 001fb000 00:22 9500870                    /opt/simplex/lib/app/resources/libHSQuickCheck-2.14.3-42e7b27f0bb2b87c0930816285f53ba2bdf063e20fd76cc59871d58e800a849e-ghc9.6.3.so
7f2ac01fe000-7f2ac0200000 r--p 001fd000 00:22 9500870                    /opt/simplex/lib/app/resources/libHSQuickCheck-2.14.3-42e7b27f0bb2b87c0930816285f53ba2bdf063e20fd76cc59871d58e800a849e-ghc9.6.3.so
7f2ac0200000-7f2ac0216000 rw-p 001ff000 00:22 9500870                    /opt/simplex/lib/app/resources/libHSQuickCheck-2.14.3-42e7b27f0bb2b87c0930816285f53ba2bdf063e20fd76cc59871d58e800a849e-ghc9.6.3.so
7f2ac0217000-7f2ac0280000 r-xp 00000000 00:22 9500967                    /opt/simplex/lib/app/resources/libHSpretty-1.1.3.6-ghc9.6.3.so
7f2ac0280000-7f2ac0281000 ---p 00069000 00:22 9500967                    /opt/simplex/lib/app/resources/libHSpretty-1.1.3.6-ghc9.6.3.so
7f2ac0281000-7f2ac0282000 r--p 00069000 00:22 9500967                    /opt/simplex/lib/app/resources/libHSpretty-1.1.3.6-ghc9.6.3.so
7f2ac0282000-7f2ac028a000 rw-p 0006a000 00:22 9500967                    /opt/simplex/lib/app/resources/libHSpretty-1.1.3.6-ghc9.6.3.so
7f2ac028a000-7f2ac02d6000 r-xp 00000000 00:22 9500955                    /opt/simplex/lib/app/resources/libHSmtl-2.3.1-ghc9.6.3.so
7f2ac02d6000-7f2ac02d7000 ---p 0004c000 00:22 9500955                    /opt/simplex/lib/app/resources/libHSmtl-2.3.1-ghc9.6.3.so
7f2ac02d7000-7f2ac02d8000 r--p 0004c000 00:22 9500955                    /opt/simplex/lib/app/resources/libHSmtl-2.3.1-ghc9.6.3.so
7f2ac02d8000-7f2ac02db000 rw-p 0004d000 00:22 9500955                    /opt/simplex/lib/app/resources/libHSmtl-2.3.1-ghc9.6.3.so
7f2ac02db000-7f2ac02eb000 r--p 00000000 00:22 9500984                    /opt/simplex/lib/app/resources/libHSsplitmix-0.1.0.5-4d43824a2aa15437e433f1a344653af933edf881ad9f72fc820c1c827832bfcb-ghc9.6.3.so
7f2ac02eb000-7f2ac02f4000 r-xp 00010000 00:22 9500984                    /opt/simplex/lib/app/resources/libHSsplitmix-0.1.0.5-4d43824a2aa15437e433f1a344653af933edf881ad9f72fc820c1c827832bfcb-ghc9.6.3.so
7f2ac02f4000-7f2ac02f5000 r--p 00019000 00:22 9500984                    /opt/simplex/lib/app/resources/libHSsplitmix-0.1.0.5-4d43824a2aa15437e433f1a344653af933edf881ad9f72fc820c1c827832bfcb-ghc9.6.3.so
7f2ac02f5000-7f2ac02f6000 r--p 00019000 00:22 9500984                    /opt/simplex/lib/app/resources/libHSsplitmix-0.1.0.5-4d43824a2aa15437e433f1a344653af933edf881ad9f72fc820c1c827832bfcb-ghc9.6.3.so
7f2ac02f6000-7f2ac02f8000 rw-p 0001a000 00:22 9500984                    /opt/simplex/lib/app/resources/libHSsplitmix-0.1.0.5-4d43824a2aa15437e433f1a344653af933edf881ad9f72fc820c1c827832bfcb-ghc9.6.3.so
7f2ac02f8000-7f2ac0337000 r-xp 00000000 00:22 9500929                    /opt/simplex/lib/app/resources/libHSexceptions-0.10.7-ghc9.6.3.so
7f2ac0337000-7f2ac0338000 r--p 0003e000 00:22 9500929                    /opt/simplex/lib/app/resources/libHSexceptions-0.10.7-ghc9.6.3.so
7f2ac0338000-7f2ac033c000 rw-p 0003f000 00:22 9500929                    /opt/simplex/lib/app/resources/libHSexceptions-0.10.7-ghc9.6.3.so
7f2ac033c000-7f2ac03f3000 r-xp 00000000 00:22 9500932                    /opt/simplex/lib/app/resources/libHSfilepath-1.4.100.4-ghc9.6.3.so
7f2ac03f3000-7f2ac03f4000 r--p 000b6000 00:22 9500932                    /opt/simplex/lib/app/resources/libHSfilepath-1.4.100.4-ghc9.6.3.so
7f2ac03f4000-7f2ac0400000 rw-p 000b7000 00:22 9500932                    /opt/simplex/lib/app/resources/libHSfilepath-1.4.100.4-ghc9.6.3.so
7f2ac0400000-7f2ac06ef000 r-xp 00000000 00:22 9500993                    /opt/simplex/lib/app/resources/libHStext-2.0.2-ghc9.6.3.so
7f2ac06ef000-7f2ac06f0000 r--p 002ee000 00:22 9500993                    /opt/simplex/lib/app/resources/libHStext-2.0.2-ghc9.6.3.so
7f2ac06f0000-7f2ac0708000 rw-p 002ef000 00:22 9500993                    /opt/simplex/lib/app/resources/libHStext-2.0.2-ghc9.6.3.so
7f2ac0708000-7f2ac070a000 r--p 00000000 00:22 7067331                    /usr/lib/libXdmcp.so.6.0.0
7f2ac070a000-7f2ac070c000 r-xp 00002000 00:22 7067331                    /usr/lib/libXdmcp.so.6.0.0
7f2ac070c000-7f2ac070e000 r--p 00004000 00:22 7067331                    /usr/lib/libXdmcp.so.6.0.0
7f2ac070e000-7f2ac070f000 r--p 00005000 00:22 7067331                    /usr/lib/libXdmcp.so.6.0.0
7f2ac070f000-7f2ac0710000 rw-p 00006000 00:22 7067331                    /usr/lib/libXdmcp.so.6.0.0
7f2ac0710000-7f2ac0711000 r--p 00000000 00:22 268361                     /usr/lib/libbrotlidec.so.1.2.0
7f2ac0711000-7f2ac071a000 r-xp 00001000 00:22 268361                     /usr/lib/libbrotlidec.so.1.2.0
7f2ac071a000-7f2ac071d000 r--p 0000a000 00:22 268361                     /usr/lib/libbrotlidec.so.1.2.0
7f2ac071d000-7f2ac071e000 r--p 0000c000 00:22 268361                     /usr/lib/libbrotlidec.so.1.2.0
7f2ac071e000-7f2ac071f000 rw-p 0000d000 00:22 268361                     /usr/lib/libbrotlidec.so.1.2.0
7f2ac071f000-7f2ac073c000 r-xp 00000000 00:22 9500986                    /opt/simplex/lib/app/resources/libHSstm-2.5.1.0-ghc9.6.3.so
7f2ac073c000-7f2ac073d000 ---p 0001d000 00:22 9500986                    /opt/simplex/lib/app/resources/libHSstm-2.5.1.0-ghc9.6.3.so
7f2ac073d000-7f2ac073e000 r--p 0001d000 00:22 9500986                    /opt/simplex/lib/app/resources/libHSstm-2.5.1.0-ghc9.6.3.so
7f2ac073e000-7f2ac0741000 rw-p 0001e000 00:22 9500986                    /opt/simplex/lib/app/resources/libHSstm-2.5.1.0-ghc9.6.3.so
7f2ac0741000-7f2ac0807000 r-xp 00000000 00:22 9500891                    /opt/simplex/lib/app/resources/libHSbinary-0.8.9.1-ghc9.6.3.so
7f2ac0807000-7f2ac0808000 ---p 000c6000 00:22 9500891                    /opt/simplex/lib/app/resources/libHSbinary-0.8.9.1-ghc9.6.3.so
7f2ac0808000-7f2ac0809000 r--p 000c6000 00:22 9500891                    /opt/simplex/lib/app/resources/libHSbinary-0.8.9.1-ghc9.6.3.so
7f2ac0809000-7f2ac080f000 rw-p 000c7000 00:22 9500891                    /opt/simplex/lib/app/resources/libHSbinary-0.8.9.1-ghc9.6.3.so
7f2ac080f000-7f2ac0843000 r--p 00000000 00:22 9500937                    /opt/simplex/lib/app/resources/libHShashable-1.4.3.0-98acfc8d400a5c987d553ee7033a1f0d4393f505a0071034b204862e7038d80e-ghc9.6.3.so
7f2ac0843000-7f2ac0862000 r-xp 00034000 00:22 9500937                    /opt/simplex/lib/app/resources/libHShashable-1.4.3.0-98acfc8d400a5c987d553ee7033a1f0d4393f505a0071034b204862e7038d80e-ghc9.6.3.so
7f2ac0862000-7f2ac0863000 r--p 00053000 00:22 9500937                    /opt/simplex/lib/app/resources/libHShashable-1.4.3.0-98acfc8d400a5c987d553ee7033a1f0d4393f505a0071034b204862e7038d80e-ghc9.6.3.so
7f2ac0863000-7f2ac0864000 r--p 00053000 00:22 9500937                    /opt/simplex/lib/app/resources/libHShashable-1.4.3.0-98acfc8d400a5c987d553ee7033a1f0d4393f505a0071034b204862e7038d80e-ghc9.6.3.so
7f2ac0864000-7f2ac0867000 rw-p 00054000 00:22 9500937                    /opt/simplex/lib/app/resources/libHShashable-1.4.3.0-98acfc8d400a5c987d553ee7033a1f0d4393f505a0071034b204862e7038d80e-ghc9.6.3.so
7f2ac0867000-7f2ac0876000 r--p 00000000 00:22 9500919                    /opt/simplex/lib/app/resources/libHSdata-fix-0.3.2-4404532ec4620d7c25dfbde142be7414df2f51c7512f2c63e2cf5ae3482c5071-ghc9.6.3.so
7f2ac0876000-7f2ac0880000 r-xp 0000f000 00:22 9500919                    /opt/simplex/lib/app/resources/libHSdata-fix-0.3.2-4404532ec4620d7c25dfbde142be7414df2f51c7512f2c63e2cf5ae3482c5071-ghc9.6.3.so
7f2ac0880000-7f2ac0881000 r--p 00019000 00:22 9500919                    /opt/simplex/lib/app/resources/libHSdata-fix-0.3.2-4404532ec4620d7c25dfbde142be7414df2f51c7512f2c63e2cf5ae3482c5071-ghc9.6.3.so
7f2ac0881000-7f2ac0882000 r--p 00019000 00:22 9500919                    /opt/simplex/lib/app/resources/libHSdata-fix-0.3.2-4404532ec4620d7c25dfbde142be7414df2f51c7512f2c63e2cf5ae3482c5071-ghc9.6.3.so
7f2ac0882000-7f2ac0883000 rw-p 0001a000 00:22 9500919                    /opt/simplex/lib/app/resources/libHSdata-fix-0.3.2-4404532ec4620d7c25dfbde142be7414df2f51c7512f2c63e2cf5ae3482c5071-ghc9.6.3.so
7f2ac0883000-7f2ac0898000 r--p 00000000 00:22 9500925                    /opt/simplex/lib/app/resources/libHSdlist-1.0-19350425ea16e193b94f3155032af71150aa52f121d0da6d2b4a052ebe8b472e-ghc9.6.3.so
7f2ac0898000-7f2ac08a6000 r-xp 00015000 00:22 9500925                    /opt/simplex/lib/app/resources/libHSdlist-1.0-19350425ea16e193b94f3155032af71150aa52f121d0da6d2b4a052ebe8b472e-ghc9.6.3.so
7f2ac08a6000-7f2ac08a7000 r--p 00023000 00:22 9500925                    /opt/simplex/lib/app/resources/libHSdlist-1.0-19350425ea16e193b94f3155032af71150aa52f121d0da6d2b4a052ebe8b472e-ghc9.6.3.so
7f2ac08a7000-7f2ac08a8000 r--p 00023000 00:22 9500925                    /opt/simplex/lib/app/resources/libHSdlist-1.0-19350425ea16e193b94f3155032af71150aa52f121d0da6d2b4a052ebe8b472e-ghc9.6.3.so
7f2ac08a8000-7f2ac08aa000 rw-p 00024000 00:22 9500925                    /opt/simplex/lib/app/resources/libHSdlist-1.0-19350425ea16e193b94f3155032af71150aa52f121d0da6d2b4a052ebe8b472e-ghc9.6.3.so
7f2ac08aa000-7f2ac08e2000 r--p 00000000 00:22 9500941                    /opt/simplex/lib/app/resources/libHSindexed-traversable-0.1.3-5c151c51a16fe848251abf60409384564a48ba07895ffcc7c55051ccad6ef1c8-ghc9.6.3.so
7f2ac08e2000-7f2ac090b000 r-xp 00038000 00:22 9500941                    /opt/simplex/lib/app/resources/libHSindexed-traversable-0.1.3-5c151c51a16fe848251abf60409384564a48ba07895ffcc7c55051ccad6ef1c8-ghc9.6.3.so
7f2ac090b000-7f2ac090c000 r--p 00061000 00:22 9500941                    /opt/simplex/lib/app/resources/libHSindexed-traversable-0.1.3-5c151c51a16fe848251abf60409384564a48ba07895ffcc7c55051ccad6ef1c8-ghc9.6.3.so
7f2ac090c000-7f2ac090d000 r--p 00061000 00:22 9500941                    /opt/simplex/lib/app/resources/libHSindexed-traversable-0.1.3-5c151c51a16fe848251abf60409384564a48ba07895ffcc7c55051ccad6ef1c8-ghc9.6.3.so
7f2ac090d000-7f2ac0910000 rw-p 00062000 00:22 9500941                    /opt/simplex/lib/app/resources/libHSindexed-traversable-0.1.3-5c151c51a16fe848251abf60409384564a48ba07895ffcc7c55051ccad6ef1c8-ghc9.6.3.so
7f2ac0910000-7f2ac0992000 r--p 00000000 00:22 9500969                    /opt/simplex/lib/app/resources/libHSprimitive-0.8.0.0-1668d91881d295d36b48f2796497f2026070412919828ab5bdf883bdf10dfdf1-ghc9.6.3.so
7f2ac0992000-7f2ac09e3000 r-xp 00082000 00:22 9500969                    /opt/simplex/lib/app/resources/libHSprimitive-0.8.0.0-1668d91881d295d36b48f2796497f2026070412919828ab5bdf883bdf10dfdf1-ghc9.6.3.so
7f2ac09e3000-7f2ac09e5000 r--p 000d3000 00:22 9500969                    /opt/simplex/lib/app/resources/libHSprimitive-0.8.0.0-1668d91881d295d36b48f2796497f2026070412919828ab5bdf883bdf10dfdf1-ghc9.6.3.so
7f2ac09e5000-7f2ac09e6000 r--p 000d4000 00:22 9500969                    /opt/simplex/lib/app/resources/libHSprimitive-0.8.0.0-1668d91881d295d36b48f2796497f2026070412919828ab5bdf883bdf10dfdf1-ghc9.6.3.so
7f2ac09e6000-7f2ac09f3000 rw-p 000d5000 00:22 9500969                    /opt/simplex/lib/app/resources/libHSprimitive-0.8.0.0-1668d91881d295d36b48f2796497f2026070412919828ab5bdf883bdf10dfdf1-ghc9.6.3.so
7f2ac09f3000-7f2ac09fe000 r--p 00000000 00:22 9500945                    /opt/simplex/lib/app/resources/libHSinteger-logarithms-1.0.3.1-967596eee7d227357a19cc7ecdd12c181b8bbc7a88c7e90578ac5595d559b732-ghc9.6.3.so
7f2ac09fe000-7f2ac0a0f000 r-xp 0000b000 00:22 9500945                    /opt/simplex/lib/app/resources/libHSinteger-logarithms-1.0.3.1-967596eee7d227357a19cc7ecdd12c181b8bbc7a88c7e90578ac5595d559b732-ghc9.6.3.so
7f2ac0a0f000-7f2ac0a10000 r--p 0001c000 00:22 9500945                    /opt/simplex/lib/app/resources/libHSinteger-logarithms-1.0.3.1-967596eee7d227357a19cc7ecdd12c181b8bbc7a88c7e90578ac5595d559b732-ghc9.6.3.so
7f2ac0a10000-7f2ac0a11000 r--p 0001c000 00:22 9500945                    /opt/simplex/lib/app/resources/libHSinteger-logarithms-1.0.3.1-967596eee7d227357a19cc7ecdd12c181b8bbc7a88c7e90578ac5595d559b732-ghc9.6.3.so
7f2ac0a11000-7f2ac0a14000 rw-p 0001d000 00:22 9500945                    /opt/simplex/lib/app/resources/libHSinteger-logarithms-1.0.3.1-967596eee7d227357a19cc7ecdd12c181b8bbc7a88c7e90578ac5595d559b732-ghc9.6.3.so
7f2ac0a14000-7f2ac0b06000 r-xp 00000000 00:22 9500965                    /opt/simplex/lib/app/resources/libHSparsec-3.1.16.1-ghc9.6.3.so
7f2ac0b06000-7f2ac0b07000 ---p 000f2000 00:22 9500965                    /opt/simplex/lib/app/resources/libHSparsec-3.1.16.1-ghc9.6.3.so
7f2ac0b07000-7f2ac0b08000 r--p 000f2000 00:22 9500965                    /opt/simplex/lib/app/resources/libHSparsec-3.1.16.1-ghc9.6.3.so
7f2ac0b08000-7f2ac0b14000 rw-p 000f3000 00:22 9500965                    /opt/simplex/lib/app/resources/libHSparsec-3.1.16.1-ghc9.6.3.so
7f2ac0b14000-7f2ac0b36000 r--p 00000000 00:22 9500961                    /opt/simplex/lib/app/resources/libHSnetwork-uri-2.6.4.2-1b28555ec16212e9f20752fce0460b0baff485858922e9bd4f037e02858e9015-ghc9.6.3.so
7f2ac0b36000-7f2ac0b98000 r-xp 00022000 00:22 9500961                    /opt/simplex/lib/app/resources/libHSnetwork-uri-2.6.4.2-1b28555ec16212e9f20752fce0460b0baff485858922e9bd4f037e02858e9015-ghc9.6.3.so
7f2ac0b98000-7f2ac0b99000 r--p 00084000 00:22 9500961                    /opt/simplex/lib/app/resources/libHSnetwork-uri-2.6.4.2-1b28555ec16212e9f20752fce0460b0baff485858922e9bd4f037e02858e9015-ghc9.6.3.so
7f2ac0b99000-7f2ac0b9a000 r--p 00084000 00:22 9500961                    /opt/simplex/lib/app/resources/libHSnetwork-uri-2.6.4.2-1b28555ec16212e9f20752fce0460b0baff485858922e9bd4f037e02858e9015-ghc9.6.3.so
7f2ac0b9a000-7f2ac0b9e000 rw-p 00085000 00:22 9500961                    /opt/simplex/lib/app/resources/libHSnetwork-uri-2.6.4.2-1b28555ec16212e9f20752fce0460b0baff485858922e9bd4f037e02858e9015-ghc9.6.3.so
7f2ac0b9e000-7f2ac0bc2000 r--p 00000000 00:22 9500977                    /opt/simplex/lib/app/resources/libHSscientific-0.3.7.0-7a07b5ac361675a639efba043eabeed19b465966ead7cf70752d089759ceb598-ghc9.6.3.so
7f2ac0bc2000-7f2ac0bf8000 r-xp 00024000 00:22 9500977                    /opt/simplex/lib/app/resources/libHSscientific-0.3.7.0-7a07b5ac361675a639efba043eabeed19b465966ead7cf70752d089759ceb598-ghc9.6.3.so
7f2ac0bf8000-7f2ac0bf9000 r--p 0005a000 00:22 9500977                    /opt/simplex/lib/app/resources/libHSscientific-0.3.7.0-7a07b5ac361675a639efba043eabeed19b465966ead7cf70752d089759ceb598-ghc9.6.3.so
7f2ac0bf9000-7f2ac0bfa000 ---p 0005b000 00:22 9500977                    /opt/simplex/lib/app/resources/libHSscientific-0.3.7.0-7a07b5ac361675a639efba043eabeed19b465966ead7cf70752d089759ceb598-ghc9.6.3.so
7f2ac0bfa000-7f2ac0bfb000 r--p 0005b000 00:22 9500977                    /opt/simplex/lib/app/resources/libHSscientific-0.3.7.0-7a07b5ac361675a639efba043eabeed19b465966ead7cf70752d089759ceb598-ghc9.6.3.so
7f2ac0bfb000-7f2ac0c00000 rw-p 0005c000 00:22 9500977                    /opt/simplex/lib/app/resources/libHSscientific-0.3.7.0-7a07b5ac361675a639efba043eabeed19b465966ead7cf70752d089759ceb598-ghc9.6.3.so
7f2ac0c00000-7f2ac0d86000 r--p 00000000 00:22 9501019                    /opt/simplex/lib/app/resources/libHSvector-0.13.1.0-cf8a0ecaaaf2c3a8a67fd3a90b4673e394789ff172620844d9169dac0c285184-ghc9.6.3.so
7f2ac0d86000-7f2ac1118000 r-xp 00186000 00:22 9501019                    /opt/simplex/lib/app/resources/libHSvector-0.13.1.0-cf8a0ecaaaf2c3a8a67fd3a90b4673e394789ff172620844d9169dac0c285184-ghc9.6.3.so
7f2ac1118000-7f2ac111a000 r--p 00518000 00:22 9501019                    /opt/simplex/lib/app/resources/libHSvector-0.13.1.0-cf8a0ecaaaf2c3a8a67fd3a90b4673e394789ff172620844d9169dac0c285184-ghc9.6.3.so
7f2ac111a000-7f2ac111b000 ---p 0051a000 00:22 9501019                    /opt/simplex/lib/app/resources/libHSvector-0.13.1.0-cf8a0ecaaaf2c3a8a67fd3a90b4673e394789ff172620844d9169dac0c285184-ghc9.6.3.so
7f2ac111b000-7f2ac111c000 r--p 0051a000 00:22 9501019                    /opt/simplex/lib/app/resources/libHSvector-0.13.1.0-cf8a0ecaaaf2c3a8a67fd3a90b4673e394789ff172620844d9169dac0c285184-ghc9.6.3.so
7f2ac111c000-7f2ac114a000 rw-p 0051b000 00:22 9501019                    /opt/simplex/lib/app/resources/libHSvector-0.13.1.0-cf8a0ecaaaf2c3a8a67fd3a90b4673e394789ff172620844d9169dac0c285184-ghc9.6.3.so
7f2ac114a000-7f2ac114c000 r--p 00000000 00:22 9501028                    /opt/simplex/lib/app/resources/libffi.so.8
7f2ac114c000-7f2ac115b000 r-xp 00002000 00:22 9501028                    /opt/simplex/lib/app/resources/libffi.so.8
7f2ac115b000-7f2ac115d000 r--p 00011000 00:22 9501028                    /opt/simplex/lib/app/resources/libffi.so.8
7f2ac115d000-7f2ac115e000 r--p 00012000 00:22 9501028                    /opt/simplex/lib/app/resources/libffi.so.8
7f2ac115e000-7f2ac115f000 rw-p 00013000 00:22 9501028                    /opt/simplex/lib/app/resources/libffi.so.8
7f2ac115f000-7f2ac117b000 r--p 00000000 00:22 9500990                    /opt/simplex/lib/app/resources/libHStagged-0.8.8-245207977ddabd2449b4b7811802701130827478b7f71185ea9f91ae936b7797-ghc9.6.3.so
7f2ac117b000-7f2ac118a000 r-xp 0001c000 00:22 9500990                    /opt/simplex/lib/app/resources/libHStagged-0.8.8-245207977ddabd2449b4b7811802701130827478b7f71185ea9f91ae936b7797-ghc9.6.3.so
7f2ac118a000-7f2ac118b000 r--p 0002b000 00:22 9500990                    /opt/simplex/lib/app/resources/libHStagged-0.8.8-245207977ddabd2449b4b7811802701130827478b7f71185ea9f91ae936b7797-ghc9.6.3.so
7f2ac118b000-7f2ac118c000 r--p 0002b000 00:22 9500990                    /opt/simplex/lib/app/resources/libHStagged-0.8.8-245207977ddabd2449b4b7811802701130827478b7f71185ea9f91ae936b7797-ghc9.6.3.so
7f2ac118c000-7f2ac118e000 rw-p 0002c000 00:22 9500990                    /opt/simplex/lib/app/resources/libHStagged-0.8.8-245207977ddabd2449b4b7811802701130827478b7f71185ea9f91ae936b7797-ghc9.6.3.so
7f2ac118e000-7f2ac11cd000 r--p 00000000 00:22 9501015                    /opt/simplex/lib/app/resources/libHSunordered-containers-0.2.19.1-fe823f0c4c35e091e52d2033a63fb26d634c96f699768c5240411cca0b2d0108-ghc9.6.3.so
7f2ac11cd000-7f2ac124d000 r-xp 0003f000 00:22 9501015                    /opt/simplex/lib/app/resources/libHSunordered-containers-0.2.19.1-fe823f0c4c35e091e52d2033a63fb26d634c96f699768c5240411cca0b2d0108-ghc9.6.3.so
7f2ac124d000-7f2ac124e000 r--p 000bf000 00:22 9501015                    /opt/simplex/lib/app/resources/libHSunordered-containers-0.2.19.1-fe823f0c4c35e091e52d2033a63fb26d634c96f699768c5240411cca0b2d0108-ghc9.6.3.so
7f2ac124e000-7f2ac124f000 ---p 000c0000 00:22 9501015                    /opt/simplex/lib/app/resources/libHSunordered-containers-0.2.19.1-fe823f0c4c35e091e52d2033a63fb26d634c96f699768c5240411cca0b2d0108-ghc9.6.3.so
7f2ac124f000-7f2ac1250000 r--p 000c0000 00:22 9501015                    /opt/simplex/lib/app/resources/libHSunordered-containers-0.2.19.1-fe823f0c4c35e091e52d2033a63fb26d634c96f699768c5240411cca0b2d0108-ghc9.6.3.so
7f2ac1250000-7f2ac1255000 rw-p 000c1000 00:22 9501015                    /opt/simplex/lib/app/resources/libHSunordered-containers-0.2.19.1-fe823f0c4c35e091e52d2033a63fb26d634c96f699768c5240411cca0b2d0108-ghc9.6.3.so
7f2ac1255000-7f2ac1269000 r--p 00000000 00:22 9501021                    /opt/simplex/lib/app/resources/libHSvector-stream-0.1.0.0-cd544f2a524119b745a23e3409aa3f38b5d18471174a3ec15e48fdb0b32df517-ghc9.6.3.so
7f2ac1269000-7f2ac12a7000 r-xp 00014000 00:22 9501021                    /opt/simplex/lib/app/resources/libHSvector-stream-0.1.0.0-cd544f2a524119b745a23e3409aa3f38b5d18471174a3ec15e48fdb0b32df517-ghc9.6.3.so
7f2ac12a7000-7f2ac12a8000 r--p 00052000 00:22 9501021                    /opt/simplex/lib/app/resources/libHSvector-stream-0.1.0.0-cd544f2a524119b745a23e3409aa3f38b5d18471174a3ec15e48fdb0b32df517-ghc9.6.3.so
7f2ac12a8000-7f2ac12a9000 r--p 00052000 00:22 9501021                    /opt/simplex/lib/app/resources/libHSvector-stream-0.1.0.0-cd544f2a524119b745a23e3409aa3f38b5d18471174a3ec15e48fdb0b32df517-ghc9.6.3.so
7f2ac12a9000-7f2ac12ab000 rw-p 00053000 00:22 9501021                    /opt/simplex/lib/app/resources/libHSvector-stream-0.1.0.0-cd544f2a524119b745a23e3409aa3f38b5d18471174a3ec15e48fdb0b32df517-ghc9.6.3.so
7f2ac12ab000-7f2ac12bd000 r--p 00000000 00:22 9500924                    /opt/simplex/lib/app/resources/libHSdistributive-0.6.2.1-424d6f2381d9c9b4606d8ef373e84068158bda1024a3a03ef04f8b94e363236b-ghc9.6.3.so
7f2ac12bd000-7f2ac12c9000 r-xp 00012000 00:22 9500924                    /opt/simplex/lib/app/resources/libHSdistributive-0.6.2.1-424d6f2381d9c9b4606d8ef373e84068158bda1024a3a03ef04f8b94e363236b-ghc9.6.3.so
7f2ac12c9000-7f2ac12ca000 r--p 0001e000 00:22 9500924                    /opt/simplex/lib/app/resources/libHSdistributive-0.6.2.1-424d6f2381d9c9b4606d8ef373e84068158bda1024a3a03ef04f8b94e363236b-ghc9.6.3.so
7f2ac12ca000-7f2ac12cb000 r--p 0001e000 00:22 9500924                    /opt/simplex/lib/app/resources/libHSdistributive-0.6.2.1-424d6f2381d9c9b4606d8ef373e84068158bda1024a3a03ef04f8b94e363236b-ghc9.6.3.so
7f2ac12cb000-7f2ac12cc000 rw-p 0001f000 00:22 9500924                    /opt/simplex/lib/app/resources/libHSdistributive-0.6.2.1-424d6f2381d9c9b4606d8ef373e84068158bda1024a3a03ef04f8b94e363236b-ghc9.6.3.so
7f2ac12cc000-7f2ac130e000 r--p 00000000 00:22 9501007                    /opt/simplex/lib/app/resources/libHStransformers-compat-0.7.2-25923a9ee3488abd71a022b0310fa410647c6ac733dd896576b6e366ef80fd82-ghc9.6.3.so
7f2ac130e000-7f2ac1327000 r-xp 00042000 00:22 9501007                    /opt/simplex/lib/app/resources/libHStransformers-compat-0.7.2-25923a9ee3488abd71a022b0310fa410647c6ac733dd896576b6e366ef80fd82-ghc9.6.3.so
7f2ac1327000-7f2ac1329000 r--p 0005b000 00:22 9501007                    /opt/simplex/lib/app/resources/libHStransformers-compat-0.7.2-25923a9ee3488abd71a022b0310fa410647c6ac733dd896576b6e366ef80fd82-ghc9.6.3.so
7f2ac1329000-7f2ac132a000 r--p 0005c000 00:22 9501007                    /opt/simplex/lib/app/resources/libHStransformers-compat-0.7.2-25923a9ee3488abd71a022b0310fa410647c6ac733dd896576b6e366ef80fd82-ghc9.6.3.so
7f2ac132a000-7f2ac132f000 rw-p 0005d000 00:22 9501007                    /opt/simplex/lib/app/resources/libHStransformers-compat-0.7.2-25923a9ee3488abd71a022b0310fa410647c6ac733dd896576b6e366ef80fd82-ghc9.6.3.so
7f2ac132f000-7f2ac135e000 r--p 00000000 00:22 9500900                    /opt/simplex/lib/app/resources/libHScomonad-5.0.8-db6fdc8475375a8088bde8f5f0a18ec7839b5f7135bfd4a1b039ae844bb9f9f7-ghc9.6.3.so
7f2ac135e000-7f2ac137a000 r-xp 0002f000 00:22 9500900                    /opt/simplex/lib/app/resources/libHScomonad-5.0.8-db6fdc8475375a8088bde8f5f0a18ec7839b5f7135bfd4a1b039ae844bb9f9f7-ghc9.6.3.so
7f2ac137a000-7f2ac137b000 r--p 0004b000 00:22 9500900                    /opt/simplex/lib/app/resources/libHScomonad-5.0.8-db6fdc8475375a8088bde8f5f0a18ec7839b5f7135bfd4a1b039ae844bb9f9f7-ghc9.6.3.so
7f2ac137b000-7f2ac137c000 r--p 0004b000 00:22 9500900                    /opt/simplex/lib/app/resources/libHScomonad-5.0.8-db6fdc8475375a8088bde8f5f0a18ec7839b5f7135bfd4a1b039ae844bb9f9f7-ghc9.6.3.so
7f2ac137c000-7f2ac137f000 rw-p 0004c000 00:22 9500900                    /opt/simplex/lib/app/resources/libHScomonad-5.0.8-db6fdc8475375a8088bde8f5f0a18ec7839b5f7135bfd4a1b039ae844bb9f9f7-ghc9.6.3.so
7f2ac137f000-7f2ac13cb000 r--p 00000000 00:22 9500996                    /opt/simplex/lib/app/resources/libHSth-abstraction-0.6.0.0-4b7fd6ddae43ee14f43798c73010233dd357bc47de41458d8a4e4c8fc084082b-ghc9.6.3.so
7f2ac13cb000-7f2ac1412000 r-xp 0004c000 00:22 9500996                    /opt/simplex/lib/app/resources/libHSth-abstraction-0.6.0.0-4b7fd6ddae43ee14f43798c73010233dd357bc47de41458d8a4e4c8fc084082b-ghc9.6.3.so
7f2ac1412000-7f2ac1414000 r--p 00093000 00:22 9500996                    /opt/simplex/lib/app/resources/libHSth-abstraction-0.6.0.0-4b7fd6ddae43ee14f43798c73010233dd357bc47de41458d8a4e4c8fc084082b-ghc9.6.3.so
7f2ac1414000-7f2ac1415000 ---p 00095000 00:22 9500996                    /opt/simplex/lib/app/resources/libHSth-abstraction-0.6.0.0-4b7fd6ddae43ee14f43798c73010233dd357bc47de41458d8a4e4c8fc084082b-ghc9.6.3.so
7f2ac1415000-7f2ac1416000 r--p 00095000 00:22 9500996                    /opt/simplex/lib/app/resources/libHSth-abstraction-0.6.0.0-4b7fd6ddae43ee14f43798c73010233dd357bc47de41458d8a4e4c8fc084082b-ghc9.6.3.so
7f2ac1416000-7f2ac141d000 rw-p 00096000 00:22 9500996                    /opt/simplex/lib/app/resources/libHSth-abstraction-0.6.0.0-4b7fd6ddae43ee14f43798c73010233dd357bc47de41458d8a4e4c8fc084082b-ghc9.6.3.so
7f2ac141d000-7f2ac14e3000 r--p 00000000 00:22 9500890                    /opt/simplex/lib/app/resources/libHSbifunctors-5.6.1-821163cc03fae21b74f29dca370e811f63a65f46c62cfe96d1425caa200f3c5c-ghc9.6.3.so
7f2ac14e3000-7f2ac1584000 r-xp 000c6000 00:22 9500890                    /opt/simplex/lib/app/resources/libHSbifunctors-5.6.1-821163cc03fae21b74f29dca370e811f63a65f46c62cfe96d1425caa200f3c5c-ghc9.6.3.so
7f2ac1584000-7f2ac1586000 r--p 00167000 00:22 9500890                    /opt/simplex/lib/app/resources/libHSbifunctors-5.6.1-821163cc03fae21b74f29dca370e811f63a65f46c62cfe96d1425caa200f3c5c-ghc9.6.3.so
7f2ac1586000-7f2ac1587000 ---p 00169000 00:22 9500890                    /opt/simplex/lib/app/resources/libHSbifunctors-5.6.1-821163cc03fae21b74f29dca370e811f63a65f46c62cfe96d1425caa200f3c5c-ghc9.6.3.so
7f2ac1587000-7f2ac1588000 r--p 00169000 00:22 9500890                    /opt/simplex/lib/app/resources/libHSbifunctors-5.6.1-821163cc03fae21b74f29dca370e811f63a65f46c62cfe96d1425caa200f3c5c-ghc9.6.3.so
7f2ac1588000-7f2ac1597000 rw-p 0016a000 00:22 9500890                    /opt/simplex/lib/app/resources/libHSbifunctors-5.6.1-821163cc03fae21b74f29dca370e811f63a65f46c62cfe96d1425caa200f3c5c-ghc9.6.3.so
7f2ac1597000-7f2ac15b9000 r--p 00000000 00:22 9500906                    /opt/simplex/lib/app/resources/libHScontravariant-1.5.5-70d7f156408038e9752dcbba632c9c365900dde64d1872b1b3f3370b60d23395-ghc9.6.3.so
7f2ac15b9000-7f2ac15c8000 r-xp 00022000 00:22 9500906                    /opt/simplex/lib/app/resources/libHScontravariant-1.5.5-70d7f156408038e9752dcbba632c9c365900dde64d1872b1b3f3370b60d23395-ghc9.6.3.so
7f2ac15c8000-7f2ac15c9000 r--p 00031000 00:22 9500906                    /opt/simplex/lib/app/resources/libHScontravariant-1.5.5-70d7f156408038e9752dcbba632c9c365900dde64d1872b1b3f3370b60d23395-ghc9.6.3.so
7f2ac15c9000-7f2ac15ca000 r--p 00031000 00:22 9500906                    /opt/simplex/lib/app/resources/libHScontravariant-1.5.5-70d7f156408038e9752dcbba632c9c365900dde64d1872b1b3f3370b60d23395-ghc9.6.3.so
7f2ac15ca000-7f2ac15cc000 rw-p 00032000 00:22 9500906                    /opt/simplex/lib/app/resources/libHScontravariant-1.5.5-70d7f156408038e9752dcbba632c9c365900dde64d1872b1b3f3370b60d23395-ghc9.6.3.so
7f2ac15cc000-7f2ac1682000 r--p 00000000 00:22 9500979                    /opt/simplex/lib/app/resources/libHSsemigroupoids-6.0.0.1-d56f88db2e1891ee087502046796957cae68c5b2ce657ace8f34eccdd8b0241a-ghc9.6.3.so
7f2ac1682000-7f2ac16ee000 r-xp 000b6000 00:22 9500979                    /opt/simplex/lib/app/resources/libHSsemigroupoids-6.0.0.1-d56f88db2e1891ee087502046796957cae68c5b2ce657ace8f34eccdd8b0241a-ghc9.6.3.so
7f2ac16ee000-7f2ac16ef000 r--p 00122000 00:22 9500979                    /opt/simplex/lib/app/resources/libHSsemigroupoids-6.0.0.1-d56f88db2e1891ee087502046796957cae68c5b2ce657ace8f34eccdd8b0241a-ghc9.6.3.so
7f2ac16ef000-7f2ac16f0000 ---p 00123000 00:22 9500979                    /opt/simplex/lib/app/resources/libHSsemigroupoids-6.0.0.1-d56f88db2e1891ee087502046796957cae68c5b2ce657ace8f34eccdd8b0241a-ghc9.6.3.so
7f2ac16f0000-7f2ac16f1000 r--p 00123000 00:22 9500979                    /opt/simplex/lib/app/resources/libHSsemigroupoids-6.0.0.1-d56f88db2e1891ee087502046796957cae68c5b2ce657ace8f34eccdd8b0241a-ghc9.6.3.so
7f2ac16f1000-7f2ac16f9000 rw-p 00124000 00:22 9500979                    /opt/simplex/lib/app/resources/libHSsemigroupoids-6.0.0.1-d56f88db2e1891ee087502046796957cae68c5b2ce657ace8f34eccdd8b0241a-ghc9.6.3.so
7f2ac16f9000-7f2ac1721000 r--p 00000000 00:22 9501000                    /opt/simplex/lib/app/resources/libHSthese-1.2-3b1f6a11eac936dc57ccf3a6f07e8171cab1162bd8998b3ed3f34a6961b31092-ghc9.6.3.so
7f2ac1721000-7f2ac1746000 r-xp 00028000 00:22 9501000                    /opt/simplex/lib/app/resources/libHSthese-1.2-3b1f6a11eac936dc57ccf3a6f07e8171cab1162bd8998b3ed3f34a6961b31092-ghc9.6.3.so
7f2ac1746000-7f2ac1747000 r--p 0004d000 00:22 9501000                    /opt/simplex/lib/app/resources/libHSthese-1.2-3b1f6a11eac936dc57ccf3a6f07e8171cab1162bd8998b3ed3f34a6961b31092-ghc9.6.3.so
7f2ac1747000-7f2ac1748000 r--p 0004d000 00:22 9501000                    /opt/simplex/lib/app/resources/libHSthese-1.2-3b1f6a11eac936dc57ccf3a6f07e8171cab1162bd8998b3ed3f34a6961b31092-ghc9.6.3.so
7f2ac1748000-7f2ac174b000 rw-p 0004e000 00:22 9501000                    /opt/simplex/lib/app/resources/libHSthese-1.2-3b1f6a11eac936dc57ccf3a6f07e8171cab1162bd8998b3ed3f34a6961b31092-ghc9.6.3.so
7f2ac174b000-7f2ac1784000 r--p 00000000 00:22 9500978                    /opt/simplex/lib/app/resources/libHSsemialign-1.3-99ac2e818d746a6df401718f0e74d0c6627f6b1f9a710e172a601f5dd48242ec-ghc9.6.3.so
7f2ac1784000-7f2ac17b4000 r-xp 00039000 00:22 9500978                    /opt/simplex/lib/app/resources/libHSsemialign-1.3-99ac2e818d746a6df401718f0e74d0c6627f6b1f9a710e172a601f5dd48242ec-ghc9.6.3.so
7f2ac17b4000-7f2ac17b5000 r--p 00069000 00:22 9500978                    /opt/simplex/lib/app/resources/libHSsemialign-1.3-99ac2e818d746a6df401718f0e74d0c6627f6b1f9a710e172a601f5dd48242ec-ghc9.6.3.so
7f2ac17b5000-7f2ac17b6000 ---p 0006a000 00:22 9500978                    /opt/simplex/lib/app/resources/libHSsemialign-1.3-99ac2e818d746a6df401718f0e74d0c6627f6b1f9a710e172a601f5dd48242ec-ghc9.6.3.so
7f2ac17b6000-7f2ac17b7000 r--p 0006a000 00:22 9500978                    /opt/simplex/lib/app/resources/libHSsemialign-1.3-99ac2e818d746a6df401718f0e74d0c6627f6b1f9a710e172a601f5dd48242ec-ghc9.6.3.so
7f2ac17b7000-7f2ac17bb000 rw-p 0006b000 00:22 9500978                    /opt/simplex/lib/app/resources/libHSsemialign-1.3-99ac2e818d746a6df401718f0e74d0c6627f6b1f9a710e172a601f5dd48242ec-ghc9.6.3.so
7f2ac17bb000-7f2ac1805000 r--p 00000000 00:22 9500989                    /opt/simplex/lib/app/resources/libHSstrict-0.5-1a0c8f31aff2b2f1a8ae2f87d1569e7d08ca311d4a6f56f8f2ee0b62023ef159-ghc9.6.3.so
7f2ac1805000-7f2ac183e000 r-xp 0004a000 00:22 9500989                    /opt/simplex/lib/app/resources/libHSstrict-0.5-1a0c8f31aff2b2f1a8ae2f87d1569e7d08ca311d4a6f56f8f2ee0b62023ef159-ghc9.6.3.so
7f2ac183e000-7f2ac183f000 r--p 00083000 00:22 9500989                    /opt/simplex/lib/app/resources/libHSstrict-0.5-1a0c8f31aff2b2f1a8ae2f87d1569e7d08ca311d4a6f56f8f2ee0b62023ef159-ghc9.6.3.so
7f2ac183f000-7f2ac1840000 r--p 00083000 00:22 9500989                    /opt/simplex/lib/app/resources/libHSstrict-0.5-1a0c8f31aff2b2f1a8ae2f87d1569e7d08ca311d4a6f56f8f2ee0b62023ef159-ghc9.6.3.so
7f2ac1840000-7f2ac1846000 rw-p 00084000 00:22 9500989                    /opt/simplex/lib/app/resources/libHSstrict-0.5-1a0c8f31aff2b2f1a8ae2f87d1569e7d08ca311d4a6f56f8f2ee0b62023ef159-ghc9.6.3.so
7f2ac1846000-7f2ac19b5000 r-xp 00000000 00:22 9501001                    /opt/simplex/lib/app/resources/libHStime-1.12.2-ghc9.6.3.so
7f2ac19b5000-7f2ac19b6000 ---p 0016f000 00:22 9501001                    /opt/simplex/lib/app/resources/libHStime-1.12.2-ghc9.6.3.so
7f2ac19b6000-7f2ac19b7000 r--p 0016f000 00:22 9501001                    /opt/simplex/lib/app/resources/libHStime-1.12.2-ghc9.6.3.so
7f2ac19b7000-7f2ac19d3000 rw-p 00170000 00:22 9501001                    /opt/simplex/lib/app/resources/libHStime-1.12.2-ghc9.6.3.so
7f2ac19d3000-7f2ac19ef000 r--p 00000000 00:22 9501002                    /opt/simplex/lib/app/resources/libHStime-compat-1.9.6.1-d15b6a338416dabcd597571a5e582e7c8fcc7d68279f99ccd7cd20e024900e44-ghc9.6.3.so
7f2ac19ef000-7f2ac19fc000 r-xp 0001c000 00:22 9501002                    /opt/simplex/lib/app/resources/libHStime-compat-1.9.6.1-d15b6a338416dabcd597571a5e582e7c8fcc7d68279f99ccd7cd20e024900e44-ghc9.6.3.so
7f2ac19fc000-7f2ac19fd000 r--p 00029000 00:22 9501002                    /opt/simplex/lib/app/resources/libHStime-compat-1.9.6.1-d15b6a338416dabcd597571a5e582e7c8fcc7d68279f99ccd7cd20e024900e44-ghc9.6.3.so
7f2ac19fd000-7f2ac19fe000 r--p 00029000 00:22 9501002                    /opt/simplex/lib/app/resources/libHStime-compat-1.9.6.1-d15b6a338416dabcd597571a5e582e7c8fcc7d68279f99ccd7cd20e024900e44-ghc9.6.3.so
7f2ac19fe000-7f2ac1a00000 rw-p 0002a000 00:22 9501002                    /opt/simplex/lib/app/resources/libHStime-compat-1.9.6.1-d15b6a338416dabcd597571a5e582e7c8fcc7d68279f99ccd7cd20e024900e44-ghc9.6.3.so
7f2ac1a00000-7f2ac1c2c000 r--p 00000000 00:22 9500872                    /opt/simplex/lib/app/resources/libHSaeson-2.2.1.0-cf52746d31b8346dfd448c16593c61264a0cdb15506adcbb2603cfff8af08098-ghc9.6.3.so
7f2ac1c2c000-7f2ac1f1b000 r-xp 0022c000 00:22 9500872                    /opt/simplex/lib/app/resources/libHSaeson-2.2.1.0-cf52746d31b8346dfd448c16593c61264a0cdb15506adcbb2603cfff8af08098-ghc9.6.3.so
7f2ac1f1b000-7f2ac1f22000 r--p 0051b000 00:22 9500872                    /opt/simplex/lib/app/resources/libHSaeson-2.2.1.0-cf52746d31b8346dfd448c16593c61264a0cdb15506adcbb2603cfff8af08098-ghc9.6.3.so
7f2ac1f22000-7f2ac1f23000 ---p 00522000 00:22 9500872                    /opt/simplex/lib/app/resources/libHSaeson-2.2.1.0-cf52746d31b8346dfd448c16593c61264a0cdb15506adcbb2603cfff8af08098-ghc9.6.3.so
7f2ac1f23000-7f2ac1f25000 r--p 00522000 00:22 9500872                    /opt/simplex/lib/app/resources/libHSaeson-2.2.1.0-cf52746d31b8346dfd448c16593c61264a0cdb15506adcbb2603cfff8af08098-ghc9.6.3.so
7f2ac1f25000-7f2ac1f56000 rw-p 00524000 00:22 9500872                    /opt/simplex/lib/app/resources/libHSaeson-2.2.1.0-cf52746d31b8346dfd448c16593c61264a0cdb15506adcbb2603cfff8af08098-ghc9.6.3.so
7f2ac1f59000-7f2ac1f5b000 r--p 00000000 00:22 116812                     /usr/lib/libXtst.so.6.1.0
7f2ac1f5b000-7f2ac1f5e000 r-xp 00002000 00:22 116812                     /usr/lib/libXtst.so.6.1.0
7f2ac1f5e000-7f2ac1f5f000 r--p 00005000 00:22 116812                     /usr/lib/libXtst.so.6.1.0
7f2ac1f5f000-7f2ac1f60000 r--p 00005000 00:22 116812                     /usr/lib/libXtst.so.6.1.0
7f2ac1f60000-7f2ac1f61000 rw-p 00006000 00:22 116812                     /usr/lib/libXtst.so.6.1.0
7f2ac1f61000-7f2ac1f6c000 r--p 00000000 00:22 9500997                    /opt/simplex/lib/app/resources/libHSth-compat-0.1.4-0067826cccf2ecd73fb3b4a3646f25bf76c4c0471063cc62f191ddab844b4926-ghc9.6.3.so
7f2ac1f6c000-7f2ac1f6e000 r-xp 0000b000 00:22 9500997                    /opt/simplex/lib/app/resources/libHSth-compat-0.1.4-0067826cccf2ecd73fb3b4a3646f25bf76c4c0471063cc62f191ddab844b4926-ghc9.6.3.so
7f2ac1f6e000-7f2ac1f6f000 r--p 0000d000 00:22 9500997                    /opt/simplex/lib/app/resources/libHSth-compat-0.1.4-0067826cccf2ecd73fb3b4a3646f25bf76c4c0471063cc62f191ddab844b4926-ghc9.6.3.so
7f2ac1f6f000-7f2ac1f70000 r--p 0000d000 00:22 9500997                    /opt/simplex/lib/app/resources/libHSth-compat-0.1.4-0067826cccf2ecd73fb3b4a3646f25bf76c4c0471063cc62f191ddab844b4926-ghc9.6.3.so
7f2ac1f70000-7f2ac1f72000 rw-p 0000e000 00:22 9500997                    /opt/simplex/lib/app/resources/libHSth-compat-0.1.4-0067826cccf2ecd73fb3b4a3646f25bf76c4c0471063cc62f191ddab844b4926-ghc9.6.3.so
7f2ac1f72000-7f2ac1f81000 r--p 00000000 00:22 9500994                    /opt/simplex/lib/app/resources/libHStext-iso8601-0.1-55382b463885bb513191a122ae0f82efcc92d62419c514170d7c421c5a196612-ghc9.6.3.so
7f2ac1f81000-7f2ac1fc7000 r-xp 0000f000 00:22 9500994                    /opt/simplex/lib/app/resources/libHStext-iso8601-0.1-55382b463885bb513191a122ae0f82efcc92d62419c514170d7c421c5a196612-ghc9.6.3.so
7f2ac1fc7000-7f2ac1fc8000 r--p 00055000 00:22 9500994                    /opt/simplex/lib/app/resources/libHStext-iso8601-0.1-55382b463885bb513191a122ae0f82efcc92d62419c514170d7c421c5a196612-ghc9.6.3.so
7f2ac1fc8000-7f2ac1fc9000 r--p 00055000 00:22 9500994                    /opt/simplex/lib/app/resources/libHStext-iso8601-0.1-55382b463885bb513191a122ae0f82efcc92d62419c514170d7c421c5a196612-ghc9.6.3.so
7f2ac1fc9000-7f2ac1fcc000 rw-p 00056000 00:22 9500994                    /opt/simplex/lib/app/resources/libHStext-iso8601-0.1-55382b463885bb513191a122ae0f82efcc92d62419c514170d7c421c5a196612-ghc9.6.3.so
7f2ac1fcc000-7f2ac1fe8000 r--p 00000000 00:22 9500995                    /opt/simplex/lib/app/resources/libHStext-short-0.1.5-94b1ede93059468211e0353054f11cad674c09aa84b5716555f3f5b4564c6195-ghc9.6.3.so
7f2ac1fe8000-7f2ac1ffb000 r-xp 0001c000 00:22 9500995                    /opt/simplex/lib/app/resources/libHStext-short-0.1.5-94b1ede93059468211e0353054f11cad674c09aa84b5716555f3f5b4564c6195-ghc9.6.3.so
7f2ac1ffb000-7f2ac1ffc000 r--p 0002f000 00:22 9500995                    /opt/simplex/lib/app/resources/libHStext-short-0.1.5-94b1ede93059468211e0353054f11cad674c09aa84b5716555f3f5b4564c6195-ghc9.6.3.so
7f2ac1ffc000-7f2ac1ffd000 r--p 0002f000 00:22 9500995                    /opt/simplex/lib/app/resources/libHStext-short-0.1.5-94b1ede93059468211e0353054f11cad674c09aa84b5716555f3f5b4564c6195-ghc9.6.3.so
7f2ac1ffd000-7f2ac2000000 rw-p 00030000 00:22 9500995                    /opt/simplex/lib/app/resources/libHStext-short-0.1.5-94b1ede93059468211e0353054f11cad674c09aa84b5716555f3f5b4564c6195-ghc9.6.3.so
7f2ac2000000-7f2ac2058000 r--p 00000000 00:22 9500883                    /opt/simplex/lib/app/resources/libHSattoparsec-0.14.4-4f4ea7336683751fc7ddafd5d6b7f267d5cd03d53ffa54f447c4d22956ac93d0-ghc9.6.3.so
7f2ac2058000-7f2ac2218000 r-xp 00058000 00:22 9500883                    /opt/simplex/lib/app/resources/libHSattoparsec-0.14.4-4f4ea7336683751fc7ddafd5d6b7f267d5cd03d53ffa54f447c4d22956ac93d0-ghc9.6.3.so
7f2ac2218000-7f2ac2219000 r--p 00218000 00:22 9500883                    /opt/simplex/lib/app/resources/libHSattoparsec-0.14.4-4f4ea7336683751fc7ddafd5d6b7f267d5cd03d53ffa54f447c4d22956ac93d0-ghc9.6.3.so
7f2ac2219000-7f2ac221a000 ---p 00219000 00:22 9500883                    /opt/simplex/lib/app/resources/libHSattoparsec-0.14.4-4f4ea7336683751fc7ddafd5d6b7f267d5cd03d53ffa54f447c4d22956ac93d0-ghc9.6.3.so
7f2ac221a000-7f2ac221b000 r--p 00219000 00:22 9500883                    /opt/simplex/lib/app/resources/libHSattoparsec-0.14.4-4f4ea7336683751fc7ddafd5d6b7f267d5cd03d53ffa54f447c4d22956ac93d0-ghc9.6.3.so
7f2ac221b000-7f2ac2225000 rw-p 0021a000 00:22 9500883                    /opt/simplex/lib/app/resources/libHSattoparsec-0.14.4-4f4ea7336683751fc7ddafd5d6b7f267d5cd03d53ffa54f447c4d22956ac93d0-ghc9.6.3.so
7f2ac2226000-7f2ac2228000 r--p 00000000 00:22 116809                     /usr/lib/libXrender.so.1.3.0
7f2ac2228000-7f2ac222f000 r-xp 00002000 00:22 116809                     /usr/lib/libXrender.so.1.3.0
7f2ac222f000-7f2ac2230000 r--p 00009000 00:22 116809                     /usr/lib/libXrender.so.1.3.0
7f2ac2230000-7f2ac2231000 r--p 00009000 00:22 116809                     /usr/lib/libXrender.so.1.3.0
7f2ac2231000-7f2ac2232000 rw-p 0000a000 00:22 116809                     /usr/lib/libXrender.so.1.3.0
7f2ac2232000-7f2ac224c000 r--p 00000000 00:22 9501018                    /opt/simplex/lib/app/resources/libHSuuid-types-1.0.5.1-865f4cc89d0ca4f6a3f59698789a19e889c9c7269183681c34c38a1ec3a0c155-ghc9.6.3.so
7f2ac224c000-7f2ac2261000 r-xp 0001a000 00:22 9501018                    /opt/simplex/lib/app/resources/libHSuuid-types-1.0.5.1-865f4cc89d0ca4f6a3f59698789a19e889c9c7269183681c34c38a1ec3a0c155-ghc9.6.3.so
7f2ac2261000-7f2ac2262000 r--p 0002f000 00:22 9501018                    /opt/simplex/lib/app/resources/libHSuuid-types-1.0.5.1-865f4cc89d0ca4f6a3f59698789a19e889c9c7269183681c34c38a1ec3a0c155-ghc9.6.3.so
7f2ac2262000-7f2ac2263000 r--p 0002f000 00:22 9501018                    /opt/simplex/lib/app/resources/libHSuuid-types-1.0.5.1-865f4cc89d0ca4f6a3f59698789a19e889c9c7269183681c34c38a1ec3a0c155-ghc9.6.3.so
7f2ac2263000-7f2ac2265000 rw-p 00030000 00:22 9501018                    /opt/simplex/lib/app/resources/libHSuuid-types-1.0.5.1-865f4cc89d0ca4f6a3f59698789a19e889c9c7269183681c34c38a1ec3a0c155-ghc9.6.3.so
7f2ac2265000-7f2ac229e000 r--p 00000000 00:22 9501022                    /opt/simplex/lib/app/resources/libHSwitherable-0.4.2-8d7489e64c055b44e3c3ece47851fb23685c037eaadda9898ec23ce12482c663-ghc9.6.3.so
7f2ac229e000-7f2ac22d5000 r-xp 00039000 00:22 9501022                    /opt/simplex/lib/app/resources/libHSwitherable-0.4.2-8d7489e64c055b44e3c3ece47851fb23685c037eaadda9898ec23ce12482c663-ghc9.6.3.so
7f2ac22d5000-7f2ac22d6000 r--p 00070000 00:22 9501022                    /opt/simplex/lib/app/resources/libHSwitherable-0.4.2-8d7489e64c055b44e3c3ece47851fb23685c037eaadda9898ec23ce12482c663-ghc9.6.3.so
7f2ac22d6000-7f2ac22d7000 r--p 00070000 00:22 9501022                    /opt/simplex/lib/app/resources/libHSwitherable-0.4.2-8d7489e64c055b44e3c3ece47851fb23685c037eaadda9898ec23ce12482c663-ghc9.6.3.so
7f2ac22d7000-7f2ac22da000 rw-p 00071000 00:22 9501022                    /opt/simplex/lib/app/resources/libHSwitherable-0.4.2-8d7489e64c055b44e3c3ece47851fb23685c037eaadda9898ec23ce12482c663-ghc9.6.3.so
7f2ac22da000-7f2ac2321000 r--p 00000000 00:22 9500899                    /opt/simplex/lib/app/resources/libHScolour-2.3.6-8ea7c1420185239be8ef23631a149d777e07d29385b36df7ab60fb829c47b836-ghc9.6.3.so
7f2ac2321000-7f2ac236b000 r-xp 00047000 00:22 9500899                    /opt/simplex/lib/app/resources/libHScolour-2.3.6-8ea7c1420185239be8ef23631a149d777e07d29385b36df7ab60fb829c47b836-ghc9.6.3.so
7f2ac236b000-7f2ac236c000 r--p 00091000 00:22 9500899                    /opt/simplex/lib/app/resources/libHScolour-2.3.6-8ea7c1420185239be8ef23631a149d777e07d29385b36df7ab60fb829c47b836-ghc9.6.3.so
7f2ac236c000-7f2ac236d000 ---p 00092000 00:22 9500899                    /opt/simplex/lib/app/resources/libHScolour-2.3.6-8ea7c1420185239be8ef23631a149d777e07d29385b36df7ab60fb829c47b836-ghc9.6.3.so
7f2ac236d000-7f2ac236e000 r--p 00092000 00:22 9500899                    /opt/simplex/lib/app/resources/libHScolour-2.3.6-8ea7c1420185239be8ef23631a149d777e07d29385b36df7ab60fb829c47b836-ghc9.6.3.so
7f2ac236e000-7f2ac2376000 rw-p 00093000 00:22 9500899                    /opt/simplex/lib/app/resources/libHScolour-2.3.6-8ea7c1420185239be8ef23631a149d777e07d29385b36df7ab60fb829c47b836-ghc9.6.3.so
7f2ac2376000-7f2ac23ac000 r--p 00000000 00:22 9500874                    /opt/simplex/lib/app/resources/libHSansi-terminal-types-0.11.5-4ee3a76fe47abcaa37b7bdb9a45b814da28b7b793448bc9f72187556bbf30827-ghc9.6.3.so
7f2ac23ac000-7f2ac23cb000 r-xp 00036000 00:22 9500874                    /opt/simplex/lib/app/resources/libHSansi-terminal-types-0.11.5-4ee3a76fe47abcaa37b7bdb9a45b814da28b7b793448bc9f72187556bbf30827-ghc9.6.3.so
7f2ac23cb000-7f2ac23cd000 r--p 00055000 00:22 9500874                    /opt/simplex/lib/app/resources/libHSansi-terminal-types-0.11.5-4ee3a76fe47abcaa37b7bdb9a45b814da28b7b793448bc9f72187556bbf30827-ghc9.6.3.so
7f2ac23cd000-7f2ac23ce000 r--p 00056000 00:22 9500874                    /opt/simplex/lib/app/resources/libHSansi-terminal-types-0.11.5-4ee3a76fe47abcaa37b7bdb9a45b814da28b7b793448bc9f72187556bbf30827-ghc9.6.3.so
7f2ac23ce000-7f2ac23d3000 rw-p 00057000 00:22 9500874                    /opt/simplex/lib/app/resources/libHSansi-terminal-types-0.11.5-4ee3a76fe47abcaa37b7bdb9a45b814da28b7b793448bc9f72187556bbf30827-ghc9.6.3.so
7f2ac23d3000-7f2ac23f0000 r--p 00000000 00:22 9500873                    /opt/simplex/lib/app/resources/libHSansi-terminal-0.11.5-6a9402a4880013edc495bbed56c88d36a8b264c1157297c88c41965b09fc017c-ghc9.6.3.so
7f2ac23f0000-7f2ac23fb000 r-xp 0001d000 00:22 9500873                    /opt/simplex/lib/app/resources/libHSansi-terminal-0.11.5-6a9402a4880013edc495bbed56c88d36a8b264c1157297c88c41965b09fc017c-ghc9.6.3.so
7f2ac23fb000-7f2ac23fc000 r--p 00028000 00:22 9500873                    /opt/simplex/lib/app/resources/libHSansi-terminal-0.11.5-6a9402a4880013edc495bbed56c88d36a8b264c1157297c88c41965b09fc017c-ghc9.6.3.so
7f2ac23fc000-7f2ac23fd000 r--p 00028000 00:22 9500873                    /opt/simplex/lib/app/resources/libHSansi-terminal-0.11.5-6a9402a4880013edc495bbed56c88d36a8b264c1157297c88c41965b09fc017c-ghc9.6.3.so
7f2ac23fd000-7f2ac2400000 rw-p 00029000 00:22 9500873                    /opt/simplex/lib/app/resources/libHSansi-terminal-0.11.5-6a9402a4880013edc495bbed56c88d36a8b264c1157297c88c41965b09fc017c-ghc9.6.3.so
7f2ac2400000-7f2ac25ba000 r--p 00000000 00:22 9500889                    /opt/simplex/lib/app/resources/libHSbasement-0.0.16-7f05c347fcfef1382c7a2079f658dc2b01997ca155fed4ad49b55f2f5fcdf0cf-ghc9.6.3.so
7f2ac25ba000-7f2ac26f0000 r-xp 001ba000 00:22 9500889                    /opt/simplex/lib/app/resources/libHSbasement-0.0.16-7f05c347fcfef1382c7a2079f658dc2b01997ca155fed4ad49b55f2f5fcdf0cf-ghc9.6.3.so
7f2ac26f0000-7f2ac26f9000 r--p 002f0000 00:22 9500889                    /opt/simplex/lib/app/resources/libHSbasement-0.0.16-7f05c347fcfef1382c7a2079f658dc2b01997ca155fed4ad49b55f2f5fcdf0cf-ghc9.6.3.so
7f2ac26f9000-7f2ac26fa000 ---p 002f9000 00:22 9500889                    /opt/simplex/lib/app/resources/libHSbasement-0.0.16-7f05c347fcfef1382c7a2079f658dc2b01997ca155fed4ad49b55f2f5fcdf0cf-ghc9.6.3.so
7f2ac26fa000-7f2ac26fb000 r--p 002f9000 00:22 9500889                    /opt/simplex/lib/app/resources/libHSbasement-0.0.16-7f05c347fcfef1382c7a2079f658dc2b01997ca155fed4ad49b55f2f5fcdf0cf-ghc9.6.3.so
7f2ac26fb000-7f2ac271c000 rw-p 002fa000 00:22 9500889                    /opt/simplex/lib/app/resources/libHSbasement-0.0.16-7f05c347fcfef1382c7a2079f658dc2b01997ca155fed4ad49b55f2f5fcdf0cf-ghc9.6.3.so
7f2ac271c000-7f2ac2720000 r--p 00000000 00:22 9500943                    /opt/simplex/lib/app/resources/libHSinteger-conversion-0.1.0.1-2601c7292b651aa00336b33dba37461eb02d4288e078d53e9050188c4a03e67f-ghc9.6.3.so
7f2ac2720000-7f2ac2723000 r-xp 00004000 00:22 9500943                    /opt/simplex/lib/app/resources/libHSinteger-conversion-0.1.0.1-2601c7292b651aa00336b33dba37461eb02d4288e078d53e9050188c4a03e67f-ghc9.6.3.so
7f2ac2723000-7f2ac2724000 r--p 00007000 00:22 9500943                    /opt/simplex/lib/app/resources/libHSinteger-conversion-0.1.0.1-2601c7292b651aa00336b33dba37461eb02d4288e078d53e9050188c4a03e67f-ghc9.6.3.so
7f2ac2724000-7f2ac2725000 r--p 00007000 00:22 9500943                    /opt/simplex/lib/app/resources/libHSinteger-conversion-0.1.0.1-2601c7292b651aa00336b33dba37461eb02d4288e078d53e9050188c4a03e67f-ghc9.6.3.so
7f2ac2725000-7f2ac2726000 rw-p 00008000 00:22 9500943                    /opt/simplex/lib/app/resources/libHSinteger-conversion-0.1.0.1-2601c7292b651aa00336b33dba37461eb02d4288e078d53e9050188c4a03e67f-ghc9.6.3.so
7f2ac2726000-7f2ac272d000 r--p 00000000 00:22 9500942                    /opt/simplex/lib/app/resources/libHSindexed-traversable-instances-0.1.1.2-e658ac3e748a41c0cc81fb89dc42bd36a8d5b56479ebba7f4257689b2a550fd3-ghc9.6.3.so
7f2ac272d000-7f2ac2731000 r-xp 00007000 00:22 9500942                    /opt/simplex/lib/app/resources/libHSindexed-traversable-instances-0.1.1.2-e658ac3e748a41c0cc81fb89dc42bd36a8d5b56479ebba7f4257689b2a550fd3-ghc9.6.3.so
7f2ac2731000-7f2ac2732000 r--p 0000b000 00:22 9500942                    /opt/simplex/lib/app/resources/libHSindexed-traversable-instances-0.1.1.2-e658ac3e748a41c0cc81fb89dc42bd36a8d5b56479ebba7f4257689b2a550fd3-ghc9.6.3.so
7f2ac2732000-7f2ac2733000 r--p 0000b000 00:22 9500942                    /opt/simplex/lib/app/resources/libHSindexed-traversable-instances-0.1.1.2-e658ac3e748a41c0cc81fb89dc42bd36a8d5b56479ebba7f4257689b2a550fd3-ghc9.6.3.so
7f2ac2733000-7f2ac2734000 rw-p 0000c000 00:22 9500942                    /opt/simplex/lib/app/resources/libHSindexed-traversable-instances-0.1.1.2-e658ac3e748a41c0cc81fb89dc42bd36a8d5b56479ebba7f4257689b2a550fd3-ghc9.6.3.so
7f2ac2734000-7f2ac27d6000 r--p 00000000 00:22 9500904                    /opt/simplex/lib/app/resources/libHSconstraints-0.13.4-51395134fd9d2fb4ac419e99718fc4d2fa1bca3d7018f1ba7a849169d0aefc3f-ghc9.6.3.so
7f2ac27d6000-7f2ac27f6000 r-xp 000a2000 00:22 9500904                    /opt/simplex/lib/app/resources/libHSconstraints-0.13.4-51395134fd9d2fb4ac419e99718fc4d2fa1bca3d7018f1ba7a849169d0aefc3f-ghc9.6.3.so
7f2ac27f6000-7f2ac27f7000 r--p 000c2000 00:22 9500904                    /opt/simplex/lib/app/resources/libHSconstraints-0.13.4-51395134fd9d2fb4ac419e99718fc4d2fa1bca3d7018f1ba7a849169d0aefc3f-ghc9.6.3.so
7f2ac27f7000-7f2ac27f9000 r--p 000c2000 00:22 9500904                    /opt/simplex/lib/app/resources/libHSconstraints-0.13.4-51395134fd9d2fb4ac419e99718fc4d2fa1bca3d7018f1ba7a849169d0aefc3f-ghc9.6.3.so
7f2ac27f9000-7f2ac2800000 rw-p 000c4000 00:22 9500904                    /opt/simplex/lib/app/resources/libHSconstraints-0.13.4-51395134fd9d2fb4ac419e99718fc4d2fa1bca3d7018f1ba7a849169d0aefc3f-ghc9.6.3.so
7f2ac2800000-7f2ac2bcb000 r--p 00000000 00:22 9500909                    /opt/simplex/lib/app/resources/libHScrypton-0.34-b2399ccbd1993e3b036c7a317962fb65ffa85a86b669ebe78d5cb7ba52c2fa2b-ghc9.6.3.so
7f2ac2bcb000-7f2ac2e0d000 r-xp 003cb000 00:22 9500909                    /opt/simplex/lib/app/resources/libHScrypton-0.34-b2399ccbd1993e3b036c7a317962fb65ffa85a86b669ebe78d5cb7ba52c2fa2b-ghc9.6.3.so
7f2ac2e0d000-7f2ac2e38000 r--p 0060d000 00:22 9500909                    /opt/simplex/lib/app/resources/libHScrypton-0.34-b2399ccbd1993e3b036c7a317962fb65ffa85a86b669ebe78d5cb7ba52c2fa2b-ghc9.6.3.so
7f2ac2e38000-7f2ac2e3a000 r--p 00637000 00:22 9500909                    /opt/simplex/lib/app/resources/libHScrypton-0.34-b2399ccbd1993e3b036c7a317962fb65ffa85a86b669ebe78d5cb7ba52c2fa2b-ghc9.6.3.so
7f2ac2e3a000-7f2ac2ea2000 rw-p 00639000 00:22 9500909                    /opt/simplex/lib/app/resources/libHScrypton-0.34-b2399ccbd1993e3b036c7a317962fb65ffa85a86b669ebe78d5cb7ba52c2fa2b-ghc9.6.3.so
7f2ac2ea3000-7f2ac2ea4000 r--p 00000000 00:22 1663720                    /usr/lib/libXinerama.so.1.0.0
7f2ac2ea4000-7f2ac2ea5000 r-xp 00001000 00:22 1663720                    /usr/lib/libXinerama.so.1.0.0
7f2ac2ea5000-7f2ac2ea6000 r--p 00002000 00:22 1663720                    /usr/lib/libXinerama.so.1.0.0
7f2ac2ea6000-7f2ac2ea7000 r--p 00002000 00:22 1663720                    /usr/lib/libXinerama.so.1.0.0
7f2ac2ea7000-7f2ac2ea8000 rw-p 00003000 00:22 1663720                    /usr/lib/libXinerama.so.1.0.0
7f2ac2ea8000-7f2ac2ec4000 r--p 00000000 00:22 9500882                    /opt/simplex/lib/app/resources/libHSasync-2.2.5-f240644c06d60420051c45977a93932ce6ee3ff3009f928ccb9f2acf95c571dd-ghc9.6.3.so
7f2ac2ec4000-7f2ac2edc000 r-xp 0001c000 00:22 9500882                    /opt/simplex/lib/app/resources/libHSasync-2.2.5-f240644c06d60420051c45977a93932ce6ee3ff3009f928ccb9f2acf95c571dd-ghc9.6.3.so
7f2ac2edc000-7f2ac2edd000 r--p 00034000 00:22 9500882                    /opt/simplex/lib/app/resources/libHSasync-2.2.5-f240644c06d60420051c45977a93932ce6ee3ff3009f928ccb9f2acf95c571dd-ghc9.6.3.so
7f2ac2edd000-7f2ac2ede000 r--p 00034000 00:22 9500882                    /opt/simplex/lib/app/resources/libHSasync-2.2.5-f240644c06d60420051c45977a93932ce6ee3ff3009f928ccb9f2acf95c571dd-ghc9.6.3.so
7f2ac2ede000-7f2ac2ee0000 rw-p 00035000 00:22 9500882                    /opt/simplex/lib/app/resources/libHSasync-2.2.5-f240644c06d60420051c45977a93932ce6ee3ff3009f928ccb9f2acf95c571dd-ghc9.6.3.so
7f2ac2ee0000-7f2ac2f86000 r--p 00000000 00:22 9500938                    /opt/simplex/lib/app/resources/libHShourglass-0.2.12-f636396f2d46bc10697cc675793b72a77a91d145e2ab377dfdb4cc7920021f54-ghc9.6.3.so
7f2ac2f86000-7f2ac2fea000 r-xp 000a6000 00:22 9500938                    /opt/simplex/lib/app/resources/libHShourglass-0.2.12-f636396f2d46bc10697cc675793b72a77a91d145e2ab377dfdb4cc7920021f54-ghc9.6.3.so
7f2ac2fea000-7f2ac2fee000 r--p 0010a000 00:22 9500938                    /opt/simplex/lib/app/resources/libHShourglass-0.2.12-f636396f2d46bc10697cc675793b72a77a91d145e2ab377dfdb4cc7920021f54-ghc9.6.3.so
7f2ac2fee000-7f2ac2fef000 r--p 0010d000 00:22 9500938                    /opt/simplex/lib/app/resources/libHShourglass-0.2.12-f636396f2d46bc10697cc675793b72a77a91d145e2ab377dfdb4cc7920021f54-ghc9.6.3.so
7f2ac2fef000-7f2ac3000000 rw-p 0010e000 00:22 9500938                    /opt/simplex/lib/app/resources/libHShourglass-0.2.12-f636396f2d46bc10697cc675793b72a77a91d145e2ab377dfdb4cc7920021f54-ghc9.6.3.so
7f2ac3000000-7f2ac30a0000 r--p 00000000 00:22 9500922                    /opt/simplex/lib/app/resources/libHSdirect-sqlcipher-2.3.28-92796d593dc7316c0ba77b962f19966a70cc5062c89c4754e5696179c5c7b680-ghc9.6.3.so
7f2ac30a0000-7f2ac31d0000 r-xp 000a0000 00:22 9500922                    /opt/simplex/lib/app/resources/libHSdirect-sqlcipher-2.3.28-92796d593dc7316c0ba77b962f19966a70cc5062c89c4754e5696179c5c7b680-ghc9.6.3.so
7f2ac31d0000-7f2ac320f000 r--p 001d0000 00:22 9500922                    /opt/simplex/lib/app/resources/libHSdirect-sqlcipher-2.3.28-92796d593dc7316c0ba77b962f19966a70cc5062c89c4754e5696179c5c7b680-ghc9.6.3.so
7f2ac320f000-7f2ac3213000 r--p 0020e000 00:22 9500922                    /opt/simplex/lib/app/resources/libHSdirect-sqlcipher-2.3.28-92796d593dc7316c0ba77b962f19966a70cc5062c89c4754e5696179c5c7b680-ghc9.6.3.so
7f2ac3213000-7f2ac3226000 rw-p 00212000 00:22 9500922                    /opt/simplex/lib/app/resources/libHSdirect-sqlcipher-2.3.28-92796d593dc7316c0ba77b962f19966a70cc5062c89c4754e5696179c5c7b680-ghc9.6.3.so
7f2ac3226000-7f2ac3227000 rw-p 00000000 00:00 0 
7f2ac3227000-7f2ac3228000 r--p 00000000 00:22 9847                       /usr/lib/libXau.so.6.0.0
7f2ac3228000-7f2ac3229000 r-xp 00001000 00:22 9847                       /usr/lib/libXau.so.6.0.0
7f2ac3229000-7f2ac322a000 r--p 00002000 00:22 9847                       /usr/lib/libXau.so.6.0.0
7f2ac322a000-7f2ac322b000 r--p 00002000 00:22 9847                       /usr/lib/libXau.so.6.0.0
7f2ac322b000-7f2ac322c000 rw-p 00003000 00:22 9847                       /usr/lib/libXau.so.6.0.0
7f2ac322c000-7f2ac3231000 r--p 00000000 00:22 9500887                    /opt/simplex/lib/app/resources/libHSbase-orphans-0.9.1-264c535ac11fa2bb1dc61e9601fa533869cc15baf045a8637949e684cef27141-ghc9.6.3.so
7f2ac3231000-7f2ac3233000 r-xp 00005000 00:22 9500887                    /opt/simplex/lib/app/resources/libHSbase-orphans-0.9.1-264c535ac11fa2bb1dc61e9601fa533869cc15baf045a8637949e684cef27141-ghc9.6.3.so
7f2ac3233000-7f2ac3234000 r--p 00007000 00:22 9500887                    /opt/simplex/lib/app/resources/libHSbase-orphans-0.9.1-264c535ac11fa2bb1dc61e9601fa533869cc15baf045a8637949e684cef27141-ghc9.6.3.so
7f2ac3234000-7f2ac3235000 r--p 00007000 00:22 9500887                    /opt/simplex/lib/app/resources/libHSbase-orphans-0.9.1-264c535ac11fa2bb1dc61e9601fa533869cc15baf045a8637949e684cef27141-ghc9.6.3.so
7f2ac3235000-7f2ac3236000 rw-p 00008000 00:22 9500887                    /opt/simplex/lib/app/resources/libHSbase-orphans-0.9.1-264c535ac11fa2bb1dc61e9601fa533869cc15baf045a8637949e684cef27141-ghc9.6.3.so
7f2ac3236000-7f2ac3296000 r--p 00000000 00:22 9500950                    /opt/simplex/lib/app/resources/libHSmemory-0.18.0-86df06eca77fa38fe27d9ccf54ec9e5bdd4cf7adfe9cca5b11aa4b3fd5ae2fa1-ghc9.6.3.so
7f2ac3296000-7f2ac32c9000 r-xp 00060000 00:22 9500950                    /opt/simplex/lib/app/resources/libHSmemory-0.18.0-86df06eca77fa38fe27d9ccf54ec9e5bdd4cf7adfe9cca5b11aa4b3fd5ae2fa1-ghc9.6.3.so
7f2ac32c9000-7f2ac32cc000 r--p 00093000 00:22 9500950                    /opt/simplex/lib/app/resources/libHSmemory-0.18.0-86df06eca77fa38fe27d9ccf54ec9e5bdd4cf7adfe9cca5b11aa4b3fd5ae2fa1-ghc9.6.3.so
7f2ac32cc000-7f2ac32cd000 r--p 00095000 00:22 9500950                    /opt/simplex/lib/app/resources/libHSmemory-0.18.0-86df06eca77fa38fe27d9ccf54ec9e5bdd4cf7adfe9cca5b11aa4b3fd5ae2fa1-ghc9.6.3.so
7f2ac32cd000-7f2ac32d4000 rw-p 00096000 00:22 9500950                    /opt/simplex/lib/app/resources/libHSmemory-0.18.0-86df06eca77fa38fe27d9ccf54ec9e5bdd4cf7adfe9cca5b11aa4b3fd5ae2fa1-ghc9.6.3.so
7f2ac32d4000-7f2ac3389000 r--p 00000000 00:22 9500910                    /opt/simplex/lib/app/resources/libHScrypton-x509-1.7.6-998bb4ca6b85e4b9e331aa23ce277793a0beb37932d7c40b81027f8c9c5501bd-ghc9.6.3.so
7f2ac3389000-7f2ac33e5000 r-xp 000b5000 00:22 9500910                    /opt/simplex/lib/app/resources/libHScrypton-x509-1.7.6-998bb4ca6b85e4b9e331aa23ce277793a0beb37932d7c40b81027f8c9c5501bd-ghc9.6.3.so
7f2ac33e5000-7f2ac33eb000 r--p 00111000 00:22 9500910                    /opt/simplex/lib/app/resources/libHScrypton-x509-1.7.6-998bb4ca6b85e4b9e331aa23ce277793a0beb37932d7c40b81027f8c9c5501bd-ghc9.6.3.so
7f2ac33eb000-7f2ac33ec000 ---p 00117000 00:22 9500910                    /opt/simplex/lib/app/resources/libHScrypton-x509-1.7.6-998bb4ca6b85e4b9e331aa23ce277793a0beb37932d7c40b81027f8c9c5501bd-ghc9.6.3.so
7f2ac33ec000-7f2ac33ed000 r--p 00117000 00:22 9500910                    /opt/simplex/lib/app/resources/libHScrypton-x509-1.7.6-998bb4ca6b85e4b9e331aa23ce277793a0beb37932d7c40b81027f8c9c5501bd-ghc9.6.3.so
7f2ac33ed000-7f2ac3400000 rw-p 00118000 00:22 9500910                    /opt/simplex/lib/app/resources/libHScrypton-x509-1.7.6-998bb4ca6b85e4b9e331aa23ce277793a0beb37932d7c40b81027f8c9c5501bd-ghc9.6.3.so
7f2ac3400000-7f2ac3580000 r--p 00000000 00:22 9500940                    /opt/simplex/lib/app/resources/libHShttp2-4.2.2-279e9f93a2a789f5c64f9764f7bd3769d90a8545611b3427359c36d57278b0f6-ghc9.6.3.so
7f2ac3580000-7f2ac3635000 r-xp 00180000 00:22 9500940                    /opt/simplex/lib/app/resources/libHShttp2-4.2.2-279e9f93a2a789f5c64f9764f7bd3769d90a8545611b3427359c36d57278b0f6-ghc9.6.3.so
7f2ac3635000-7f2ac363c000 r--p 00235000 00:22 9500940                    /opt/simplex/lib/app/resources/libHShttp2-4.2.2-279e9f93a2a789f5c64f9764f7bd3769d90a8545611b3427359c36d57278b0f6-ghc9.6.3.so
7f2ac363c000-7f2ac363d000 ---p 0023c000 00:22 9500940                    /opt/simplex/lib/app/resources/libHShttp2-4.2.2-279e9f93a2a789f5c64f9764f7bd3769d90a8545611b3427359c36d57278b0f6-ghc9.6.3.so
7f2ac363d000-7f2ac363e000 r--p 0023c000 00:22 9500940                    /opt/simplex/lib/app/resources/libHShttp2-4.2.2-279e9f93a2a789f5c64f9764f7bd3769d90a8545611b3427359c36d57278b0f6-ghc9.6.3.so
7f2ac363e000-7f2ac3670000 rw-p 0023d000 00:22 9500940                    /opt/simplex/lib/app/resources/libHShttp2-4.2.2-279e9f93a2a789f5c64f9764f7bd3769d90a8545611b3427359c36d57278b0f6-ghc9.6.3.so
7f2ac3672000-7f2ac3677000 r--p 00000000 00:22 9500881                    /opt/simplex/lib/app/resources/libHSassoc-1.1-833fe934934ac287ee0125e0f70630bbf79db58c094cac008fb300c306b45c2c-ghc9.6.3.so
7f2ac3677000-7f2ac3678000 r-xp 00005000 00:22 9500881                    /opt/simplex/lib/app/resources/libHSassoc-1.1-833fe934934ac287ee0125e0f70630bbf79db58c094cac008fb300c306b45c2c-ghc9.6.3.so
7f2ac3678000-7f2ac3679000 r--p 00006000 00:22 9500881                    /opt/simplex/lib/app/resources/libHSassoc-1.1-833fe934934ac287ee0125e0f70630bbf79db58c094cac008fb300c306b45c2c-ghc9.6.3.so
7f2ac3679000-7f2ac367a000 r--p 00006000 00:22 9500881                    /opt/simplex/lib/app/resources/libHSassoc-1.1-833fe934934ac287ee0125e0f70630bbf79db58c094cac008fb300c306b45c2c-ghc9.6.3.so
7f2ac367a000-7f2ac367b000 rw-p 00007000 00:22 9500881                    /opt/simplex/lib/app/resources/libHSassoc-1.1-833fe934934ac287ee0125e0f70630bbf79db58c094cac008fb300c306b45c2c-ghc9.6.3.so
7f2ac367b000-7f2ac3683000 r--p 00000000 00:22 9500871                    /opt/simplex/lib/app/resources/libHSStateVar-1.2.2-a828c4fffd0a9f376bdf1d2a0630fdc0e11764f2810422e01054ef1e5ae7a0d9-ghc9.6.3.so
7f2ac3683000-7f2ac3686000 r-xp 00008000 00:22 9500871                    /opt/simplex/lib/app/resources/libHSStateVar-1.2.2-a828c4fffd0a9f376bdf1d2a0630fdc0e11764f2810422e01054ef1e5ae7a0d9-ghc9.6.3.so
7f2ac3686000-7f2ac3687000 r--p 0000b000 00:22 9500871                    /opt/simplex/lib/app/resources/libHSStateVar-1.2.2-a828c4fffd0a9f376bdf1d2a0630fdc0e11764f2810422e01054ef1e5ae7a0d9-ghc9.6.3.so
7f2ac3687000-7f2ac3688000 r--p 0000b000 00:22 9500871                    /opt/simplex/lib/app/resources/libHSStateVar-1.2.2-a828c4fffd0a9f376bdf1d2a0630fdc0e11764f2810422e01054ef1e5ae7a0d9-ghc9.6.3.so
7f2ac3688000-7f2ac3689000 rw-p 0000c000 00:22 9500871                    /opt/simplex/lib/app/resources/libHSStateVar-1.2.2-a828c4fffd0a9f376bdf1d2a0630fdc0e11764f2810422e01054ef1e5ae7a0d9-ghc9.6.3.so
7f2ac3689000-7f2ac369e000 r--p 00000000 00:22 9500884                    /opt/simplex/lib/app/resources/libHSattoparsec-0.14.4-l-attoparsec-internal-e9490ddaea4841a79fc251813223287bd9e65e0510180febd5e98a6907758746-ghc9.6.3.so
7f2ac369e000-7f2ac36a9000 r-xp 00015000 00:22 9500884                    /opt/simplex/lib/app/resources/libHSattoparsec-0.14.4-l-attoparsec-internal-e9490ddaea4841a79fc251813223287bd9e65e0510180febd5e98a6907758746-ghc9.6.3.so
7f2ac36a9000-7f2ac36aa000 r--p 00020000 00:22 9500884                    /opt/simplex/lib/app/resources/libHSattoparsec-0.14.4-l-attoparsec-internal-e9490ddaea4841a79fc251813223287bd9e65e0510180febd5e98a6907758746-ghc9.6.3.so
7f2ac36aa000-7f2ac36ab000 r--p 00020000 00:22 9500884                    /opt/simplex/lib/app/resources/libHSattoparsec-0.14.4-l-attoparsec-internal-e9490ddaea4841a79fc251813223287bd9e65e0510180febd5e98a6907758746-ghc9.6.3.so
7f2ac36ab000-7f2ac36ad000 rw-p 00021000 00:22 9500884                    /opt/simplex/lib/app/resources/libHSattoparsec-0.14.4-l-attoparsec-internal-e9490ddaea4841a79fc251813223287bd9e65e0510180febd5e98a6907758746-ghc9.6.3.so
7f2ac36ad000-7f2ac36ba000 r--p 00000000 00:22 9500888                    /opt/simplex/lib/app/resources/libHSbase64-bytestring-1.2.1.0-49cd5e3a01c30b8823595cd1048fbeedf7d533d7f39e6c22a14019c54fec245b-ghc9.6.3.so
7f2ac36ba000-7f2ac36c4000 r-xp 0000d000 00:22 9500888                    /opt/simplex/lib/app/resources/libHSbase64-bytestring-1.2.1.0-49cd5e3a01c30b8823595cd1048fbeedf7d533d7f39e6c22a14019c54fec245b-ghc9.6.3.so
7f2ac36c4000-7f2ac36c5000 r--p 00017000 00:22 9500888                    /opt/simplex/lib/app/resources/libHSbase64-bytestring-1.2.1.0-49cd5e3a01c30b8823595cd1048fbeedf7d533d7f39e6c22a14019c54fec245b-ghc9.6.3.so
7f2ac36c5000-7f2ac36c6000 r--p 00017000 00:22 9500888                    /opt/simplex/lib/app/resources/libHSbase64-bytestring-1.2.1.0-49cd5e3a01c30b8823595cd1048fbeedf7d533d7f39e6c22a14019c54fec245b-ghc9.6.3.so
7f2ac36c6000-7f2ac36c8000 rw-p 00018000 00:22 9500888                    /opt/simplex/lib/app/resources/libHSbase64-bytestring-1.2.1.0-49cd5e3a01c30b8823595cd1048fbeedf7d533d7f39e6c22a14019c54fec245b-ghc9.6.3.so
7f2ac36c8000-7f2ac36d4000 r-xp 00000000 00:22 9500944                    /opt/simplex/lib/app/resources/libHSinteger-gmp-1.1-ghc9.6.3.so
7f2ac36d4000-7f2ac36d5000 r--p 0000b000 00:22 9500944                    /opt/simplex/lib/app/resources/libHSinteger-gmp-1.1-ghc9.6.3.so
7f2ac36d5000-7f2ac36d6000 rw-p 0000c000 00:22 9500944                    /opt/simplex/lib/app/resources/libHSinteger-gmp-1.1-ghc9.6.3.so
7f2ac36d6000-7f2ac37e9000 r-xp 00000000 00:22 9501010                    /opt/simplex/lib/app/resources/libHSunix-2.8.1.0-ghc9.6.3.so
7f2ac37e9000-7f2ac37ea000 ---p 00113000 00:22 9501010                    /opt/simplex/lib/app/resources/libHSunix-2.8.1.0-ghc9.6.3.so
7f2ac37ea000-7f2ac37eb000 r--p 00113000 00:22 9501010                    /opt/simplex/lib/app/resources/libHSunix-2.8.1.0-ghc9.6.3.so
7f2ac37eb000-7f2ac3800000 rw-p 00114000 00:22 9501010                    /opt/simplex/lib/app/resources/libHSunix-2.8.1.0-ghc9.6.3.so
7f2ac3800000-7f2ac3822000 r--p 00000000 00:22 9501020                    /opt/simplex/lib/app/resources/libHSvector-algorithms-0.9.0.1-622db70b7c3b579b7fe0b3e87dc9b73bdd25f7c197595d6188f4ff6c97ca3a03-ghc9.6.3.so
7f2ac3822000-7f2ac3a73000 r-xp 00022000 00:22 9501020                    /opt/simplex/lib/app/resources/libHSvector-algorithms-0.9.0.1-622db70b7c3b579b7fe0b3e87dc9b73bdd25f7c197595d6188f4ff6c97ca3a03-ghc9.6.3.so
7f2ac3a73000-7f2ac3a74000 r--p 00273000 00:22 9501020                    /opt/simplex/lib/app/resources/libHSvector-algorithms-0.9.0.1-622db70b7c3b579b7fe0b3e87dc9b73bdd25f7c197595d6188f4ff6c97ca3a03-ghc9.6.3.so
7f2ac3a74000-7f2ac3a75000 ---p 00274000 00:22 9501020                    /opt/simplex/lib/app/resources/libHSvector-algorithms-0.9.0.1-622db70b7c3b579b7fe0b3e87dc9b73bdd25f7c197595d6188f4ff6c97ca3a03-ghc9.6.3.so
7f2ac3a75000-7f2ac3a76000 r--p 00274000 00:22 9501020                    /opt/simplex/lib/app/resources/libHSvector-algorithms-0.9.0.1-622db70b7c3b579b7fe0b3e87dc9b73bdd25f7c197595d6188f4ff6c97ca3a03-ghc9.6.3.so
7f2ac3a76000-7f2ac3a7a000 rw-p 00275000 00:22 9501020                    /opt/simplex/lib/app/resources/libHSvector-algorithms-0.9.0.1-622db70b7c3b579b7fe0b3e87dc9b73bdd25f7c197595d6188f4ff6c97ca3a03-ghc9.6.3.so
7f2ac3a7b000-7f2ac3a7c000 r--p 00000000 00:22 10087922                   /usr/lib/libutil.so.1
7f2ac3a7c000-7f2ac3a7d000 r-xp 00001000 00:22 10087922                   /usr/lib/libutil.so.1
7f2ac3a7d000-7f2ac3a7e000 r--p 00002000 00:22 10087922                   /usr/lib/libutil.so.1
7f2ac3a7e000-7f2ac3a7f000 r--p 00002000 00:22 10087922                   /usr/lib/libutil.so.1
7f2ac3a7f000-7f2ac3a80000 rw-p 00003000 00:22 10087922                   /usr/lib/libutil.so.1
7f2ac3a80000-7f2ac3ab0000 r--p 00000000 00:22 9500880                    /opt/simplex/lib/app/resources/libHSasn1-types-0.3.4-52ab490310e9cb8ba1462a6195d007877c2fc9dcfb589a53e3803b95b1e1307d-ghc9.6.3.so
7f2ac3ab0000-7f2ac3aca000 r-xp 00030000 00:22 9500880                    /opt/simplex/lib/app/resources/libHSasn1-types-0.3.4-52ab490310e9cb8ba1462a6195d007877c2fc9dcfb589a53e3803b95b1e1307d-ghc9.6.3.so
7f2ac3aca000-7f2ac3acd000 r--p 0004a000 00:22 9500880                    /opt/simplex/lib/app/resources/libHSasn1-types-0.3.4-52ab490310e9cb8ba1462a6195d007877c2fc9dcfb589a53e3803b95b1e1307d-ghc9.6.3.so
7f2ac3acd000-7f2ac3ace000 r--p 0004c000 00:22 9500880                    /opt/simplex/lib/app/resources/libHSasn1-types-0.3.4-52ab490310e9cb8ba1462a6195d007877c2fc9dcfb589a53e3803b95b1e1307d-ghc9.6.3.so
7f2ac3ace000-7f2ac3ad4000 rw-p 0004d000 00:22 9500880                    /opt/simplex/lib/app/resources/libHSasn1-types-0.3.4-52ab490310e9cb8ba1462a6195d007877c2fc9dcfb589a53e3803b95b1e1307d-ghc9.6.3.so
7f2ac3ad4000-7f2ac3b01000 r--p 00000000 00:22 9500878                    /opt/simplex/lib/app/resources/libHSasn1-encoding-0.9.6-7a9728b8adee899eed9bb97cf06c9589da9228bd00263511eb8e7834935a11f6-ghc9.6.3.so
7f2ac3b01000-7f2ac3b20000 r-xp 0002d000 00:22 9500878                    /opt/simplex/lib/app/resources/libHSasn1-encoding-0.9.6-7a9728b8adee899eed9bb97cf06c9589da9228bd00263511eb8e7834935a11f6-ghc9.6.3.so
7f2ac3b20000-7f2ac3b22000 r--p 0004c000 00:22 9500878                    /opt/simplex/lib/app/resources/libHSasn1-encoding-0.9.6-7a9728b8adee899eed9bb97cf06c9589da9228bd00263511eb8e7834935a11f6-ghc9.6.3.so
7f2ac3b22000-7f2ac3b23000 ---p 0004e000 00:22 9500878                    /opt/simplex/lib/app/resources/libHSasn1-encoding-0.9.6-7a9728b8adee899eed9bb97cf06c9589da9228bd00263511eb8e7834935a11f6-ghc9.6.3.so
7f2ac3b23000-7f2ac3b24000 r--p 0004e000 00:22 9500878                    /opt/simplex/lib/app/resources/libHSasn1-encoding-0.9.6-7a9728b8adee899eed9bb97cf06c9589da9228bd00263511eb8e7834935a11f6-ghc9.6.3.so
7f2ac3b24000-7f2ac3b2a000 rw-p 0004f000 00:22 9500878                    /opt/simplex/lib/app/resources/libHSasn1-encoding-0.9.6-7a9728b8adee899eed9bb97cf06c9589da9228bd00263511eb8e7834935a11f6-ghc9.6.3.so
7f2ac3b2a000-7f2ac3b32000 r--p 00000000 00:22 9500879                    /opt/simplex/lib/app/resources/libHSasn1-parse-0.9.5-388a8b57b8e521bbc599a749d1894177c5d08ec8998c0db0c8a3c6e56f135e02-ghc9.6.3.so
7f2ac3b32000-7f2ac3b35000 r-xp 00008000 00:22 9500879                    /opt/simplex/lib/app/resources/libHSasn1-parse-0.9.5-388a8b57b8e521bbc599a749d1894177c5d08ec8998c0db0c8a3c6e56f135e02-ghc9.6.3.so
7f2ac3b35000-7f2ac3b36000 r--p 0000b000 00:22 9500879                    /opt/simplex/lib/app/resources/libHSasn1-parse-0.9.5-388a8b57b8e521bbc599a749d1894177c5d08ec8998c0db0c8a3c6e56f135e02-ghc9.6.3.so
7f2ac3b36000-7f2ac3b37000 r--p 0000b000 00:22 9500879                    /opt/simplex/lib/app/resources/libHSasn1-parse-0.9.5-388a8b57b8e521bbc599a749d1894177c5d08ec8998c0db0c8a3c6e56f135e02-ghc9.6.3.so
7f2ac3b37000-7f2ac3b38000 rw-p 0000c000 00:22 9500879                    /opt/simplex/lib/app/resources/libHSasn1-parse-0.9.5-388a8b57b8e521bbc599a749d1894177c5d08ec8998c0db0c8a3c6e56f135e02-ghc9.6.3.so
7f2ac3b38000-7f2ac3bb1000 r-xp 00000000 00:22 9500923                    /opt/simplex/lib/app/resources/libHSdirectory-1.3.8.1-ghc9.6.3.so
7f2ac3bb1000-7f2ac3bb2000 r--p 00078000 00:22 9500923                    /opt/simplex/lib/app/resources/libHSdirectory-1.3.8.1-ghc9.6.3.so
7f2ac3bb2000-7f2ac3bba000 rw-p 00079000 00:22 9500923                    /opt/simplex/lib/app/resources/libHSdirectory-1.3.8.1-ghc9.6.3.so
7f2ac3bba000-7f2ac3bcb000 r--p 00000000 00:22 9500927                    /opt/simplex/lib/app/resources/libHSemail-validate-2.3.2.19-8e093d39175bc833333d170127e683e34f7c13447809285b558be894a69a8107-ghc9.6.3.so
7f2ac3bcb000-7f2ac3be0000 r-xp 00011000 00:22 9500927                    /opt/simplex/lib/app/resources/libHSemail-validate-2.3.2.19-8e093d39175bc833333d170127e683e34f7c13447809285b558be894a69a8107-ghc9.6.3.so
7f2ac3be0000-7f2ac3be1000 r--p 00026000 00:22 9500927                    /opt/simplex/lib/app/resources/libHSemail-validate-2.3.2.19-8e093d39175bc833333d170127e683e34f7c13447809285b558be894a69a8107-ghc9.6.3.so
7f2ac3be1000-7f2ac3be2000 r--p 00026000 00:22 9500927                    /opt/simplex/lib/app/resources/libHSemail-validate-2.3.2.19-8e093d39175bc833333d170127e683e34f7c13447809285b558be894a69a8107-ghc9.6.3.so
7f2ac3be2000-7f2ac3be5000 rw-p 00027000 00:22 9500927                    /opt/simplex/lib/app/resources/libHSemail-validate-2.3.2.19-8e093d39175bc833333d170127e683e34f7c13447809285b558be894a69a8107-ghc9.6.3.so
7f2ac3be5000-7f2ac3bf2000 r--p 00000000 00:22 9500931                    /opt/simplex/lib/app/resources/libHSfile-embed-0.0.15.0-858d0ef424fd92d742d20e68b7596e642557183aba03df51abd86155233a5a95-ghc9.6.3.so
7f2ac3bf2000-7f2ac3bfc000 r-xp 0000d000 00:22 9500931                    /opt/simplex/lib/app/resources/libHSfile-embed-0.0.15.0-858d0ef424fd92d742d20e68b7596e642557183aba03df51abd86155233a5a95-ghc9.6.3.so
7f2ac3bfc000-7f2ac3bfd000 r--p 00017000 00:22 9500931                    /opt/simplex/lib/app/resources/libHSfile-embed-0.0.15.0-858d0ef424fd92d742d20e68b7596e642557183aba03df51abd86155233a5a95-ghc9.6.3.so
7f2ac3bfd000-7f2ac3bfe000 r--p 00017000 00:22 9500931                    /opt/simplex/lib/app/resources/libHSfile-embed-0.0.15.0-858d0ef424fd92d742d20e68b7596e642557183aba03df51abd86155233a5a95-ghc9.6.3.so
7f2ac3bfe000-7f2ac3c00000 rw-p 00018000 00:22 9500931                    /opt/simplex/lib/app/resources/libHSfile-embed-0.0.15.0-858d0ef424fd92d742d20e68b7596e642557183aba03df51abd86155233a5a95-ghc9.6.3.so
7f2ac3c00000-7f2ac3ce9000 r--p 00000000 00:22 9500954                    /opt/simplex/lib/app/resources/libHSmono-traversable-1.0.15.3-702fbc586e2e3e3ba85606e4705af5b51dedb7602b3236f1217afbfba0777dbc-ghc9.6.3.so
7f2ac3ce9000-7f2ac3e22000 r-xp 000e9000 00:22 9500954                    /opt/simplex/lib/app/resources/libHSmono-traversable-1.0.15.3-702fbc586e2e3e3ba85606e4705af5b51dedb7602b3236f1217afbfba0777dbc-ghc9.6.3.so
7f2ac3e22000-7f2ac3e24000 r--p 00222000 00:22 9500954                    /opt/simplex/lib/app/resources/libHSmono-traversable-1.0.15.3-702fbc586e2e3e3ba85606e4705af5b51dedb7602b3236f1217afbfba0777dbc-ghc9.6.3.so
7f2ac3e24000-7f2ac3e25000 ---p 00224000 00:22 9500954                    /opt/simplex/lib/app/resources/libHSmono-traversable-1.0.15.3-702fbc586e2e3e3ba85606e4705af5b51dedb7602b3236f1217afbfba0777dbc-ghc9.6.3.so
7f2ac3e25000-7f2ac3e27000 r--p 00224000 00:22 9500954                    /opt/simplex/lib/app/resources/libHSmono-traversable-1.0.15.3-702fbc586e2e3e3ba85606e4705af5b51dedb7602b3236f1217afbfba0777dbc-ghc9.6.3.so
7f2ac3e27000-7f2ac3e3c000 rw-p 00226000 00:22 9500954                    /opt/simplex/lib/app/resources/libHSmono-traversable-1.0.15.3-702fbc586e2e3e3ba85606e4705af5b51dedb7602b3236f1217afbfba0777dbc-ghc9.6.3.so
7f2ac3e3c000-7f2ac3e4a000 r--p 00000000 00:22 9500962                    /opt/simplex/lib/app/resources/libHSold-locale-1.0.0.7-2fc41634d130ad577f30ae220a366c50aded85663753062bcd06dee8a22a28ee-ghc9.6.3.so
7f2ac3e4a000-7f2ac3e4e000 r-xp 0000e000 00:22 9500962                    /opt/simplex/lib/app/resources/libHSold-locale-1.0.0.7-2fc41634d130ad577f30ae220a366c50aded85663753062bcd06dee8a22a28ee-ghc9.6.3.so
7f2ac3e4e000-7f2ac3e4f000 r--p 00012000 00:22 9500962                    /opt/simplex/lib/app/resources/libHSold-locale-1.0.0.7-2fc41634d130ad577f30ae220a366c50aded85663753062bcd06dee8a22a28ee-ghc9.6.3.so
7f2ac3e4f000-7f2ac3e50000 r--p 00012000 00:22 9500962                    /opt/simplex/lib/app/resources/libHSold-locale-1.0.0.7-2fc41634d130ad577f30ae220a366c50aded85663753062bcd06dee8a22a28ee-ghc9.6.3.so
7f2ac3e50000-7f2ac3e52000 rw-p 00013000 00:22 9500962                    /opt/simplex/lib/app/resources/libHSold-locale-1.0.0.7-2fc41634d130ad577f30ae220a366c50aded85663753062bcd06dee8a22a28ee-ghc9.6.3.so
7f2ac3e52000-7f2ac3e61000 r--p 00000000 00:22 9500897                    /opt/simplex/lib/app/resources/libHScase-insensitive-1.2.1.0-911f138ed8f1a51c290f3661c35a231fca5751b2e6d93cb8b08b793c28d333f8-ghc9.6.3.so
7f2ac3e61000-7f2ac3e6d000 r-xp 0000f000 00:22 9500897                    /opt/simplex/lib/app/resources/libHScase-insensitive-1.2.1.0-911f138ed8f1a51c290f3661c35a231fca5751b2e6d93cb8b08b793c28d333f8-ghc9.6.3.so
7f2ac3e6d000-7f2ac3e6e000 r--p 0001b000 00:22 9500897                    /opt/simplex/lib/app/resources/libHScase-insensitive-1.2.1.0-911f138ed8f1a51c290f3661c35a231fca5751b2e6d93cb8b08b793c28d333f8-ghc9.6.3.so
7f2ac3e6e000-7f2ac3e6f000 r--p 0001b000 00:22 9500897                    /opt/simplex/lib/app/resources/libHScase-insensitive-1.2.1.0-911f138ed8f1a51c290f3661c35a231fca5751b2e6d93cb8b08b793c28d333f8-ghc9.6.3.so
7f2ac3e6f000-7f2ac3e70000 rw-p 0001c000 00:22 9500897                    /opt/simplex/lib/app/resources/libHScase-insensitive-1.2.1.0-911f138ed8f1a51c290f3661c35a231fca5751b2e6d93cb8b08b793c28d333f8-ghc9.6.3.so
7f2ac3e70000-7f2ac3ebe000 r--p 00000000 00:22 9500939                    /opt/simplex/lib/app/resources/libHShttp-types-0.12.4-04b79bbaa320685b0d9adb7fa02616087e75618cb90fa0923146d636c6dc5c73-ghc9.6.3.so
7f2ac3ebe000-7f2ac3ee7000 r-xp 0004e000 00:22 9500939                    /opt/simplex/lib/app/resources/libHShttp-types-0.12.4-04b79bbaa320685b0d9adb7fa02616087e75618cb90fa0923146d636c6dc5c73-ghc9.6.3.so
7f2ac3ee7000-7f2ac3eea000 r--p 00077000 00:22 9500939                    /opt/simplex/lib/app/resources/libHShttp-types-0.12.4-04b79bbaa320685b0d9adb7fa02616087e75618cb90fa0923146d636c6dc5c73-ghc9.6.3.so
7f2ac3eea000-7f2ac3eeb000 ---p 0007a000 00:22 9500939                    /opt/simplex/lib/app/resources/libHShttp-types-0.12.4-04b79bbaa320685b0d9adb7fa02616087e75618cb90fa0923146d636c6dc5c73-ghc9.6.3.so
7f2ac3eeb000-7f2ac3eec000 r--p 0007a000 00:22 9500939                    /opt/simplex/lib/app/resources/libHShttp-types-0.12.4-04b79bbaa320685b0d9adb7fa02616087e75618cb90fa0923146d636c6dc5c73-ghc9.6.3.so
7f2ac3eec000-7f2ac3ef3000 rw-p 0007b000 00:22 9500939                    /opt/simplex/lib/app/resources/libHShttp-types-0.12.4-04b79bbaa320685b0d9adb7fa02616087e75618cb90fa0923146d636c6dc5c73-ghc9.6.3.so
7f2ac3ef3000-7f2ac3f95000 r--p 00000000 00:22 9500956                    /opt/simplex/lib/app/resources/libHSnetwork-3.1.4.0-d7a34d14b13a117592434557be9626c3e970a42510042af7c7f787b50c31f140-ghc9.6.3.so
7f2ac3f95000-7f2ac3fd4000 r-xp 000a2000 00:22 9500956                    /opt/simplex/lib/app/resources/libHSnetwork-3.1.4.0-d7a34d14b13a117592434557be9626c3e970a42510042af7c7f787b50c31f140-ghc9.6.3.so
7f2ac3fd4000-7f2ac3fd7000 r--p 000e1000 00:22 9500956                    /opt/simplex/lib/app/resources/libHSnetwork-3.1.4.0-d7a34d14b13a117592434557be9626c3e970a42510042af7c7f787b50c31f140-ghc9.6.3.so
7f2ac3fd7000-7f2ac3fd8000 r--p 000e3000 00:22 9500956                    /opt/simplex/lib/app/resources/libHSnetwork-3.1.4.0-d7a34d14b13a117592434557be9626c3e970a42510042af7c7f787b50c31f140-ghc9.6.3.so
7f2ac3fd8000-7f2ac3fe6000 rw-p 000e4000 00:22 9500956                    /opt/simplex/lib/app/resources/libHSnetwork-3.1.4.0-d7a34d14b13a117592434557be9626c3e970a42510042af7c7f787b50c31f140-ghc9.6.3.so
7f2ac3fe6000-7f2ac3ff4000 r--p 00000000 00:22 9500957                    /opt/simplex/lib/app/resources/libHSnetwork-byte-order-0.1.7-9300eb9d93376c7451b714e77dbee63d69827bfd45154453c5e009f245628c5f-ghc9.6.3.so
7f2ac3ff4000-7f2ac3ffd000 r-xp 0000e000 00:22 9500957                    /opt/simplex/lib/app/resources/libHSnetwork-byte-order-0.1.7-9300eb9d93376c7451b714e77dbee63d69827bfd45154453c5e009f245628c5f-ghc9.6.3.so
7f2ac3ffd000-7f2ac3ffe000 r--p 00017000 00:22 9500957                    /opt/simplex/lib/app/resources/libHSnetwork-byte-order-0.1.7-9300eb9d93376c7451b714e77dbee63d69827bfd45154453c5e009f245628c5f-ghc9.6.3.so
7f2ac3ffe000-7f2ac3fff000 r--p 00017000 00:22 9500957                    /opt/simplex/lib/app/resources/libHSnetwork-byte-order-0.1.7-9300eb9d93376c7451b714e77dbee63d69827bfd45154453c5e009f245628c5f-ghc9.6.3.so
7f2ac3fff000-7f2ac4000000 rw-p 00018000 00:22 9500957                    /opt/simplex/lib/app/resources/libHSnetwork-byte-order-0.1.7-9300eb9d93376c7451b714e77dbee63d69827bfd45154453c5e009f245628c5f-ghc9.6.3.so
7f2ac4000000-7f2ac4964000 r--p 00000000 00:22 9500981                    /opt/simplex/lib/app/resources/libHSsimplexmq-6.5.1.0-cff98029d5503337eb10bdba67502cae67a500d5ca95c286e739b9554fb4f01c-ghc9.6.3.so
7f2ac4964000-7f2ac53cf000 r-xp 00964000 00:22 9500981                    /opt/simplex/lib/app/resources/libHSsimplexmq-6.5.1.0-cff98029d5503337eb10bdba67502cae67a500d5ca95c286e739b9554fb4f01c-ghc9.6.3.so
7f2ac53cf000-7f2ac5420000 r--p 013cf000 00:22 9500981                    /opt/simplex/lib/app/resources/libHSsimplexmq-6.5.1.0-cff98029d5503337eb10bdba67502cae67a500d5ca95c286e739b9554fb4f01c-ghc9.6.3.so
7f2ac5420000-7f2ac5424000 r--p 0141f000 00:22 9500981                    /opt/simplex/lib/app/resources/libHSsimplexmq-6.5.1.0-cff98029d5503337eb10bdba67502cae67a500d5ca95c286e739b9554fb4f01c-ghc9.6.3.so
7f2ac5424000-7f2ac5529000 rw-p 01423000 00:22 9500981                    /opt/simplex/lib/app/resources/libHSsimplexmq-6.5.1.0-cff98029d5503337eb10bdba67502cae67a500d5ca95c286e739b9554fb4f01c-ghc9.6.3.so
7f2ac552a000-7f2ac5533000 r--p 00000000 00:22 9500966                    /opt/simplex/lib/app/resources/libHSpem-0.2.4-f906496cff163a500cd65e64adb820577bcc6db48a8415f3199036f58c5276a6-ghc9.6.3.so
7f2ac5533000-7f2ac5537000 r-xp 00009000 00:22 9500966                    /opt/simplex/lib/app/resources/libHSpem-0.2.4-f906496cff163a500cd65e64adb820577bcc6db48a8415f3199036f58c5276a6-ghc9.6.3.so
7f2ac5537000-7f2ac5538000 r--p 0000d000 00:22 9500966                    /opt/simplex/lib/app/resources/libHSpem-0.2.4-f906496cff163a500cd65e64adb820577bcc6db48a8415f3199036f58c5276a6-ghc9.6.3.so
7f2ac5538000-7f2ac5539000 r--p 0000d000 00:22 9500966                    /opt/simplex/lib/app/resources/libHSpem-0.2.4-f906496cff163a500cd65e64adb820577bcc6db48a8415f3199036f58c5276a6-ghc9.6.3.so
7f2ac5539000-7f2ac553a000 rw-p 0000e000 00:22 9500966                    /opt/simplex/lib/app/resources/libHSpem-0.2.4-f906496cff163a500cd65e64adb820577bcc6db48a8415f3199036f58c5276a6-ghc9.6.3.so
7f2ac553a000-7f2ac556a000 r--p 00000000 00:22 9500971                    /opt/simplex/lib/app/resources/libHSpsqueues-0.2.8.0-cf18912fd284bc3c4ca8133b791460e95c2ce18855d35dbe15128d1b9b901f99-ghc9.6.3.so
7f2ac556a000-7f2ac55b9000 r-xp 00030000 00:22 9500971                    /opt/simplex/lib/app/resources/libHSpsqueues-0.2.8.0-cf18912fd284bc3c4ca8133b791460e95c2ce18855d35dbe15128d1b9b901f99-ghc9.6.3.so
7f2ac55b9000-7f2ac55ba000 r--p 0007f000 00:22 9500971                    /opt/simplex/lib/app/resources/libHSpsqueues-0.2.8.0-cf18912fd284bc3c4ca8133b791460e95c2ce18855d35dbe15128d1b9b901f99-ghc9.6.3.so
7f2ac55ba000-7f2ac55bb000 r--p 0007f000 00:22 9500971                    /opt/simplex/lib/app/resources/libHSpsqueues-0.2.8.0-cf18912fd284bc3c4ca8133b791460e95c2ce18855d35dbe15128d1b9b901f99-ghc9.6.3.so
7f2ac55bb000-7f2ac55bf000 rw-p 00080000 00:22 9500971                    /opt/simplex/lib/app/resources/libHSpsqueues-0.2.8.0-cf18912fd284bc3c4ca8133b791460e95c2ce18855d35dbe15128d1b9b901f99-ghc9.6.3.so
7f2ac55bf000-7f2ac55fa000 r-xp 00000000 00:22 9500970                    /opt/simplex/lib/app/resources/libHSprocess-1.6.17.0-ghc9.6.3.so
7f2ac55fa000-7f2ac55fb000 ---p 0003b000 00:22 9500970                    /opt/simplex/lib/app/resources/libHSprocess-1.6.17.0-ghc9.6.3.so
7f2ac55fb000-7f2ac55fc000 r--p 0003b000 00:22 9500970                    /opt/simplex/lib/app/resources/libHSprocess-1.6.17.0-ghc9.6.3.so
7f2ac55fc000-7f2ac5600000 rw-p 0003c000 00:22 9500970                    /opt/simplex/lib/app/resources/libHSprocess-1.6.17.0-ghc9.6.3.so
7f2ac5600000-7f2ac63c6000 r--p 00000000 00:22 9501029                    /opt/simplex/lib/app/resources/libsimplex.so
7f2ac63c6000-7f2ac7b85000 r-xp 00dc6000 00:22 9501029                    /opt/simplex/lib/app/resources/libsimplex.so
7f2ac7b85000-7f2ac7c48000 r--p 02585000 00:22 9501029                    /opt/simplex/lib/app/resources/libsimplex.so
7f2ac7c48000-7f2ac7c49000 ---p 02648000 00:22 9501029                    /opt/simplex/lib/app/resources/libsimplex.so
7f2ac7c49000-7f2ac7c4e000 r--p 02648000 00:22 9501029                    /opt/simplex/lib/app/resources/libsimplex.so
7f2ac7c4e000-7f2ac7e8f000 rw-p 0264d000 00:22 9501029                    /opt/simplex/lib/app/resources/libsimplex.so
7f2ac7e91000-7f2ac7e93000 r--p 00000000 00:22 9500868                    /opt/simplex/lib/app/resources/libHSOneTuple-0.4.1.1-25a6728f7eaaed6f25c0c84b9d23c563689aba5664fafb9d25de1e8b6e93e436-ghc9.6.3.so
7f2ac7e93000-7f2ac7e94000 r-xp 00002000 00:22 9500868                    /opt/simplex/lib/app/resources/libHSOneTuple-0.4.1.1-25a6728f7eaaed6f25c0c84b9d23c563689aba5664fafb9d25de1e8b6e93e436-ghc9.6.3.so
7f2ac7e94000-7f2ac7e95000 r--p 00003000 00:22 9500868                    /opt/simplex/lib/app/resources/libHSOneTuple-0.4.1.1-25a6728f7eaaed6f25c0c84b9d23c563689aba5664fafb9d25de1e8b6e93e436-ghc9.6.3.so
7f2ac7e95000-7f2ac7e96000 r--p 00003000 00:22 9500868                    /opt/simplex/lib/app/resources/libHSOneTuple-0.4.1.1-25a6728f7eaaed6f25c0c84b9d23c563689aba5664fafb9d25de1e8b6e93e436-ghc9.6.3.so
7f2ac7e96000-7f2ac7e97000 rw-p 00004000 00:22 9500868                    /opt/simplex/lib/app/resources/libHSOneTuple-0.4.1.1-25a6728f7eaaed6f25c0c84b9d23c563689aba5664fafb9d25de1e8b6e93e436-ghc9.6.3.so
7f2ac7e97000-7f2ac7ea5000 r--p 00000000 00:22 9500885                    /opt/simplex/lib/app/resources/libHSauto-update-0.1.6-ecb80428f0d9edc16907d305ff237d25cbe29e71e601ffa03b04627282304912-ghc9.6.3.so
7f2ac7ea5000-7f2ac7eab000 r-xp 0000e000 00:22 9500885                    /opt/simplex/lib/app/resources/libHSauto-update-0.1.6-ecb80428f0d9edc16907d305ff237d25cbe29e71e601ffa03b04627282304912-ghc9.6.3.so
7f2ac7eab000-7f2ac7eac000 r--p 00014000 00:22 9500885                    /opt/simplex/lib/app/resources/libHSauto-update-0.1.6-ecb80428f0d9edc16907d305ff237d25cbe29e71e601ffa03b04627282304912-ghc9.6.3.so
7f2ac7eac000-7f2ac7ead000 r--p 00014000 00:22 9500885                    /opt/simplex/lib/app/resources/libHSauto-update-0.1.6-ecb80428f0d9edc16907d305ff237d25cbe29e71e601ffa03b04627282304912-ghc9.6.3.so
7f2ac7ead000-7f2ac7eaf000 rw-p 00015000 00:22 9500885                    /opt/simplex/lib/app/resources/libHSauto-update-0.1.6-ecb80428f0d9edc16907d305ff237d25cbe29e71e601ffa03b04627282304912-ghc9.6.3.so
7f2ac7eaf000-7f2ac7f12000 r--p 00000000 00:22 9501013                    /opt/simplex/lib/app/resources/libHSunliftio-0.2.25.0-e49039a2da3a9a3368bfeaf21760d33880319bcb69605951ea8183d181cc2a0c-ghc9.6.3.so
7f2ac7f12000-7f2ac7f52000 r-xp 00063000 00:22 9501013                    /opt/simplex/lib/app/resources/libHSunliftio-0.2.25.0-e49039a2da3a9a3368bfeaf21760d33880319bcb69605951ea8183d181cc2a0c-ghc9.6.3.so
7f2ac7f52000-7f2ac7f54000 r--p 000a3000 00:22 9501013                    /opt/simplex/lib/app/resources/libHSunliftio-0.2.25.0-e49039a2da3a9a3368bfeaf21760d33880319bcb69605951ea8183d181cc2a0c-ghc9.6.3.so
7f2ac7f54000-7f2ac7f56000 r--p 000a4000 00:22 9501013                    /opt/simplex/lib/app/resources/libHSunliftio-0.2.25.0-e49039a2da3a9a3368bfeaf21760d33880319bcb69605951ea8183d181cc2a0c-ghc9.6.3.so
7f2ac7f56000-7f2ac7f5f000 rw-p 000a6000 00:22 9501013                    /opt/simplex/lib/app/resources/libHSunliftio-0.2.25.0-e49039a2da3a9a3368bfeaf21760d33880319bcb69605951ea8183d181cc2a0c-ghc9.6.3.so
7f2ac7f5f000-7f2ac7f86000 r--p 00000000 00:22 9500963                    /opt/simplex/lib/app/resources/libHSold-time-1.1.0.4-1176cf9d27ce76ea666f65838dedc69cf85e21dda79241ecb77ebc9da74206df-ghc9.6.3.so
7f2ac7f86000-7f2ac7fa6000 r-xp 00027000 00:22 9500963                    /opt/simplex/lib/app/resources/libHSold-time-1.1.0.4-1176cf9d27ce76ea666f65838dedc69cf85e21dda79241ecb77ebc9da74206df-ghc9.6.3.so
7f2ac7fa6000-7f2ac7fa8000 r--p 00047000 00:22 9500963                    /opt/simplex/lib/app/resources/libHSold-time-1.1.0.4-1176cf9d27ce76ea666f65838dedc69cf85e21dda79241ecb77ebc9da74206df-ghc9.6.3.so
7f2ac7fa8000-7f2ac7fa9000 r--p 00048000 00:22 9500963                    /opt/simplex/lib/app/resources/libHSold-time-1.1.0.4-1176cf9d27ce76ea666f65838dedc69cf85e21dda79241ecb77ebc9da74206df-ghc9.6.3.so
7f2ac7fa9000-7f2ac7fae000 rw-p 00049000 00:22 9500963                    /opt/simplex/lib/app/resources/libHSold-time-1.1.0.4-1176cf9d27ce76ea666f65838dedc69cf85e21dda79241ecb77ebc9da74206df-ghc9.6.3.so
7f2ac7fae000-7f2ac7fe1000 r--p 00000000 00:22 9500959                    /opt/simplex/lib/app/resources/libHSnetwork-transport-0.5.6-a598784797da0e5cd837bb152982a8134dbeea490ef4781a1161ebd03ad61e22-ghc9.6.3.so
7f2ac7fe1000-7f2ac7ff8000 r-xp 00033000 00:22 9500959                    /opt/simplex/lib/app/resources/libHSnetwork-transport-0.5.6-a598784797da0e5cd837bb152982a8134dbeea490ef4781a1161ebd03ad61e22-ghc9.6.3.so
7f2ac7ff8000-7f2ac7ffa000 r--p 0004a000 00:22 9500959                    /opt/simplex/lib/app/resources/libHSnetwork-transport-0.5.6-a598784797da0e5cd837bb152982a8134dbeea490ef4781a1161ebd03ad61e22-ghc9.6.3.so
7f2ac7ffa000-7f2ac7ffb000 r--p 0004b000 00:22 9500959                    /opt/simplex/lib/app/resources/libHSnetwork-transport-0.5.6-a598784797da0e5cd837bb152982a8134dbeea490ef4781a1161ebd03ad61e22-ghc9.6.3.so
7f2ac7ffb000-7f2ac8000000 rw-p 0004c000 00:22 9500959                    /opt/simplex/lib/app/resources/libHSnetwork-transport-0.5.6-a598784797da0e5cd837bb152982a8134dbeea490ef4781a1161ebd03ad61e22-ghc9.6.3.so
7f2ac8000000-7f2ac8021000 rw-p 00000000 00:00 0 
7f2ac8021000-7f2acc000000 ---p 00000000 00:00 0 
7f2acc000000-7f2acc457000 rw-p 00000000 00:00 0 
7f2acc457000-7f2ad0000000 ---p 00000000 00:00 0 
7f2ad0000000-7f2ad0021000 rw-p 00000000 00:00 0 
7f2ad0021000-7f2ad4000000 ---p 00000000 00:00 0 
7f2ad4000000-7f2ad4021000 rw-p 00000000 00:00 0 
7f2ad4021000-7f2ad8000000 ---p 00000000 00:00 0 
7f2ad8000000-7f2ad851a000 rw-p 00000000 00:00 0 
7f2ad851a000-7f2adc000000 ---p 00000000 00:00 0 
7f2adc000000-7f2adc021000 rw-p 00000000 00:00 0 
7f2adc021000-7f2ae0000000 ---p 00000000 00:00 0 
7f2ae0000000-7f2ae0021000 rw-p 00000000 00:00 0 
7f2ae0021000-7f2ae4000000 ---p 00000000 00:00 0 
7f2ae4000000-7f2ae4ffd000 rw-p 00000000 00:00 0 
7f2ae4ffd000-7f2ae8000000 ---p 00000000 00:00 0 
7f2ae8000000-7f2ae8021000 rw-p 00000000 00:00 0 
7f2ae8021000-7f2aec000000 ---p 00000000 00:00 0 
7f2aec000000-7f2aec021000 rw-p 00000000 00:00 0 
7f2aec021000-7f2af0000000 ---p 00000000 00:00 0 
7f2af0000000-7f2af0021000 rw-p 00000000 00:00 0 
7f2af0021000-7f2af4000000 ---p 00000000 00:00 0 
7f2af4000000-7f2af4021000 rw-p 00000000 00:00 0 
7f2af4021000-7f2af8000000 ---p 00000000 00:00 0 
7f2af8000000-7f2af8400000 rw-p 00000000 00:00 0 
7f2af8400000-7f2af8500000 rw-p 00000000 00:00 0 
7f2af8500000-7f2af8600000 rw-p 00000000 00:00 0 
7f2af8600000-7f2af8780000 rw-p 00000000 00:00 0 
7f2af8780000-7f2af8800000 rw-p 00000000 00:00 0 
7f2af8800000-7f2af8980000 rw-p 00000000 00:00 0 
7f2af8980000-7f2af8b00000 rw-p 00000000 00:00 0 
7f2af8b00000-7f2af8b80000 rw-p 00000000 00:00 0 
7f2af8b80000-7f2af8c00000 rw-p 00000000 00:00 0 
7f2af8c00000-7f2af8f00000 rw-p 00000000 00:00 0 
7f2af8f00000-7f2af9000000 rw-p 00000000 00:00 0 
7f2af9000000-7f2af9080000 rw-p 00000000 00:00 0 
7f2af9080000-7f2af9100000 rw-p 00000000 00:00 0 
7f2af9100000-7f2af9300000 rw-p 00000000 00:00 0 
7f2af9300000-7f2af9380000 rw-p 00000000 00:00 0 
7f2af9380000-7f2af9500000 rw-p 00000000 00:00 0 
7f2af9500000-7f2af9540000 rw-p 00000000 00:00 0 
7f2af9540000-7f2af9580000 rw-p 00000000 00:00 0 
7f2af9580000-7f2af9660000 rw-p 00000000 00:00 0 
7f2af9660000-7f2af9680000 rw-p 00000000 00:00 0 
7f2af9680000-7f2af9700000 rw-p 00000000 00:00 0 
7f2af9700000-7f2af9900000 rw-p 00000000 00:00 0 
7f2af9900000-7f2af9940000 rw-p 00000000 00:00 0 
7f2af9940000-7f2af9980000 rw-p 00000000 00:00 0 
7f2af9980000-7f2af9b00000 rw-p 00000000 00:00 0 
7f2af9b00000-7f2af9c00000 rw-p 00000000 00:00 0 
7f2af9c00000-7f2afa180000 rw-p 00000000 00:00 0 
7f2afa180000-7f2afa200000 rw-p 00000000 00:00 0 
7f2afa200000-7f2afa580000 rw-p 00000000 00:00 0 
7f2afa580000-7f2afa5d0000 rw-p 00000000 00:00 0 
7f2afa5d0000-7f2afa600000 ---p 00000000 00:00 0 
7f2afa600000-7f2afa8b0000 rw-p 00000000 00:00 0 
7f2afa8b0000-7f2afc000000 ---p 00000000 00:00 0 
7f2afc000000-7f2afc021000 rw-p 00000000 00:00 0 
7f2afc021000-7f2b00000000 ---p 00000000 00:00 0 
7f2b00000000-7f2b00021000 rw-p 00000000 00:00 0 
7f2b00021000-7f2b04000000 ---p 00000000 00:00 0 
7f2b04000000-7f2b04021000 rw-p 00000000 00:00 0 
7f2b04021000-7f2b08000000 ---p 00000000 00:00 0 
7f2b08002000-7f2b08003000 r--p 00000000 00:22 9500933                    /opt/simplex/lib/app/resources/libHSgenerically-0.1.1-2834f311c967983e0bc61b2c2991e5f1889ec4efc87b9657d666962213309952-ghc9.6.3.so
7f2b08003000-7f2b08004000 r-xp 00001000 00:22 9500933                    /opt/simplex/lib/app/resources/libHSgenerically-0.1.1-2834f311c967983e0bc61b2c2991e5f1889ec4efc87b9657d666962213309952-ghc9.6.3.so
7f2b08004000-7f2b08005000 r--p 00002000 00:22 9500933                    /opt/simplex/lib/app/resources/libHSgenerically-0.1.1-2834f311c967983e0bc61b2c2991e5f1889ec4efc87b9657d666962213309952-ghc9.6.3.so
7f2b08005000-7f2b08006000 r--p 00002000 00:22 9500933                    /opt/simplex/lib/app/resources/libHSgenerically-0.1.1-2834f311c967983e0bc61b2c2991e5f1889ec4efc87b9657d666962213309952-ghc9.6.3.so
7f2b08006000-7f2b08007000 rw-p 00003000 00:22 9500933                    /opt/simplex/lib/app/resources/libHSgenerically-0.1.1-2834f311c967983e0bc61b2c2991e5f1889ec4efc87b9657d666962213309952-ghc9.6.3.so
7f2b08007000-7f2b0801a000 r--p 00000000 00:22 9500976                    /opt/simplex/lib/app/resources/libHSsafe-exceptions-0.1.7.4-fa39710bdd0613170da182466a4d5f7d7e1ca3350d0d4a062ea9d3f2a3dbbb31-ghc9.6.3.so
7f2b0801a000-7f2b08022000 r-xp 00013000 00:22 9500976                    /opt/simplex/lib/app/resources/libHSsafe-exceptions-0.1.7.4-fa39710bdd0613170da182466a4d5f7d7e1ca3350d0d4a062ea9d3f2a3dbbb31-ghc9.6.3.so
7f2b08022000-7f2b08023000 r--p 0001b000 00:22 9500976                    /opt/simplex/lib/app/resources/libHSsafe-exceptions-0.1.7.4-fa39710bdd0613170da182466a4d5f7d7e1ca3350d0d4a062ea9d3f2a3dbbb31-ghc9.6.3.so
7f2b08023000-7f2b08024000 r--p 0001b000 00:22 9500976                    /opt/simplex/lib/app/resources/libHSsafe-exceptions-0.1.7.4-fa39710bdd0613170da182466a4d5f7d7e1ca3350d0d4a062ea9d3f2a3dbbb31-ghc9.6.3.so
7f2b08024000-7f2b08026000 rw-p 0001c000 00:22 9500976                    /opt/simplex/lib/app/resources/libHSsafe-exceptions-0.1.7.4-fa39710bdd0613170da182466a4d5f7d7e1ca3350d0d4a062ea9d3f2a3dbbb31-ghc9.6.3.so
7f2b08026000-7f2b0802f000 r--p 00000000 00:22 9501014                    /opt/simplex/lib/app/resources/libHSunliftio-core-0.2.1.0-fe08e519f2101e0d6af5c7436f21f4fe398f2538422b74fd8852415fb9c17a59-ghc9.6.3.so
7f2b0802f000-7f2b08031000 r-xp 00009000 00:22 9501014                    /opt/simplex/lib/app/resources/libHSunliftio-core-0.2.1.0-fe08e519f2101e0d6af5c7436f21f4fe398f2538422b74fd8852415fb9c17a59-ghc9.6.3.so
7f2b08031000-7f2b08032000 r--p 0000b000 00:22 9501014                    /opt/simplex/lib/app/resources/libHSunliftio-core-0.2.1.0-fe08e519f2101e0d6af5c7436f21f4fe398f2538422b74fd8852415fb9c17a59-ghc9.6.3.so
7f2b08032000-7f2b08033000 r--p 0000b000 00:22 9501014                    /opt/simplex/lib/app/resources/libHSunliftio-core-0.2.1.0-fe08e519f2101e0d6af5c7436f21f4fe398f2538422b74fd8852415fb9c17a59-ghc9.6.3.so
7f2b08033000-7f2b08034000 rw-p 0000c000 00:22 9501014                    /opt/simplex/lib/app/resources/libHSunliftio-core-0.2.1.0-fe08e519f2101e0d6af5c7436f21f4fe398f2538422b74fd8852415fb9c17a59-ghc9.6.3.so
7f2b08034000-7f2b0803d000 r--p 00000000 00:22 9501003                    /opt/simplex/lib/app/resources/libHStime-manager-0.0.1-77828802fbee26aec7c30a924eb863902e639ee260505a667e17333384754050-ghc9.6.3.so
7f2b0803d000-7f2b0803f000 r-xp 00009000 00:22 9501003                    /opt/simplex/lib/app/resources/libHStime-manager-0.0.1-77828802fbee26aec7c30a924eb863902e639ee260505a667e17333384754050-ghc9.6.3.so
7f2b0803f000-7f2b08040000 r--p 0000b000 00:22 9501003                    /opt/simplex/lib/app/resources/libHStime-manager-0.0.1-77828802fbee26aec7c30a924eb863902e639ee260505a667e17333384754050-ghc9.6.3.so
7f2b08040000-7f2b08041000 r--p 0000b000 00:22 9501003                    /opt/simplex/lib/app/resources/libHStime-manager-0.0.1-77828802fbee26aec7c30a924eb863902e639ee260505a667e17333384754050-ghc9.6.3.so
7f2b08041000-7f2b08042000 rw-p 0000c000 00:22 9501003                    /opt/simplex/lib/app/resources/libHStime-manager-0.0.1-77828802fbee26aec7c30a924eb863902e639ee260505a667e17333384754050-ghc9.6.3.so
7f2b08042000-7f2b08066000 r--p 00000000 00:22 9500875                    /opt/simplex/lib/app/resources/libHSansi-wl-pprint-0.6.9-740e11c23a4b1fdd05b947ad8c991cbe710e732c7aa74fd140113a8437bcb88a-ghc9.6.3.so
7f2b08066000-7f2b08074000 r-xp 00024000 00:22 9500875                    /opt/simplex/lib/app/resources/libHSansi-wl-pprint-0.6.9-740e11c23a4b1fdd05b947ad8c991cbe710e732c7aa74fd140113a8437bcb88a-ghc9.6.3.so
7f2b08074000-7f2b08076000 r--p 00032000 00:22 9500875                    /opt/simplex/lib/app/resources/libHSansi-wl-pprint-0.6.9-740e11c23a4b1fdd05b947ad8c991cbe710e732c7aa74fd140113a8437bcb88a-ghc9.6.3.so
7f2b08076000-7f2b08077000 r--p 00033000 00:22 9500875                    /opt/simplex/lib/app/resources/libHSansi-wl-pprint-0.6.9-740e11c23a4b1fdd05b947ad8c991cbe710e732c7aa74fd140113a8437bcb88a-ghc9.6.3.so
7f2b08077000-7f2b0807a000 rw-p 00034000 00:22 9500875                    /opt/simplex/lib/app/resources/libHSansi-wl-pprint-0.6.9-740e11c23a4b1fdd05b947ad8c991cbe710e732c7aa74fd140113a8437bcb88a-ghc9.6.3.so
7f2b0807a000-7f2b0810a000 r--p 00000000 00:22 9500964                    /opt/simplex/lib/app/resources/libHSoptparse-applicative-0.16.1.0-3ce9aafbd1a55a039ca95f58edb9a59055e5a44025a363ef7164a17f4f233cd8-ghc9.6.3.so
7f2b0810a000-7f2b08154000 r-xp 00090000 00:22 9500964                    /opt/simplex/lib/app/resources/libHSoptparse-applicative-0.16.1.0-3ce9aafbd1a55a039ca95f58edb9a59055e5a44025a363ef7164a17f4f233cd8-ghc9.6.3.so
7f2b08154000-7f2b08158000 r--p 000da000 00:22 9500964                    /opt/simplex/lib/app/resources/libHSoptparse-applicative-0.16.1.0-3ce9aafbd1a55a039ca95f58edb9a59055e5a44025a363ef7164a17f4f233cd8-ghc9.6.3.so
7f2b08158000-7f2b08159000 r--p 000dd000 00:22 9500964                    /opt/simplex/lib/app/resources/libHSoptparse-applicative-0.16.1.0-3ce9aafbd1a55a039ca95f58edb9a59055e5a44025a363ef7164a17f4f233cd8-ghc9.6.3.so
7f2b08159000-7f2b08166000 rw-p 000de000 00:22 9500964                    /opt/simplex/lib/app/resources/libHSoptparse-applicative-0.16.1.0-3ce9aafbd1a55a039ca95f58edb9a59055e5a44025a363ef7164a17f4f233cd8-ghc9.6.3.so
7f2b08166000-7f2b0818f000 r--p 00000000 00:22 9500930                    /opt/simplex/lib/app/resources/libHSfast-logger-3.2.2-b996f2a9213a68adbcb76c2cd120cca89f66fffcc9f58aa29e344f14c7372a28-ghc9.6.3.so
7f2b0818f000-7f2b081ac000 r-xp 00029000 00:22 9500930                    /opt/simplex/lib/app/resources/libHSfast-logger-3.2.2-b996f2a9213a68adbcb76c2cd120cca89f66fffcc9f58aa29e344f14c7372a28-ghc9.6.3.so
7f2b081ac000-7f2b081ad000 r--p 00046000 00:22 9500930                    /opt/simplex/lib/app/resources/libHSfast-logger-3.2.2-b996f2a9213a68adbcb76c2cd120cca89f66fffcc9f58aa29e344f14c7372a28-ghc9.6.3.so
7f2b081ad000-7f2b081ae000 ---p 00047000 00:22 9500930                    /opt/simplex/lib/app/resources/libHSfast-logger-3.2.2-b996f2a9213a68adbcb76c2cd120cca89f66fffcc9f58aa29e344f14c7372a28-ghc9.6.3.so
7f2b081ae000-7f2b081af000 r--p 00047000 00:22 9500930                    /opt/simplex/lib/app/resources/libHSfast-logger-3.2.2-b996f2a9213a68adbcb76c2cd120cca89f66fffcc9f58aa29e344f14c7372a28-ghc9.6.3.so
7f2b081af000-7f2b081b3000 rw-p 00048000 00:22 9500930                    /opt/simplex/lib/app/resources/libHSfast-logger-3.2.2-b996f2a9213a68adbcb76c2cd120cca89f66fffcc9f58aa29e344f14c7372a28-ghc9.6.3.so
7f2b081b3000-7f2b08200000 r--p 00000000 00:22 9500892                    /opt/simplex/lib/app/resources/libHSbitvec-1.1.5.0-f7812fb545e860bcf25db099a0f86418cb8b521ac6c734b90394edb5f29dcc64-ghc9.6.3.so
7f2b08200000-7f2b08335000 r-xp 0004d000 00:22 9500892                    /opt/simplex/lib/app/resources/libHSbitvec-1.1.5.0-f7812fb545e860bcf25db099a0f86418cb8b521ac6c734b90394edb5f29dcc64-ghc9.6.3.so
7f2b08335000-7f2b08336000 r--p 00182000 00:22 9500892                    /opt/simplex/lib/app/resources/libHSbitvec-1.1.5.0-f7812fb545e860bcf25db099a0f86418cb8b521ac6c734b90394edb5f29dcc64-ghc9.6.3.so
7f2b08336000-7f2b08337000 ---p 00183000 00:22 9500892                    /opt/simplex/lib/app/resources/libHSbitvec-1.1.5.0-f7812fb545e860bcf25db099a0f86418cb8b521ac6c734b90394edb5f29dcc64-ghc9.6.3.so
7f2b08337000-7f2b08338000 r--p 00183000 00:22 9500892                    /opt/simplex/lib/app/resources/libHSbitvec-1.1.5.0-f7812fb545e860bcf25db099a0f86418cb8b521ac6c734b90394edb5f29dcc64-ghc9.6.3.so
7f2b08338000-7f2b08341000 rw-p 00184000 00:22 9500892                    /opt/simplex/lib/app/resources/libHSbitvec-1.1.5.0-f7812fb545e860bcf25db099a0f86418cb8b521ac6c734b90394edb5f29dcc64-ghc9.6.3.so
7f2b08341000-7f2b08368000 r--p 00000000 00:22 9500974                    /opt/simplex/lib/app/resources/libHSresourcet-1.3.0-7bc4c5832125cb21a657e1e52c7d15ade8946d90d44a4aeef2da03d323cfdcfc-ghc9.6.3.so
7f2b08368000-7f2b0837b000 r-xp 00027000 00:22 9500974                    /opt/simplex/lib/app/resources/libHSresourcet-1.3.0-7bc4c5832125cb21a657e1e52c7d15ade8946d90d44a4aeef2da03d323cfdcfc-ghc9.6.3.so
7f2b0837b000-7f2b0837c000 r--p 0003a000 00:22 9500974                    /opt/simplex/lib/app/resources/libHSresourcet-1.3.0-7bc4c5832125cb21a657e1e52c7d15ade8946d90d44a4aeef2da03d323cfdcfc-ghc9.6.3.so
7f2b0837c000-7f2b0837d000 ---p 0003b000 00:22 9500974                    /opt/simplex/lib/app/resources/libHSresourcet-1.3.0-7bc4c5832125cb21a657e1e52c7d15ade8946d90d44a4aeef2da03d323cfdcfc-ghc9.6.3.so
7f2b0837d000-7f2b0837e000 r--p 0003b000 00:22 9500974                    /opt/simplex/lib/app/resources/libHSresourcet-1.3.0-7bc4c5832125cb21a657e1e52c7d15ade8946d90d44a4aeef2da03d323cfdcfc-ghc9.6.3.so
7f2b0837e000-7f2b08381000 rw-p 0003c000 00:22 9500974                    /opt/simplex/lib/app/resources/libHSresourcet-1.3.0-7bc4c5832125cb21a657e1e52c7d15ade8946d90d44a4aeef2da03d323cfdcfc-ghc9.6.3.so
7f2b08381000-7f2b083f7000 r--p 00000000 00:22 9500902                    /opt/simplex/lib/app/resources/libHSconduit-1.3.5-f7cd0af4bd2712f81767a07893f463374305fbd51a1ccbf7dde3d722fad38078-ghc9.6.3.so
7f2b083f7000-7f2b08496000 r-xp 00076000 00:22 9500902                    /opt/simplex/lib/app/resources/libHSconduit-1.3.5-f7cd0af4bd2712f81767a07893f463374305fbd51a1ccbf7dde3d722fad38078-ghc9.6.3.so
7f2b08496000-7f2b08498000 r--p 00115000 00:22 9500902                    /opt/simplex/lib/app/resources/libHSconduit-1.3.5-f7cd0af4bd2712f81767a07893f463374305fbd51a1ccbf7dde3d722fad38078-ghc9.6.3.so
7f2b08498000-7f2b08499000 ---p 00117000 00:22 9500902                    /opt/simplex/lib/app/resources/libHSconduit-1.3.5-f7cd0af4bd2712f81767a07893f463374305fbd51a1ccbf7dde3d722fad38078-ghc9.6.3.so
7f2b08499000-7f2b0849a000 r--p 00117000 00:22 9500902                    /opt/simplex/lib/app/resources/libHSconduit-1.3.5-f7cd0af4bd2712f81767a07893f463374305fbd51a1ccbf7dde3d722fad38078-ghc9.6.3.so
7f2b0849a000-7f2b084a3000 rw-p 00118000 00:22 9500902                    /opt/simplex/lib/app/resources/libHSconduit-1.3.5-f7cd0af4bd2712f81767a07893f463374305fbd51a1ccbf7dde3d722fad38078-ghc9.6.3.so
7f2b084a3000-7f2b084e6000 r--p 00000000 00:22 9501025                    /opt/simplex/lib/app/resources/libHSzlib-0.6.3.0-a39aae8f67ff3eaace9ad2f1a8075252dfa05207ee067004481e4d1b253aa7f7-ghc9.6.3.so
7f2b084e6000-7f2b08517000 r-xp 00043000 00:22 9501025                    /opt/simplex/lib/app/resources/libHSzlib-0.6.3.0-a39aae8f67ff3eaace9ad2f1a8075252dfa05207ee067004481e4d1b253aa7f7-ghc9.6.3.so
7f2b08517000-7f2b0851a000 r--p 00074000 00:22 9501025                    /opt/simplex/lib/app/resources/libHSzlib-0.6.3.0-a39aae8f67ff3eaace9ad2f1a8075252dfa05207ee067004481e4d1b253aa7f7-ghc9.6.3.so
7f2b0851a000-7f2b0851b000 r--p 00076000 00:22 9501025                    /opt/simplex/lib/app/resources/libHSzlib-0.6.3.0-a39aae8f67ff3eaace9ad2f1a8075252dfa05207ee067004481e4d1b253aa7f7-ghc9.6.3.so
7f2b0851b000-7f2b08522000 rw-p 00077000 00:22 9501025                    /opt/simplex/lib/app/resources/libHSzlib-0.6.3.0-a39aae8f67ff3eaace9ad2f1a8075252dfa05207ee067004481e4d1b253aa7f7-ghc9.6.3.so
7f2b08522000-7f2b0857b000 r--p 00000000 00:22 9500988                    /opt/simplex/lib/app/resources/libHSstreaming-commons-0.2.2.6-c2a64f34d630d423cfe81f4f5f013ab2aa9c88fe829a5b8fb1558030225c68fe-ghc9.6.3.so
7f2b0857b000-7f2b085b3000 r-xp 00059000 00:22 9500988                    /opt/simplex/lib/app/resources/libHSstreaming-commons-0.2.2.6-c2a64f34d630d423cfe81f4f5f013ab2aa9c88fe829a5b8fb1558030225c68fe-ghc9.6.3.so
7f2b085b3000-7f2b085b6000 r--p 00091000 00:22 9500988                    /opt/simplex/lib/app/resources/libHSstreaming-commons-0.2.2.6-c2a64f34d630d423cfe81f4f5f013ab2aa9c88fe829a5b8fb1558030225c68fe-ghc9.6.3.so
7f2b085b6000-7f2b085b7000 r--p 00093000 00:22 9500988                    /opt/simplex/lib/app/resources/libHSstreaming-commons-0.2.2.6-c2a64f34d630d423cfe81f4f5f013ab2aa9c88fe829a5b8fb1558030225c68fe-ghc9.6.3.so
7f2b085b7000-7f2b085bf000 rw-p 00094000 00:22 9500988                    /opt/simplex/lib/app/resources/libHSstreaming-commons-0.2.2.6-c2a64f34d630d423cfe81f4f5f013ab2aa9c88fe829a5b8fb1558030225c68fe-ghc9.6.3.so
7f2b085bf000-7f2b085e3000 r--p 00000000 00:22 9501009                    /opt/simplex/lib/app/resources/libHStyped-process-0.2.11.1-62f137b38f036ac21804c99685e715e16a8eae2414705926bc32627e2e3746b7-ghc9.6.3.so
7f2b085e3000-7f2b085fa000 r-xp 00024000 00:22 9501009                    /opt/simplex/lib/app/resources/libHStyped-process-0.2.11.1-62f137b38f036ac21804c99685e715e16a8eae2414705926bc32627e2e3746b7-ghc9.6.3.so
7f2b085fa000-7f2b085fb000 r--p 0003b000 00:22 9501009                    /opt/simplex/lib/app/resources/libHStyped-process-0.2.11.1-62f137b38f036ac21804c99685e715e16a8eae2414705926bc32627e2e3746b7-ghc9.6.3.so
7f2b085fb000-7f2b085fc000 ---p 0003c000 00:22 9501009                    /opt/simplex/lib/app/resources/libHStyped-process-0.2.11.1-62f137b38f036ac21804c99685e715e16a8eae2414705926bc32627e2e3746b7-ghc9.6.3.so
7f2b085fc000-7f2b085fd000 r--p 0003c000 00:22 9501009                    /opt/simplex/lib/app/resources/libHStyped-process-0.2.11.1-62f137b38f036ac21804c99685e715e16a8eae2414705926bc32627e2e3746b7-ghc9.6.3.so
7f2b085fd000-7f2b08600000 rw-p 0003d000 00:22 9501009                    /opt/simplex/lib/app/resources/libHStyped-process-0.2.11.1-62f137b38f036ac21804c99685e715e16a8eae2414705926bc32627e2e3746b7-ghc9.6.3.so
7f2b08600000-7f2b08833000 r--p 00000000 00:22 9500913                    /opt/simplex/lib/app/resources/libHScryptostore-0.3.0.1-44f7a30de8c5f27df2f4c61613d8f76fda72b1cf7b8d867e2fe8ff99f77f43b4-ghc9.6.3.so
7f2b08833000-7f2b08963000 r-xp 00233000 00:22 9500913                    /opt/simplex/lib/app/resources/libHScryptostore-0.3.0.1-44f7a30de8c5f27df2f4c61613d8f76fda72b1cf7b8d867e2fe8ff99f77f43b4-ghc9.6.3.so
7f2b08963000-7f2b08973000 r--p 00363000 00:22 9500913                    /opt/simplex/lib/app/resources/libHScryptostore-0.3.0.1-44f7a30de8c5f27df2f4c61613d8f76fda72b1cf7b8d867e2fe8ff99f77f43b4-ghc9.6.3.so
7f2b08973000-7f2b08974000 ---p 00373000 00:22 9500913                    /opt/simplex/lib/app/resources/libHScryptostore-0.3.0.1-44f7a30de8c5f27df2f4c61613d8f76fda72b1cf7b8d867e2fe8ff99f77f43b4-ghc9.6.3.so
7f2b08974000-7f2b08976000 r--p 00373000 00:22 9500913                    /opt/simplex/lib/app/resources/libHScryptostore-0.3.0.1-44f7a30de8c5f27df2f4c61613d8f76fda72b1cf7b8d867e2fe8ff99f77f43b4-ghc9.6.3.so
7f2b08976000-7f2b089b4000 rw-p 00375000 00:22 9500913                    /opt/simplex/lib/app/resources/libHScryptostore-0.3.0.1-44f7a30de8c5f27df2f4c61613d8f76fda72b1cf7b8d867e2fe8ff99f77f43b4-ghc9.6.3.so
7f2b089b7000-7f2b089ba000 r--p 00000000 00:22 9500901                    /opt/simplex/lib/app/resources/libHScomposition-1.0.2.2-237b8704d6b2659dedca5654b4896de04c10bdbb3672d164e018047bd34b458b-ghc9.6.3.so
7f2b089ba000-7f2b089bc000 r-xp 00003000 00:22 9500901                    /opt/simplex/lib/app/resources/libHScomposition-1.0.2.2-237b8704d6b2659dedca5654b4896de04c10bdbb3672d164e018047bd34b458b-ghc9.6.3.so
7f2b089bc000-7f2b089bd000 r--p 00005000 00:22 9500901                    /opt/simplex/lib/app/resources/libHScomposition-1.0.2.2-237b8704d6b2659dedca5654b4896de04c10bdbb3672d164e018047bd34b458b-ghc9.6.3.so
7f2b089bd000-7f2b089be000 r--p 00005000 00:22 9500901                    /opt/simplex/lib/app/resources/libHScomposition-1.0.2.2-237b8704d6b2659dedca5654b4896de04c10bdbb3672d164e018047bd34b458b-ghc9.6.3.so
7f2b089be000-7f2b089bf000 rw-p 00006000 00:22 9500901                    /opt/simplex/lib/app/resources/libHScomposition-1.0.2.2-237b8704d6b2659dedca5654b4896de04c10bdbb3672d164e018047bd34b458b-ghc9.6.3.so
7f2b089bf000-7f2b089fe000 r--p 00000000 00:22 9500903                    /opt/simplex/lib/app/resources/libHSconduit-extra-1.3.6-46fa6ccb0368471fb2eb4319e2a291d4351d9beb99b9d3dc2b80ef3c18ff6a8d-ghc9.6.3.so
7f2b089fe000-7f2b08a46000 r-xp 0003f000 00:22 9500903                    /opt/simplex/lib/app/resources/libHSconduit-extra-1.3.6-46fa6ccb0368471fb2eb4319e2a291d4351d9beb99b9d3dc2b80ef3c18ff6a8d-ghc9.6.3.so
7f2b08a46000-7f2b08a47000 r--p 00087000 00:22 9500903                    /opt/simplex/lib/app/resources/libHSconduit-extra-1.3.6-46fa6ccb0368471fb2eb4319e2a291d4351d9beb99b9d3dc2b80ef3c18ff6a8d-ghc9.6.3.so
7f2b08a47000-7f2b08a48000 ---p 00088000 00:22 9500903                    /opt/simplex/lib/app/resources/libHSconduit-extra-1.3.6-46fa6ccb0368471fb2eb4319e2a291d4351d9beb99b9d3dc2b80ef3c18ff6a8d-ghc9.6.3.so
7f2b08a48000-7f2b08a49000 r--p 00088000 00:22 9500903                    /opt/simplex/lib/app/resources/libHSconduit-extra-1.3.6-46fa6ccb0368471fb2eb4319e2a291d4351d9beb99b9d3dc2b80ef3c18ff6a8d-ghc9.6.3.so
7f2b08a49000-7f2b08a4f000 rw-p 00089000 00:22 9500903                    /opt/simplex/lib/app/resources/libHSconduit-extra-1.3.6-46fa6ccb0368471fb2eb4319e2a291d4351d9beb99b9d3dc2b80ef3c18ff6a8d-ghc9.6.3.so
7f2b08a4f000-7f2b08a96000 r--p 00000000 00:22 9500952                    /opt/simplex/lib/app/resources/libHSmonad-logger-0.3.40-bd2c86f117c7a9e15efe0e94bf63ea4ba9acb1a3cd6ae109d16580e3e144a39f-ghc9.6.3.so
7f2b08a96000-7f2b08ac6000 r-xp 00047000 00:22 9500952                    /opt/simplex/lib/app/resources/libHSmonad-logger-0.3.40-bd2c86f117c7a9e15efe0e94bf63ea4ba9acb1a3cd6ae109d16580e3e144a39f-ghc9.6.3.so
7f2b08ac6000-7f2b08ac7000 r--p 00077000 00:22 9500952                    /opt/simplex/lib/app/resources/libHSmonad-logger-0.3.40-bd2c86f117c7a9e15efe0e94bf63ea4ba9acb1a3cd6ae109d16580e3e144a39f-ghc9.6.3.so
7f2b08ac7000-7f2b08ac8000 ---p 00078000 00:22 9500952                    /opt/simplex/lib/app/resources/libHSmonad-logger-0.3.40-bd2c86f117c7a9e15efe0e94bf63ea4ba9acb1a3cd6ae109d16580e3e144a39f-ghc9.6.3.so
7f2b08ac8000-7f2b08ac9000 r--p 00078000 00:22 9500952                    /opt/simplex/lib/app/resources/libHSmonad-logger-0.3.40-bd2c86f117c7a9e15efe0e94bf63ea4ba9acb1a3cd6ae109d16580e3e144a39f-ghc9.6.3.so
7f2b08ac9000-7f2b08ace000 rw-p 00079000 00:22 9500952                    /opt/simplex/lib/app/resources/libHSmonad-logger-0.3.40-bd2c86f117c7a9e15efe0e94bf63ea4ba9acb1a3cd6ae109d16580e3e144a39f-ghc9.6.3.so
7f2b08ace000-7f2b08b1d000 r--p 00000000 00:22 9500946                    /opt/simplex/lib/app/resources/libHSiproute-1.7.12-f2697155f8d196d730c7a4356a213a14569fb9fe169e659aee4a75a1b1e3d28d-ghc9.6.3.so
7f2b08b1d000-7f2b08b60000 r-xp 0004f000 00:22 9500946                    /opt/simplex/lib/app/resources/libHSiproute-1.7.12-f2697155f8d196d730c7a4356a213a14569fb9fe169e659aee4a75a1b1e3d28d-ghc9.6.3.so
7f2b08b60000-7f2b08b61000 r--p 00092000 00:22 9500946                    /opt/simplex/lib/app/resources/libHSiproute-1.7.12-f2697155f8d196d730c7a4356a213a14569fb9fe169e659aee4a75a1b1e3d28d-ghc9.6.3.so
7f2b08b61000-7f2b08b62000 ---p 00093000 00:22 9500946                    /opt/simplex/lib/app/resources/libHSiproute-1.7.12-f2697155f8d196d730c7a4356a213a14569fb9fe169e659aee4a75a1b1e3d28d-ghc9.6.3.so
7f2b08b62000-7f2b08b63000 r--p 00093000 00:22 9500946                    /opt/simplex/lib/app/resources/libHSiproute-1.7.12-f2697155f8d196d730c7a4356a213a14569fb9fe169e659aee4a75a1b1e3d28d-ghc9.6.3.so
7f2b08b63000-7f2b08b6b000 rw-p 00094000 00:22 9500946                    /opt/simplex/lib/app/resources/libHSiproute-1.7.12-f2697155f8d196d730c7a4356a213a14569fb9fe169e659aee4a75a1b1e3d28d-ghc9.6.3.so
7f2b08b6b000-7f2b08ba6000 r--p 00000000 00:22 9500898                    /opt/simplex/lib/app/resources/libHScereal-0.5.8.3-1dc9d2e442647ca716729f0956fdcf61c80cd8a0e0593a7c3ffd6dec6fd90897-ghc9.6.3.so
7f2b08ba6000-7f2b08bfa000 r-xp 0003b000 00:22 9500898                    /opt/simplex/lib/app/resources/libHScereal-0.5.8.3-1dc9d2e442647ca716729f0956fdcf61c80cd8a0e0593a7c3ffd6dec6fd90897-ghc9.6.3.so
7f2b08bfa000-7f2b08bfb000 r--p 0008f000 00:22 9500898                    /opt/simplex/lib/app/resources/libHScereal-0.5.8.3-1dc9d2e442647ca716729f0956fdcf61c80cd8a0e0593a7c3ffd6dec6fd90897-ghc9.6.3.so
7f2b08bfb000-7f2b08bfc000 r--p 0008f000 00:22 9500898                    /opt/simplex/lib/app/resources/libHScereal-0.5.8.3-1dc9d2e442647ca716729f0956fdcf61c80cd8a0e0593a7c3ffd6dec6fd90897-ghc9.6.3.so
7f2b08bfc000-7f2b08c00000 rw-p 00090000 00:22 9500898                    /opt/simplex/lib/app/resources/libHScereal-0.5.8.3-1dc9d2e442647ca716729f0956fdcf61c80cd8a0e0593a7c3ffd6dec6fd90897-ghc9.6.3.so
7f2b08c00000-7f2b08e3c000 r--p 00000000 00:22 9501004                    /opt/simplex/lib/app/resources/libHStls-1.9.0-6788cf450613a953599cb80c84cd483fafc4caa194ade4412ea440d544ee19ba-ghc9.6.3.so
7f2b08e3c000-7f2b08fc5000 r-xp 0023c000 00:22 9501004                    /opt/simplex/lib/app/resources/libHStls-1.9.0-6788cf450613a953599cb80c84cd483fafc4caa194ade4412ea440d544ee19ba-ghc9.6.3.so
7f2b08fc5000-7f2b08fd9000 r--p 003c5000 00:22 9501004                    /opt/simplex/lib/app/resources/libHStls-1.9.0-6788cf450613a953599cb80c84cd483fafc4caa194ade4412ea440d544ee19ba-ghc9.6.3.so
7f2b08fd9000-7f2b08fda000 ---p 003d9000 00:22 9501004                    /opt/simplex/lib/app/resources/libHStls-1.9.0-6788cf450613a953599cb80c84cd483fafc4caa194ade4412ea440d544ee19ba-ghc9.6.3.so
7f2b08fda000-7f2b08fdc000 r--p 003d9000 00:22 9501004                    /opt/simplex/lib/app/resources/libHStls-1.9.0-6788cf450613a953599cb80c84cd483fafc4caa194ade4412ea440d544ee19ba-ghc9.6.3.so
7f2b08fdc000-7f2b0901f000 rw-p 003db000 00:22 9501004                    /opt/simplex/lib/app/resources/libHStls-1.9.0-6788cf450613a953599cb80c84cd483fafc4caa194ade4412ea440d544ee19ba-ghc9.6.3.so
7f2b09022000-7f2b09023000 r--p 00000000 00:22 9501008                    /opt/simplex/lib/app/resources/libHStype-equality-1-c6a98cb4eb3e5594096ad0805c75d62364c4e94bc328d1703756f1c4f2bcddcf-ghc9.6.3.so
7f2b09023000-7f2b09024000 r-xp 00001000 00:22 9501008                    /opt/simplex/lib/app/resources/libHStype-equality-1-c6a98cb4eb3e5594096ad0805c75d62364c4e94bc328d1703756f1c4f2bcddcf-ghc9.6.3.so
7f2b09024000-7f2b09025000 r--p 00002000 00:22 9501008                    /opt/simplex/lib/app/resources/libHStype-equality-1-c6a98cb4eb3e5594096ad0805c75d62364c4e94bc328d1703756f1c4f2bcddcf-ghc9.6.3.so
7f2b09025000-7f2b09026000 r--p 00002000 00:22 9501008                    /opt/simplex/lib/app/resources/libHStype-equality-1-c6a98cb4eb3e5594096ad0805c75d62364c4e94bc328d1703756f1c4f2bcddcf-ghc9.6.3.so
7f2b09026000-7f2b09027000 rw-p 00003000 00:22 9501008                    /opt/simplex/lib/app/resources/libHStype-equality-1-c6a98cb4eb3e5594096ad0805c75d62364c4e94bc328d1703756f1c4f2bcddcf-ghc9.6.3.so
7f2b09027000-7f2b09037000 r--p 00000000 00:22 9501012                    /opt/simplex/lib/app/resources/libHSunix-time-0.4.11-9189a02348ca6152b40e2de4217054859bd40e33c0e5eeb1369921a564b5cf30-ghc9.6.3.so
7f2b09037000-7f2b09040000 r-xp 00010000 00:22 9501012                    /opt/simplex/lib/app/resources/libHSunix-time-0.4.11-9189a02348ca6152b40e2de4217054859bd40e33c0e5eeb1369921a564b5cf30-ghc9.6.3.so
7f2b09040000-7f2b09041000 r--p 00019000 00:22 9501012                    /opt/simplex/lib/app/resources/libHSunix-time-0.4.11-9189a02348ca6152b40e2de4217054859bd40e33c0e5eeb1369921a564b5cf30-ghc9.6.3.so
7f2b09041000-7f2b09042000 r--p 00019000 00:22 9501012                    /opt/simplex/lib/app/resources/libHSunix-time-0.4.11-9189a02348ca6152b40e2de4217054859bd40e33c0e5eeb1369921a564b5cf30-ghc9.6.3.so
7f2b09042000-7f2b09043000 rw-p 0001a000 00:22 9501012                    /opt/simplex/lib/app/resources/libHSunix-time-0.4.11-9189a02348ca6152b40e2de4217054859bd40e33c0e5eeb1369921a564b5cf30-ghc9.6.3.so
7f2b09043000-7f2b09052000 r--p 00000000 00:22 9500926                    /opt/simplex/lib/app/resources/libHSeasy-file-0.2.5-993791674239f71f3d5c5348a4742b33b35a11f259b010653481c060821ceac2-ghc9.6.3.so
7f2b09052000-7f2b0905a000 r-xp 0000f000 00:22 9500926                    /opt/simplex/lib/app/resources/libHSeasy-file-0.2.5-993791674239f71f3d5c5348a4742b33b35a11f259b010653481c060821ceac2-ghc9.6.3.so
7f2b0905a000-7f2b0905b000 r--p 00017000 00:22 9500926                    /opt/simplex/lib/app/resources/libHSeasy-file-0.2.5-993791674239f71f3d5c5348a4742b33b35a11f259b010653481c060821ceac2-ghc9.6.3.so
7f2b0905b000-7f2b0905c000 r--p 00017000 00:22 9500926                    /opt/simplex/lib/app/resources/libHSeasy-file-0.2.5-993791674239f71f3d5c5348a4742b33b35a11f259b010653481c060821ceac2-ghc9.6.3.so
7f2b0905c000-7f2b0905e000 rw-p 00018000 00:22 9500926                    /opt/simplex/lib/app/resources/libHSeasy-file-0.2.5-993791674239f71f3d5c5348a4742b33b35a11f259b010653481c060821ceac2-ghc9.6.3.so
7f2b0905e000-7f2b090ac000 r--p 00000000 00:22 9500982                    /opt/simplex/lib/app/resources/libHSsocks-0.6.1-321a4ad83486b2eab3dbdbbd43e942eb6e8e886281d9cd99264913eda3e51659-ghc9.6.3.so
7f2b090ac000-7f2b090f0000 r-xp 0004e000 00:22 9500982                    /opt/simplex/lib/app/resources/libHSsocks-0.6.1-321a4ad83486b2eab3dbdbbd43e942eb6e8e886281d9cd99264913eda3e51659-ghc9.6.3.so
7f2b090f0000-7f2b090f4000 r--p 00092000 00:22 9500982                    /opt/simplex/lib/app/resources/libHSsocks-0.6.1-321a4ad83486b2eab3dbdbbd43e942eb6e8e886281d9cd99264913eda3e51659-ghc9.6.3.so
7f2b090f4000-7f2b090f5000 ---p 00096000 00:22 9500982                    /opt/simplex/lib/app/resources/libHSsocks-0.6.1-321a4ad83486b2eab3dbdbbd43e942eb6e8e886281d9cd99264913eda3e51659-ghc9.6.3.so
7f2b090f5000-7f2b090f6000 r--p 00096000 00:22 9500982                    /opt/simplex/lib/app/resources/libHSsocks-0.6.1-321a4ad83486b2eab3dbdbbd43e942eb6e8e886281d9cd99264913eda3e51659-ghc9.6.3.so
7f2b090f6000-7f2b090fe000 rw-p 00097000 00:22 9500982                    /opt/simplex/lib/app/resources/libHSsocks-0.6.1-321a4ad83486b2eab3dbdbbd43e942eb6e8e886281d9cd99264913eda3e51659-ghc9.6.3.so
7f2b090fe000-7f2b0912e000 r--p 00000000 00:22 9501026                    /opt/simplex/lib/app/resources/libHSzstd-0.1.3.0-203b259d81b55151fd2c9ecb432bfa701dfd8529080fb68640d12b8cbccbb2c4-ghc9.6.3.so
7f2b0912e000-7f2b091eb000 r-xp 00030000 00:22 9501026                    /opt/simplex/lib/app/resources/libHSzstd-0.1.3.0-203b259d81b55151fd2c9ecb432bfa701dfd8529080fb68640d12b8cbccbb2c4-ghc9.6.3.so
7f2b091eb000-7f2b091fa000 r--p 000ed000 00:22 9501026                    /opt/simplex/lib/app/resources/libHSzstd-0.1.3.0-203b259d81b55151fd2c9ecb432bfa701dfd8529080fb68640d12b8cbccbb2c4-ghc9.6.3.so
7f2b091fa000-7f2b091fb000 ---p 000fc000 00:22 9501026                    /opt/simplex/lib/app/resources/libHSzstd-0.1.3.0-203b259d81b55151fd2c9ecb432bfa701dfd8529080fb68640d12b8cbccbb2c4-ghc9.6.3.so
7f2b091fb000-7f2b091fc000 r--p 000fc000 00:22 9501026                    /opt/simplex/lib/app/resources/libHSzstd-0.1.3.0-203b259d81b55151fd2c9ecb432bfa701dfd8529080fb68640d12b8cbccbb2c4-ghc9.6.3.so
7f2b091fc000-7f2b09200000 rw-p 000fd000 00:22 9501026                    /opt/simplex/lib/app/resources/libHSzstd-0.1.3.0-203b259d81b55151fd2c9ecb432bfa701dfd8529080fb68640d12b8cbccbb2c4-ghc9.6.3.so
7f2b09200000-7f2b09207000 r-xp 00000000 00:22 9501950                    /opt/simplex/lib/runtime/lib/libzip.so
7f2b09207000-7f2b09407000 ---p 00007000 00:22 9501950                    /opt/simplex/lib/runtime/lib/libzip.so
7f2b09407000-7f2b09408000 r--p 00007000 00:22 9501950                    /opt/simplex/lib/runtime/lib/libzip.so
7f2b09408000-7f2b09409000 rw-p 00000000 00:00 0 
7f2b09409000-7f2b09411000 r--p 00000000 00:22 9500915                    /opt/simplex/lib/app/resources/libHSdata-default-class-0.1.2.0-d6478233bb84b60567a3dfc7c3c78e8e26df20c2f16a39369f2fe564b42c4bc8-ghc9.6.3.so
7f2b09411000-7f2b09412000 r-xp 00008000 00:22 9500915                    /opt/simplex/lib/app/resources/libHSdata-default-class-0.1.2.0-d6478233bb84b60567a3dfc7c3c78e8e26df20c2f16a39369f2fe564b42c4bc8-ghc9.6.3.so
7f2b09412000-7f2b09413000 r--p 00009000 00:22 9500915                    /opt/simplex/lib/app/resources/libHSdata-default-class-0.1.2.0-d6478233bb84b60567a3dfc7c3c78e8e26df20c2f16a39369f2fe564b42c4bc8-ghc9.6.3.so
7f2b09413000-7f2b09414000 r--p 00009000 00:22 9500915                    /opt/simplex/lib/app/resources/libHSdata-default-class-0.1.2.0-d6478233bb84b60567a3dfc7c3c78e8e26df20c2f16a39369f2fe564b42c4bc8-ghc9.6.3.so
7f2b09414000-7f2b09415000 rw-p 0000a000 00:22 9500915                    /opt/simplex/lib/app/resources/libHSdata-default-class-0.1.2.0-d6478233bb84b60567a3dfc7c3c78e8e26df20c2f16a39369f2fe564b42c4bc8-ghc9.6.3.so
7f2b09415000-7f2b09426000 r--p 00000000 00:22 9500983                    /opt/simplex/lib/app/resources/libHSsplit-0.2.4-fe41ecd5cdbc55441ea0d9f6b9c0a5fa60d53be08482d4617078dba8531c5ff7-ghc9.6.3.so
7f2b09426000-7f2b0942f000 r-xp 00011000 00:22 9500983                    /opt/simplex/lib/app/resources/libHSsplit-0.2.4-fe41ecd5cdbc55441ea0d9f6b9c0a5fa60d53be08482d4617078dba8531c5ff7-ghc9.6.3.so
7f2b0942f000-7f2b09430000 r--p 0001a000 00:22 9500983                    /opt/simplex/lib/app/resources/libHSsplit-0.2.4-fe41ecd5cdbc55441ea0d9f6b9c0a5fa60d53be08482d4617078dba8531c5ff7-ghc9.6.3.so
7f2b09430000-7f2b09431000 r--p 0001a000 00:22 9500983                    /opt/simplex/lib/app/resources/libHSsplit-0.2.4-fe41ecd5cdbc55441ea0d9f6b9c0a5fa60d53be08482d4617078dba8531c5ff7-ghc9.6.3.so
7f2b09431000-7f2b09433000 rw-p 0001b000 00:22 9500983                    /opt/simplex/lib/app/resources/libHSsplit-0.2.4-fe41ecd5cdbc55441ea0d9f6b9c0a5fa60d53be08482d4617078dba8531c5ff7-ghc9.6.3.so
7f2b09433000-7f2b0943d000 r--p 00000000 00:22 9501006                    /opt/simplex/lib/app/resources/libHStransformers-base-0.4.6-7c5a8ca4b546fee71e383ab67aa6d04821890ff83d9df8fa9270fd287319cc2f-ghc9.6.3.so
7f2b0943d000-7f2b09443000 r-xp 0000a000 00:22 9501006                    /opt/simplex/lib/app/resources/libHStransformers-base-0.4.6-7c5a8ca4b546fee71e383ab67aa6d04821890ff83d9df8fa9270fd287319cc2f-ghc9.6.3.so
7f2b09443000-7f2b09444000 r--p 00010000 00:22 9501006                    /opt/simplex/lib/app/resources/libHStransformers-base-0.4.6-7c5a8ca4b546fee71e383ab67aa6d04821890ff83d9df8fa9270fd287319cc2f-ghc9.6.3.so
7f2b09444000-7f2b09445000 r--p 00010000 00:22 9501006                    /opt/simplex/lib/app/resources/libHStransformers-base-0.4.6-7c5a8ca4b546fee71e383ab67aa6d04821890ff83d9df8fa9270fd287319cc2f-ghc9.6.3.so
7f2b09445000-7f2b09446000 rw-p 00011000 00:22 9501006                    /opt/simplex/lib/app/resources/libHStransformers-base-0.4.6-7c5a8ca4b546fee71e383ab67aa6d04821890ff83d9df8fa9270fd287319cc2f-ghc9.6.3.so
7f2b09446000-7f2b094a9000 r--p 00000000 00:22 9500985                    /opt/simplex/lib/app/resources/libHSsqlcipher-simple-0.4.18.1-10c21f8b76877ac291d7cd5bb401353f25996f3b172b661e6e356c860fae6224-ghc9.6.3.so
7f2b094a9000-7f2b094f1000 r-xp 00063000 00:22 9500985                    /opt/simplex/lib/app/resources/libHSsqlcipher-simple-0.4.18.1-10c21f8b76877ac291d7cd5bb401353f25996f3b172b661e6e356c860fae6224-ghc9.6.3.so
7f2b094f1000-7f2b094f3000 r--p 000ab000 00:22 9500985                    /opt/simplex/lib/app/resources/libHSsqlcipher-simple-0.4.18.1-10c21f8b76877ac291d7cd5bb401353f25996f3b172b661e6e356c860fae6224-ghc9.6.3.so
7f2b094f3000-7f2b094f4000 ---p 000ad000 00:22 9500985                    /opt/simplex/lib/app/resources/libHSsqlcipher-simple-0.4.18.1-10c21f8b76877ac291d7cd5bb401353f25996f3b172b661e6e356c860fae6224-ghc9.6.3.so
7f2b094f4000-7f2b094f5000 r--p 000ad000 00:22 9500985                    /opt/simplex/lib/app/resources/libHSsqlcipher-simple-0.4.18.1-10c21f8b76877ac291d7cd5bb401353f25996f3b172b661e6e356c860fae6224-ghc9.6.3.so
7f2b094f5000-7f2b094fe000 rw-p 000ae000 00:22 9500985                    /opt/simplex/lib/app/resources/libHSsqlcipher-simple-0.4.18.1-10c21f8b76877ac291d7cd5bb401353f25996f3b172b661e6e356c860fae6224-ghc9.6.3.so
7f2b094fe000-7f2b09563000 r--p 00000000 00:22 9500968                    /opt/simplex/lib/app/resources/libHSprettyprinter-1.7.1-287da2e036de31e4a5b0a697b58ed34063c3a4b99d58100d6d6202cad6e659d0-ghc9.6.3.so
7f2b09563000-7f2b095f1000 r-xp 00065000 00:22 9500968                    /opt/simplex/lib/app/resources/libHSprettyprinter-1.7.1-287da2e036de31e4a5b0a697b58ed34063c3a4b99d58100d6d6202cad6e659d0-ghc9.6.3.so
7f2b095f1000-7f2b095f6000 r--p 000f3000 00:22 9500968                    /opt/simplex/lib/app/resources/libHSprettyprinter-1.7.1-287da2e036de31e4a5b0a697b58ed34063c3a4b99d58100d6d6202cad6e659d0-ghc9.6.3.so
7f2b095f6000-7f2b095f7000 r--p 000f7000 00:22 9500968                    /opt/simplex/lib/app/resources/libHSprettyprinter-1.7.1-287da2e036de31e4a5b0a697b58ed34063c3a4b99d58100d6d6202cad6e659d0-ghc9.6.3.so
7f2b095f7000-7f2b09600000 rw-p 000f8000 00:22 9500968                    /opt/simplex/lib/app/resources/libHSprettyprinter-1.7.1-287da2e036de31e4a5b0a697b58ed34063c3a4b99d58100d6d6202cad6e659d0-ghc9.6.3.so
7f2b09600000-7f2b09615000 r-xp 00000000 00:22 9501945                    /opt/simplex/lib/runtime/lib/libnet.so
7f2b09615000-7f2b09814000 ---p 00015000 00:22 9501945                    /opt/simplex/lib/runtime/lib/libnet.so
7f2b09814000-7f2b09815000 r--p 00014000 00:22 9501945                    /opt/simplex/lib/runtime/lib/libnet.so
7f2b09815000-7f2b09816000 rw-p 00015000 00:22 9501945                    /opt/simplex/lib/runtime/lib/libnet.so
7f2b09819000-7f2b0981b000 r--p 00000000 00:22 9500916                    /opt/simplex/lib/app/resources/libHSdata-default-instances-containers-0.0.1-e07d6bd680e8b4edd6ca2b303e8e36905ca27003d2c3d92ef0670ee9c04aa2cd-ghc9.6.3.so
7f2b0981b000-7f2b0981c000 r-xp 00002000 00:22 9500916                    /opt/simplex/lib/app/resources/libHSdata-default-instances-containers-0.0.1-e07d6bd680e8b4edd6ca2b303e8e36905ca27003d2c3d92ef0670ee9c04aa2cd-ghc9.6.3.so
7f2b0981c000-7f2b0981d000 r--p 00003000 00:22 9500916                    /opt/simplex/lib/app/resources/libHSdata-default-instances-containers-0.0.1-e07d6bd680e8b4edd6ca2b303e8e36905ca27003d2c3d92ef0670ee9c04aa2cd-ghc9.6.3.so
7f2b0981d000-7f2b0981e000 r--p 00003000 00:22 9500916                    /opt/simplex/lib/app/resources/libHSdata-default-instances-containers-0.0.1-e07d6bd680e8b4edd6ca2b303e8e36905ca27003d2c3d92ef0670ee9c04aa2cd-ghc9.6.3.so
7f2b0981e000-7f2b0981f000 rw-p 00004000 00:22 9500916                    /opt/simplex/lib/app/resources/libHSdata-default-instances-containers-0.0.1-e07d6bd680e8b4edd6ca2b303e8e36905ca27003d2c3d92ef0670ee9c04aa2cd-ghc9.6.3.so
7f2b0981f000-7f2b09835000 r--p 00000000 00:22 9500987                    /opt/simplex/lib/app/resources/libHSstm-chans-3.0.0.9-27ac3a1df633cbdc2c71a28c9eeacd8c9b232a2a752f54f84e55418ba8d206e4-ghc9.6.3.so
7f2b09835000-7f2b09840000 r-xp 00016000 00:22 9500987                    /opt/simplex/lib/app/resources/libHSstm-chans-3.0.0.9-27ac3a1df633cbdc2c71a28c9eeacd8c9b232a2a752f54f84e55418ba8d206e4-ghc9.6.3.so
7f2b09840000-7f2b09841000 r--p 00021000 00:22 9500987                    /opt/simplex/lib/app/resources/libHSstm-chans-3.0.0.9-27ac3a1df633cbdc2c71a28c9eeacd8c9b232a2a752f54f84e55418ba8d206e4-ghc9.6.3.so
7f2b09841000-7f2b09842000 r--p 00021000 00:22 9500987                    /opt/simplex/lib/app/resources/libHSstm-chans-3.0.0.9-27ac3a1df633cbdc2c71a28c9eeacd8c9b232a2a752f54f84e55418ba8d206e4-ghc9.6.3.so
7f2b09842000-7f2b09844000 rw-p 00022000 00:22 9500987                    /opt/simplex/lib/app/resources/libHSstm-chans-3.0.0.9-27ac3a1df633cbdc2c71a28c9eeacd8c9b232a2a752f54f84e55418ba8d206e4-ghc9.6.3.so
7f2b09844000-7f2b0985c000 r--p 00000000 00:22 9500980                    /opt/simplex/lib/app/resources/libHSsimple-logger-0.1.1-74a5a24b5c9c137579e4e7136fe51f6f3d021f9d392f41e966f82eb3aced465f-ghc9.6.3.so
7f2b0985c000-7f2b0986b000 r-xp 00018000 00:22 9500980                    /opt/simplex/lib/app/resources/libHSsimple-logger-0.1.1-74a5a24b5c9c137579e4e7136fe51f6f3d021f9d392f41e966f82eb3aced465f-ghc9.6.3.so
7f2b0986b000-7f2b0986c000 r--p 00027000 00:22 9500980                    /opt/simplex/lib/app/resources/libHSsimple-logger-0.1.1-74a5a24b5c9c137579e4e7136fe51f6f3d021f9d392f41e966f82eb3aced465f-ghc9.6.3.so
7f2b0986c000-7f2b0986d000 ---p 00028000 00:22 9500980                    /opt/simplex/lib/app/resources/libHSsimple-logger-0.1.1-74a5a24b5c9c137579e4e7136fe51f6f3d021f9d392f41e966f82eb3aced465f-ghc9.6.3.so
7f2b0986d000-7f2b0986e000 r--p 00028000 00:22 9500980                    /opt/simplex/lib/app/resources/libHSsimple-logger-0.1.1-74a5a24b5c9c137579e4e7136fe51f6f3d021f9d392f41e966f82eb3aced465f-ghc9.6.3.so
7f2b0986e000-7f2b09871000 rw-p 00029000 00:22 9500980                    /opt/simplex/lib/app/resources/libHSsimple-logger-0.1.1-74a5a24b5c9c137579e4e7136fe51f6f3d021f9d392f41e966f82eb3aced465f-ghc9.6.3.so
7f2b09871000-7f2b098b4000 r--p 00000000 00:22 9500948                    /opt/simplex/lib/app/resources/libHSlibyaml-0.1.2-de0acb1e923516f14fa49958b60d7cc3a140a82067b24afd52ce940c2f0441f1-ghc9.6.3.so
7f2b098b4000-7f2b098ef000 r-xp 00043000 00:22 9500948                    /opt/simplex/lib/app/resources/libHSlibyaml-0.1.2-de0acb1e923516f14fa49958b60d7cc3a140a82067b24afd52ce940c2f0441f1-ghc9.6.3.so
7f2b098ef000-7f2b098f6000 r--p 0007e000 00:22 9500948                    /opt/simplex/lib/app/resources/libHSlibyaml-0.1.2-de0acb1e923516f14fa49958b60d7cc3a140a82067b24afd52ce940c2f0441f1-ghc9.6.3.so
7f2b098f6000-7f2b098f7000 ---p 00085000 00:22 9500948                    /opt/simplex/lib/app/resources/libHSlibyaml-0.1.2-de0acb1e923516f14fa49958b60d7cc3a140a82067b24afd52ce940c2f0441f1-ghc9.6.3.so
7f2b098f7000-7f2b098f8000 r--p 00085000 00:22 9500948                    /opt/simplex/lib/app/resources/libHSlibyaml-0.1.2-de0acb1e923516f14fa49958b60d7cc3a140a82067b24afd52ce940c2f0441f1-ghc9.6.3.so
7f2b098f8000-7f2b098ff000 rw-p 00086000 00:22 9500948                    /opt/simplex/lib/app/resources/libHSlibyaml-0.1.2-de0acb1e923516f14fa49958b60d7cc3a140a82067b24afd52ce940c2f0441f1-ghc9.6.3.so
7f2b098ff000-7f2b09900000 rw-p 00000000 00:00 0 
7f2b09900000-7f2b09904000 ---p 00000000 00:00 0 
7f2b09904000-7f2b09a00000 rw-p 00000000 00:00 0 
7f2b09a00000-7f2b09a12000 r-xp 00000000 00:22 9501946                    /opt/simplex/lib/runtime/lib/libnio.so
7f2b09a12000-7f2b09c12000 ---p 00012000 00:22 9501946                    /opt/simplex/lib/runtime/lib/libnio.so
7f2b09c12000-7f2b09c13000 r--p 00012000 00:22 9501946                    /opt/simplex/lib/runtime/lib/libnio.so
7f2b09c13000-7f2b09c14000 rw-p 00013000 00:22 9501946                    /opt/simplex/lib/runtime/lib/libnio.so
7f2b09c18000-7f2b09c1f000 r--p 00000000 00:22 9500973                    /opt/simplex/lib/app/resources/libHSrecord-hasfield-1.0-d6cb5024fc4032d99d6944fd59d32266d746ed207dd5c5f8d3ffdca859062686-ghc9.6.3.so
7f2b09c1f000-7f2b09c22000 r-xp 00007000 00:22 9500973                    /opt/simplex/lib/app/resources/libHSrecord-hasfield-1.0-d6cb5024fc4032d99d6944fd59d32266d746ed207dd5c5f8d3ffdca859062686-ghc9.6.3.so
7f2b09c22000-7f2b09c23000 r--p 0000a000 00:22 9500973                    /opt/simplex/lib/app/resources/libHSrecord-hasfield-1.0-d6cb5024fc4032d99d6944fd59d32266d746ed207dd5c5f8d3ffdca859062686-ghc9.6.3.so
7f2b09c23000-7f2b09c24000 r--p 0000a000 00:22 9500973                    /opt/simplex/lib/app/resources/libHSrecord-hasfield-1.0-d6cb5024fc4032d99d6944fd59d32266d746ed207dd5c5f8d3ffdca859062686-ghc9.6.3.so
7f2b09c24000-7f2b09c25000 rw-p 0000b000 00:22 9500973                    /opt/simplex/lib/app/resources/libHSrecord-hasfield-1.0-d6cb5024fc4032d99d6944fd59d32266d746ed207dd5c5f8d3ffdca859062686-ghc9.6.3.so
7f2b09c25000-7f2b09c49000 r--p 00000000 00:22 9500912                    /opt/simplex/lib/app/resources/libHScrypton-x509-validation-1.6.12-6c2492e39358fa3eb290c04e6d2e26ea294b9142355075e952d607428999798b-ghc9.6.3.so
7f2b09c49000-7f2b09c5a000 r-xp 00024000 00:22 9500912                    /opt/simplex/lib/app/resources/libHScrypton-x509-validation-1.6.12-6c2492e39358fa3eb290c04e6d2e26ea294b9142355075e952d607428999798b-ghc9.6.3.so
7f2b09c5a000-7f2b09c5c000 r--p 00035000 00:22 9500912                    /opt/simplex/lib/app/resources/libHScrypton-x509-validation-1.6.12-6c2492e39358fa3eb290c04e6d2e26ea294b9142355075e952d607428999798b-ghc9.6.3.so
7f2b09c5c000-7f2b09c5d000 r--p 00036000 00:22 9500912                    /opt/simplex/lib/app/resources/libHScrypton-x509-validation-1.6.12-6c2492e39358fa3eb290c04e6d2e26ea294b9142355075e952d607428999798b-ghc9.6.3.so
7f2b09c5d000-7f2b09c60000 rw-p 00037000 00:22 9500912                    /opt/simplex/lib/app/resources/libHScrypton-x509-validation-1.6.12-6c2492e39358fa3eb290c04e6d2e26ea294b9142355075e952d607428999798b-ghc9.6.3.so
7f2b09c60000-7f2b09cac000 r--p 00000000 00:22 9501023                    /opt/simplex/lib/app/resources/libHSyaml-0.11.11.2-2c247ec5eab9916942fb606ad20d3e2bde3e7b572227f2797341c26ecc997bca-ghc9.6.3.so
7f2b09cac000-7f2b09cf1000 r-xp 0004c000 00:22 9501023                    /opt/simplex/lib/app/resources/libHSyaml-0.11.11.2-2c247ec5eab9916942fb606ad20d3e2bde3e7b572227f2797341c26ecc997bca-ghc9.6.3.so
7f2b09cf1000-7f2b09cf3000 r--p 00091000 00:22 9501023                    /opt/simplex/lib/app/resources/libHSyaml-0.11.11.2-2c247ec5eab9916942fb606ad20d3e2bde3e7b572227f2797341c26ecc997bca-ghc9.6.3.so
7f2b09cf3000-7f2b09cf5000 r--p 00092000 00:22 9501023                    /opt/simplex/lib/app/resources/libHSyaml-0.11.11.2-2c247ec5eab9916942fb606ad20d3e2bde3e7b572227f2797341c26ecc997bca-ghc9.6.3.so
7f2b09cf5000-7f2b09cfd000 rw-p 00094000 00:22 9501023                    /opt/simplex/lib/app/resources/libHSyaml-0.11.11.2-2c247ec5eab9916942fb606ad20d3e2bde3e7b572227f2797341c26ecc997bca-ghc9.6.3.so
7f2b09cfd000-7f2b09cfe000 rw-p 00000000 00:00 0 
7f2b09cfe000-7f2b09d02000 ---p 00000000 00:00 0 
7f2b09d02000-7f2b09f00000 rw-p 00000000 00:00 0 
7f2b09f00000-7f2b09f04000 ---p 00000000 00:00 0 
7f2b09f04000-7f2b0a000000 rw-p 00000000 00:00 0 
7f2b0a000000-7f2b0c021000 rw-p 00000000 00:00 0 
7f2b0c021000-7f2b10000000 ---p 00000000 00:00 0 
7f2b10000000-7f2b10021000 rw-p 00000000 00:00 0 
7f2b10021000-7f2b14000000 ---p 00000000 00:00 0 
7f2b14000000-7f2b14021000 rw-p 00000000 00:00 0 
7f2b14021000-7f2b18000000 ---p 00000000 00:00 0 
7f2b18002000-7f2b18010000 r--p 00000000 00:22 9500949                    /opt/simplex/lib/app/resources/libHSlifted-base-0.2.3.12-6bb680b275575f77f23a400002cab0d5c5392afc5c95837c034d35d6f4d761c8-ghc9.6.3.so
7f2b18010000-7f2b1801c000 r-xp 0000e000 00:22 9500949                    /opt/simplex/lib/app/resources/libHSlifted-base-0.2.3.12-6bb680b275575f77f23a400002cab0d5c5392afc5c95837c034d35d6f4d761c8-ghc9.6.3.so
7f2b1801c000-7f2b1801d000 r--p 0001a000 00:22 9500949                    /opt/simplex/lib/app/resources/libHSlifted-base-0.2.3.12-6bb680b275575f77f23a400002cab0d5c5392afc5c95837c034d35d6f4d761c8-ghc9.6.3.so
7f2b1801d000-7f2b1801e000 r--p 0001a000 00:22 9500949                    /opt/simplex/lib/app/resources/libHSlifted-base-0.2.3.12-6bb680b275575f77f23a400002cab0d5c5392afc5c95837c034d35d6f4d761c8-ghc9.6.3.so
7f2b1801e000-7f2b1801f000 rw-p 0001b000 00:22 9500949                    /opt/simplex/lib/app/resources/libHSlifted-base-0.2.3.12-6bb680b275575f77f23a400002cab0d5c5392afc5c95837c034d35d6f4d761c8-ghc9.6.3.so
7f2b1801f000-7f2b1809b000 r--p 00000000 00:22 9500992                    /opt/simplex/lib/app/resources/libHSterminal-0.2.0.0-fbbb10e30fe4fdf009d551e793d8e5d9e09aca9300ff8302cfe6b9700ff7f048-ghc9.6.3.so
7f2b1809b000-7f2b180e7000 r-xp 0007c000 00:22 9500992                    /opt/simplex/lib/app/resources/libHSterminal-0.2.0.0-fbbb10e30fe4fdf009d551e793d8e5d9e09aca9300ff8302cfe6b9700ff7f048-ghc9.6.3.so
7f2b180e7000-7f2b180ec000 r--p 000c8000 00:22 9500992                    /opt/simplex/lib/app/resources/libHSterminal-0.2.0.0-fbbb10e30fe4fdf009d551e793d8e5d9e09aca9300ff8302cfe6b9700ff7f048-ghc9.6.3.so
7f2b180ec000-7f2b180ed000 ---p 000cd000 00:22 9500992                    /opt/simplex/lib/app/resources/libHSterminal-0.2.0.0-fbbb10e30fe4fdf009d551e793d8e5d9e09aca9300ff8302cfe6b9700ff7f048-ghc9.6.3.so
7f2b180ed000-7f2b180ee000 r--p 000cd000 00:22 9500992                    /opt/simplex/lib/app/resources/libHSterminal-0.2.0.0-fbbb10e30fe4fdf009d551e793d8e5d9e09aca9300ff8302cfe6b9700ff7f048-ghc9.6.3.so
7f2b180ee000-7f2b180fb000 rw-p 000ce000 00:22 9500992                    /opt/simplex/lib/app/resources/libHSterminal-0.2.0.0-fbbb10e30fe4fdf009d551e793d8e5d9e09aca9300ff8302cfe6b9700ff7f048-ghc9.6.3.so
7f2b180fb000-7f2b180fc000 rw-p 00000000 00:00 0 
7f2b180fc000-7f2b18100000 ---p 00000000 00:00 0 
7f2b18100000-7f2b181fd000 rw-p 00000000 00:00 0 
7f2b181fd000-7f2b18201000 ---p 00000000 00:00 0 
7f2b18201000-7f2b182fe000 rw-p 00000000 00:00 0 
7f2b182fe000-7f2b18302000 ---p 00000000 00:00 0 
7f2b18302000-7f2b183ff000 rw-p 00000000 00:00 0 
7f2b183ff000-7f2b18403000 ---p 00000000 00:00 0 
7f2b18403000-7f2b18500000 rw-p 00000000 00:00 0 
7f2b18500000-7f2b18504000 ---p 00000000 00:00 0 
7f2b18504000-7f2b18600000 rw-p 00000000 00:00 0 
7f2b18600000-7f2b18bc1000 r--p 00000000 00:22 10357571                   /usr/lib/locale/locale-archive
7f2b18bc1000-7f2b18bc9000 r--p 00000000 00:22 9500953                    /opt/simplex/lib/app/resources/libHSmonad-loops-0.4.3-98feff43df6edc7df39efe98002b1cc9407b070d698d434ec670f5726dc88e5b-ghc9.6.3.so
7f2b18bc9000-7f2b18bd7000 r-xp 00008000 00:22 9500953                    /opt/simplex/lib/app/resources/libHSmonad-loops-0.4.3-98feff43df6edc7df39efe98002b1cc9407b070d698d434ec670f5726dc88e5b-ghc9.6.3.so
7f2b18bd7000-7f2b18bd8000 r--p 00016000 00:22 9500953                    /opt/simplex/lib/app/resources/libHSmonad-loops-0.4.3-98feff43df6edc7df39efe98002b1cc9407b070d698d434ec670f5726dc88e5b-ghc9.6.3.so
7f2b18bd8000-7f2b18bd9000 r--p 00016000 00:22 9500953                    /opt/simplex/lib/app/resources/libHSmonad-loops-0.4.3-98feff43df6edc7df39efe98002b1cc9407b070d698d434ec670f5726dc88e5b-ghc9.6.3.so
7f2b18bd9000-7f2b18bda000 rw-p 00017000 00:22 9500953                    /opt/simplex/lib/app/resources/libHSmonad-loops-0.4.3-98feff43df6edc7df39efe98002b1cc9407b070d698d434ec670f5726dc88e5b-ghc9.6.3.so
7f2b18bda000-7f2b18bdb000 rw-p 00000000 00:00 0 
7f2b18bdb000-7f2b18bdf000 ---p 00000000 00:00 0 
7f2b18bdf000-7f2b18cdc000 rw-p 00000000 00:00 0 
7f2b18cdc000-7f2b18ce0000 ---p 00000000 00:00 0 
7f2b18ce0000-7f2b18ddd000 rw-p 00000000 00:00 0 
7f2b18ddd000-7f2b18de1000 ---p 00000000 00:00 0 
7f2b18de1000-7f2b191e0000 rw-p 00000000 00:00 0 
7f2b191e0000-7f2b199e8000 rw-p 00000000 00:00 0 
7f2b199e8000-7f2b19bea000 rw-p 00000000 00:00 0 
7f2b19bea000-7f2b19caa000 rw-p 00000000 00:00 0 
7f2b19caa000-7f2b19f2a000 ---p 00000000 00:00 0 
7f2b19f2a000-7f2b19f3a000 rw-p 00000000 00:00 0 
7f2b19f3a000-7f2b19fa2000 ---p 00000000 00:00 0 
7f2b19fa2000-7f2b19faa000 rw-p 00000000 00:00 0 
7f2b19faa000-7f2b1d782000 ---p 00000000 00:00 0 
7f2b1d782000-7f2b1d842000 rw-p 00000000 00:00 0 
7f2b1d842000-7f2b1dac2000 ---p 00000000 00:00 0 
7f2b1dac2000-7f2b1dad2000 rw-p 00000000 00:00 0 
7f2b1dad2000-7f2b1db3a000 ---p 00000000 00:00 0 
7f2b1db3a000-7f2b1db42000 rw-p 00000000 00:00 0 
7f2b1db42000-7f2b2131a000 ---p 00000000 00:00 0 
7f2b2131a000-7f2b21332000 rw-p 00000000 00:00 0 
7f2b21332000-7f2b21382000 ---p 00000000 00:00 0 
7f2b21382000-7f2b21384000 rw-p 00000000 00:00 0 
7f2b21384000-7f2b21391000 ---p 00000000 00:00 0 
7f2b21391000-7f2b21392000 rw-p 00000000 00:00 0 
7f2b21392000-7f2b21a8d000 ---p 00000000 00:00 0 
7f2b21a8d000-7f2b21aa5000 rw-p 00000000 00:00 0 
7f2b21aa5000-7f2b21af5000 ---p 00000000 00:00 0 
7f2b21af5000-7f2b21af7000 rw-p 00000000 00:00 0 
7f2b21af7000-7f2b21b04000 ---p 00000000 00:00 0 
7f2b21b04000-7f2b21b05000 rw-p 00000000 00:00 0 
7f2b21b05000-7f2b22200000 ---p 00000000 00:00 0 
7f2b22200000-7f2b22780000 rwxp 00000000 00:00 0 
7f2b22780000-7f2b29737000 ---p 00000000 00:00 0 
7f2b29737000-7f2b299a7000 rwxp 00000000 00:00 0 
7f2b299a7000-7f2b29cc9000 ---p 00000000 00:00 0 
7f2b29cc9000-7f2b29f39000 rwxp 00000000 00:00 0 
7f2b29f39000-7f2b31200000 ---p 00000000 00:00 0 
7f2b31200000-7f2b33f00000 r--s 00000000 00:22 9501951                    /opt/simplex/lib/runtime/lib/modules
7f2b33f01000-7f2b33f0e000 r--p 00000000 00:22 9500951                    /opt/simplex/lib/app/resources/libHSmonad-control-1.0.3.1-6f6ba806d7cf991812bc234b52c30f48282db4f291e3d32cab0696752b0c8a6b-ghc9.6.3.so
7f2b33f0e000-7f2b33f14000 r-xp 0000d000 00:22 9500951                    /opt/simplex/lib/app/resources/libHSmonad-control-1.0.3.1-6f6ba806d7cf991812bc234b52c30f48282db4f291e3d32cab0696752b0c8a6b-ghc9.6.3.so
7f2b33f14000-7f2b33f15000 r--p 00013000 00:22 9500951                    /opt/simplex/lib/app/resources/libHSmonad-control-1.0.3.1-6f6ba806d7cf991812bc234b52c30f48282db4f291e3d32cab0696752b0c8a6b-ghc9.6.3.so
7f2b33f15000-7f2b33f16000 r--p 00013000 00:22 9500951                    /opt/simplex/lib/app/resources/libHSmonad-control-1.0.3.1-6f6ba806d7cf991812bc234b52c30f48282db4f291e3d32cab0696752b0c8a6b-ghc9.6.3.so
7f2b33f16000-7f2b33f17000 rw-p 00014000 00:22 9500951                    /opt/simplex/lib/app/resources/libHSmonad-control-1.0.3.1-6f6ba806d7cf991812bc234b52c30f48282db4f291e3d32cab0696752b0c8a6b-ghc9.6.3.so
7f2b33f17000-7f2b33f24000 r--p 00000000 00:22 9500911                    /opt/simplex/lib/app/resources/libHScrypton-x509-store-1.6.9-64fdad60030d495614a07f5b56043ee9ff853e07d06be0e999faf50e57e3c974-ghc9.6.3.so
7f2b33f24000-7f2b33f2e000 r-xp 0000d000 00:22 9500911                    /opt/simplex/lib/app/resources/libHScrypton-x509-store-1.6.9-64fdad60030d495614a07f5b56043ee9ff853e07d06be0e999faf50e57e3c974-ghc9.6.3.so
7f2b33f2e000-7f2b33f2f000 r--p 00017000 00:22 9500911                    /opt/simplex/lib/app/resources/libHScrypton-x509-store-1.6.9-64fdad60030d495614a07f5b56043ee9ff853e07d06be0e999faf50e57e3c974-ghc9.6.3.so
7f2b33f2f000-7f2b33f30000 r--p 00017000 00:22 9500911                    /opt/simplex/lib/app/resources/libHScrypton-x509-store-1.6.9-64fdad60030d495614a07f5b56043ee9ff853e07d06be0e999faf50e57e3c974-ghc9.6.3.so
7f2b33f30000-7f2b33f32000 rw-p 00018000 00:22 9500911                    /opt/simplex/lib/app/resources/libHScrypton-x509-store-1.6.9-64fdad60030d495614a07f5b56043ee9ff853e07d06be0e999faf50e57e3c974-ghc9.6.3.so
7f2b33f32000-7f2b33f3e000 r--p 00000000 00:22 9500876                    /opt/simplex/lib/app/resources/libHSappar-0.1.8-bd63ed1040fe7d92a0e7cc92684637afe09f278adaac8b4a583b27a1abb41d6f-ghc9.6.3.so
7f2b33f3e000-7f2b33f43000 r-xp 0000c000 00:22 9500876                    /opt/simplex/lib/app/resources/libHSappar-0.1.8-bd63ed1040fe7d92a0e7cc92684637afe09f278adaac8b4a583b27a1abb41d6f-ghc9.6.3.so
7f2b33f43000-7f2b33f44000 r--p 00011000 00:22 9500876                    /opt/simplex/lib/app/resources/libHSappar-0.1.8-bd63ed1040fe7d92a0e7cc92684637afe09f278adaac8b4a583b27a1abb41d6f-ghc9.6.3.so
7f2b33f44000-7f2b33f45000 r--p 00011000 00:22 9500876                    /opt/simplex/lib/app/resources/libHSappar-0.1.8-bd63ed1040fe7d92a0e7cc92684637afe09f278adaac8b4a583b27a1abb41d6f-ghc9.6.3.so
7f2b33f45000-7f2b33f47000 rw-p 00012000 00:22 9500876                    /opt/simplex/lib/app/resources/libHSappar-0.1.8-bd63ed1040fe7d92a0e7cc92684637afe09f278adaac8b4a583b27a1abb41d6f-ghc9.6.3.so
7f2b33f47000-7f2b33f57000 r--p 00000000 00:22 9500958                    /opt/simplex/lib/app/resources/libHSnetwork-info-0.2.1-49a3d4e9c6a555a4c6b765f873d00374b22e229f03394a07154790970cb7ff97-ghc9.6.3.so
7f2b33f57000-7f2b33f5f000 r-xp 00010000 00:22 9500958                    /opt/simplex/lib/app/resources/libHSnetwork-info-0.2.1-49a3d4e9c6a555a4c6b765f873d00374b22e229f03394a07154790970cb7ff97-ghc9.6.3.so
7f2b33f5f000-7f2b33f60000 r--p 00018000 00:22 9500958                    /opt/simplex/lib/app/resources/libHSnetwork-info-0.2.1-49a3d4e9c6a555a4c6b765f873d00374b22e229f03394a07154790970cb7ff97-ghc9.6.3.so
7f2b33f60000-7f2b33f61000 r--p 00018000 00:22 9500958                    /opt/simplex/lib/app/resources/libHSnetwork-info-0.2.1-49a3d4e9c6a555a4c6b765f873d00374b22e229f03394a07154790970cb7ff97-ghc9.6.3.so
7f2b33f61000-7f2b33f63000 rw-p 00019000 00:22 9500958                    /opt/simplex/lib/app/resources/libHSnetwork-info-0.2.1-49a3d4e9c6a555a4c6b765f873d00374b22e229f03394a07154790970cb7ff97-ghc9.6.3.so
7f2b33f63000-7f2b33fb2000 r--p 00000000 00:22 9501016                    /opt/simplex/lib/app/resources/libHSuri-bytestring-0.3.3.1-4d719fc60e6ca5f4f72051b1f43399c95eb51b1d320c3943ade8d35848396c46-ghc9.6.3.so
7f2b33fb2000-7f2b33ff5000 r-xp 0004f000 00:22 9501016                    /opt/simplex/lib/app/resources/libHSuri-bytestring-0.3.3.1-4d719fc60e6ca5f4f72051b1f43399c95eb51b1d320c3943ade8d35848396c46-ghc9.6.3.so
7f2b33ff5000-7f2b33ff7000 r--p 00092000 00:22 9501016                    /opt/simplex/lib/app/resources/libHSuri-bytestring-0.3.3.1-4d719fc60e6ca5f4f72051b1f43399c95eb51b1d320c3943ade8d35848396c46-ghc9.6.3.so
7f2b33ff7000-7f2b33ff8000 r--p 00093000 00:22 9501016                    /opt/simplex/lib/app/resources/libHSuri-bytestring-0.3.3.1-4d719fc60e6ca5f4f72051b1f43399c95eb51b1d320c3943ade8d35848396c46-ghc9.6.3.so
7f2b33ff8000-7f2b34000000 rw-p 00094000 00:22 9501016                    /opt/simplex/lib/app/resources/libHSuri-bytestring-0.3.3.1-4d719fc60e6ca5f4f72051b1f43399c95eb51b1d320c3943ade8d35848396c46-ghc9.6.3.so
7f2b34000000-7f2b35a9c000 rw-p 00000000 00:00 0 
7f2b35a9c000-7f2b38000000 ---p 00000000 00:00 0 
7f2b38000000-7f2b38001000 r--p 00000000 00:22 9500917                    /opt/simplex/lib/app/resources/libHSdata-default-instances-dlist-0.0.1-38b1acfbec2ad8ad85a0928dba90ca3c87c03c627c255d665ba59997ed6a1e7d-ghc9.6.3.so
7f2b38001000-7f2b38002000 r-xp 00001000 00:22 9500917                    /opt/simplex/lib/app/resources/libHSdata-default-instances-dlist-0.0.1-38b1acfbec2ad8ad85a0928dba90ca3c87c03c627c255d665ba59997ed6a1e7d-ghc9.6.3.so
7f2b38002000-7f2b38003000 r--p 00002000 00:22 9500917                    /opt/simplex/lib/app/resources/libHSdata-default-instances-dlist-0.0.1-38b1acfbec2ad8ad85a0928dba90ca3c87c03c627c255d665ba59997ed6a1e7d-ghc9.6.3.so
7f2b38003000-7f2b38004000 r--p 00002000 00:22 9500917                    /opt/simplex/lib/app/resources/libHSdata-default-instances-dlist-0.0.1-38b1acfbec2ad8ad85a0928dba90ca3c87c03c627c255d665ba59997ed6a1e7d-ghc9.6.3.so
7f2b38004000-7f2b38005000 rw-p 00003000 00:22 9500917                    /opt/simplex/lib/app/resources/libHSdata-default-instances-dlist-0.0.1-38b1acfbec2ad8ad85a0928dba90ca3c87c03c627c255d665ba59997ed6a1e7d-ghc9.6.3.so
7f2b38005000-7f2b38006000 r--p 00000000 00:22 9500918                    /opt/simplex/lib/app/resources/libHSdata-default-instances-old-locale-0.0.1-e85d0ded954c9ef0f874779c89b261bd7dce2b130c748c5ff301aa13a813ebd2-ghc9.6.3.so
7f2b38006000-7f2b38007000 r-xp 00001000 00:22 9500918                    /opt/simplex/lib/app/resources/libHSdata-default-instances-old-locale-0.0.1-e85d0ded954c9ef0f874779c89b261bd7dce2b130c748c5ff301aa13a813ebd2-ghc9.6.3.so
7f2b38007000-7f2b38008000 r--p 00002000 00:22 9500918                    /opt/simplex/lib/app/resources/libHSdata-default-instances-old-locale-0.0.1-e85d0ded954c9ef0f874779c89b261bd7dce2b130c748c5ff301aa13a813ebd2-ghc9.6.3.so
7f2b38008000-7f2b38009000 r--p 00002000 00:22 9500918                    /opt/simplex/lib/app/resources/libHSdata-default-instances-old-locale-0.0.1-e85d0ded954c9ef0f874779c89b261bd7dce2b130c748c5ff301aa13a813ebd2-ghc9.6.3.so
7f2b38009000-7f2b3800a000 rw-p 00003000 00:22 9500918                    /opt/simplex/lib/app/resources/libHSdata-default-instances-old-locale-0.0.1-e85d0ded954c9ef0f874779c89b261bd7dce2b130c748c5ff301aa13a813ebd2-ghc9.6.3.so
7f2b3800a000-7f2b38011000 r--p 00000000 00:22 9500895                    /opt/simplex/lib/app/resources/libHSbyteorder-1.0.4-ed17d207852397b4b016f73775ae7e4a811a9c27f8222c19d558bd92a259ee1d-ghc9.6.3.so
7f2b38011000-7f2b38014000 r-xp 00007000 00:22 9500895                    /opt/simplex/lib/app/resources/libHSbyteorder-1.0.4-ed17d207852397b4b016f73775ae7e4a811a9c27f8222c19d558bd92a259ee1d-ghc9.6.3.so
7f2b38014000-7f2b38015000 r--p 0000a000 00:22 9500895                    /opt/simplex/lib/app/resources/libHSbyteorder-1.0.4-ed17d207852397b4b016f73775ae7e4a811a9c27f8222c19d558bd92a259ee1d-ghc9.6.3.so
7f2b38015000-7f2b38016000 r--p 0000a000 00:22 9500895                    /opt/simplex/lib/app/resources/libHSbyteorder-1.0.4-ed17d207852397b4b016f73775ae7e4a811a9c27f8222c19d558bd92a259ee1d-ghc9.6.3.so
7f2b38016000-7f2b38017000 rw-p 0000b000 00:22 9500895                    /opt/simplex/lib/app/resources/libHSbyteorder-1.0.4-ed17d207852397b4b016f73775ae7e4a811a9c27f8222c19d558bd92a259ee1d-ghc9.6.3.so
7f2b38017000-7f2b38028000 r--p 00000000 00:22 9500960                    /opt/simplex/lib/app/resources/libHSnetwork-udp-0.0.0-530084fb15fcec5f08fc3bee6044237bcec27bdd9896cea52bf3bf54ae880d2d-ghc9.6.3.so
7f2b38028000-7f2b38034000 r-xp 00011000 00:22 9500960                    /opt/simplex/lib/app/resources/libHSnetwork-udp-0.0.0-530084fb15fcec5f08fc3bee6044237bcec27bdd9896cea52bf3bf54ae880d2d-ghc9.6.3.so
7f2b38034000-7f2b38035000 r--p 0001d000 00:22 9500960                    /opt/simplex/lib/app/resources/libHSnetwork-udp-0.0.0-530084fb15fcec5f08fc3bee6044237bcec27bdd9896cea52bf3bf54ae880d2d-ghc9.6.3.so
7f2b38035000-7f2b38036000 r--p 0001d000 00:22 9500960                    /opt/simplex/lib/app/resources/libHSnetwork-udp-0.0.0-530084fb15fcec5f08fc3bee6044237bcec27bdd9896cea52bf3bf54ae880d2d-ghc9.6.3.so
7f2b38036000-7f2b38038000 rw-p 0001e000 00:22 9500960                    /opt/simplex/lib/app/resources/libHSnetwork-udp-0.0.0-530084fb15fcec5f08fc3bee6044237bcec27bdd9896cea52bf3bf54ae880d2d-ghc9.6.3.so
7f2b38038000-7f2b38050000 r--p 00000000 00:22 9500893                    /opt/simplex/lib/app/resources/libHSblaze-builder-0.4.2.3-cfba547b28f9002387e922228aa358ccf0b616be9b75b595c36c70c86441d563-ghc9.6.3.so
7f2b38050000-7f2b38060000 r-xp 00018000 00:22 9500893                    /opt/simplex/lib/app/resources/libHSblaze-builder-0.4.2.3-cfba547b28f9002387e922228aa358ccf0b616be9b75b595c36c70c86441d563-ghc9.6.3.so
7f2b38060000-7f2b38061000 r--p 00028000 00:22 9500893                    /opt/simplex/lib/app/resources/libHSblaze-builder-0.4.2.3-cfba547b28f9002387e922228aa358ccf0b616be9b75b595c36c70c86441d563-ghc9.6.3.so
7f2b38061000-7f2b38062000 r--p 00028000 00:22 9500893                    /opt/simplex/lib/app/resources/libHSblaze-builder-0.4.2.3-cfba547b28f9002387e922228aa358ccf0b616be9b75b595c36c70c86441d563-ghc9.6.3.so
7f2b38062000-7f2b38064000 rw-p 00029000 00:22 9500893                    /opt/simplex/lib/app/resources/libHSblaze-builder-0.4.2.3-cfba547b28f9002387e922228aa358ccf0b616be9b75b595c36c70c86441d563-ghc9.6.3.so
7f2b38064000-7f2b38070000 r--p 00000000 00:22 9500894                    /opt/simplex/lib/app/resources/libHSblaze-textual-0.2.3.1-df8b5224c67a2ff9b4ea9f1217d8696cbece59157a1b11f3edb6e543f74102d0-ghc9.6.3.so
7f2b38070000-7f2b38081000 r-xp 0000c000 00:22 9500894                    /opt/simplex/lib/app/resources/libHSblaze-textual-0.2.3.1-df8b5224c67a2ff9b4ea9f1217d8696cbece59157a1b11f3edb6e543f74102d0-ghc9.6.3.so
7f2b38081000-7f2b38082000 r--p 0001d000 00:22 9500894                    /opt/simplex/lib/app/resources/libHSblaze-textual-0.2.3.1-df8b5224c67a2ff9b4ea9f1217d8696cbece59157a1b11f3edb6e543f74102d0-ghc9.6.3.so
7f2b38082000-7f2b38083000 r--p 0001d000 00:22 9500894                    /opt/simplex/lib/app/resources/libHSblaze-textual-0.2.3.1-df8b5224c67a2ff9b4ea9f1217d8696cbece59157a1b11f3edb6e543f74102d0-ghc9.6.3.so
7f2b38083000-7f2b38085000 rw-p 0001e000 00:22 9500894                    /opt/simplex/lib/app/resources/libHSblaze-textual-0.2.3.1-df8b5224c67a2ff9b4ea9f1217d8696cbece59157a1b11f3edb6e543f74102d0-ghc9.6.3.so
7f2b38085000-7f2b38186000 rw-p 00000000 00:00 0 
7f2b38186000-7f2b3819e000 rw-p 00000000 00:00 0 
7f2b3819e000-7f2b381ee000 ---p 00000000 00:00 0 
7f2b381ee000-7f2b381f0000 rw-p 00000000 00:00 0 
7f2b381f0000-7f2b381fd000 ---p 00000000 00:00 0 
7f2b381fd000-7f2b381fe000 rw-p 00000000 00:00 0 
7f2b381fe000-7f2b388f9000 ---p 00000000 00:00 0 
7f2b388f9000-7f2b39000000 rw-p 00000000 00:00 0 
7f2b39000000-7f2b39024000 r-xp 00000000 00:22 9501936                    /opt/simplex/lib/runtime/lib/libjava.so
7f2b39024000-7f2b39224000 ---p 00024000 00:22 9501936                    /opt/simplex/lib/runtime/lib/libjava.so
7f2b39224000-7f2b39225000 r--p 00024000 00:22 9501936                    /opt/simplex/lib/runtime/lib/libjava.so
7f2b39225000-7f2b39226000 rw-p 00025000 00:22 9501936                    /opt/simplex/lib/runtime/lib/libjava.so
7f2b39226000-7f2b39227000 rw-p 00000000 00:00 0 
7f2b3922a000-7f2b3922b000 rw-s 00000000 00:01 138020                     /memfd:xshmfence (deleted)
7f2b3922b000-7f2b3928b000 r--p 00000000 00:22 9501024                    /opt/simplex/lib/app/resources/libHSzip-2.2.1-c84529db08699b8940be8253f32c450005f695e7c889e6b7a63f112a12d4453f-ghc9.6.3.so
7f2b3928b000-7f2b392ef000 r-xp 00060000 00:22 9501024                    /opt/simplex/lib/app/resources/libHSzip-2.2.1-c84529db08699b8940be8253f32c450005f695e7c889e6b7a63f112a12d4453f-ghc9.6.3.so
7f2b392ef000-7f2b392f1000 r--p 000c4000 00:22 9501024                    /opt/simplex/lib/app/resources/libHSzip-2.2.1-c84529db08699b8940be8253f32c450005f695e7c889e6b7a63f112a12d4453f-ghc9.6.3.so
7f2b392f1000-7f2b392f2000 ---p 000c6000 00:22 9501024                    /opt/simplex/lib/app/resources/libHSzip-2.2.1-c84529db08699b8940be8253f32c450005f695e7c889e6b7a63f112a12d4453f-ghc9.6.3.so
7f2b392f2000-7f2b392f4000 r--p 000c6000 00:22 9501024                    /opt/simplex/lib/app/resources/libHSzip-2.2.1-c84529db08699b8940be8253f32c450005f695e7c889e6b7a63f112a12d4453f-ghc9.6.3.so
7f2b392f4000-7f2b392ff000 rw-p 000c8000 00:22 9501024                    /opt/simplex/lib/app/resources/libHSzip-2.2.1-c84529db08699b8940be8253f32c450005f695e7c889e6b7a63f112a12d4453f-ghc9.6.3.so
7f2b392ff000-7f2b39400000 rw-p 00000000 00:00 0 
7f2b39400000-7f2b3941b000 r-xp 00000000 00:22 9501939                    /opt/simplex/lib/runtime/lib/libjimage.so
7f2b3941b000-7f2b3961a000 ---p 0001b000 00:22 9501939                    /opt/simplex/lib/runtime/lib/libjimage.so
7f2b3961a000-7f2b3961c000 r--p 0001a000 00:22 9501939                    /opt/simplex/lib/runtime/lib/libjimage.so
7f2b3961c000-7f2b3961d000 rw-p 0001c000 00:22 9501939                    /opt/simplex/lib/runtime/lib/libjimage.so
7f2b3961d000-7f2b3961e000 rw-s 1050bc000 00:07 806                       /dev/dri/renderD128
7f2b3961e000-7f2b39621000 r--s 00000000 00:22 19815                      /var/cache/fontconfig/1876b2dcf508980ebba421dbe8e808d3-le64.cache-11
7f2b39621000-7f2b39623000 r--p 00000000 00:22 9500914                    /opt/simplex/lib/app/resources/libHSdata-default-0.7.1.1-0dc1fc6930f802543ff7577d89a20f1a17f8631c8f8cd7fd967230ca6a8e107a-ghc9.6.3.so
7f2b39623000-7f2b39624000 r-xp 00002000 00:22 9500914                    /opt/simplex/lib/app/resources/libHSdata-default-0.7.1.1-0dc1fc6930f802543ff7577d89a20f1a17f8631c8f8cd7fd967230ca6a8e107a-ghc9.6.3.so
7f2b39624000-7f2b39625000 r--p 00003000 00:22 9500914                    /opt/simplex/lib/app/resources/libHSdata-default-0.7.1.1-0dc1fc6930f802543ff7577d89a20f1a17f8631c8f8cd7fd967230ca6a8e107a-ghc9.6.3.so
7f2b39625000-7f2b39626000 r--p 00003000 00:22 9500914                    /opt/simplex/lib/app/resources/libHSdata-default-0.7.1.1-0dc1fc6930f802543ff7577d89a20f1a17f8631c8f8cd7fd967230ca6a8e107a-ghc9.6.3.so
7f2b39626000-7f2b39627000 rw-p 00004000 00:22 9500914                    /opt/simplex/lib/app/resources/libHSdata-default-0.7.1.1-0dc1fc6930f802543ff7577d89a20f1a17f8631c8f8cd7fd967230ca6a8e107a-ghc9.6.3.so
7f2b39627000-7f2b3962e000 r--p 00000000 00:22 9500869                    /opt/simplex/lib/app/resources/libHSOnly-0.1-d2bf20dfe5467325a687dcb3fde37a1178e357c9b6ec5a5420e432ad07a7bbb4-ghc9.6.3.so
7f2b3962e000-7f2b39632000 r-xp 00007000 00:22 9500869                    /opt/simplex/lib/app/resources/libHSOnly-0.1-d2bf20dfe5467325a687dcb3fde37a1178e357c9b6ec5a5420e432ad07a7bbb4-ghc9.6.3.so
7f2b39632000-7f2b39633000 r--p 0000b000 00:22 9500869                    /opt/simplex/lib/app/resources/libHSOnly-0.1-d2bf20dfe5467325a687dcb3fde37a1178e357c9b6ec5a5420e432ad07a7bbb4-ghc9.6.3.so
7f2b39633000-7f2b39634000 r--p 0000b000 00:22 9500869                    /opt/simplex/lib/app/resources/libHSOnly-0.1-d2bf20dfe5467325a687dcb3fde37a1178e357c9b6ec5a5420e432ad07a7bbb4-ghc9.6.3.so
7f2b39634000-7f2b39635000 rw-p 0000c000 00:22 9500869                    /opt/simplex/lib/app/resources/libHSOnly-0.1-d2bf20dfe5467325a687dcb3fde37a1178e357c9b6ec5a5420e432ad07a7bbb4-ghc9.6.3.so
7f2b39635000-7f2b39642000 r--p 00000000 00:22 9500998                    /opt/simplex/lib/app/resources/libHSth-lift-0.8.4-1c91f8c5d8bf435aa4ba27eac4f6358b3d7ba8c4445440d023bc46f9e92e47d6-ghc9.6.3.so
7f2b39642000-7f2b39651000 r-xp 0000d000 00:22 9500998                    /opt/simplex/lib/app/resources/libHSth-lift-0.8.4-1c91f8c5d8bf435aa4ba27eac4f6358b3d7ba8c4445440d023bc46f9e92e47d6-ghc9.6.3.so
7f2b39651000-7f2b39652000 r--p 0001c000 00:22 9500998                    /opt/simplex/lib/app/resources/libHSth-lift-0.8.4-1c91f8c5d8bf435aa4ba27eac4f6358b3d7ba8c4445440d023bc46f9e92e47d6-ghc9.6.3.so
7f2b39652000-7f2b39653000 r--p 0001c000 00:22 9500998                    /opt/simplex/lib/app/resources/libHSth-lift-0.8.4-1c91f8c5d8bf435aa4ba27eac4f6358b3d7ba8c4445440d023bc46f9e92e47d6-ghc9.6.3.so
7f2b39653000-7f2b39656000 rw-p 0001d000 00:22 9500998                    /opt/simplex/lib/app/resources/libHSth-lift-0.8.4-1c91f8c5d8bf435aa4ba27eac4f6358b3d7ba8c4445440d023bc46f9e92e47d6-ghc9.6.3.so
7f2b39656000-7f2b3965c000 r--p 00000000 00:22 9500999                    /opt/simplex/lib/app/resources/libHSth-lift-instances-0.1.20-cd99be9ab1bc86675c598032f14d52b773b0e5dee01ec40e583b58e7b99e5d81-ghc9.6.3.so
7f2b3965c000-7f2b39660000 r-xp 00006000 00:22 9500999                    /opt/simplex/lib/app/resources/libHSth-lift-instances-0.1.20-cd99be9ab1bc86675c598032f14d52b773b0e5dee01ec40e583b58e7b99e5d81-ghc9.6.3.so
7f2b39660000-7f2b39661000 r--p 0000a000 00:22 9500999                    /opt/simplex/lib/app/resources/libHSth-lift-instances-0.1.20-cd99be9ab1bc86675c598032f14d52b773b0e5dee01ec40e583b58e7b99e5d81-ghc9.6.3.so
7f2b39661000-7f2b39662000 r--p 0000a000 00:22 9500999                    /opt/simplex/lib/app/resources/libHSth-lift-instances-0.1.20-cd99be9ab1bc86675c598032f14d52b773b0e5dee01ec40e583b58e7b99e5d81-ghc9.6.3.so
7f2b39662000-7f2b39663000 rw-p 0000b000 00:22 9500999                    /opt/simplex/lib/app/resources/libHSth-lift-instances-0.1.20-cd99be9ab1bc86675c598032f14d52b773b0e5dee01ec40e583b58e7b99e5d81-ghc9.6.3.so
7f2b39663000-7f2b3971a000 rw-p 00000000 00:00 0 
7f2b3971a000-7f2b39800000 ---p 00000000 00:00 0 
7f2b39800000-7f2b3aacb000 r-xp 00000000 00:22 9501961                    /opt/simplex/lib/runtime/lib/server/libjvm.so
7f2b3aacb000-7f2b3acca000 ---p 012cb000 00:22 9501961                    /opt/simplex/lib/runtime/lib/server/libjvm.so
7f2b3acca000-7f2b3ad83000 r--p 012ca000 00:22 9501961                    /opt/simplex/lib/runtime/lib/server/libjvm.so
7f2b3ad83000-7f2b3adb8000 rw-p 01383000 00:22 9501961                    /opt/simplex/lib/runtime/lib/server/libjvm.so
7f2b3adb8000-7f2b3ae13000 rw-p 00000000 00:00 0 
7f2b3ae13000-7f2b3ae14000 rw-s 1050bb000 00:07 806                       /dev/dri/renderD128
7f2b3ae14000-7f2b3ae15000 rw-s 1249ae000 00:07 806                       /dev/dri/renderD128
7f2b3ae15000-7f2b3ae20000 rw-p 00000000 00:00 0 
7f2b3ae20000-7f2b3af00000 ---p 00000000 00:00 0 
7f2b3af00000-7f2b3af04000 ---p 00000000 00:00 0 
7f2b3af04000-7f2b3b000000 rw-p 00000000 00:00 0 
7f2b3b000000-7f2b3b00f000 r-xp 00000000 00:22 9501940                    /opt/simplex/lib/runtime/lib/libjli.so
7f2b3b00f000-7f2b3b20e000 ---p 0000f000 00:22 9501940                    /opt/simplex/lib/runtime/lib/libjli.so
7f2b3b20e000-7f2b3b20f000 r--p 0000e000 00:22 9501940                    /opt/simplex/lib/runtime/lib/libjli.so
7f2b3b20f000-7f2b3b210000 rw-p 0000f000 00:22 9501940                    /opt/simplex/lib/runtime/lib/libjli.so
7f2b3b210000-7f2b3b211000 rw-s 1249ad000 00:07 806                       /dev/dri/renderD128
7f2b3b211000-7f2b3b214000 r--s 00000000 00:22 19797                      /var/cache/fontconfig/6ba42ae0000f58711b5caaf10d690066-le64.cache-11
7f2b3b214000-7f2b3b218000 r--p 00000000 00:22 9501011                    /opt/simplex/lib/app/resources/libHSunix-compat-0.7.1-04755f57844c9ce72e8a2cab1ebd7288024e6fb7aa9baab3dee08a636e74f2d8-ghc9.6.3.so
7f2b3b218000-7f2b3b219000 r-xp 00004000 00:22 9501011                    /opt/simplex/lib/app/resources/libHSunix-compat-0.7.1-04755f57844c9ce72e8a2cab1ebd7288024e6fb7aa9baab3dee08a636e74f2d8-ghc9.6.3.so
7f2b3b219000-7f2b3b21a000 r--p 00005000 00:22 9501011                    /opt/simplex/lib/app/resources/libHSunix-compat-0.7.1-04755f57844c9ce72e8a2cab1ebd7288024e6fb7aa9baab3dee08a636e74f2d8-ghc9.6.3.so
7f2b3b21a000-7f2b3b21b000 r--p 00005000 00:22 9501011                    /opt/simplex/lib/app/resources/libHSunix-compat-0.7.1-04755f57844c9ce72e8a2cab1ebd7288024e6fb7aa9baab3dee08a636e74f2d8-ghc9.6.3.so
7f2b3b21b000-7f2b3b21c000 rw-p 00006000 00:22 9501011                    /opt/simplex/lib/app/resources/libHSunix-compat-0.7.1-04755f57844c9ce72e8a2cab1ebd7288024e6fb7aa9baab3dee08a636e74f2d8-ghc9.6.3.so
7f2b3b21c000-7f2b3b223000 r--p 00000000 00:22 9500908                    /opt/simplex/lib/app/resources/libHScryptohash-sha1-0.11.101.0-f9f5afd4e14b2941ce9d06239c42f864d8d670b8d70cc4005a54e7e3270c528d-ghc9.6.3.so
7f2b3b223000-7f2b3b22e000 r-xp 00007000 00:22 9500908                    /opt/simplex/lib/app/resources/libHScryptohash-sha1-0.11.101.0-f9f5afd4e14b2941ce9d06239c42f864d8d670b8d70cc4005a54e7e3270c528d-ghc9.6.3.so
7f2b3b22e000-7f2b3b22f000 r--p 00012000 00:22 9500908                    /opt/simplex/lib/app/resources/libHScryptohash-sha1-0.11.101.0-f9f5afd4e14b2941ce9d06239c42f864d8d670b8d70cc4005a54e7e3270c528d-ghc9.6.3.so
7f2b3b22f000-7f2b3b230000 r--p 00012000 00:22 9500908                    /opt/simplex/lib/app/resources/libHScryptohash-sha1-0.11.101.0-f9f5afd4e14b2941ce9d06239c42f864d8d670b8d70cc4005a54e7e3270c528d-ghc9.6.3.so
7f2b3b230000-7f2b3b231000 rw-p 00013000 00:22 9500908                    /opt/simplex/lib/app/resources/libHScryptohash-sha1-0.11.101.0-f9f5afd4e14b2941ce9d06239c42f864d8d670b8d70cc4005a54e7e3270c528d-ghc9.6.3.so
7f2b3b231000-7f2b3b2cd000 rw-p 00000000 00:00 0 
7f2b3b2cd000-7f2b3b2dd000 r--p 00000000 00:22 10087896                   /usr/lib/libm.so.6
7f2b3b2dd000-7f2b3b376000 r-xp 00010000 00:22 10087896                   /usr/lib/libm.so.6
7f2b3b376000-7f2b3b3fe000 r--p 000a9000 00:22 10087896                   /usr/lib/libm.so.6
7f2b3b3fe000-7f2b3b3ff000 r--p 00130000 00:22 10087896                   /usr/lib/libm.so.6
7f2b3b3ff000-7f2b3b400000 rw-p 00131000 00:22 10087896                   /usr/lib/libm.so.6
7f2b3b400000-7f2b3b424000 r--p 00000000 00:22 10087886                   /usr/lib/libc.so.6
7f2b3b424000-7f2b3b599000 r-xp 00024000 00:22 10087886                   /usr/lib/libc.so.6
7f2b3b599000-7f2b3b60e000 r--p 00199000 00:22 10087886                   /usr/lib/libc.so.6
7f2b3b60e000-7f2b3b612000 r--p 0020d000 00:22 10087886                   /usr/lib/libc.so.6
7f2b3b612000-7f2b3b614000 rw-p 00211000 00:22 10087886                   /usr/lib/libc.so.6
7f2b3b614000-7f2b3b61d000 rw-p 00000000 00:00 0 
7f2b3b61d000-7f2b3b624000 r--p 00000000 00:22 9500907                    /opt/simplex/lib/app/resources/libHScryptohash-md5-0.11.101.0-3e5428d235f9533ab23c9db75abdfb80b57c54f4269b0769f87f5b37c728be6f-ghc9.6.3.so
7f2b3b624000-7f2b3b62c000 r-xp 00007000 00:22 9500907                    /opt/simplex/lib/app/resources/libHScryptohash-md5-0.11.101.0-3e5428d235f9533ab23c9db75abdfb80b57c54f4269b0769f87f5b37c728be6f-ghc9.6.3.so
7f2b3b62c000-7f2b3b62d000 r--p 0000f000 00:22 9500907                    /opt/simplex/lib/app/resources/libHScryptohash-md5-0.11.101.0-3e5428d235f9533ab23c9db75abdfb80b57c54f4269b0769f87f5b37c728be6f-ghc9.6.3.so
7f2b3b62d000-7f2b3b62e000 r--p 0000f000 00:22 9500907                    /opt/simplex/lib/app/resources/libHScryptohash-md5-0.11.101.0-3e5428d235f9533ab23c9db75abdfb80b57c54f4269b0769f87f5b37c728be6f-ghc9.6.3.so
7f2b3b62e000-7f2b3b62f000 rw-p 00010000 00:22 9500907                    /opt/simplex/lib/app/resources/libHScryptohash-md5-0.11.101.0-3e5428d235f9533ab23c9db75abdfb80b57c54f4269b0769f87f5b37c728be6f-ghc9.6.3.so
7f2b3b62f000-7f2b3b63b000 r--p 00000000 00:22 9501017                    /opt/simplex/lib/app/resources/libHSuuid-1.3.15-4828f16f2b77b79ea8b795753bd98503215dea0d6fddf19a95ffe8c7a59f1ea7-ghc9.6.3.so
7f2b3b63b000-7f2b3b643000 r-xp 0000c000 00:22 9501017                    /opt/simplex/lib/app/resources/libHSuuid-1.3.15-4828f16f2b77b79ea8b795753bd98503215dea0d6fddf19a95ffe8c7a59f1ea7-ghc9.6.3.so
7f2b3b643000-7f2b3b644000 r--p 00014000 00:22 9501017                    /opt/simplex/lib/app/resources/libHSuuid-1.3.15-4828f16f2b77b79ea8b795753bd98503215dea0d6fddf19a95ffe8c7a59f1ea7-ghc9.6.3.so
7f2b3b644000-7f2b3b645000 r--p 00014000 00:22 9501017                    /opt/simplex/lib/app/resources/libHSuuid-1.3.15-4828f16f2b77b79ea8b795753bd98503215dea0d6fddf19a95ffe8c7a59f1ea7-ghc9.6.3.so
7f2b3b645000-7f2b3b646000 rw-p 00015000 00:22 9501017                    /opt/simplex/lib/app/resources/libHSuuid-1.3.15-4828f16f2b77b79ea8b795753bd98503215dea0d6fddf19a95ffe8c7a59f1ea7-ghc9.6.3.so
7f2b3b646000-7f2b3b6c1000 rw-p 00000000 00:00 0 
7f2b3b6c1000-7f2b3b6c2000 r--p 00000000 00:22 10087918                   /usr/lib/librt.so.1
7f2b3b6c2000-7f2b3b6c3000 r-xp 00001000 00:22 10087918                   /usr/lib/librt.so.1
7f2b3b6c3000-7f2b3b6c4000 r--p 00002000 00:22 10087918                   /usr/lib/librt.so.1
7f2b3b6c4000-7f2b3b6c5000 r--p 00002000 00:22 10087918                   /usr/lib/librt.so.1
7f2b3b6c5000-7f2b3b6c6000 rw-p 00003000 00:22 10087918                   /usr/lib/librt.so.1
7f2b3b6c6000-7f2b3b6c7000 r--p 00000000 00:22 10087913                   /usr/lib/libpthread.so.0
7f2b3b6c7000-7f2b3b6c8000 r-xp 00001000 00:22 10087913                   /usr/lib/libpthread.so.0
7f2b3b6c8000-7f2b3b6c9000 r--p 00002000 00:22 10087913                   /usr/lib/libpthread.so.0
7f2b3b6c9000-7f2b3b6ca000 r--p 00002000 00:22 10087913                   /usr/lib/libpthread.so.0
7f2b3b6ca000-7f2b3b6cb000 rw-p 00003000 00:22 10087913                   /usr/lib/libpthread.so.0
7f2b3b6cb000-7f2b3b6ce000 r--p 00000000 00:22 6740239                    /usr/lib/libz.so.1.3.2
7f2b3b6ce000-7f2b3b6de000 r-xp 00003000 00:22 6740239                    /usr/lib/libz.so.1.3.2
7f2b3b6de000-7f2b3b6e4000 r--p 00013000 00:22 6740239                    /usr/lib/libz.so.1.3.2
7f2b3b6e4000-7f2b3b6e5000 r--p 00018000 00:22 6740239                    /usr/lib/libz.so.1.3.2
7f2b3b6e5000-7f2b3b6e6000 rw-p 00019000 00:22 6740239                    /usr/lib/libz.so.1.3.2
7f2b3b6e6000-7f2b3b6e9000 rw-p 00000000 00:00 0 
7f2b3b6e9000-7f2b3b6ea000 r--p 00000000 00:22 10087891                   /usr/lib/libdl.so.2
7f2b3b6ea000-7f2b3b6eb000 r-xp 00001000 00:22 10087891                   /usr/lib/libdl.so.2
7f2b3b6eb000-7f2b3b6ec000 r--p 00002000 00:22 10087891                   /usr/lib/libdl.so.2
7f2b3b6ec000-7f2b3b6ed000 r--p 00002000 00:22 10087891                   /usr/lib/libdl.so.2
7f2b3b6ed000-7f2b3b6ee000 rw-p 00003000 00:22 10087891                   /usr/lib/libdl.so.2
7f2b3b6ee000-7f2b3b6f0000 rw-p 00000000 00:00 0 
7f2b3b6f0000-7f2b3b6f1000 rw-p 00000000 00:00 0 
7f2b3b6f1000-7f2b3b6f2000 r--p 00000000 00:22 6931965                    /usr/share/locale/en/LC_MESSAGES/gtk30-properties.mo
7f2b3b6f2000-7f2b3b6f3000 r--p 00000000 00:22 6931966                    /usr/share/locale/en/LC_MESSAGES/gtk30.mo
7f2b3b6f3000-7f2b3b6f6000 r--p 00000000 00:22 9500947                    /opt/simplex/lib/app/resources/libHSiso8601-time-0.1.5-7f565c978c2ccda76ebfa53eadc50025f93857add83f2dded45add1b6358a9db-ghc9.6.3.so
7f2b3b6f6000-7f2b3b6f7000 r-xp 00003000 00:22 9500947                    /opt/simplex/lib/app/resources/libHSiso8601-time-0.1.5-7f565c978c2ccda76ebfa53eadc50025f93857add83f2dded45add1b6358a9db-ghc9.6.3.so
7f2b3b6f7000-7f2b3b6f8000 r--p 00004000 00:22 9500947                    /opt/simplex/lib/app/resources/libHSiso8601-time-0.1.5-7f565c978c2ccda76ebfa53eadc50025f93857add83f2dded45add1b6358a9db-ghc9.6.3.so
7f2b3b6f8000-7f2b3b6f9000 r--p 00004000 00:22 9500947                    /opt/simplex/lib/app/resources/libHSiso8601-time-0.1.5-7f565c978c2ccda76ebfa53eadc50025f93857add83f2dded45add1b6358a9db-ghc9.6.3.so
7f2b3b6f9000-7f2b3b6fa000 rw-p 00005000 00:22 9500947                    /opt/simplex/lib/app/resources/libHSiso8601-time-0.1.5-7f565c978c2ccda76ebfa53eadc50025f93857add83f2dded45add1b6358a9db-ghc9.6.3.so
7f2b3b6fa000-7f2b3b700000 r--p 00000000 00:22 9500928                    /opt/simplex/lib/app/resources/libHSentropy-0.4.1.10-d4a847724a3b6d10e83808146b77b36d07bb854fcaa1dece416caea1c022f5c6-ghc9.6.3.so
7f2b3b700000-7f2b3b703000 r-xp 00006000 00:22 9500928                    /opt/simplex/lib/app/resources/libHSentropy-0.4.1.10-d4a847724a3b6d10e83808146b77b36d07bb854fcaa1dece416caea1c022f5c6-ghc9.6.3.so
7f2b3b703000-7f2b3b704000 r--p 00009000 00:22 9500928                    /opt/simplex/lib/app/resources/libHSentropy-0.4.1.10-d4a847724a3b6d10e83808146b77b36d07bb854fcaa1dece416caea1c022f5c6-ghc9.6.3.so
7f2b3b704000-7f2b3b705000 r--p 00009000 00:22 9500928                    /opt/simplex/lib/app/resources/libHSentropy-0.4.1.10-d4a847724a3b6d10e83808146b77b36d07bb854fcaa1dece416caea1c022f5c6-ghc9.6.3.so
7f2b3b705000-7f2b3b706000 rw-p 0000a000 00:22 9500928                    /opt/simplex/lib/app/resources/libHSentropy-0.4.1.10-d4a847724a3b6d10e83808146b77b36d07bb854fcaa1dece416caea1c022f5c6-ghc9.6.3.so
7f2b3b706000-7f2b3b70c000 r--p 00000000 00:22 9500921                    /opt/simplex/lib/app/resources/libHSdigest-0.0.1.3-2ac287db51ccbe243b46853bfcd942cd2c9207ea2336791de9b022a1ed4dcad2-ghc9.6.3.so
7f2b3b70c000-7f2b3b70e000 r-xp 00006000 00:22 9500921                    /opt/simplex/lib/app/resources/libHSdigest-0.0.1.3-2ac287db51ccbe243b46853bfcd942cd2c9207ea2336791de9b022a1ed4dcad2-ghc9.6.3.so
7f2b3b70e000-7f2b3b70f000 r--p 00008000 00:22 9500921                    /opt/simplex/lib/app/resources/libHSdigest-0.0.1.3-2ac287db51ccbe243b46853bfcd942cd2c9207ea2336791de9b022a1ed4dcad2-ghc9.6.3.so
7f2b3b70f000-7f2b3b710000 r--p 00008000 00:22 9500921                    /opt/simplex/lib/app/resources/libHSdigest-0.0.1.3-2ac287db51ccbe243b46853bfcd942cd2c9207ea2336791de9b022a1ed4dcad2-ghc9.6.3.so
7f2b3b710000-7f2b3b711000 rw-p 00009000 00:22 9500921                    /opt/simplex/lib/app/resources/libHSdigest-0.0.1.3-2ac287db51ccbe243b46853bfcd942cd2c9207ea2336791de9b022a1ed4dcad2-ghc9.6.3.so
7f2b3b711000-7f2b3b713000 r--p 00000000 00:22 9501027                    /opt/simplex/lib/app/resources/libapp-lib.so
7f2b3b713000-7f2b3b715000 r-xp 00002000 00:22 9501027                    /opt/simplex/lib/app/resources/libapp-lib.so
7f2b3b715000-7f2b3b716000 r--p 00004000 00:22 9501027                    /opt/simplex/lib/app/resources/libapp-lib.so
7f2b3b716000-7f2b3b717000 r--p 00004000 00:22 9501027                    /opt/simplex/lib/app/resources/libapp-lib.so
7f2b3b717000-7f2b3b718000 rw-p 00005000 00:22 9501027                    /opt/simplex/lib/app/resources/libapp-lib.so
7f2b3b718000-7f2b3b71d000 rw-p 00000000 00:00 0 
7f2b3b71d000-7f2b3b724000 ---p 00000000 00:00 0 
7f2b3b724000-7f2b3b72c000 rw-s 00000000 00:22 10691335                   /tmp/hsperfdata_mleku/657108
7f2b3b72c000-7f2b3b72d000 ---p 00000000 00:00 0 
7f2b3b72d000-7f2b3b72e000 r--p 00000000 00:00 0 
7f2b3b72e000-7f2b3b72f000 ---p 00000000 00:00 0 
7f2b3b72f000-7f2b3b733000 r--p 00000000 00:00 0                          [vvar]
7f2b3b733000-7f2b3b735000 r--p 00000000 00:00 0                          [vvar_vclock]
7f2b3b735000-7f2b3b737000 r-xp 00000000 00:00 0                          [vdso]
7f2b3b737000-7f2b3b738000 r--p 00000000 00:22 10087877                   /usr/lib/ld-linux-x86-64.so.2
7f2b3b738000-7f2b3b762000 r-xp 00001000 00:22 10087877                   /usr/lib/ld-linux-x86-64.so.2
7f2b3b762000-7f2b3b771000 r--p 0002b000 00:22 10087877                   /usr/lib/ld-linux-x86-64.so.2
7f2b3b771000-7f2b3b773000 r--p 00039000 00:22 10087877                   /usr/lib/ld-linux-x86-64.so.2
7f2b3b773000-7f2b3b774000 rw-p 0003b000 00:22 10087877                   /usr/lib/ld-linux-x86-64.so.2
7f2b3b774000-7f2b3b775000 rw-p 00000000 00:00 0 
7ffe5b6de000-7ffe5b700000 rw-p 00000000 00:00 0                          [stack]
ffffffffff600000-ffffffffff601000 --xp 00000000 00:00 0                  [vsyscall]


VM Arguments:
jvm_args: -Djpackage.app-version=6.5.2 -Dcompose.application.resources.dir=/opt/simplex/lib/app/resources -Dcompose.application.configure.swing.globals=true -Dskiko.library.path=/opt/simplex/lib/app -Djpackage.app-path=/opt/simplex/bin/simplex 
java_command: chat.simplex.desktop.MainKt --version
java_class_path (initial): /opt/simplex/lib/app/desktop-jvm-6.5.2-496324f07b1cb76441f3ab359c0e2c8.jar:/opt/simplex/lib/app/animation-core-desktop-1.8.2-89882254a9c39d5b61e9ebfe58237d8.jar:/opt/simplex/lib/app/animation-desktop-1.8.2-aa361a5749a780284bf03455dbd58ba2.jar:/opt/simplex/lib/app/annotation-jvm-1.9.1-1d6a04b3b9847638d0529df8ef76a.jar:/opt/simplex/lib/app/annotations-23.0.0-8484cd17d040d837983323f760b2c660.jar:/opt/simplex/lib/app/atomicfu-jvm-0.23.2-5e4f88ed1c37222d791f5dcadf481498.jar:/opt/simplex/lib/app/batik-anim-1.16-ef2d1e77dc121a894a6da6c5028e8dc.jar:/opt/simplex/lib/app/batik-awt-util-1.16-5493fc13976389ff705f96f867f5cb8.jar:/opt/simplex/lib/app/batik-bridge-1.16-67eb64799e6d69a8d9ac19ccc5a8f2d9.jar:/opt/simplex/lib/app/batik-codec-1.16-f8139eda5bd656be3de6c68cc49667ba.jar:/opt/simplex/lib/app/batik-constants-1.16-dbb7585ab60d6fee6b42b814756023.jar:/opt/simplex/lib/app/batik-css-1.16-18b391172074464552b09acb9187e.jar:/opt/simplex/lib/app/batik-dom-1.16-3a8e777a8777513a2b80ec91d06252da.jar:/opt/simplex/lib/app/batik-ext-1.16-88db233e758febe33059f2be9f7c7fc8.jar:/opt/simplex/lib/app/batik-gvt-1.16-fe24bef455f4d68232121574ea209b.jar:/opt/simplex/lib/app/batik-i18n-1.16-b2ac749b2277fb0f46ec912da8bfdde.jar:/opt/simplex/lib/app/batik-parser-1.16-62c4e0778339752a1f6f4d53ea3aef2f.jar:/opt/simplex/lib/app/batik-rasterizer-1.16-9a4bec95395ecacaee2085945c311ad.jar:/opt/simplex/lib/app/batik-script-1.16-bfcf216f539f5718c7345322e0f060fc.jar:/opt/simplex/lib/app/batik-shared-resources-1.16-d6b1e37464c15ad7cd1a5b06d9ee1a9.jar:/opt/simplex/lib/app/batik-svg-dom-1.16-ee7f7021afdfbe71b29871159da5765.jar:/opt/simplex/lib/app/batik-svggen-1.16-48657fb48029f0427b1e34eb2a6884.jar:/opt/simplex/lib/app/batik-svgrasterizer-1.16-649f564439bc465caa6d1fa68ad24.jar:/opt/simplex/lib/app/batik-transcoder-1.16-1290ebbcaf1ebbef5e1675eb639d54c.jar:/opt/simplex/lib/app/batik-util-1.16-d8f93a889db85573d4f8c576ff2ad2f.jar:/opt/simplex/lib/app/batik-xml-1.16-3147e6cfe396df25489c8c589
Launcher Type: SUN_STANDARD

[Global flags]
     intx CICompilerCount                          = 4                                         {product} {ergonomic}
     uint ConcGCThreads                            = 2                                         {product} {ergonomic}
     uint G1ConcRefinementThreads                  = 8                                         {product} {ergonomic}
   size_t G1HeapRegionSize                         = 2097152                                   {product} {ergonomic}
    uintx GCDrainStackTargetSize                   = 64                                        {product} {ergonomic}
   size_t InitialHeapSize                          = 251658240                                 {product} {ergonomic}
   size_t MarkStackSize                            = 4194304                                   {product} {ergonomic}
   size_t MaxHeapSize                              = 3999268864                                {product} {ergonomic}
   size_t MaxNewSize                               = 2399141888                                {product} {ergonomic}
   size_t MinHeapDeltaBytes                        = 2097152                                   {product} {ergonomic}
   size_t MinHeapSize                              = 8388608                                   {product} {ergonomic}
    uintx NonNMethodCodeHeapSize                   = 5839372                                {pd product} {ergonomic}
    uintx NonProfiledCodeHeapSize                  = 122909434                              {pd product} {ergonomic}
    uintx ProfiledCodeHeapSize                     = 122909434                              {pd product} {ergonomic}
    uintx ReservedCodeCacheSize                    = 251658240                              {pd product} {ergonomic}
     bool SegmentedCodeCache                       = true                                      {product} {ergonomic}
   size_t SoftMaxHeapSize                          = 3999268864                             {manageable} {ergonomic}
     bool UseCompressedClassPointers               = true                           {product lp64_product} {ergonomic}
     bool UseCompressedOops                        = true                           {product lp64_product} {ergonomic}
     bool UseG1GC                                  = true                                      {product} {ergonomic}

Logging:
Log output configuration:
 #0: stdout all=warning uptime,level,tags
 #1: stderr all=off uptime,level,tags

Environment Variables:
PATH=/home/mleku/Android/Sdk/cmdline-tools/latest/bin:/home/mleku/Android/Sdk/platform-tools:/home/mleku/.local/bin:/home/mleku/.local/bin:/home/mleku/bin:/home/mleku/.wasmtime/bin:/home/mleku/.local/bin:/home/mleku/go/bin:/home/mleku/.local/bin:/home/mleku/go/bin:/home/mleku/.local/bin:/home/mleku/go/bin:/home/mleku/.local/bin:/home/mleku/go/bin:/home/mleku/.local/bin:/home/mleku/go/bin:/home/mleku/.local/bin:/home/mleku/go/bin:/home/mleku/go/bin:/home/mleku/.local/bin:/usr/local/go/bin:/home/mleku/.local/share/JetBrains/Toolbox/scripts:/home/mleku/.bun/bin:/home/mleku/go/bin:/home/mleku/.local/bin:/home/mleku/.local/bin:/home/mleku/.local/bin:/home/mleku/bin:/home/mleku/.wasmtime/bin:/home/mleku/.local/bin:/home/mleku/go/bin:/home/mleku/.local/bin:/home/mleku/go/bin:/home/mleku/.local/bin:/home/mleku/go/bin:/home/mleku/.local/bin:/home/mleku/go/bin:/home/mleku/.local/bin:/home/mleku/go/bin:/home/mleku/.local/bin:/home/mleku/go/bin:/bin::/usr/local/go/bin:/home/mleku/.local/share/JetBrains/Toolbox/scripts:/home/mleku/.bun/bin:/home/mleku/go/bin:/home/mleku/.local/bin:/home/mleku/.cargo/bin:/usr/local/bin:/usr/bin:/bin:/usr/local/sbin:/opt/android-sdk/platform-tools:/var/lib/flatpak/exports/bin:/usr/lib/jvm/default/bin:/usr/bin/site_perl:/usr/bin/vendor_perl:/usr/bin/core_perl:/opt/rocm/bin:/opt/android-sdk/platform-tools
LD_LIBRARY_PATH=:/opt/simplex/lib/app
SHELL=/bin/bash
DISPLAY=:0
LANG=en_AU.UTF-8
LC_NUMERIC=hr_HR.UTF-8
LC_TIME=en_AU.UTF-8
TERM=xterm-256color
TMPDIR=/home/mleku/.cache/tmp

Active Locale:
LC_ALL=LC_CTYPE=en_AU.UTF-8;LC_NUMERIC=hr_HR.UTF-8;LC_TIME=en_AU.UTF-8;LC_COLLATE=en_AU.UTF-8;LC_MONETARY=hr_HR.UTF-8;LC_MESSAGES=en_AU.UTF-8;LC_PAPER=hr_HR.UTF-8;LC_NAME=hr_HR.UTF-8;LC_ADDRESS=hr_HR.UTF-8;LC_TELEPHONE=hr_HR.UTF-8;LC_MEASUREMENT=hr_HR.UTF-8;LC_IDENTIFICATION=hr_HR.UTF-8
LC_COLLATE=en_AU.UTF-8
LC_CTYPE=en_AU.UTF-8
LC_MESSAGES=en_AU.UTF-8
LC_MONETARY=hr_HR.UTF-8
LC_NUMERIC=hr_HR.UTF-8
LC_TIME=en_AU.UTF-8

Signal Handlers:
   SIGSEGV: 0x00007f2b3a765570 in libjvm.so+16143728, mask=11100100010111111101111111111110, flags=SA_RESTART|SA_SIGINFO, unblocked
    SIGBUS: 0x00007f2b3a765570 in libjvm.so+16143728, mask=11100100010111111101111111111110, flags=SA_RESTART|SA_SIGINFO, unblocked
    SIGFPE: 0x00007f2b3a765570 in libjvm.so+16143728, mask=11100100010111111101111111111110, flags=SA_RESTART|SA_SIGINFO, unblocked
   SIGPIPE: SIG_IGN, mask=00000000000010000000000000000000, flags=SA_RESTART, blocked
  *** Handler was modified!
  *** Expected: 0x00007f2b3a5ffaa0 in libjvm.so+14678688, mask=11100100110111111111111111111110, flags=SA_RESTART|SA_SIGINFO
   SIGXFSZ: 0x00007f2b3a5ffaa0 in libjvm.so+14678688, mask=11100100010111111101111111111110, flags=SA_RESTART|SA_SIGINFO, blocked
    SIGILL: 0x00007f2b3a765570 in libjvm.so+16143728, mask=11100100010111111101111111111110, flags=SA_RESTART|SA_SIGINFO, unblocked
   SIGUSR2: 0x00007f2b3a5ff150 in libjvm.so+14676304, mask=00000000000000000000000000000000, flags=SA_RESTART|SA_SIGINFO, blocked
    SIGHUP: 0x00007f2b3a5ff090 in libjvm.so+14676112, mask=11100100010111111101111111111110, flags=SA_RESTART|SA_SIGINFO, blocked
    SIGINT: 0x00007f2abe7c4480 in libHSrts-1.0.2_thr-ghc9.6.3.so+468096, mask=00000000000000000000000000000000, flags=none, blocked
   SIGTERM: 0x00007f2b3a5ff090 in libjvm.so+14676112, mask=11100100010111111101111111111110, flags=SA_RESTART|SA_SIGINFO, blocked
   SIGQUIT: 0x00007f2abe7c4450 in libHSrts-1.0.2_thr-ghc9.6.3.so+468048, mask=00000000000000000000000000000000, flags=none, blocked
   SIGTRAP: 0x00007f2b3a765570 in libjvm.so+16143728, mask=11100100010111111101111111111110, flags=SA_RESTART|SA_SIGINFO, unblocked


Periodic native trim disabled


---------------  S Y S T E M  ---------------

OS:
DISTRIB_ID=Garuda
DISTRIB_RELEASE=Soaring
DISTRIB_DESCRIPTION="Garuda Linux Broadwing"
DISTRIB_CODENAME="Broadwing"
uname: Linux 7.1.3-zen1-2-zen #1 ZEN SMP PREEMPT_DYNAMIC Thu, 09 Jul 2026 20:39:38 +0000 x86_64
OS uptime: 3 days 20:24 hours
libc: glibc 2.43 NPTL 2.43 
rlimit (soft/hard): STACK 8192k/infinity , CORE infinity/infinity , NPROC 1048576/1048576 , NOFILE 1048576/1048576 , AS infinity/infinity , CPU infinity/infinity , DATA infinity/infinity , FSIZE infinity/infinity , MEMLOCK infinity/infinity
load average: 3,36 2,10 1,34

/proc/meminfo:
MemTotal:       15619068 kB
MemFree:         4604524 kB
MemAvailable:    8817856 kB
Buffers:              40 kB
Cached:          4340700 kB
SwapCached:         6868 kB
Active:          3048200 kB
Inactive:        5888956 kB
Active(anon):    2456436 kB
Inactive(anon):  2229876 kB
Active(file):     591764 kB
Inactive(file):  3659080 kB
Unevictable:       67968 kB
Mlocked:             152 kB
SwapTotal:      32804856 kB
SwapFree:       29198040 kB
Zswap:                 0 kB
Zswapped:              0 kB
Dirty:             89020 kB
Writeback:             0 kB
AnonPages:       4645096 kB
Mapped:           862120 kB
Shmem:             22420 kB
KReclaimable:     298080 kB
Slab:             562272 kB
SReclaimable:     298080 kB
SUnreclaim:       264192 kB
KernelStack:       29248 kB
PageTables:       107020 kB
SecPageTables:      3516 kB
NFS_Unstable:          0 kB
Bounce:                0 kB
WritebackTmp:          0 kB
CommitLimit:    40614388 kB
Committed_AS:   31105904 kB
VmallocTotal:   34359738367 kB
VmallocUsed:      171356 kB
VmallocChunk:          0 kB
Percpu:             7552 kB
HardwareCorrupted:     0 kB
AnonHugePages:    106496 kB
ShmemHugePages:        0 kB
ShmemPmdMapped:        0 kB
FileHugePages:    131072 kB
FilePmdMapped:    124928 kB
CmaTotal:              0 kB
CmaFree:               0 kB
Unaccepted:            0 kB
Balloon:               0 kB
GPUActive:         89516 kB
GPUReclaim:        13768 kB
HugePages_Total:       0
HugePages_Free:        0
HugePages_Rsvd:        0
HugePages_Surp:        0
Hugepagesize:       2048 kB
Hugetlb:               0 kB
DirectMap4k:     6512640 kB
DirectMap2M:     9510912 kB
DirectMap1G:     1048576 kB

/sys/kernel/mm/transparent_hugepage/enabled: [always] madvise never
/sys/kernel/mm/transparent_hugepage/hpage_pmd_size: 2097152
/sys/kernel/mm/transparent_hugepage/defrag (defrag/compaction efforts parameter): always defer [defer+madvise] madvise never

Process Memory:
Virtual Size: 1084219720K (peak: 1084261940K)
Resident Set Size: 472004K (peak: 472004K) (anon: 223504K, file: 248496K, shmem: 4K)
Swapped out: 0K
C-Heap outstanding allocations: 73689K, retained: 50442K
glibc malloc tunables: (default)

/proc/sys/kernel/threads-max (system-wide limit on the number of threads): 121692
/proc/sys/vm/max_map_count (maximum number of memory map areas a process may have): 1048576
/proc/sys/vm/swappiness (control to define how aggressively the kernel swaps out anonymous memory): 133
/proc/sys/kernel/pid_max (system-wide limit on number of process identifiers): 4194304

container information not found.
Steal ticks since vm start: 0
Steal ticks percentage since vm start:  0,000

CPU: total 8 (initial active 8) (8 cores per cpu, 2 threads per core) family 23 model 160 stepping 0 microcode 0x8a0000b, cx8, cmov, fxsr, ht, mmx, 3dnowpref, sse, sse2, sse3, ssse3, sse4a, sse4.1, sse4.2, popcnt, lzcnt, tsc, tscinvbit, avx, avx2, aes, clmul, bmi1, bmi2, adx, sha, fma, vzeroupper, clflush, clflushopt
CPU Model and flags from /proc/cpuinfo:
model name	: AMD Ryzen 5 7520U with Radeon Graphics
flags		: fpu vme de pse tsc msr pae mce cx8 apic sep mtrr pge mca cmov pat pse36 clflush mmx fxsr sse sse2 ht syscall nx mmxext fxsr_opt pdpe1gb rdtscp lm constant_tsc rep_good nopl xtopology nonstop_tsc cpuid extd_apicid aperfmperf rapl pni pclmulqdq monitor ssse3 fma cx16 sse4_1 sse4_2 x2apic movbe popcnt aes xsave avx f16c rdrand lahf_lm cmp_legacy svm extapic cr8_legacy abm sse4a misalignsse 3dnowprefetch osvw ibs skinit wdt tce topoext perfctr_core perfctr_nb bpext perfctr_llc mwaitx cpb cat_l3 cdp_l3 hw_pstate ssbd mba ibrs ibpb stibp vmmcall fsgsbase bmi1 avx2 smep bmi2 cqm rdt_a rdseed adx smap clflushopt clwb sha_ni xsaveopt xsavec xgetbv1 cqm_llc cqm_occup_llc cqm_mbm_total cqm_mbm_local clzero irperf xsaveerptr rdpru wbnoinvd arat npt lbrv svm_lock nrip_save tsc_scale vmcb_clean flushbyasid decodeassists pausefilter pfthreshold avic v_vmsave_vmload vgif v_spec_ctrl umip rdpid overflow_recov succor smca sev sev_es

Online cpus: 0-7
Offline cpus: 
BIOS frequency limitation: <Not Available>
Frequency switch latency (ns): 0
Available cpu frequencies: <Not Available>
Current governor: powersave
Core performance/turbo boost: 1

Memory: 4k page, physical 15619068k(4604288k free), swap 32804856k(29198040k free)
Page Sizes: 4k

vm_info: OpenJDK 64-Bit Server VM (17.0.17+10-LTS) for linux-amd64 JRE (17.0.17+10-LTS), built on Oct 17 2025 16:56:23 by "jenkins" with gcc 7.3.1 20180303 (Red Hat 7.3.1-5)

END.
