#
# A fatal error has been detected by the Java Runtime Environment:
#
#  SIGSEGV (0xb) at pc=0x00007f29fc4d3941, pid=667377, tid=667436
#
# JRE version: OpenJDK Runtime Environment Corretto-17.0.17.10.1 (17.0.17+10) (build 17.0.17+10-LTS)
# Java VM: OpenJDK 64-Bit Server VM Corretto-17.0.17.10.1 (17.0.17+10-LTS, mixed mode, tiered, compressed oops, compressed class ptrs, g1 gc, linux-amd64)
# Problematic frame:
# C  [libHSzstd-0.1.3.0-203b259d81b55151fd2c9ecb432bfa701dfd8529080fb68640d12b8cbccbb2c4-ghc9.6.3.so+0xd7941]  ZSTD_freeDDict+0x11
#
# Core dump will be written. Default location: Core dumps may be processed with "/usr/lib/systemd/systemd-coredump %P %u %g %s %t %c %h %d %F %I" (or dumping to /home/mleku/s/cipherkeys/core.667377)
#
# If you would like to submit a bug report, please visit:
#   https://github.com/corretto/corretto-17/issues/
# The crash happened outside the Java Virtual Machine in native code.
# See problematic frame for where to report the bug.
#

---------------  S U M M A R Y ------------

Command Line: -Djpackage.app-version=7.0.2 -Dcompose.application.resources.dir=/opt/simplex/lib/app/resources -Dcompose.application.configure.swing.globals=true -Dskiko.library.path=/opt/simplex/lib/app -Djpackage.app-path=/opt/simplex/bin/simplex chat.simplex.desktop.MainKt

Host: AMD Ryzen 5 7520U with Radeon Graphics, 8 cores, 14G, Garuda Linux Broadwing
Time: Wed Jul 22 08:40:45 2026 +04 elapsed time: 2.107188 seconds (0d 0h 0m 2s)

---------------  T H R E A D  ---------------

Current thread (0x00007f2a28e61290):  JavaThread "AWT-EventQueue-0" [_thread_in_native, id=667436, stack(0x00007f2963cfe000,0x00007f2963dfe000)]

Stack: [0x00007f2963cfe000,0x00007f2963dfe000],  sp=0x00007f2963df83a8,  free space=1000k
Native frames: (J=compiled Java code, j=interpreted, Vv=VM code, C=native code)
C  [libHSzstd-0.1.3.0-203b259d81b55151fd2c9ecb432bfa701dfd8529080fb68640d12b8cbccbb2c4-ghc9.6.3.so+0xd7941]  ZSTD_freeDDict+0x11

Java frames: (J=compiled Java code, j=interpreted, Vv=VM code)
j  org.jetbrains.skiko.redrawer.LinuxOpenGLRedrawerKt.swapBuffers(JJ)V+0
j  org.jetbrains.skiko.redrawer.LinuxOpenGLRedrawerKt.swapBuffers(Lorg/jetbrains/skiko/LinuxDrawingSurface;)V+8
j  org.jetbrains.skiko.redrawer.LinuxOpenGLRedrawerKt.access$swapBuffers(Lorg/jetbrains/skiko/LinuxDrawingSurface;)V+1
j  org.jetbrains.skiko.redrawer.LinuxOpenGLRedrawer.redrawImmediately()V+291
j  org.jetbrains.skiko.SkiaLayer.tryRedrawImmediately()V+35
j  org.jetbrains.skiko.SkiaLayer.paint(Ljava/awt/Graphics;)V+68
j  androidx.compose.ui.scene.skia.WindowSkiaLayerComponent$contentComponent$1.paint(Ljava/awt/Graphics;)V+21
j  javax.swing.JComponent.paintChildren(Ljava/awt/Graphics;)V+523 java.desktop@17.0.17
j  javax.swing.JComponent.paint(Ljava/awt/Graphics;)V+318 java.desktop@17.0.17
j  javax.swing.JLayeredPane.paint(Ljava/awt/Graphics;)V+73 java.desktop@17.0.17
j  androidx.compose.ui.awt.JLayeredPaneWithTransparencyHack.paint(Ljava/awt/Graphics;)V+74
j  javax.swing.JComponent.paintChildren(Ljava/awt/Graphics;)V+523 java.desktop@17.0.17
j  javax.swing.JComponent.paint(Ljava/awt/Graphics;)V+318 java.desktop@17.0.17
j  androidx.compose.ui.window.Window_desktopKt.Window$lambda$40$lambda$39(Landroidx/compose/ui/unit/LayoutDirection;Lkotlin/jvm/functions/Function1;Landroidx/compose/runtime/State;Landroidx/compose/runtime/State;Landroidx/compose/ui/awt/ComposeWindow;)Lkotlin/Unit;+87
j  androidx.compose.ui.window.Window_desktopKt$$Lambda$298+0x0000000800396870.invoke(Ljava/lang/Object;)Ljava/lang/Object;+20
j  androidx.compose.ui.window.AwtWindow_desktopKt.AwtWindow$lambda$7$lambda$6(Lkotlin/jvm/functions/Function1;Landroidx/compose/ui/node/Ref;)Lkotlin/Unit;+7
j  androidx.compose.ui.window.AwtWindow_desktopKt$$Lambda$300+0x0000000800397510.invoke()Ljava/lang/Object;+8
j  androidx.compose.ui.util.UpdateEffect_desktopKt.UpdateEffect$lambda$8$lambda$7$performUpdate$lambda$4(Landroidx/compose/runtime/State;)Lkotlin/Unit;+4
j  androidx.compose.ui.util.UpdateEffect_desktopKt$$Lambda$390+0x00000008003ffca8.invoke()Ljava/lang/Object;+4
j  androidx.compose.runtime.snapshots.Snapshot$Companion.observe(Lkotlin/jvm/functions/Function1;Lkotlin/jvm/functions/Function1;Lkotlin/jvm/functions/Function0;)Ljava/lang/Object;+269
j  androidx.compose.runtime.snapshots.SnapshotStateObserver$ObservedScopeMap.observe(Ljava/lang/Object;Lkotlin/jvm/functions/Function1;Lkotlin/jvm/functions/Function0;)V+109
j  androidx.compose.runtime.snapshots.SnapshotStateObserver.observeReads(Ljava/lang/Object;Lkotlin/jvm/functions/Function1;Lkotlin/jvm/functions/Function0;)V+166
j  androidx.compose.ui.util.UpdateEffect_desktopKt.UpdateEffect$lambda$8$lambda$7$performUpdate(Landroidx/compose/runtime/snapshots/SnapshotStateObserver;Lkotlin/jvm/internal/Ref$ObjectRef;Landroidx/compose/runtime/State;)V+33
j  androidx.compose.ui.util.UpdateEffect_desktopKt.UpdateEffect$lambda$8$lambda$7(Lkotlinx/coroutines/channels/Channel;Landroidx/compose/runtime/State;Landroidx/compose/runtime/DisposableEffectScope;)Landroidx/compose/runtime/DisposableEffectResult;+52
j  androidx.compose.ui.util.UpdateEffect_desktopKt$$Lambda$301+0x0000000800397c08.invoke(Ljava/lang/Object;)Ljava/lang/Object;+12
j  androidx.compose.runtime.DisposableEffectImpl.onRemembered()V+8
j  androidx.compose.runtime.internal.RememberEventDispatcher.dispatchRememberList(Landroidx/compose/runtime/collection/MutableVector;)V+60
j  androidx.compose.runtime.internal.RememberEventDispatcher.dispatchRememberObservers()V+248
j  androidx.compose.runtime.CompositionImpl.applyChangesInLocked(Landroidx/compose/runtime/changelist/ChangeList;)V+242
j  androidx.compose.runtime.CompositionImpl.applyChanges()V+41
j  androidx.compose.runtime.Recomposer.composeInitial$runtime(Landroidx/compose/runtime/ControlledComposition;Lkotlin/jvm/functions/Function2;)V+261
j  androidx.compose.runtime.CompositionImpl.composeInitial(Lkotlin/jvm/functions/Function2;)V+46
j  androidx.compose.runtime.CompositionImpl.setContent(Lkotlin/jvm/functions/Function2;)V+38
j  androidx.compose.ui.window.Application_desktopKt$awaitApplication$2$1$2.invokeSuspend(Ljava/lang/Object;)Ljava/lang/Object;+89
j  kotlin.coroutines.jvm.internal.BaseContinuationImpl.resumeWith(Ljava/lang/Object;)V+40
j  kotlinx.coroutines.DispatchedTask.run()V+317
j  java.awt.event.InvocationEvent.dispatch()V+47 java.desktop@17.0.17
j  java.awt.EventQueue.dispatchEventImpl(Ljava/awt/AWTEvent;Ljava/lang/Object;)V+21 java.desktop@17.0.17
j  java.awt.EventQueue$4.run()Ljava/lang/Void;+32 java.desktop@17.0.17
j  java.awt.EventQueue$4.run()Ljava/lang/Object;+1 java.desktop@17.0.17
j  java.security.AccessController.executePrivileged(Ljava/security/PrivilegedAction;Ljava/security/AccessControlContext;Ljava/lang/Class;)Ljava/lang/Object;+29 java.base@17.0.17
j  java.security.AccessController.doPrivileged(Ljava/security/PrivilegedAction;Ljava/security/AccessControlContext;)Ljava/lang/Object;+13 java.base@17.0.17
j  java.security.ProtectionDomain$JavaSecurityAccessImpl.doIntersectionPrivilege(Ljava/security/PrivilegedAction;Ljava/security/AccessControlContext;Ljava/security/AccessControlContext;)Ljava/lang/Object;+18 java.base@17.0.17
j  java.awt.EventQueue.dispatchEvent(Ljava/awt/AWTEvent;)V+46 java.desktop@17.0.17
j  java.awt.EventDispatchThread.pumpOneEventForFilters(I)V+81 java.desktop@17.0.17
j  java.awt.EventDispatchThread.pumpEventsForFilter(ILjava/awt/Conditional;Ljava/awt/EventFilter;)V+35 java.desktop@17.0.17
j  java.awt.EventDispatchThread.pumpEventsForHierarchy(ILjava/awt/Conditional;Ljava/awt/Component;)V+11 java.desktop@17.0.17
j  java.awt.EventDispatchThread.pumpEvents(ILjava/awt/Conditional;)V+4 java.desktop@17.0.17
j  java.awt.EventDispatchThread.pumpEvents(Ljava/awt/Conditional;)V+3 java.desktop@17.0.17
j  java.awt.EventDispatchThread.run()V+9 java.desktop@17.0.17
v  ~StubRoutines::call_stub

siginfo: si_signo: 11 (SIGSEGV), si_code: 1 (SEGV_MAPERR), si_addr: 0x0000000100006ad1

Registers:
RAX=0x0000000000000000, RBX=0x00007f2958cf80b0, RCX=0x00007f2958cd3d5c, RDX=0x00000000000002c0
RSP=0x00007f2963df83a8, RBP=0x0000000100000001, RSI=0x00007f2958cf7de0, RDI=0x0000000100000001
R8 =0x00000000000000eb, R9 =0x0000000000cf9000, R10=0x00007f2958cf9000, R11=0x0000000000000206
R12=0x00007f2958cf7de0, R13=0x00000000000002c0, R14=0x00007f2958cd3d5c, R15=0x00000000000000eb
RIP=0x00007f29fc4d3941, EFLAGS=0x0000000000010212, CSGSFS=0x002b000000000033, ERR=0x0000000000000004
  TRAPNO=0x000000000000000e

XMM[0]=0x0000000000000000 0x0000000000000000
XMM[1]=0xffffffffffffffff 0xffffffffffffffff
XMM[2]=0xffffffffffffffff 0xffffffffffffffff
XMM[3]=0x3238613163303939 0x6432323962662f38
XMM[4]=0x11942c3034303212 0x3e81c81a41987434
XMM[5]=0x35d0436d46b61163 0x9ec1cf811c7f7f5c
XMM[6]=0x000044000000f400 0x0000000000000400
XMM[7]=0x0000053900000000 0x0000000000000000
XMM[8]=0x000044000000f400 0x0000000000000400
XMM[9]=0x0000f30000000000 0x25e0423900000000
XMM[10]=0x0000000000000000 0x0000000000000000
XMM[11]=0x00463abe01032936 0x01f9969301da4c83
XMM[12]=0xc4eb6000c4870000 0x44eb600000000000
XMM[13]=0x0000000000000000 0x000000003f800000
XMM[14]=0x0c0f0e0d080b0a09 0x0407060500030201
XMM[15]=0x0d0c0f0e09080b0a 0x0504070601000302
  MXCSR=0x00001fa4


Register to memory mapping:

RAX=0x0 is NULL
RBX=0x00007f2958cf80b0 points into unknown readable memory: 0x0000000000000000 | 00 00 00 00 00 00 00 00
RCX=0x00007f2958cd3d5c points into unknown readable memory: 28 b5 2f fd
RDX=0x00000000000002c0 is an unknown value
RSP=0x00007f2963df83a8 is pointing into the stack for thread: 0x00007f2a28e61290
RBP=0x0000000100000001 is an unknown value
RSI=0x00007f2958cf7de0 points into unknown readable memory: 0x0000000000000000 | 00 00 00 00 00 00 00 00
RDI=0x0000000100000001 is an unknown value
R8 =0x00000000000000eb is an unknown value
R9 =0x0000000000cf9000 is an unknown value
R10=0x00007f2958cf9000 points into unknown readable memory: 0x0000000000000000 | 00 00 00 00 00 00 00 00
R11=0x0000000000000206 is an unknown value
R12=0x00007f2958cf7de0 points into unknown readable memory: 0x0000000000000000 | 00 00 00 00 00 00 00 00
R13=0x00000000000002c0 is an unknown value
R14=0x00007f2958cd3d5c points into unknown readable memory: 28 b5 2f fd
R15=0x00000000000000eb is an unknown value


Top of Stack: (sp=0x00007f2963df83a8)
0x00007f2963df83a8:   00007f2a2e6a6e79 00007f295851ba50
0x00007f2963df83b8:   00007f2958cf7de0 00007f2963df83e0
0x00007f2963df83c8:   00007f29ac83d1ab 00007f2958cf80b0
0x00007f2963df83d8:   00007f29fc4da77b 00007f2958cf7de0
0x00007f2963df83e8:   00000000000002c0 00007f2958cd3d5c
0x00007f2963df83f8:   00000000000000eb 00007f2963df8440
0x00007f2963df8408:   00007f29ac84143f 00007f2958cd3d5c
0x00007f2963df8418:   00007f295851ba50 00000000000000eb
0x00007f2963df8428:   00000000b3235bb2 00007f2958cd3d5c
0x00007f2963df8438:   00007f2958cd3d54 00007f2963df8450
0x00007f2963df8448:   00007f290d012c00 00007f2963df84d0
0x00007f2963df8458:   00007f290cfcce26 00007f2958cf7de0
0x00007f2963df8468:   00007f2963df8628 00007f2958cd3cf0
0x00007f2963df8478:   00007f2958cd3e47 00007f2958cd3e47
0x00007f2963df8488:   00007f2963dfd600 00007f2963df84b0
0x00007f2963df8498:   86c49a996b482a00 0000000000000000
0x00007f2963df84a8:   00000000000000b9 00007f2958cd3cf0
0x00007f2963df84b8:   00007f2958cd3c80 0000000000000157
0x00007f2963df84c8:   0000000000000157 00007f2963df85c0
0x00007f2963df84d8:   00007f290cfcd90e 00007f2963df8628
0x00007f2963df84e8:   00007f295851ba50 0000000000000023
0x00007f2963df84f8:   0000000002668a01 0000000000000001
0x00007f2963df8508:   000003e8000081a4 00000000000003e8
0x00007f2963df8518:   0000000000000000 0000000000000157
0x00007f2963df8528:   0000000000001000 0000000000000008
0x00007f2963df8538:   000000006a55b76c 000000002a1a6fbc
0x00007f2963df8548:   000000006a55b76c 000000002a29b1f6
0x00007f2963df8558:   000000006a55b76c 000000002a29b1f6
0x00007f2963df8568:   0000000000000000 0000000000000000
0x00007f2963df8578:   0000000000000000 3762323637626565
0x00007f2963df8588:   86c49a996b482a00 6363363233623863
0x00007f2963df8598:   00007f295851ba50 00007f2963df8628 

Instructions: (pc=0x00007f29fc4d3941)
0x00007f29fc4d3841:   48 8d 86 20 10 00 00 48 89 47 10 48 8d 86 30 28
0x00007f29fc4d3851:   00 00 48 89 47 18 8b 86 34 68 00 00 89 87 3c 68
0x00007f29fc4d3861:   00 00 8b 86 38 68 00 00 89 87 40 68 00 00 8b 86
0x00007f29fc4d3871:   3c 68 00 00 89 87 44 68 00 00 c3 0f 1f 40 00 48
0x00007f29fc4d3881:   c7 87 28 75 00 00 00 00 00 00 c3 0f 1f 40 00 f3
0x00007f29fc4d3891:   0f 1e fa 41 55 44 89 c0 49 89 cd 45 89 c8 41 54
0x00007f29fc4d38a1:   49 89 fc 48 89 f7 48 89 d6 48 83 ec 18 41 f6 c4
0x00007f29fc4d38b1:   07 0f 95 c2 83 f8 01 74 56 48 8d 89 d8 6a 00 00
0x00007f29fc4d38c1:   48 39 f9 77 57 84 d2 75 53 85 c0 75 20 49 8d 8c
0x00007f29fc4d38d1:   24 d8 6a 00 00 4c 89 ea 44 89 4c 24 0c 48 89 cf
0x00007f29fc4d38e1:   e8 5a 87 f5 ff 44 8b 44 24 0c 48 89 c6 b9 01 00
0x00007f29fc4d38f1:   00 00 4c 89 ea 4c 89 e7 e8 82 fd ff ff 48 83 f8
0x00007f29fc4d3901:   88 77 19 48 83 c4 18 4c 89 e0 41 5c 41 5d c3 48
0x00007f29fc4d3911:   81 ff d7 6a 00 00 76 04 84 d2 74 d1 45 31 e4 48
0x00007f29fc4d3921:   83 c4 18 4c 89 e0 41 5c 41 5d c3 0f 1f 40 00 f3
0x00007f29fc4d3931:   0f 1e fa 48 85 ff 74 57 55 48 89 fd 48 83 ec 28
0x00007f29fc4d3941:   48 8b 87 d0 6a 00 00 f3 0f 6f 87 c0 6a 00 00 48
0x00007f29fc4d3951:   89 44 24 18 0f 29 44 24 08 ff 74 24 18 ff 74 24
0x00007f29fc4d3961:   18 ff 74 24 18 48 8b 3f e8 02 f6 f6 ff 48 83 c4
0x00007f29fc4d3971:   18 48 89 ef ff 74 24 18 ff 74 24 18 ff 74 24 18
0x00007f29fc4d3981:   e8 ea f5 f6 ff 48 83 c4 40 31 c0 5d c3 66 90 31
0x00007f29fc4d3991:   c0 c3 66 66 2e 0f 1f 84 00 00 00 00 00 66 90 f3
0x00007f29fc4d39a1:   0f 1e fa 41 56 41 55 41 89 d5 41 54 55 53 48 83
0x00007f29fc4d39b1:   7c 24 30 00 0f 94 c2 48 83 7c 24 38 00 0f 94 c0
0x00007f29fc4d39c1:   38 c2 75 6b 48 83 ec 08 48 89 fd bf d8 6a 00 00
0x00007f29fc4d39d1:   49 89 f6 ff 74 24 48 89 cb ff 74 24 48 ff 74 24
0x00007f29fc4d39e1:   48 e8 19 f5 f6 ff 48 83 c4 20 49 89 c4 48 85 c0
0x00007f29fc4d39f1:   74 3d f3 0f 6f 44 24 30 41 89 d8 44 89 e9 4c 89
0x00007f29fc4d3a01:   f2 48 89 ee 4c 89 e7 0f 11 80 c0 6a 00 00 48 8b
0x00007f29fc4d3a11:   44 24 40 49 89 84 24 d0 6a 00 00 e8 5f fc ff ff
0x00007f29fc4d3a21:   48 83 f8 88 76 0c 4c 89 e7 e8 01 ff ff ff 90 45
0x00007f29fc4d3a31:   31 e4 5b 4c 89 e0 5d 41 5c 41 5d 41 5e c3 90 f3 


Stack slot to memory mapping:
stack at sp + 0 slots: 0x00007f2a2e6a6e79: <offset 0x00000000000a6e79> in /usr/lib/libc.so.6 at 0x00007f2a2e600000
stack at sp + 1 slots: 0x00007f295851ba50 points into unknown readable memory: 0x00007f2958256490 | 90 64 25 58 29 7f 00 00
stack at sp + 2 slots: 0x00007f2958cf7de0 points into unknown readable memory: 0x0000000000000000 | 00 00 00 00 00 00 00 00
stack at sp + 3 slots: 0x00007f2963df83e0 is pointing into the stack for thread: 0x00007f2a28e61290
stack at sp + 4 slots: 0x00007f29ac83d1ab: <offset 0x000000000008a1ab> in /usr/lib/libzstd.so.1 at 0x00007f29ac7b3000
stack at sp + 5 slots: 0x00007f2958cf80b0 points into unknown readable memory: 0x0000000000000000 | 00 00 00 00 00 00 00 00
stack at sp + 6 slots: 0x00007f29fc4da77b: ZSTD_decompressDCtx+0x000000000000003b in /opt/simplex/lib/app/resources/libHSzstd-0.1.3.0-203b259d81b55151fd2c9ecb432bfa701dfd8529080fb68640d12b8cbccbb2c4-ghc9.6.3.so at 0x00007f29fc3fc000
stack at sp + 7 slots: 0x00007f2958cf7de0 points into unknown readable memory: 0x0000000000000000 | 00 00 00 00 00 00 00 00


---------------  P R O C E S S  ---------------

Threads class SMR info:
_java_thread_list=0x00007f28e80028e0, length=33, elements={
0x00007f2a2802bbf0, 0x00007f2a281d9d10, 0x00007f2a281db2c0, 0x00007f2a281fcf40,
0x00007f2a281fe2f0, 0x00007f2a28201800, 0x00007f2a282031b0, 0x00007f2a282046e0,
0x00007f2a2820db40, 0x00007f2a28272830, 0x00007f2a282816d0, 0x00007f2a2860ecb0,
0x00007f2a286153a0, 0x00007f2a285aa3a0, 0x00007f2a285ab200, 0x00007f2a28bd5230,
0x00007f2a28e182a0, 0x00007f2a28e1bda0, 0x00007f2a28e5f430, 0x00007f2a28e61290,
0x00007f29cc2d8840, 0x00007f29a8008c30, 0x00007f29a80ae920, 0x00007f2a2972f0e0,
0x00007f29a01c0b90, 0x00007f29a01c21a0, 0x00007f29a01c7b90, 0x00007f2918001440,
0x00007f2910000f60, 0x00007f29581b0340, 0x00007f29589bd5c0, 0x00007f2958437560,
0x00007f28e80019c0
}

Java Threads: ( => current thread )
  0x00007f2a2802bbf0 JavaThread "main" [_thread_blocked, id=667387, stack(0x00007f2a2e500000,0x00007f2a2e600000)]
  0x00007f2a281d9d10 JavaThread "Reference Handler" daemon [_thread_blocked, id=667394, stack(0x00007f2a0c165000,0x00007f2a0c265000)]
  0x00007f2a281db2c0 JavaThread "Finalizer" daemon [_thread_blocked, id=667395, stack(0x00007f2a0c064000,0x00007f2a0c164000)]
  0x00007f2a281fcf40 JavaThread "Signal Dispatcher" daemon [_thread_blocked, id=667396, stack(0x00007f29fd900000,0x00007f29fda00000)]
  0x00007f2a281fe2f0 JavaThread "Service Thread" daemon [_thread_blocked, id=667397, stack(0x00007f29fd7ff000,0x00007f29fd8ff000)]
  0x00007f2a28201800 JavaThread "Monitor Deflation Thread" daemon [_thread_blocked, id=667398, stack(0x00007f29fd6fe000,0x00007f29fd7fe000)]
  0x00007f2a282031b0 JavaThread "C2 CompilerThread0" daemon [_thread_blocked, id=667399, stack(0x00007f29fd5fd000,0x00007f29fd6fd000)]
  0x00007f2a282046e0 JavaThread "C1 CompilerThread0" daemon [_thread_blocked, id=667400, stack(0x00007f29fd4fc000,0x00007f29fd5fc000)]
  0x00007f2a2820db40 JavaThread "Sweeper thread" daemon [_thread_blocked, id=667401, stack(0x00007f29fd3fb000,0x00007f29fd4fb000)]
  0x00007f2a28272830 JavaThread "Notification Thread" daemon [_thread_blocked, id=667402, stack(0x00007f29fd2fa000,0x00007f29fd3fa000)]
  0x00007f2a282816d0 JavaThread "Common-Cleaner" daemon [_thread_blocked, id=667404, stack(0x00007f29fd0f8000,0x00007f29fd1f8000)]
  0x00007f2a2860ecb0 JavaThread "FileSystemWatchService" daemon [_thread_in_native, id=667405, stack(0x00007f29fcd00000,0x00007f29fce00000)]
  0x00007f2a286153a0 JavaThread "simplex-single-instance" daemon [_thread_blocked, id=667406, stack(0x00007f29fc900000,0x00007f29fca00000)]
  0x00007f2a285aa3a0 JavaThread "DefaultDispatcher-worker-1" daemon [_thread_blocked, id=667407, stack(0x00007f29ac6b3000,0x00007f29ac7b3000)]
  0x00007f2a285ab200 JavaThread "DefaultDispatcher-worker-2" daemon [_thread_blocked, id=667408, stack(0x00007f29ac5b2000,0x00007f29ac6b2000)]
  0x00007f2a28bd5230 JavaThread "process reaper" daemon [_thread_blocked, id=667419, stack(0x00007f29ae9fe000,0x00007f29aea20000)]
  0x00007f2a28e182a0 JavaThread "Java2D Disposer" daemon [_thread_blocked, id=667427, stack(0x00007f29a52f7000,0x00007f29a53f7000)]
  0x00007f2a28e1bda0 JavaThread "AWT-XAWT" daemon [_thread_blocked, id=667432, stack(0x00007f2963f00000,0x00007f2964000000)]
  0x00007f2a28e5f430 JavaThread "AWT-Shutdown" [_thread_blocked, id=667435, stack(0x00007f2963dff000,0x00007f2963eff000)]
=>0x00007f2a28e61290 JavaThread "AWT-EventQueue-0" [_thread_in_native, id=667436, stack(0x00007f2963cfe000,0x00007f2963dfe000)]
  0x00007f29cc2d8840 JavaThread "C2 CompilerThread1" daemon [_thread_in_native, id=667442, stack(0x00007f29a5bf9000,0x00007f29a5cf9000)]
  0x00007f29a8008c30 JavaThread "DefaultDispatcher-worker-3" daemon [_thread_blocked, id=667449, stack(0x00007f2963bfd000,0x00007f2963cfd000)]
  0x00007f29a80ae920 JavaThread "kotlinx.coroutines.DefaultExecutor" daemon [_thread_blocked, id=667450, stack(0x00007f2950477000,0x00007f2950577000)]
  0x00007f2a2972f0e0 JavaThread "Reference Cleaner" daemon [_thread_blocked, id=667451, stack(0x00007f2950376000,0x00007f2950476000)]
  0x00007f29a01c0b90 JavaThread "OkHttp api.github.com" daemon [_thread_in_native, id=667452, stack(0x00007f2950275000,0x00007f2950375000)]
  0x00007f29a01c21a0 JavaThread "OkHttp TaskRunner" daemon [_thread_blocked, id=667453, stack(0x00007f2950174000,0x00007f2950274000)]
  0x00007f29a01c7b90 JavaThread "Okio Watchdog" daemon [_thread_blocked, id=667454, stack(0x00007f2950073000,0x00007f2950173000)]
  0x00007f2918001440 JavaThread "OkHttp TaskRunner" daemon [_thread_blocked, id=667455, stack(0x00007f2945efc000,0x00007f2945ffc000)]
  0x00007f2910000f60 JavaThread "OkHttp TaskRunner" daemon [_thread_blocked, id=667456, stack(0x00007f2945dfb000,0x00007f2945efb000)]
  0x00007f29581b0340 JavaThread "TimerQueue" daemon [_thread_blocked, id=667457, stack(0x00007f2945cfa000,0x00007f2945dfa000)]
  0x00007f29589bd5c0 JavaThread "pool-2-thread-1" daemon [_thread_blocked, id=667471, stack(0x00007f2944ec5000,0x00007f2944fc5000)]
  0x00007f2958437560 JavaThread "GTK Theme Detector Thread" daemon [_thread_in_native, id=667476, stack(0x00007f29440ff000,0x00007f29441ff000)]
  0x00007f28e80019c0 JavaThread "process reaper (pid 667477)" daemon [_thread_in_native, id=667479, stack(0x00007f2953bd7000,0x00007f2953bf9000)]

Other Threads:
  0x00007f2a281ca410 VMThread "VM Thread" [stack: 0x00007f2a0c266000,0x00007f2a0c366000] [id=667393]
  0x00007f2a282741b0 WatcherThread [stack: 0x00007f29fd1f9000,0x00007f29fd2f9000] [id=667403]
  0x00007f2a28094110 GCTaskThread "GC Thread#0" [stack: 0x00007f2a0cf73000,0x00007f2a0d073000] [id=667388]
  0x00007f29f4005c70 GCTaskThread "GC Thread#1" [stack: 0x00007f29ac0af000,0x00007f29ac1af000] [id=667413]
  0x00007f29f4006690 GCTaskThread "GC Thread#2" [stack: 0x00007f29a5efc000,0x00007f29a5ffc000] [id=667414]
  0x00007f29f40070b0 GCTaskThread "GC Thread#3" [stack: 0x00007f29a5dfb000,0x00007f29a5efb000] [id=667415]
  0x00007f29f4007ad0 GCTaskThread "GC Thread#4" [stack: 0x00007f29a5cfa000,0x00007f29a5dfa000] [id=667416]
  0x00007f29f400e0f0 GCTaskThread "GC Thread#5" [stack: 0x00007f29a4700000,0x00007f29a4800000] [id=667428]
  0x00007f29f400e940 GCTaskThread "GC Thread#6" [stack: 0x00007f29a4300000,0x00007f29a4400000] [id=667429]
  0x00007f29f400f760 GCTaskThread "GC Thread#7" [stack: 0x00007f29a41ff000,0x00007f29a42ff000] [id=667430]
  0x00007f2a280a4570 ConcurrentGCThread "G1 Main Marker" [stack: 0x00007f2a0ce72000,0x00007f2a0cf72000] [id=667389]
  0x00007f2a280a54e0 ConcurrentGCThread "G1 Conc#0" [stack: 0x00007f2a0cd71000,0x00007f2a0ce71000] [id=667390]
  0x00007f2a00000e20 ConcurrentGCThread "G1 Conc#1" [stack: 0x00007f29a40fe000,0x00007f29a41fe000] [id=667431]
  0x00007f2a28154400 ConcurrentGCThread "G1 Refine#0" [stack: 0x00007f2a0c468000,0x00007f2a0c568000] [id=667391]
  0x00007f2a28155300 ConcurrentGCThread "G1 Service" [stack: 0x00007f2a0c367000,0x00007f2a0c467000] [id=667392]

Threads with active compile tasks:
C2 CompilerThread1  2124 2704       4       jdk.internal.org.objectweb.asm.Frame::execute (2318 bytes)

VM state: not at safepoint (normal execution)

VM Mutex/Monitor currently owned by a thread: None

Heap address: 0x0000000711a00000, size: 3814 MB, Compressed Oops mode: Zero based, Oop shift amount: 3

CDS archive(s) not mapped
Compressed class space mapped at: 0x0000000800000000-0x0000000840000000, reserved size: 1073741824
Narrow klass base: 0x0000000800000000, Narrow klass shift: 0, Narrow klass range: 0x40000000

GC Precious Log:
 CPUs: 8 total, 8 available
 Memory: 15252M
 Large Page Support: Disabled
 NUMA Support: Disabled
 Compressed Oops: Enabled (Zero based)
 Heap Region Size: 2M
 Heap Min Capacity: 8M
 Heap Initial Capacity: 240M
 Heap Max Capacity: 3814M
 Pre-touch: Disabled
 Parallel Workers: 8
 Concurrent Workers: 2
 Concurrent Refinement Workers: 8
 Periodic GC: Disabled

Heap:
 garbage-first heap   total 55296K, used 32956K [0x0000000711a00000, 0x0000000800000000)
  region size 2048K, 10 young (20480K), 1 survivors (2048K)
 Metaspace       used 41964K, committed 42304K, reserved 1114112K
  class space    used 4373K, committed 4544K, reserved 1048576K

Heap Regions: E=young(eden), S=young(survivor), O=old, HS=humongous(starts), HC=humongous(continues), CS=collection set, F=free, OA=open archive, CA=closed archive, TAMS=top-at-mark-start (previous, next)
|   0|0x0000000711a00000, 0x0000000711c00000, 0x0000000711c00000|100%|HS|  |TAMS 0x0000000711c00000, 0x0000000711a00000| Complete 
|   1|0x0000000711c00000, 0x0000000711e00000, 0x0000000711e00000|100%| O|  |TAMS 0x0000000711e00000, 0x0000000711c00000| Untracked 
|   2|0x0000000711e00000, 0x0000000712000000, 0x0000000712000000|100%| O|  |TAMS 0x0000000712000000, 0x0000000711e00000| Untracked 
|   3|0x0000000712000000, 0x0000000712200000, 0x0000000712200000|100%| O|  |TAMS 0x0000000712200000, 0x0000000712000000| Untracked 
|   4|0x0000000712200000, 0x0000000712200000, 0x0000000712400000|  0%| F|  |TAMS 0x0000000712200000, 0x0000000712200000| Untracked 
|   5|0x0000000712400000, 0x0000000712600000, 0x0000000712600000|100%| O|  |TAMS 0x0000000712600000, 0x0000000712400000| Untracked 
|   6|0x0000000712600000, 0x0000000712800000, 0x0000000712800000|100%| O|  |TAMS 0x0000000712800000, 0x0000000712600000| Untracked 
|   7|0x0000000712800000, 0x0000000712a00000, 0x0000000712a00000|100%| O|  |TAMS 0x0000000712a00000, 0x0000000712800000| Untracked 
|   8|0x0000000712a00000, 0x0000000712b0a400, 0x0000000712c00000| 52%| O|  |TAMS 0x0000000712b0a400, 0x0000000712a00000| Untracked 
|   9|0x0000000712c00000, 0x0000000712c00000, 0x0000000712e00000|  0%| F|  |TAMS 0x0000000712c00000, 0x0000000712c00000| Untracked 
|  10|0x0000000712e00000, 0x0000000712e00000, 0x0000000713000000|  0%| F|  |TAMS 0x0000000712e00000, 0x0000000712e00000| Untracked 
|  11|0x0000000713000000, 0x0000000713000000, 0x0000000713200000|  0%| F|  |TAMS 0x0000000713000000, 0x0000000713000000| Untracked 
|  12|0x0000000713200000, 0x0000000713200000, 0x0000000713400000|  0%| F|  |TAMS 0x0000000713200000, 0x0000000713200000| Untracked 
|  13|0x0000000713400000, 0x0000000713400000, 0x0000000713600000|  0%| F|  |TAMS 0x0000000713400000, 0x0000000713400000| Untracked 
|  14|0x0000000713600000, 0x0000000713600000, 0x0000000713800000|  0%| F|  |TAMS 0x0000000713600000, 0x0000000713600000| Untracked 
|  15|0x0000000713800000, 0x0000000713800000, 0x0000000713a00000|  0%| F|  |TAMS 0x0000000713800000, 0x0000000713800000| Untracked 
|  16|0x0000000713a00000, 0x0000000713b24ca0, 0x0000000713c00000| 57%| S|CS|TAMS 0x0000000713a00000, 0x0000000713a00000| Complete 
|  17|0x0000000713c00000, 0x0000000713c00000, 0x0000000713e00000|  0%| F|  |TAMS 0x0000000713c00000, 0x0000000713c00000| Untracked 
|  18|0x0000000713e00000, 0x0000000713e850e0, 0x0000000714000000| 25%| E|  |TAMS 0x0000000713e00000, 0x0000000713e00000| Complete 
|  19|0x0000000714000000, 0x0000000714200000, 0x0000000714200000|100%| E|CS|TAMS 0x0000000714000000, 0x0000000714000000| Complete 
|  20|0x0000000714200000, 0x0000000714400000, 0x0000000714400000|100%| E|CS|TAMS 0x0000000714200000, 0x0000000714200000| Complete 
|  21|0x0000000714400000, 0x0000000714600000, 0x0000000714600000|100%| E|CS|TAMS 0x0000000714400000, 0x0000000714400000| Complete 
|  22|0x0000000714600000, 0x0000000714800000, 0x0000000714800000|100%| E|CS|TAMS 0x0000000714600000, 0x0000000714600000| Complete 
|  23|0x0000000714800000, 0x0000000714a00000, 0x0000000714a00000|100%| E|CS|TAMS 0x0000000714800000, 0x0000000714800000| Complete 
| 104|0x000000071ea00000, 0x000000071ec00000, 0x000000071ec00000|100%| E|CS|TAMS 0x000000071ea00000, 0x000000071ea00000| Complete 
| 105|0x000000071ec00000, 0x000000071ee00000, 0x000000071ee00000|100%| E|CS|TAMS 0x000000071ec00000, 0x000000071ec00000| Complete 
| 119|0x0000000720800000, 0x0000000720a00000, 0x0000000720a00000|100%| E|CS|TAMS 0x0000000720800000, 0x0000000720800000| Complete 

Card table byte_map: [0x00007f2a14f16000,0x00007f2a15689000] _byte_map_base: 0x00007f2a11689000

Marking Bits (Prev, Next): (CMBitMap*) 0x00007f2a28094ba0, (CMBitMap*) 0x00007f2a28094be0
 Prev Bits: [0x00007f2a10c0b000, 0x00007f2a147a3000)
 Next Bits: [0x00007f2a0d073000, 0x00007f2a10c0b000)

Polling page: 0x00007f2a2ea4f000

Metaspace:

Usage:
  Non-class:     36,71 MB used.
      Class:      4,27 MB used.
       Both:     40,98 MB used.

Virtual space:
  Non-class space:       64,00 MB reserved,      36,88 MB ( 58%) committed,  1 nodes.
      Class space:        1,00 GB reserved,       4,44 MB ( <1%) committed,  1 nodes.
             Both:        1,06 GB reserved,      41,31 MB (  4%) committed. 

Chunk freelists:
   Non-Class:  10,75 MB
       Class:  11,60 MB
        Both:  22,35 MB

MaxMetaspaceSize: unlimited
CompressedClassSpaceSize: 1,00 GB
Initial GC threshold: 21,00 MB
Current GC threshold: 59,00 MB
CDS: off
MetaspaceReclaimPolicy: balanced
 - commit_granule_bytes: 65536.
 - commit_granule_words: 8192.
 - virtual_space_node_default_size: 8388608.
 - enlarge_chunks_in_place: 1.
 - new_chunks_are_fully_committed: 0.
 - uncommit_free_chunks: 1.
 - use_allocation_guard: 0.
 - handle_deallocations: 1.


Internal statistics:

num_allocs_failed_limit: 6.
num_arena_births: 396.
num_arena_deaths: 0.
num_vsnodes_births: 2.
num_vsnodes_deaths: 0.
num_space_committed: 658.
num_space_uncommitted: 0.
num_chunks_returned_to_freelist: 6.
num_chunks_taken_from_freelist: 1277.
num_chunk_merges: 3.
num_chunk_splits: 908.
num_chunks_enlarged: 714.
num_inconsistent_stats: 0.

CodeHeap 'non-profiled nmethods': size=120028Kb used=1230Kb max_used=1230Kb free=118797Kb
 bounds [0x00007f2a1dcc9000, 0x00007f2a1df39000, 0x00007f2a25200000]
CodeHeap 'profiled nmethods': size=120028Kb used=5092Kb max_used=5092Kb free=114935Kb
 bounds [0x00007f2a16200000, 0x00007f2a16700000, 0x00007f2a1d737000]
CodeHeap 'non-nmethods': size=5704Kb used=1803Kb max_used=1842Kb free=3900Kb
 bounds [0x00007f2a1d737000, 0x00007f2a1d9a7000, 0x00007f2a1dcc9000]
 total_blobs=4048 nmethods=2787 adapters=1175
 compilation: enabled
              stopped_count=0, restarted_count=0
 full_count=0

Compilation events (20 events):
Event: 2,092 Thread 0x00007f2a282031b0 2758       4       kotlin.jvm.internal.Intrinsics::areEqual (22 bytes)
Event: 2,092 Thread 0x00007f2a282046e0 2778       3       androidx.compose.ui.node.MeasurePassDelegate::getLayoutNode (8 bytes)
Event: 2,093 Thread 0x00007f2a282031b0 nmethod 2758 0x00007f2a1ddfa490 code [0x00007f2a1ddfa620, 0x00007f2a1ddfa6b8]
Event: 2,093 Thread 0x00007f2a282031b0 2714       4       androidx.compose.runtime.Composer$Companion::getEmpty (4 bytes)
Event: 2,093 Thread 0x00007f2a282046e0 nmethod 2778 0x00007f2a166f8b10 code [0x00007f2a166f8ca0, 0x00007f2a166f8dd0]
Event: 2,093 Thread 0x00007f2a282031b0 nmethod 2714 0x00007f2a1ddfa790 code [0x00007f2a1ddfa920, 0x00007f2a1ddfa998]
Event: 2,093 Thread 0x00007f2a282046e0 2779       1       androidx.compose.ui.node.LayoutNodeLayoutDelegate::getMeasurePassDelegate$ui (5 bytes)
Event: 2,093 Thread 0x00007f2a282046e0 nmethod 2779 0x00007f2a1ddfaa90 code [0x00007f2a1ddfac20, 0x00007f2a1ddfacf0]
Event: 2,093 Thread 0x00007f2a282046e0 2780       1       androidx.compose.ui.node.NodeChain::getInnerCoordinator$ui (5 bytes)
Event: 2,093 Thread 0x00007f2a282046e0 nmethod 2780 0x00007f2a1ddfad90 code [0x00007f2a1ddfaf20, 0x00007f2a1ddfaff0]
Event: 2,095 Thread 0x00007f2a282046e0 2781       1       androidx.compose.ui.Modifier$Node::getAggregateChildKindSet$ui (5 bytes)
Event: 2,095 Thread 0x00007f2a282046e0 nmethod 2781 0x00007f2a1ddfb090 code [0x00007f2a1ddfb220, 0x00007f2a1ddfb2f0]
Event: 2,097 Thread 0x00007f2a282046e0 2782       3       java.util.concurrent.ConcurrentHashMap$BaseIterator::<init> (21 bytes)
Event: 2,097 Thread 0x00007f2a282046e0 nmethod 2782 0x00007f2a166f8e90 code [0x00007f2a166f9040, 0x00007f2a166f9230]
Event: 2,097 Thread 0x00007f2a282031b0 2784       4       java.lang.StringBuilder::append (8 bytes)
Event: 2,098 Thread 0x00007f2a282031b0 nmethod 2784 0x00007f2a1ddfb990 code [0x00007f2a1ddfbb20, 0x00007f2a1ddfbbc8]
Event: 2,098 Thread 0x00007f2a282046e0 2788       1       androidx.compose.runtime.snapshots.SnapshotStateObserver$ObservedScopeMap::getOnChanged (5 bytes)
Event: 2,099 Thread 0x00007f2a282046e0 nmethod 2788 0x00007f2a1ddfc290 code [0x00007f2a1ddfc420, 0x00007f2a1ddfc4f0]
Event: 2,100 Thread 0x00007f2a282046e0 2789       1       org.jetbrains.skia.impl.Native::get_ptr$skiko (5 bytes)
Event: 2,100 Thread 0x00007f2a282046e0 nmethod 2789 0x00007f2a1ddfc590 code [0x00007f2a1ddfc720, 0x00007f2a1ddfc7f0]

GC Heap History (12 events):
Event: 0,391 GC heap before
{Heap before GC invocations=0 (full 0):
 garbage-first heap   total 245760K, used 22528K [0x0000000711a00000, 0x0000000800000000)
  region size 2048K, 11 young (22528K), 0 survivors (0K)
 Metaspace       used 9518K, committed 9664K, reserved 1114112K
  class space    used 843K, committed 896K, reserved 1048576K
}
Event: 0,394 GC heap after
{Heap after GC invocations=1 (full 0):
 garbage-first heap   total 245760K, used 8775K [0x0000000711a00000, 0x0000000800000000)
  region size 2048K, 2 young (4096K), 2 survivors (4096K)
 Metaspace       used 9518K, committed 9664K, reserved 1114112K
  class space    used 843K, committed 896K, reserved 1048576K
}
Event: 0,776 GC heap before
{Heap before GC invocations=1 (full 0):
 garbage-first heap   total 245760K, used 29255K [0x0000000711a00000, 0x0000000800000000)
  region size 2048K, 14 young (28672K), 2 survivors (4096K)
 Metaspace       used 21256K, committed 21504K, reserved 1114112K
  class space    used 2015K, committed 2112K, reserved 1048576K
}
Event: 0,780 GC heap after
{Heap after GC invocations=2 (full 0):
 garbage-first heap   total 245760K, used 11782K [0x0000000711a00000, 0x0000000800000000)
  region size 2048K, 2 young (4096K), 2 survivors (4096K)
 Metaspace       used 21256K, committed 21504K, reserved 1114112K
  class space    used 2015K, committed 2112K, reserved 1048576K
}
Event: 1,285 GC heap before
{Heap before GC invocations=3 (full 0):
 garbage-first heap   total 55296K, used 34310K [0x0000000711a00000, 0x0000000800000000)
  region size 2048K, 14 young (28672K), 2 survivors (4096K)
 Metaspace       used 32254K, committed 32512K, reserved 1114112K
  class space    used 3270K, committed 3392K, reserved 1048576K
}
Event: 1,290 GC heap after
{Heap after GC invocations=4 (full 0):
 garbage-first heap   total 55296K, used 15455K [0x0000000711a00000, 0x0000000800000000)
  region size 2048K, 2 young (4096K), 2 survivors (4096K)
 Metaspace       used 32254K, committed 32512K, reserved 1114112K
  class space    used 3270K, committed 3392K, reserved 1048576K
}
Event: 1,320 GC heap before
{Heap before GC invocations=4 (full 0):
 garbage-first heap   total 55296K, used 15455K [0x0000000711a00000, 0x0000000800000000)
  region size 2048K, 3 young (6144K), 2 survivors (4096K)
 Metaspace       used 32792K, committed 33088K, reserved 1114112K
  class space    used 3325K, committed 3456K, reserved 1048576K
}
Event: 1,322 GC heap after
{Heap after GC invocations=5 (full 0):
 garbage-first heap   total 55296K, used 16165K [0x0000000711a00000, 0x0000000800000000)
  region size 2048K, 1 young (2048K), 1 survivors (2048K)
 Metaspace       used 32792K, committed 33088K, reserved 1114112K
  class space    used 3325K, committed 3456K, reserved 1048576K
}
Event: 1,466 GC heap before
{Heap before GC invocations=5 (full 0):
 garbage-first heap   total 55296K, used 26405K [0x0000000711a00000, 0x0000000800000000)
  region size 2048K, 7 young (14336K), 1 survivors (2048K)
 Metaspace       used 35812K, committed 36096K, reserved 1114112K
  class space    used 3706K, committed 3840K, reserved 1048576K
}
Event: 1,467 GC heap after
{Heap after GC invocations=6 (full 0):
 garbage-first heap   total 55296K, used 16406K [0x0000000711a00000, 0x0000000800000000)
  region size 2048K, 1 young (2048K), 1 survivors (2048K)
 Metaspace       used 35812K, committed 36096K, reserved 1114112K
  class space    used 3706K, committed 3840K, reserved 1048576K
}
Event: 1,773 GC heap before
{Heap before GC invocations=7 (full 0):
 garbage-first heap   total 55296K, used 38934K [0x0000000711a00000, 0x0000000800000000)
  region size 2048K, 10 young (20480K), 1 survivors (2048K)
 Metaspace       used 39496K, committed 39872K, reserved 1114112K
  class space    used 4098K, committed 4288K, reserved 1048576K
}
Event: 1,774 GC heap after
{Heap after GC invocations=8 (full 0):
 garbage-first heap   total 55296K, used 16572K [0x0000000711a00000, 0x0000000800000000)
  region size 2048K, 1 young (2048K), 1 survivors (2048K)
 Metaspace       used 39496K, committed 39872K, reserved 1114112K
  class space    used 4098K, committed 4288K, reserved 1048576K
}

Dll operation events (10 events):
Event: 0,001 Loaded shared library /opt/simplex/lib/runtime/lib/libjava.so
Event: 0,046 Loaded shared library /opt/simplex/lib/runtime/lib/libnio.so
Event: 0,050 Loaded shared library /opt/simplex/lib/runtime/lib/libzip.so
Event: 0,130 Loaded shared library /opt/simplex/lib/runtime/lib/libnet.so
Event: 0,255 Loaded shared library /opt/simplex/lib/app/resources/libapp-lib.so
Event: 0,436 Loaded shared library /opt/simplex/lib/runtime/lib/libjimage.so
Event: 0,717 Loaded shared library /opt/simplex/lib/runtime/lib/libawt.so
Event: 0,720 Loaded shared library /opt/simplex/lib/runtime/lib/libawt_xawt.so
Event: 0,739 Loaded shared library /opt/simplex/lib/runtime/lib/libfontmanager.so
Event: 0,919 Loaded shared library /opt/simplex/lib/app/libskiko-linux-x64.so

Deoptimization events (20 events):
Event: 1,602 Thread 0x00007f29a01c0b90 DEOPT PACKING pc=0x00007f2a165da3c7 sp=0x00007f2950372550
Event: 1,602 Thread 0x00007f29a01c0b90 DEOPT UNPACKING pc=0x00007f2a1d78de2f sp=0x00007f2950371a60 mode 0
Event: 1,603 Thread 0x00007f29a01c0b90 DEOPT PACKING pc=0x00007f2a165da3c7 sp=0x00007f2950372550
Event: 1,603 Thread 0x00007f29a01c0b90 DEOPT UNPACKING pc=0x00007f2a1d78de2f sp=0x00007f2950371a60 mode 0
Event: 1,603 Thread 0x00007f29a01c0b90 DEOPT PACKING pc=0x00007f2a165da3c7 sp=0x00007f2950372550
Event: 1,603 Thread 0x00007f29a01c0b90 DEOPT UNPACKING pc=0x00007f2a1d78de2f sp=0x00007f2950371a60 mode 0
Event: 1,604 Thread 0x00007f29a01c0b90 DEOPT PACKING pc=0x00007f2a165da3c7 sp=0x00007f2950372550
Event: 1,604 Thread 0x00007f29a01c0b90 DEOPT UNPACKING pc=0x00007f2a1d78de2f sp=0x00007f2950371a60 mode 0
Event: 1,605 Thread 0x00007f29a01c0b90 DEOPT PACKING pc=0x00007f2a165da3c7 sp=0x00007f2950372550
Event: 1,605 Thread 0x00007f29a01c0b90 DEOPT UNPACKING pc=0x00007f2a1d78de2f sp=0x00007f2950371a60 mode 0
Event: 1,606 Thread 0x00007f29a01c0b90 DEOPT PACKING pc=0x00007f2a165da3c7 sp=0x00007f2950372550
Event: 1,606 Thread 0x00007f29a01c0b90 DEOPT UNPACKING pc=0x00007f2a1d78de2f sp=0x00007f2950371a60 mode 0
Event: 1,628 Thread 0x00007f2a285ab200 Uncommon trap: trap_request=0xffffff45 fr.pc=0x00007f2a1ddb1028 relative=0x0000000000000708
Event: 1,628 Thread 0x00007f2a285ab200 Uncommon trap: reason=unstable_if action=reinterpret pc=0x00007f2a1ddb1028 method=kotlinx.serialization.json.internal.StringJsonLexer.consumeKeyString()Ljava/lang/String; @ 70 c2
Event: 1,628 Thread 0x00007f2a285ab200 DEOPT PACKING pc=0x00007f2a1ddb1028 sp=0x00007f29ac6af740
Event: 1,628 Thread 0x00007f2a285ab200 DEOPT UNPACKING pc=0x00007f2a1d78d699 sp=0x00007f29ac6af700 mode 2
Event: 1,630 Thread 0x00007f2a285ab200 Uncommon trap: trap_request=0xffffff6e fr.pc=0x00007f2a1ddb1e9c relative=0x00000000000001dc
Event: 1,630 Thread 0x00007f2a285ab200 Uncommon trap: reason=loop_limit_check action=maybe_recompile pc=0x00007f2a1ddb1e9c method=kotlinx.serialization.json.internal.AbstractJsonLexer.peekNextToken()B @ 19 c2
Event: 1,630 Thread 0x00007f2a285ab200 DEOPT PACKING pc=0x00007f2a1ddb1e9c sp=0x00007f29ac6aef90
Event: 1,630 Thread 0x00007f2a285ab200 DEOPT UNPACKING pc=0x00007f2a1d78d699 sp=0x00007f29ac6aef40 mode 2

Classes loaded (20 events):
Event: 2,046 Loading class java/awt/DefaultKeyboardFocusManager$TypeAheadMarker
Event: 2,046 Loading class java/awt/DefaultKeyboardFocusManager$TypeAheadMarker done
Event: 2,046 Loading class java/awt/KeyboardFocusManager$HeavyweightFocusRequest
Event: 2,046 Loading class java/awt/KeyboardFocusManager$HeavyweightFocusRequest done
Event: 2,047 Loading class java/awt/KeyboardFocusManager$LightweightFocusRequest
Event: 2,047 Loading class java/awt/KeyboardFocusManager$LightweightFocusRequest done
Event: 2,051 Loading class com/sun/java/swing/plaf/gtk/GTKPainter
Event: 2,051 Loading class javax/swing/plaf/synth/SynthPainter
Event: 2,052 Loading class javax/swing/plaf/synth/SynthPainter done
Event: 2,052 Loading class com/sun/java/swing/plaf/gtk/GTKPainter done
Event: 2,052 Loading class javax/swing/plaf/synth/SynthPainter$1
Event: 2,052 Loading class javax/swing/plaf/synth/SynthPainter$1 done
Event: 2,052 Loading class com/sun/java/swing/plaf/gtk/GTKConstants$PositionType
Event: 2,052 Loading class com/sun/java/swing/plaf/gtk/GTKConstants$PositionType done
Event: 2,052 Loading class com/sun/java/swing/plaf/gtk/GTKConstants$ShadowType
Event: 2,052 Loading class com/sun/java/swing/plaf/gtk/GTKConstants$ShadowType done
Event: 2,052 Loading class javax/swing/CellRendererPane
Event: 2,052 Loading class javax/swing/CellRendererPane done
Event: 2,073 Loading class java/io/NotSerializableException
Event: 2,073 Loading class java/io/NotSerializableException done

Classes unloaded (0 events):
No events

Classes redefined (0 events):
No events

Internal exceptions (20 events):
Event: 1,379 Thread 0x00007f2a28e61290 Exception <a 'java/lang/NoSuchMethodError'{0x0000000714898018}: 'java.lang.Object java.lang.invoke.DirectMethodHandle$Holder.newInvokeSpecial(java.lang.Object, int, java.lang.Object)'> (0x0000000714898018) 
thrown [src/hotspot/share/interpreter/linkResolver.cpp, line 759]
Event: 1,409 Thread 0x00007f2a28e61290 Exception <a 'java/lang/NoSuchMethodError'{0x00000007146465c0}: 'void java.lang.invoke.DirectMethodHandle$Holder.invokeStatic(java.lang.Object, java.lang.Object, java.lang.Object)'> (0x00000007146465c0) 
thrown [src/hotspot/share/interpreter/linkResolver.cpp, line 759]
Event: 1,587 Thread 0x00007f2a28e61290 Exception <a 'java/lang/NoSuchMethodError'{0x000000071467b6f0}: 'java.lang.Object java.lang.invoke.DirectMethodHandle$Holder.invokeStaticInit(java.lang.Object, java.lang.Object, float)'> (0x000000071467b6f0) 
thrown [src/hotspot/share/interpreter/linkResolver.cpp, line 759]
Event: 1,601 Thread 0x00007f2a28e61290 Exception <a 'java/lang/NoSuchMethodError'{0x00000007147079f8}: 'void java.lang.invoke.DirectMethodHandle$Holder.invokeStatic(java.lang.Object, java.lang.Object, java.lang.Object, java.lang.Object)'> (0x00000007147079f8) 
thrown [src/hotspot/share/interpreter/linkResolver.cpp, line 759]
Event: 1,610 Thread 0x00007f2a28e61290 Exception <a 'java/lang/NoSuchMethodError'{0x00000007147c1a50}: 'java.lang.Object java.lang.invoke.DirectMethodHandle$Holder.newInvokeSpecial(java.lang.Object, java.lang.Object, java.lang.Object, java.lang.Object, java.lang.Object, java.lang.Object, java.lang.Object, java.lang.Object, java.lang.Object, java.lang.Object)'> (0x00000007147c1a50) 
thrown [src/hotspot/share/interpreter/linkResolver.cpp, line 759]
Event: 1,611 Thread 0x00007f2a28e61290 Exception <a 'java/lang/NoSuchMethodError'{0x00000007147c69e8}: 'java.lang.Object java.lang.invoke.DirectMethodHandle$Holder.invokeSpecial(java.lang.Object, java.lang.Object, java.lang.Object, java.lang.Object, java.lang.Object, java.lang.Object, java.lang.Object, java.lang.Object, java.lang.Object, java.lang.Object, java.lang.Object)'> (0x00000007147c69e8) 
thrown [src/hotspot/share/interpreter/linkResolver.cpp, line 759]
Event: 1,611 Thread 0x00007f2a28e61290 Exception <a 'java/lang/NoSuchMethodError'{0x00000007147cae00}: 'java.lang.Object java.lang.invoke.Invokers$Holder.linkToTargetMethod(java.lang.Object, java.lang.Object, java.lang.Object, java.lang.Object, java.lang.Object, java.lang.Object, java.lang.Object, java.lang.Object, java.lang.Object, java.lang.Object)'> (0x00000007147cae00) 
thrown [src/hotspot/share/interpreter/linkResolver.cpp, line 759]
Event: 1,757 Thread 0x00007f2a28e61290 Exception <a 'java/lang/NoSuchMethodError'{0x0000000713cf3d60}: 'java.lang.Object java.lang.invoke.DirectMethodHandle$Holder.invokeStaticInit(java.lang.Object, java.lang.Object, int)'> (0x0000000713cf3d60) 
thrown [src/hotspot/share/interpreter/linkResolver.cpp, line 759]
Event: 1,770 Thread 0x00007f2a28e61290 Exception <a 'java/lang/NoSuchMethodError'{0x0000000713decfe8}: 'void java.lang.invoke.DirectMethodHandle$Holder.invokeStatic(java.lang.Object, int)'> (0x0000000713decfe8) 
thrown [src/hotspot/share/interpreter/linkResolver.cpp, line 759]
Event: 1,959 Thread 0x00007f2a28e61290 Exception <a 'java/lang/NoSuchMethodError'{0x00000007147b86d0}: 'float java.lang.invoke.DirectMethodHandle$Holder.invokeStatic(java.lang.Object)'> (0x00000007147b86d0) 
thrown [src/hotspot/share/interpreter/linkResolver.cpp, line 759]
Event: 1,959 Thread 0x00007f2a28e61290 Exception <a 'java/lang/NoSuchMethodError'{0x00000007147bc620}: 'float java.lang.invoke.DirectMethodHandle$Holder.invokeStaticInit(java.lang.Object)'> (0x00000007147bc620) 
thrown [src/hotspot/share/interpreter/linkResolver.cpp, line 759]
Event: 1,997 Thread 0x00007f2a28e61290 Exception <a 'java/lang/NoSuchMethodError'{0x00000007142113b0}: 'java.lang.Object java.lang.invoke.DirectMethodHandle$Holder.newInvokeSpecial(java.lang.Object, java.lang.Object, java.lang.Object, java.lang.Object, int)'> (0x00000007142113b0) 
thrown [src/hotspot/share/interpreter/linkResolver.cpp, line 759]
Event: 1,998 Thread 0x00007f2a28e61290 Exception <a 'java/lang/NoSuchMethodError'{0x0000000714216430}: 'java.lang.Object java.lang.invoke.DirectMethodHandle$Holder.invokeSpecial(java.lang.Object, java.lang.Object, java.lang.Object, java.lang.Object, java.lang.Object, int)'> (0x0000000714216430) 
thrown [src/hotspot/share/interpreter/linkResolver.cpp, line 759]
Event: 1,998 Thread 0x00007f2a28e61290 Exception <a 'java/lang/NoSuchMethodError'{0x000000071421ae60}: 'java.lang.Object java.lang.invoke.Invokers$Holder.linkToTargetMethod(java.lang.Object, java.lang.Object, java.lang.Object, int, java.lang.Object)'> (0x000000071421ae60) 
thrown [src/hotspot/share/interpreter/linkResolver.cpp, line 759]
Event: 2,018 Thread 0x00007f2a28e61290 Exception <a 'java/lang/NoSuchMethodError'{0x0000000714308788}: 'java.lang.Object java.lang.invoke.DirectMethodHandle$Holder.invokeSpecial(java.lang.Object, java.lang.Object, java.lang.Object, java.lang.Object, int, int)'> (0x0000000714308788) 
thrown [src/hotspot/share/interpreter/linkResolver.cpp, line 759]
Event: 2,053 Thread 0x00007f2a28e61290 Exception <a 'java/lang/NoSuchMethodError'{0x0000000714050ea0}: 'java.lang.Object java.lang.invoke.DirectMethodHandle$Holder.invokeStatic(java.lang.Object, java.lang.Object, java.lang.Object, long)'> (0x0000000714050ea0) 
thrown [src/hotspot/share/interpreter/linkResolver.cpp, line 759]
Event: 2,054 Thread 0x00007f2a28e61290 Exception <a 'java/lang/NoSuchMethodError'{0x0000000714058508}: 'java.lang.Object java.lang.invoke.DirectMethodHandle$Holder.newInvokeSpecial(java.lang.Object, java.lang.Object, java.lang.Object, long)'> (0x0000000714058508) 
thrown [src/hotspot/share/interpreter/linkResolver.cpp, line 759]
Event: 2,055 Thread 0x00007f2a28e61290 Exception <a 'java/lang/NoSuchMethodError'{0x000000071405c8c8}: 'java.lang.Object java.lang.invoke.DirectMethodHandle$Holder.invokeSpecial(java.lang.Object, java.lang.Object, java.lang.Object, java.lang.Object, long)'> (0x000000071405c8c8) 
thrown [src/hotspot/share/interpreter/linkResolver.cpp, line 759]
Event: 2,055 Thread 0x00007f2a28e61290 Exception <a 'java/lang/NoSuchMethodError'{0x0000000714060740}: 'java.lang.Object java.lang.invoke.Invokers$Holder.linkToTargetMethod(java.lang.Object, java.lang.Object, long, java.lang.Object)'> (0x0000000714060740) 
thrown [src/hotspot/share/interpreter/linkResolver.cpp, line 759]
Event: 2,077 Thread 0x00007f2a28e61290 Exception <a 'java/lang/NoSuchMethodError'{0x00000007141266d8}: 'java.lang.Object java.lang.invoke.DirectMethodHandle$Holder.newInvokeSpecial(java.lang.Object, java.lang.Object, java.lang.Object, java.lang.Object, int, int, java.lang.Object)'> (0x00000007141266d8) 
thrown [src/hotspot/share/interpreter/linkResolver.cpp, line 759]

VM Operations (20 events):
Event: 0,924 Executing VM operation: HandshakeAllThreads
Event: 0,925 Executing VM operation: HandshakeAllThreads done
Event: 0,944 Executing VM operation: HandshakeAllThreads
Event: 0,944 Executing VM operation: HandshakeAllThreads done
Event: 1,202 Executing VM operation: ICBufferFull
Event: 1,202 Executing VM operation: ICBufferFull done
Event: 1,285 Executing VM operation: G1CollectForAllocation
Event: 1,290 Executing VM operation: G1CollectForAllocation done
Event: 1,320 Executing VM operation: G1CollectForAllocation
Event: 1,322 Executing VM operation: G1CollectForAllocation done
Event: 1,466 Executing VM operation: CollectForMetadataAllocation
Event: 1,467 Executing VM operation: CollectForMetadataAllocation done
Event: 1,476 Executing VM operation: G1PauseRemark
Event: 1,477 Executing VM operation: G1PauseRemark done
Event: 1,481 Executing VM operation: G1PauseCleanup
Event: 1,481 Executing VM operation: G1PauseCleanup done
Event: 1,773 Executing VM operation: G1CollectForAllocation
Event: 1,774 Executing VM operation: G1CollectForAllocation done
Event: 2,074 Executing VM operation: HandshakeAllThreads
Event: 2,074 Executing VM operation: HandshakeAllThreads done

Memory protections (20 events):
Event: 0,457 Protecting memory [0x00007f29a5bf9000,0x00007f29a5bfd000] with protection modes 0
Event: 0,503 Protecting memory [0x00007f29ae9fe000,0x00007f29aea02000] with protection modes 0
Event: 0,774 Protecting memory [0x00007f29a52f7000,0x00007f29a52fb000] with protection modes 0
Event: 0,783 Protecting memory [0x00007f2963f00000,0x00007f2963f04000] with protection modes 0
Event: 0,883 Protecting memory [0x00007f2963dff000,0x00007f2963e03000] with protection modes 0
Event: 0,885 Protecting memory [0x00007f2963cfe000,0x00007f2963d02000] with protection modes 0
Event: 0,900 Protecting memory [0x00007f2963bfd000,0x00007f2963c01000] with protection modes 0
Event: 1,046 Protecting memory [0x00007f29a5bf9000,0x00007f29a5bfd000] with protection modes 0
Event: 1,195 Protecting memory [0x00007f2963bfd000,0x00007f2963c01000] with protection modes 0
Event: 1,198 Protecting memory [0x00007f2950477000,0x00007f295047b000] with protection modes 0
Event: 1,199 Protecting memory [0x00007f2950376000,0x00007f295037a000] with protection modes 0
Event: 1,236 Protecting memory [0x00007f2950275000,0x00007f2950279000] with protection modes 0
Event: 1,237 Protecting memory [0x00007f2950174000,0x00007f2950178000] with protection modes 0
Event: 1,245 Protecting memory [0x00007f2950073000,0x00007f2950077000] with protection modes 0
Event: 1,340 Protecting memory [0x00007f2945efc000,0x00007f2945f00000] with protection modes 0
Event: 1,341 Protecting memory [0x00007f2945dfb000,0x00007f2945dff000] with protection modes 0
Event: 1,447 Protecting memory [0x00007f2945cfa000,0x00007f2945cfe000] with protection modes 0
Event: 1,740 Protecting memory [0x00007f2944ec5000,0x00007f2944ec9000] with protection modes 0
Event: 1,776 Protecting memory [0x00007f29440ff000,0x00007f2944103000] with protection modes 0
Event: 1,778 Protecting memory [0x00007f2953bd7000,0x00007f2953bdb000] with protection modes 0

Nmethod flushes (0 events):
No events

Events (20 events):
Event: 0,774 Thread 0x00007f2a2802bbf0 Thread added: 0x00007f2a28e182a0
Event: 0,783 Thread 0x00007f2a2802bbf0 Thread added: 0x00007f2a28e1bda0
Event: 0,883 Thread 0x00007f2a2802bbf0 Thread added: 0x00007f2a28e5f430
Event: 0,885 Thread 0x00007f2a2802bbf0 Thread added: 0x00007f2a28e61290
Event: 0,900 Thread 0x00007f2a2802bbf0 Thread added: 0x00007f2a28e65ce0
Event: 0,901 Thread 0x00007f2a28e65ce0 Thread exited: 0x00007f2a28e65ce0
Event: 1,021 Thread 0x00007f29cc1f1960 Thread exited: 0x00007f29cc1f1960
Event: 1,046 Thread 0x00007f2a282046e0 Thread added: 0x00007f29cc2d8840
Event: 1,195 Thread 0x00007f2a285aa3a0 Thread added: 0x00007f29a8008c30
Event: 1,198 Thread 0x00007f2a285aa3a0 Thread added: 0x00007f29a80ae920
Event: 1,199 Thread 0x00007f2a2802bbf0 Thread added: 0x00007f2a2972f0e0
Event: 1,236 Thread 0x00007f2a285ab200 Thread added: 0x00007f29a01c0b90
Event: 1,237 Thread 0x00007f2a285ab200 Thread added: 0x00007f29a01c21a0
Event: 1,245 Thread 0x00007f2a285ab200 Thread added: 0x00007f29a01c7b90
Event: 1,340 Thread 0x00007f29a01c21a0 Thread added: 0x00007f2918001440
Event: 1,341 Thread 0x00007f2918001440 Thread added: 0x00007f2910000f60
Event: 1,447 Thread 0x00007f2a28e61290 Thread added: 0x00007f29581b0340
Event: 1,740 Thread 0x00007f2a28e61290 Thread added: 0x00007f29589bd5c0
Event: 1,776 Thread 0x00007f2a28e61290 Thread added: 0x00007f2958437560
Event: 1,778 Thread 0x00007f2958437560 Thread added: 0x00007f28e80019c0


Dynamic libraries:
711a00000-714a00000 rw-p 00000000 00:00 0 
714a00000-71ea00000 ---p 00000000 00:00 0 
71ea00000-71ee00000 rw-p 00000000 00:00 0 
71ee00000-720800000 ---p 00000000 00:00 0 
720800000-720a00000 rw-p 00000000 00:00 0 
720a00000-800000000 ---p 00000000 00:00 0 
800000000-800020000 rw-p 00000000 00:00 0 
800020000-800040000 rw-p 00000000 00:00 0 
800040000-8000c0000 rw-p 00000000 00:00 0 
8000c0000-800100000 rw-p 00000000 00:00 0 
800100000-800140000 rw-p 00000000 00:00 0 
800140000-800180000 rw-p 00000000 00:00 0 
800180000-800220000 rw-p 00000000 00:00 0 
800220000-800240000 rw-p 00000000 00:00 0 
800240000-8002c0000 rw-p 00000000 00:00 0 
8002c0000-800340000 rw-p 00000000 00:00 0 
800340000-800470000 rw-p 00000000 00:00 0 
800470000-840000000 ---p 00000000 00:00 0 
4200000000-4204300000 rw-p 00000000 00:00 0 
4204300000-14200100000 ---p 00000000 00:00 0 
55ce6a000000-55ce6a003000 r-xp 00000000 00:22 10691447                   /opt/simplex/bin/simplex
55ce6a202000-55ce6a203000 r--p 00002000 00:22 10691447                   /opt/simplex/bin/simplex
55ce6a203000-55ce6a204000 rw-p 00003000 00:22 10691447                   /opt/simplex/bin/simplex
55ce775d7000-55ce77624000 rw-p 00000000 00:00 0                          [heap]
7f28d8000000-7f28d8021000 rw-p 00000000 00:00 0 
7f28d8021000-7f28dc000000 ---p 00000000 00:00 0 
7f28e0000000-7f28e0021000 rw-p 00000000 00:00 0 
7f28e0021000-7f28e4000000 ---p 00000000 00:00 0 
7f28e57fb000-7f28e8000000 rw-p 00000000 00:00 0 
7f28e8000000-7f28e8021000 rw-p 00000000 00:00 0 
7f28e8021000-7f28ec000000 ---p 00000000 00:00 0 
7f28ec000000-7f28ec021000 rw-p 00000000 00:00 0 
7f28ec021000-7f28f0000000 ---p 00000000 00:00 0 
7f28f0000000-7f28f0021000 rw-p 00000000 00:00 0 
7f28f0021000-7f28f4000000 ---p 00000000 00:00 0 
7f28f4000000-7f28f4021000 rw-p 00000000 00:00 0 
7f28f4021000-7f28f8000000 ---p 00000000 00:00 0 
7f28f8000000-7f28f8021000 rw-p 00000000 00:00 0 
7f28f8021000-7f28fc000000 ---p 00000000 00:00 0 
7f28fc7fe000-7f28fcfff000 rw-p 00000000 00:00 0 
7f28fcfff000-7f28fd1ff000 rw-s 11acfd000 00:07 806                       /dev/dri/renderD128
7f28fd1ff000-7f28fda00000 rw-p 00000000 00:00 0 
7f28fda00000-7f28fdf5b000 r--p 00000000 00:22 10407070                   /usr/lib/libLLVM.so.22.1
7f28fdf5b000-7f2903c0a000 r-xp 0055b000 00:22 10407070                   /usr/lib/libLLVM.so.22.1
7f2903c0a000-7f2907b58000 r--p 0620a000 00:22 10407070                   /usr/lib/libLLVM.so.22.1
7f2907b58000-7f2907d74000 r--p 0a158000 00:22 10407070                   /usr/lib/libLLVM.so.22.1
7f2907d74000-7f2907d7e000 rw-p 0a374000 00:22 10407070                   /usr/lib/libLLVM.so.22.1
7f2907d7e000-7f2907e4e000 rw-p 00000000 00:00 0 
7f2908000000-7f2908021000 rw-p 00000000 00:00 0 
7f2908021000-7f290c000000 ---p 00000000 00:00 0 
7f290c1ff000-7f290ca00000 rw-p 00000000 00:00 0 
7f290ca00000-7f290ca1a000 r--p 00000000 00:22 10096457                   /usr/lib/libgallium-26.1.4-arch1.1.so
7f290ca1a000-7f290e9eb000 r-xp 0001a000 00:22 10096457                   /usr/lib/libgallium-26.1.4-arch1.1.so
7f290e9eb000-7f290fbdd000 r--p 01feb000 00:22 10096457                   /usr/lib/libgallium-26.1.4-arch1.1.so
7f290fbdd000-7f290fd51000 r--p 031dc000 00:22 10096457                   /usr/lib/libgallium-26.1.4-arch1.1.so
7f290fd51000-7f290fd87000 rw-p 03350000 00:22 10096457                   /usr/lib/libgallium-26.1.4-arch1.1.so
7f290fd87000-7f290ff54000 rw-p 00000000 00:00 0 
7f2910000000-7f2910021000 rw-p 00000000 00:00 0 
7f2910021000-7f2914000000 ---p 00000000 00:00 0 
7f2914000000-7f2914021000 rw-p 00000000 00:00 0 
7f2914021000-7f2918000000 ---p 00000000 00:00 0 
7f2918000000-7f2918021000 rw-p 00000000 00:00 0 
7f2918021000-7f291c000000 ---p 00000000 00:00 0 
7f291c000000-7f291c021000 rw-p 00000000 00:00 0 
7f291c021000-7f2920000000 ---p 00000000 00:00 0 
7f2920000000-7f2920021000 rw-p 00000000 00:00 0 
7f2920021000-7f2924000000 ---p 00000000 00:00 0 
7f2924000000-7f2924021000 rw-p 00000000 00:00 0 
7f2924021000-7f2928000000 ---p 00000000 00:00 0 
7f2928000000-7f2928021000 rw-p 00000000 00:00 0 
7f2928021000-7f292c000000 ---p 00000000 00:00 0 
7f292c000000-7f292c021000 rw-p 00000000 00:00 0 
7f292c021000-7f2930000000 ---p 00000000 00:00 0 
7f2930000000-7f2930021000 rw-p 00000000 00:00 0 
7f2930021000-7f2934000000 ---p 00000000 00:00 0 
7f2934000000-7f2934021000 rw-p 00000000 00:00 0 
7f2934021000-7f2938000000 ---p 00000000 00:00 0 
7f2938000000-7f2938021000 rw-p 00000000 00:00 0 
7f2938021000-7f293c000000 ---p 00000000 00:00 0 
7f293c000000-7f293c021000 rw-p 00000000 00:00 0 
7f293c021000-7f2940000000 ---p 00000000 00:00 0 
7f2940000000-7f2940021000 rw-p 00000000 00:00 0 
7f2940021000-7f2944000000 ---p 00000000 00:00 0 
7f29440fe000-7f29440ff000 rw-p 00000000 00:00 0 
7f29440ff000-7f2944103000 ---p 00000000 00:00 0 
7f2944103000-7f29441ff000 rw-p 00000000 00:00 0 
7f29441ff000-7f29443ff000 rw-s 126a9b000 00:07 806                       /dev/dri/renderD128
7f29443ff000-7f2944c00000 rw-p 00000000 00:00 0 
7f2944c00000-7f2944e01000 rw-s 00000000 00:22 3041                       /home/mleku/.cache/mesa_shader_cache/index
7f2944ec4000-7f2944ec5000 rw-p 00000000 00:00 0 
7f2944ec5000-7f2944ec9000 ---p 00000000 00:00 0 
7f2944ec9000-7f29457c6000 rw-p 00000000 00:00 0 
7f29457c6000-7f29457d3000 r--p 00000000 00:22 6914745                    /usr/lib/libncursesw.so.6.6
7f29457d3000-7f294581b000 r-xp 0000d000 00:22 6914745                    /usr/lib/libncursesw.so.6.6
7f294581b000-7f2945831000 r--p 00055000 00:22 6914745                    /usr/lib/libncursesw.so.6.6
7f2945831000-7f2945836000 r--p 0006a000 00:22 6914745                    /usr/lib/libncursesw.so.6.6
7f2945836000-7f2945837000 rw-p 0006f000 00:22 6914745                    /usr/lib/libncursesw.so.6.6
7f2945837000-7f294584e000 r--p 00000000 00:22 9645241                    /usr/lib/libSPIRV-Tools.so
7f294584e000-7f294597a000 r-xp 00017000 00:22 9645241                    /usr/lib/libSPIRV-Tools.so
7f294597a000-7f29459fc000 r--p 00143000 00:22 9645241                    /usr/lib/libSPIRV-Tools.so
7f29459fc000-7f29459ff000 r--p 001c5000 00:22 9645241                    /usr/lib/libSPIRV-Tools.so
7f29459ff000-7f2945a00000 rw-p 001c8000 00:22 9645241                    /usr/lib/libSPIRV-Tools.so
7f2945a00000-7f2945a01000 r-xp 00000000 00:22 10692561                   /opt/simplex/lib/runtime/lib/libjawt.so
7f2945a01000-7f2945c00000 ---p 00001000 00:22 10692561                   /opt/simplex/lib/runtime/lib/libjawt.so
7f2945c00000-7f2945c01000 r--p 00000000 00:22 10692561                   /opt/simplex/lib/runtime/lib/libjawt.so
7f2945c01000-7f2945c02000 rw-p 00000000 00:00 0 
7f2945c59000-7f2945c5b000 r--p 00000000 00:22 6746945                    /usr/lib/libpciaccess.so.0.11.1
7f2945c5b000-7f2945c60000 r-xp 00002000 00:22 6746945                    /usr/lib/libpciaccess.so.0.11.1
7f2945c60000-7f2945c62000 r--p 00007000 00:22 6746945                    /usr/lib/libpciaccess.so.0.11.1
7f2945c62000-7f2945c63000 r--p 00008000 00:22 6746945                    /usr/lib/libpciaccess.so.0.11.1
7f2945c63000-7f2945c64000 rw-p 00009000 00:22 6746945                    /usr/lib/libpciaccess.so.0.11.1
7f2945c64000-7f2945c6a000 r--p 00000000 00:22 9263247                    /usr/lib/libedit.so.0.0.78
7f2945c6a000-7f2945c8c000 r-xp 00006000 00:22 9263247                    /usr/lib/libedit.so.0.0.78
7f2945c8c000-7f2945c99000 r--p 00028000 00:22 9263247                    /usr/lib/libedit.so.0.0.78
7f2945c99000-7f2945c9c000 r--p 00034000 00:22 9263247                    /usr/lib/libedit.so.0.0.78
7f2945c9c000-7f2945c9d000 rw-p 00037000 00:22 9263247                    /usr/lib/libedit.so.0.0.78
7f2945c9d000-7f2945ca0000 rw-p 00000000 00:00 0 
7f2945ca0000-7f2945ca3000 r--p 00000000 00:22 9645161                    /usr/lib/libdrm_intel.so.1.134.0
7f2945ca3000-7f2945cba000 r-xp 00003000 00:22 9645161                    /usr/lib/libdrm_intel.so.1.134.0
7f2945cba000-7f2945cc4000 r--p 0001a000 00:22 9645161                    /usr/lib/libdrm_intel.so.1.134.0
7f2945cc4000-7f2945cc5000 r--p 00023000 00:22 9645161                    /usr/lib/libdrm_intel.so.1.134.0
7f2945cc5000-7f2945cc6000 rw-p 00024000 00:22 9645161                    /usr/lib/libdrm_intel.so.1.134.0
7f2945cc6000-7f2945cc9000 r--p 00000000 00:22 9645158                    /usr/lib/libdrm_amdgpu.so.1.134.0
7f2945cc9000-7f2945ccf000 r-xp 00003000 00:22 9645158                    /usr/lib/libdrm_amdgpu.so.1.134.0
7f2945ccf000-7f2945cd1000 r--p 00009000 00:22 9645158                    /usr/lib/libdrm_amdgpu.so.1.134.0
7f2945cd1000-7f2945cd2000 r--p 0000a000 00:22 9645158                    /usr/lib/libdrm_amdgpu.so.1.134.0
7f2945cd2000-7f2945cd3000 rw-p 0000b000 00:22 9645158                    /usr/lib/libdrm_amdgpu.so.1.134.0
7f2945cd3000-7f2945cd6000 r--p 00000000 00:22 9103650                    /usr/lib/libelf-0.195.so
7f2945cd6000-7f2945cea000 r-xp 00003000 00:22 9103650                    /usr/lib/libelf-0.195.so
7f2945cea000-7f2945cee000 r--p 00017000 00:22 9103650                    /usr/lib/libelf-0.195.so
7f2945cee000-7f2945cef000 r--p 0001b000 00:22 9103650                    /usr/lib/libelf-0.195.so
7f2945cef000-7f2945cf0000 rw-p 0001c000 00:22 9103650                    /usr/lib/libelf-0.195.so
7f2945cf0000-7f2945cf3000 r--p 00000000 00:22 10257                      /usr/lib/libxcb-sync.so.1.0.0
7f2945cf3000-7f2945cf6000 r-xp 00003000 00:22 10257                      /usr/lib/libxcb-sync.so.1.0.0
7f2945cf6000-7f2945cf7000 r--p 00006000 00:22 10257                      /usr/lib/libxcb-sync.so.1.0.0
7f2945cf7000-7f2945cf8000 r--p 00007000 00:22 10257                      /usr/lib/libxcb-sync.so.1.0.0
7f2945cf8000-7f2945cf9000 rw-p 00008000 00:22 10257                      /usr/lib/libxcb-sync.so.1.0.0
7f2945cf9000-7f2945cfa000 rw-p 00000000 00:00 0 
7f2945cfa000-7f2945cfe000 ---p 00000000 00:00 0 
7f2945cfe000-7f2945dfb000 rw-p 00000000 00:00 0 
7f2945dfb000-7f2945dff000 ---p 00000000 00:00 0 
7f2945dff000-7f2945efc000 rw-p 00000000 00:00 0 
7f2945efc000-7f2945f00000 ---p 00000000 00:00 0 
7f2945f00000-7f2948000000 rw-p 00000000 00:00 0 
7f2948000000-7f2948021000 rw-p 00000000 00:00 0 
7f2948021000-7f294c000000 ---p 00000000 00:00 0 
7f294c000000-7f294c0a2000 rw-p 00000000 00:00 0 
7f294c0a2000-7f2950000000 ---p 00000000 00:00 0 
7f2950006000-7f295000d000 r--p 00000000 00:22 10250                      /usr/lib/libxcb-randr.so.0.1.0
7f295000d000-7f2950013000 r-xp 00007000 00:22 10250                      /usr/lib/libxcb-randr.so.0.1.0
7f2950013000-7f2950016000 r--p 0000d000 00:22 10250                      /usr/lib/libxcb-randr.so.0.1.0
7f2950016000-7f2950017000 r--p 00010000 00:22 10250                      /usr/lib/libxcb-randr.so.0.1.0
7f2950017000-7f2950018000 rw-p 00011000 00:22 10250                      /usr/lib/libxcb-randr.so.0.1.0
7f2950018000-7f295001d000 r--p 00000000 00:22 10096456                   /usr/lib/libGLX_mesa.so.0.0.0
7f295001d000-7f295005d000 r-xp 00005000 00:22 10096456                   /usr/lib/libGLX_mesa.so.0.0.0
7f295005d000-7f295006d000 r--p 00045000 00:22 10096456                   /usr/lib/libGLX_mesa.so.0.0.0
7f295006d000-7f2950071000 r--p 00054000 00:22 10096456                   /usr/lib/libGLX_mesa.so.0.0.0
7f2950071000-7f2950072000 rw-p 00058000 00:22 10096456                   /usr/lib/libGLX_mesa.so.0.0.0
7f2950072000-7f2950073000 rw-p 00000000 00:00 0 
7f2950073000-7f2950077000 ---p 00000000 00:00 0 
7f2950077000-7f2950174000 rw-p 00000000 00:00 0 
7f2950174000-7f2950178000 ---p 00000000 00:00 0 
7f2950178000-7f2950275000 rw-p 00000000 00:00 0 
7f2950275000-7f2950279000 ---p 00000000 00:00 0 
7f2950279000-7f2950376000 rw-p 00000000 00:00 0 
7f2950376000-7f295037a000 ---p 00000000 00:00 0 
7f295037a000-7f2950477000 rw-p 00000000 00:00 0 
7f2950477000-7f295047b000 ---p 00000000 00:00 0 
7f295047b000-7f2950577000 rw-p 00000000 00:00 0 
7f2950577000-7f2950586000 r--p 00000000 00:22 9189652                    /usr/lib/libibus-1.0.so.5.0.534
7f2950586000-7f29505bd000 r-xp 0000f000 00:22 9189652                    /usr/lib/libibus-1.0.so.5.0.534
7f29505bd000-7f29505f8000 r--p 00046000 00:22 9189652                    /usr/lib/libibus-1.0.so.5.0.534
7f29505f8000-7f29505fb000 r--p 00080000 00:22 9189652                    /usr/lib/libibus-1.0.so.5.0.534
7f29505fb000-7f29505fc000 rw-p 00083000 00:22 9189652                    /usr/lib/libibus-1.0.so.5.0.534
7f29505fc000-7f29506d2000 rw-p 00000000 00:00 0 
7f29506d4000-7f2950766000 r--p 00000000 00:22 10097834                   /usr/share/fonts/noto/NotoSansMono-Regular.ttf
7f2950766000-7f29507fe000 r--p 00000000 00:22 10097593                   /usr/share/fonts/noto/NotoSans-Regular.ttf
7f29507fe000-7f2951800000 rw-p 00000000 00:00 0 
7f2951800000-7f295189a000 r--p 00000000 00:22 10406377                   /usr/lib/libstdc++.so.6.0.35
7f295189a000-7f2951a1c000 r-xp 0009a000 00:22 10406377                   /usr/lib/libstdc++.so.6.0.35
7f2951a1c000-7f2951abc000 r--p 0021c000 00:22 10406377                   /usr/lib/libstdc++.so.6.0.35
7f2951abc000-7f2951acd000 r--p 002bb000 00:22 10406377                   /usr/lib/libstdc++.so.6.0.35
7f2951acd000-7f2951ace000 rw-p 002cc000 00:22 10406377                   /usr/lib/libstdc++.so.6.0.35
7f2951ace000-7f2951ad2000 rw-p 00000000 00:00 0 
7f2951ad8000-7f2951ada000 r--p 00000000 00:22 309095                     /usr/lib/libsensors.so.5.0.0
7f2951ada000-7f2951ae2000 r-xp 00002000 00:22 309095                     /usr/lib/libsensors.so.5.0.0
7f2951ae2000-7f2951ae6000 r--p 0000a000 00:22 309095                     /usr/lib/libsensors.so.5.0.0
7f2951ae6000-7f2951ae7000 r--p 0000e000 00:22 309095                     /usr/lib/libsensors.so.5.0.0
7f2951ae7000-7f2951ae8000 rw-p 0000f000 00:22 309095                     /usr/lib/libsensors.so.5.0.0
7f2951ae8000-7f2951c00000 r--s 00000000 00:22 21833                      /var/cache/fontconfig/923e285e415b1073c8df160bee08820f-le64.cache-11
7f2951c00000-7f2953b94000 r--p 00000000 00:22 6744665                    /usr/lib/libicudata.so.78.3
7f2953b94000-7f2953b95000 r--p 01f93000 00:22 6744665                    /usr/lib/libicudata.so.78.3
7f2953b96000-7f2953b97000 r--p 00000000 00:22 117573                     /usr/lib/libxshmfence.so.1.0.0
7f2953b97000-7f2953b98000 r-xp 00001000 00:22 117573                     /usr/lib/libxshmfence.so.1.0.0
7f2953b98000-7f2953b99000 r--p 00002000 00:22 117573                     /usr/lib/libxshmfence.so.1.0.0
7f2953b99000-7f2953b9a000 r--p 00002000 00:22 117573                     /usr/lib/libxshmfence.so.1.0.0
7f2953b9a000-7f2953b9b000 rw-p 00003000 00:22 117573                     /usr/lib/libxshmfence.so.1.0.0
7f2953b9b000-7f2953b9e000 r--p 00000000 00:22 10259                      /usr/lib/libxcb-xfixes.so.0.0.0
7f2953b9e000-7f2953ba1000 r-xp 00003000 00:22 10259                      /usr/lib/libxcb-xfixes.so.0.0.0
7f2953ba1000-7f2953ba2000 r--p 00006000 00:22 10259                      /usr/lib/libxcb-xfixes.so.0.0.0
7f2953ba2000-7f2953ba3000 r--p 00007000 00:22 10259                      /usr/lib/libxcb-xfixes.so.0.0.0
7f2953ba3000-7f2953ba4000 rw-p 00008000 00:22 10259                      /usr/lib/libxcb-xfixes.so.0.0.0
7f2953ba4000-7f2953bb0000 r--p 00000000 00:22 10248                      /usr/lib/libxcb-glx.so.0.0.0
7f2953bb0000-7f2953bb9000 r-xp 0000c000 00:22 10248                      /usr/lib/libxcb-glx.so.0.0.0
7f2953bb9000-7f2953bbe000 r--p 00015000 00:22 10248                      /usr/lib/libxcb-glx.so.0.0.0
7f2953bbe000-7f2953bc0000 r--p 0001a000 00:22 10248                      /usr/lib/libxcb-glx.so.0.0.0
7f2953bc0000-7f2953bc1000 rw-p 0001c000 00:22 10248                      /usr/lib/libxcb-glx.so.0.0.0
7f2953bd6000-7f2953bd7000 rw-p 00000000 00:00 0 
7f2953bd7000-7f2953bdb000 ---p 00000000 00:00 0 
7f2953bdb000-7f2953bf9000 rw-p 00000000 00:00 0 
7f2953bf9000-7f2953c00000 r--s 00000000 00:22 10088609                   /usr/lib/gconv/gconv-modules.cache
7f2953c00000-7f2953c48000 r--p 00000000 00:22 6744680                    /usr/lib/libicuuc.so.78.3
7f2953c48000-7f2953d65000 r-xp 00048000 00:22 6744680                    /usr/lib/libicuuc.so.78.3
7f2953d65000-7f2953df8000 r--p 00165000 00:22 6744680                    /usr/lib/libicuuc.so.78.3
7f2953df8000-7f2953e0b000 r--p 001f8000 00:22 6744680                    /usr/lib/libicuuc.so.78.3
7f2953e0b000-7f2953e0c000 rw-p 0020b000 00:22 6744680                    /usr/lib/libicuuc.so.78.3
7f2953e0c000-7f2953e0e000 rw-p 00000000 00:00 0 
7f2953e12000-7f2953e13000 r--p 00000000 00:22 10249                      /usr/lib/libxcb-present.so.0.0.0
7f2953e13000-7f2953e14000 r-xp 00001000 00:22 10249                      /usr/lib/libxcb-present.so.0.0.0
7f2953e14000-7f2953e15000 r--p 00002000 00:22 10249                      /usr/lib/libxcb-present.so.0.0.0
7f2953e15000-7f2953e16000 r--p 00002000 00:22 10249                      /usr/lib/libxcb-present.so.0.0.0
7f2953e16000-7f2953e17000 rw-p 00003000 00:22 10249                      /usr/lib/libxcb-present.so.0.0.0
7f2953e17000-7f2953e1c000 r--p 00000000 00:22 9645155                    /usr/lib/libdrm.so.2.134.0
7f2953e1c000-7f2953e28000 r-xp 00005000 00:22 9645155                    /usr/lib/libdrm.so.2.134.0
7f2953e28000-7f2953e2c000 r--p 00011000 00:22 9645155                    /usr/lib/libdrm.so.2.134.0
7f2953e2c000-7f2953e2d000 r--p 00015000 00:22 9645155                    /usr/lib/libdrm.so.2.134.0
7f2953e2d000-7f2953e2e000 rw-p 00016000 00:22 9645155                    /usr/lib/libdrm.so.2.134.0
7f2953e2e000-7f2953ec6000 r--p 00000000 00:22 10097593                   /usr/share/fonts/noto/NotoSans-Regular.ttf
7f2953ec6000-7f2953eef000 r--s 00000000 00:22 19811                      /var/cache/fontconfig/f2e43df3287529323e79e7929dc44cc9-le64.cache-11
7f2953eef000-7f2953efd000 r--p 00000000 00:22 10164432                   /usr/lib/gvfs/libgvfscommon.so
7f2953efd000-7f2953f18000 r-xp 0000e000 00:22 10164432                   /usr/lib/gvfs/libgvfscommon.so
7f2953f18000-7f2953f24000 r--p 00029000 00:22 10164432                   /usr/lib/gvfs/libgvfscommon.so
7f2953f24000-7f2953f2a000 r--p 00035000 00:22 10164432                   /usr/lib/gvfs/libgvfscommon.so
7f2953f2a000-7f2953f2b000 rw-p 0003b000 00:22 10164432                   /usr/lib/gvfs/libgvfscommon.so
7f2953f2b000-7f2953f9b000 r--s 00000000 00:22 19795                      /var/cache/fontconfig/f6b893a7224233d96cb72fd88691c0b4-le64.cache-11
7f2953f9b000-7f2954000000 r--s 00000000 00:22 28524892                   /home/mleku/.cache/fontconfig/5ced086c378f87cc8519016917c034bd-le64.cache-11
7f2954000000-7f2954021000 rw-p 00000000 00:00 0 
7f2954021000-7f2958000000 ---p 00000000 00:00 0 
7f2958000000-7f2958d11000 rw-p 00000000 00:00 0 
7f2958d11000-7f295c000000 ---p 00000000 00:00 0 
7f295c000000-7f295c021000 rw-p 00000000 00:00 0 
7f295c021000-7f2960000000 ---p 00000000 00:00 0 
7f2960002000-7f2960004000 r--p 00000000 00:22 10247                      /usr/lib/libxcb-dri3.so.0.1.0
7f2960004000-7f2960006000 r-xp 00002000 00:22 10247                      /usr/lib/libxcb-dri3.so.0.1.0
7f2960006000-7f2960007000 r--p 00004000 00:22 10247                      /usr/lib/libxcb-dri3.so.0.1.0
7f2960007000-7f2960008000 r--p 00004000 00:22 10247                      /usr/lib/libxcb-dri3.so.0.1.0
7f2960008000-7f2960009000 rw-p 00005000 00:22 10247                      /usr/lib/libxcb-dri3.so.0.1.0
7f2960009000-7f296000a000 r--p 00000000 00:22 1663804                    /usr/lib/libXxf86vm.so.1.0.0
7f296000a000-7f296000d000 r-xp 00001000 00:22 1663804                    /usr/lib/libXxf86vm.so.1.0.0
7f296000d000-7f296000e000 r--p 00004000 00:22 1663804                    /usr/lib/libXxf86vm.so.1.0.0
7f296000e000-7f296000f000 r--p 00004000 00:22 1663804                    /usr/lib/libXxf86vm.so.1.0.0
7f296000f000-7f2960010000 rw-p 00005000 00:22 1663804                    /usr/lib/libXxf86vm.so.1.0.0
7f2960010000-7f296001a000 r--p 00000000 00:22 10164430                   /usr/lib/gio/modules/libgvfsdbus.so
7f296001a000-7f2960036000 r-xp 0000a000 00:22 10164430                   /usr/lib/gio/modules/libgvfsdbus.so
7f2960036000-7f296003f000 r--p 00026000 00:22 10164430                   /usr/lib/gio/modules/libgvfsdbus.so
7f296003f000-7f2960041000 r--p 0002f000 00:22 10164430                   /usr/lib/gio/modules/libgvfsdbus.so
7f2960041000-7f2960042000 rw-p 00031000 00:22 10164430                   /usr/lib/gio/modules/libgvfsdbus.so
7f2960042000-7f2960044000 r--p 00000000 00:22 329580                     /usr/lib/libogg.so.0.8.6
7f2960044000-7f2960047000 r-xp 00002000 00:22 329580                     /usr/lib/libogg.so.0.8.6
7f2960047000-7f296004a000 r--p 00005000 00:22 329580                     /usr/lib/libogg.so.0.8.6
7f296004a000-7f296004b000 r--p 00008000 00:22 329580                     /usr/lib/libogg.so.0.8.6
7f296004b000-7f296004c000 rw-p 00009000 00:22 329580                     /usr/lib/libogg.so.0.8.6
7f296004c000-7f296004f000 r--p 00000000 00:22 117519                     /usr/lib/libvorbis.so.0.4.9
7f296004f000-7f2960067000 r-xp 00003000 00:22 117519                     /usr/lib/libvorbis.so.0.4.9
7f2960067000-7f2960078000 r--p 0001b000 00:22 117519                     /usr/lib/libvorbis.so.0.4.9
7f2960078000-7f2960079000 r--p 0002b000 00:22 117519                     /usr/lib/libvorbis.so.0.4.9
7f2960079000-7f296007a000 rw-p 0002c000 00:22 117519                     /usr/lib/libvorbis.so.0.4.9
7f296007a000-7f296007c000 r--p 00000000 00:22 10098408                   /usr/lib/libltdl.so.7.3.6
7f296007c000-7f2960081000 r-xp 00002000 00:22 10098408                   /usr/lib/libltdl.so.7.3.6
7f2960081000-7f2960083000 r--p 00007000 00:22 10098408                   /usr/lib/libltdl.so.7.3.6
7f2960083000-7f2960084000 r--p 00009000 00:22 10098408                   /usr/lib/libltdl.so.7.3.6
7f2960084000-7f2960085000 rw-p 0000a000 00:22 10098408                   /usr/lib/libltdl.so.7.3.6
7f2960085000-7f2960089000 r--p 00000000 00:22 1664640                    /usr/lib/libtdb.so.1.4.15
7f2960089000-7f2960097000 r-xp 00004000 00:22 1664640                    /usr/lib/libtdb.so.1.4.15
7f2960097000-7f296009c000 r--p 00012000 00:22 1664640                    /usr/lib/libtdb.so.1.4.15
7f296009c000-7f296009d000 r--p 00016000 00:22 1664640                    /usr/lib/libtdb.so.1.4.15
7f296009d000-7f296009e000 rw-p 00017000 00:22 1664640                    /usr/lib/libtdb.so.1.4.15
7f296009e000-7f29600a2000 r--p 00000000 00:22 1665341                    /usr/lib/libxkbfile.so.1.0.2
7f29600a2000-7f29600bd000 r-xp 00004000 00:22 1665341                    /usr/lib/libxkbfile.so.1.0.2
7f29600bd000-7f29600c3000 r--p 0001f000 00:22 1665341                    /usr/lib/libxkbfile.so.1.0.2
7f29600c3000-7f29600c4000 r--p 00025000 00:22 1665341                    /usr/lib/libxkbfile.so.1.0.2
7f29600c4000-7f29600c5000 rw-p 00026000 00:22 1665341                    /usr/lib/libxkbfile.so.1.0.2
7f29600c5000-7f29600cb000 r--p 00000000 00:22 336386                     /usr/lib/libxklavier.so.16.4.0
7f29600cb000-7f29600d7000 r-xp 00006000 00:22 336386                     /usr/lib/libxklavier.so.16.4.0
7f29600d7000-7f29600de000 r--p 00012000 00:22 336386                     /usr/lib/libxklavier.so.16.4.0
7f29600de000-7f29600df000 r--p 00018000 00:22 336386                     /usr/lib/libxklavier.so.16.4.0
7f29600df000-7f29600e0000 rw-p 00019000 00:22 336386                     /usr/lib/libxklavier.so.16.4.0
7f29600e0000-7f29600f1000 r--p 00000000 00:22 336436                     /usr/lib/libxapp.so.3.2.2
7f29600f1000-7f296010c000 r-xp 00011000 00:22 336436                     /usr/lib/libxapp.so.3.2.2
7f296010c000-7f2960118000 r--p 0002c000 00:22 336436                     /usr/lib/libxapp.so.3.2.2
7f2960118000-7f296011b000 r--p 00037000 00:22 336436                     /usr/lib/libxapp.so.3.2.2
7f296011b000-7f296011c000 rw-p 0003a000 00:22 336436                     /usr/lib/libxapp.so.3.2.2
7f296011e000-7f296011f000 r--p 00000000 00:22 5529099                    /usr/lib/libX11-xcb.so.1.0.0
7f296011f000-7f2960120000 r-xp 00001000 00:22 5529099                    /usr/lib/libX11-xcb.so.1.0.0
7f2960120000-7f2960121000 r--p 00002000 00:22 5529099                    /usr/lib/libX11-xcb.so.1.0.0
7f2960121000-7f2960122000 r--p 00002000 00:22 5529099                    /usr/lib/libX11-xcb.so.1.0.0
7f2960122000-7f2960123000 rw-p 00003000 00:22 5529099                    /usr/lib/libX11-xcb.so.1.0.0
7f2960123000-7f2960127000 r--p 00000000 00:22 9189671                    /usr/lib/gtk-3.0/3.0.0/immodules/im-ibus.so
7f2960127000-7f296012b000 r-xp 00004000 00:22 9189671                    /usr/lib/gtk-3.0/3.0.0/immodules/im-ibus.so
7f296012b000-7f296012d000 r--p 00008000 00:22 9189671                    /usr/lib/gtk-3.0/3.0.0/immodules/im-ibus.so
7f296012d000-7f296012e000 r--p 00009000 00:22 9189671                    /usr/lib/gtk-3.0/3.0.0/immodules/im-ibus.so
7f296012e000-7f296012f000 rw-p 0000a000 00:22 9189671                    /usr/lib/gtk-3.0/3.0.0/immodules/im-ibus.so
7f296012f000-7f296013f000 r--s 00000000 00:22 19807                      /var/cache/fontconfig/8d4af663993b81a124ee82e610bb31f9-le64.cache-11
7f296013f000-7f296014f000 r--s 00000000 00:22 19803                      /var/cache/fontconfig/491f45a0a771fef1c10b9b647a97fb82-le64.cache-11
7f296014f000-7f296015b000 r--s 00000000 00:22 19793                      /var/cache/fontconfig/4b31aef11cb0687b6d280d34cbe23592-le64.cache-11
7f296015b000-7f296015e000 r--p 00000000 00:22 10089238                   /usr/lib/libnss_myhostname.so.2
7f296015e000-7f2960179000 r-xp 00003000 00:22 10089238                   /usr/lib/libnss_myhostname.so.2
7f2960179000-7f2960189000 r--p 0001e000 00:22 10089238                   /usr/lib/libnss_myhostname.so.2
7f2960189000-7f296018e000 r--p 0002e000 00:22 10089238                   /usr/lib/libnss_myhostname.so.2
7f296018e000-7f296018f000 rw-p 00033000 00:22 10089238                   /usr/lib/libnss_myhostname.so.2
7f296018f000-7f2960192000 r--p 00000000 00:22 10089240                   /usr/lib/libnss_resolve.so.2
7f2960192000-7f29601c5000 r-xp 00003000 00:22 10089240                   /usr/lib/libnss_resolve.so.2
7f29601c5000-7f29601dd000 r--p 00036000 00:22 10089240                   /usr/lib/libnss_resolve.so.2
7f29601dd000-7f29601e4000 r--p 0004e000 00:22 10089240                   /usr/lib/libnss_resolve.so.2
7f29601e4000-7f29601e5000 rw-p 00055000 00:22 10089240                   /usr/lib/libnss_resolve.so.2
7f29601e5000-7f29601e9000 r--p 00000000 00:22 10089239                   /usr/lib/libnss_mymachines.so.2
7f29601e9000-7f296023a000 r-xp 00004000 00:22 10089239                   /usr/lib/libnss_mymachines.so.2
7f296023a000-7f2960254000 r--p 00055000 00:22 10089239                   /usr/lib/libnss_mymachines.so.2
7f2960254000-7f2960257000 r--p 0006f000 00:22 10089239                   /usr/lib/libnss_mymachines.so.2
7f2960257000-7f2960258000 rw-p 00072000 00:22 10089239                   /usr/lib/libnss_mymachines.so.2
7f2960258000-7f296025a000 r--p 00000000 00:22 265340                     /usr/lib/libseccomp.so.2.6.0
7f296025a000-7f296026a000 r-xp 00002000 00:22 265340                     /usr/lib/libseccomp.so.2.6.0
7f296026a000-7f2960283000 r--p 00012000 00:22 265340                     /usr/lib/libseccomp.so.2.6.0
7f2960283000-7f2960284000 r--p 0002b000 00:22 265340                     /usr/lib/libseccomp.so.2.6.0
7f2960284000-7f2960285000 rw-p 0002c000 00:22 265340                     /usr/lib/libseccomp.so.2.6.0
7f2960285000-7f296028e000 r--p 00000000 00:22 9102852                    /usr/lib/liblcms2.so.2.0.19
7f296028e000-7f29602d5000 r-xp 00009000 00:22 9102852                    /usr/lib/liblcms2.so.2.0.19
7f29602d5000-7f29602ea000 r--p 00050000 00:22 9102852                    /usr/lib/liblcms2.so.2.0.19
7f29602ea000-7f29602ed000 r--p 00064000 00:22 9102852                    /usr/lib/liblcms2.so.2.0.19
7f29602ed000-7f29602f0000 rw-p 00067000 00:22 9102852                    /usr/lib/liblcms2.so.2.0.19
7f29602f0000-7f29602f1000 rw-p 00000000 00:00 0 
7f29602f1000-7f2960306000 r--p 00000000 00:22 10089244                   /usr/lib/libsystemd.so.0.44.0
7f2960306000-7f29603de000 r-xp 00015000 00:22 10089244                   /usr/lib/libsystemd.so.0.44.0
7f29603de000-7f296042d000 r--p 000ed000 00:22 10089244                   /usr/lib/libsystemd.so.0.44.0
7f296042d000-7f2960436000 r--p 0013b000 00:22 10089244                   /usr/lib/libsystemd.so.0.44.0
7f2960436000-7f2960437000 rw-p 00144000 00:22 10089244                   /usr/lib/libsystemd.so.0.44.0
7f2960437000-7f2960438000 rw-p 00000000 00:00 0 
7f2960438000-7f296043d000 r--p 00000000 00:22 9612533                    /usr/lib/libblkid.so.1.1.0
7f296043d000-7f2960466000 r-xp 00005000 00:22 9612533                    /usr/lib/libblkid.so.1.1.0
7f2960466000-7f2960471000 r--p 0002e000 00:22 9612533                    /usr/lib/libblkid.so.1.1.0
7f2960471000-7f2960477000 r--p 00038000 00:22 9612533                    /usr/lib/libblkid.so.1.1.0
7f2960477000-7f2960478000 rw-p 0003e000 00:22 9612533                    /usr/lib/libblkid.so.1.1.0
7f2960478000-7f2960482000 r--p 00000000 00:22 10088679                   /usr/lib/libsqlite3.so.3.53.3
7f2960482000-7f29605d1000 r-xp 0000a000 00:22 10088679                   /usr/lib/libsqlite3.so.3.53.3
7f29605d1000-7f2960608000 r--p 00159000 00:22 10088679                   /usr/lib/libsqlite3.so.3.53.3
7f2960608000-7f296060c000 r--p 00190000 00:22 10088679                   /usr/lib/libsqlite3.so.3.53.3
7f296060c000-7f2960611000 rw-p 00194000 00:22 10088679                   /usr/lib/libsqlite3.so.3.53.3
7f2960611000-7f296062b000 r--p 00000000 00:22 8968455                    /usr/lib/libxml2.so.16.1.3
7f296062b000-7f29606ff000 r-xp 0001a000 00:22 8968455                    /usr/lib/libxml2.so.16.1.3
7f29606ff000-7f296073c000 r--p 000ee000 00:22 8968455                    /usr/lib/libxml2.so.16.1.3
7f296073c000-7f2960745000 r--p 0012b000 00:22 8968455                    /usr/lib/libxml2.so.16.1.3
7f2960745000-7f2960746000 rw-p 00134000 00:22 8968455                    /usr/lib/libxml2.so.16.1.3
7f2960746000-7f2960747000 rw-p 00000000 00:00 0 
7f2960747000-7f2960750000 r--p 00000000 00:22 309824                     /usr/lib/libjson-glib-1.0.so.0.1000.8
7f2960750000-7f2960766000 r-xp 00009000 00:22 309824                     /usr/lib/libjson-glib-1.0.so.0.1000.8
7f2960766000-7f296076f000 r--p 0001f000 00:22 309824                     /usr/lib/libjson-glib-1.0.so.0.1000.8
7f296076f000-7f2960770000 r--p 00028000 00:22 309824                     /usr/lib/libjson-glib-1.0.so.0.1000.8
7f2960770000-7f2960771000 rw-p 00029000 00:22 309824                     /usr/lib/libjson-glib-1.0.so.0.1000.8
7f2960771000-7f296077f000 r--p 00000000 00:22 9909                       /usr/lib/libdbus-1.so.3.38.3
7f296077f000-7f29607b0000 r-xp 0000e000 00:22 9909                       /usr/lib/libdbus-1.so.3.38.3
7f29607b0000-7f29607c1000 r--p 0003f000 00:22 9909                       /usr/lib/libdbus-1.so.3.38.3
7f29607c1000-7f29607c3000 r--p 0004f000 00:22 9909                       /usr/lib/libdbus-1.so.3.38.3
7f29607c3000-7f29607c4000 rw-p 00051000 00:22 9909                       /usr/lib/libdbus-1.so.3.38.3
7f29607c4000-7f29607d2000 r--p 00000000 00:22 10094198                   /usr/lib/libatspi.so.0.0.1
7f29607d2000-7f29607ed000 r-xp 0000e000 00:22 10094198                   /usr/lib/libatspi.so.0.0.1
7f29607ed000-7f29607fb000 r--p 00029000 00:22 10094198                   /usr/lib/libatspi.so.0.0.1
7f29607fb000-7f29607ff000 r--p 00037000 00:22 10094198                   /usr/lib/libatspi.so.0.0.1
7f29607ff000-7f2960800000 rw-p 0003b000 00:22 10094198                   /usr/lib/libatspi.so.0.0.1
7f2960800000-7f29608c3000 r--p 00000000 00:22 10407137                   /usr/lib/libglycin-2.so.0
7f29608c3000-7f2960be0000 r-xp 000c2000 00:22 10407137                   /usr/lib/libglycin-2.so.0
7f2960be0000-7f2960bf9000 r--p 003de000 00:22 10407137                   /usr/lib/libglycin-2.so.0
7f2960bf9000-7f2960bfd000 rw-p 003f6000 00:22 10407137                   /usr/lib/libglycin-2.so.0
7f2960bfd000-7f2960c03000 r--s 00000000 00:22 19805                      /var/cache/fontconfig/b67b32625a2bb51b023d3814a918f351-le64.cache-11
7f2960c03000-7f2960c08000 r--p 00000000 00:22 287982                     /usr/lib/libpixman-1.so.0.46.4
7f2960c08000-7f2960c99000 r-xp 00005000 00:22 287982                     /usr/lib/libpixman-1.so.0.46.4
7f2960c99000-7f2960ca9000 r--p 00096000 00:22 287982                     /usr/lib/libpixman-1.so.0.46.4
7f2960ca9000-7f2960cb1000 r--p 000a6000 00:22 287982                     /usr/lib/libpixman-1.so.0.46.4
7f2960cb1000-7f2960cb2000 rw-p 000ae000 00:22 287982                     /usr/lib/libpixman-1.so.0.46.4
7f2960cb2000-7f2960cbc000 r--p 00000000 00:22 9612542                    /usr/lib/libmount.so.1.1.0
7f2960cbc000-7f2960cfa000 r-xp 0000a000 00:22 9612542                    /usr/lib/libmount.so.1.1.0
7f2960cfa000-7f2960d0b000 r--p 00048000 00:22 9612542                    /usr/lib/libmount.so.1.1.0
7f2960d0b000-7f2960d0d000 r--p 00059000 00:22 9612542                    /usr/lib/libmount.so.1.1.0
7f2960d0d000-7f2960d0e000 rw-p 0005b000 00:22 9612542                    /usr/lib/libmount.so.1.1.0
7f2960d0e000-7f2960d11000 r--p 00000000 00:22 265592                     /usr/lib/libpcre2-8.so.0.15.0
7f2960d11000-7f2960d8f000 r-xp 00003000 00:22 265592                     /usr/lib/libpcre2-8.so.0.15.0
7f2960d8f000-7f2960dba000 r--p 00081000 00:22 265592                     /usr/lib/libpcre2-8.so.0.15.0
7f2960dba000-7f2960dbb000 r--p 000ab000 00:22 265592                     /usr/lib/libpcre2-8.so.0.15.0
7f2960dbb000-7f2960dbc000 rw-p 000ac000 00:22 265592                     /usr/lib/libpcre2-8.so.0.15.0
7f2960dbc000-7f2960dc0000 r--p 00000000 00:22 9645073                    /usr/lib/libxkbcommon.so.0.13.2
7f2960dc0000-7f2960def000 r-xp 00004000 00:22 9645073                    /usr/lib/libxkbcommon.so.0.13.2
7f2960def000-7f2960e18000 r--p 00033000 00:22 9645073                    /usr/lib/libxkbcommon.so.0.13.2
7f2960e18000-7f2960e1a000 r--p 0005b000 00:22 9645073                    /usr/lib/libxkbcommon.so.0.13.2
7f2960e1a000-7f2960e1b000 rw-p 0005d000 00:22 9645073                    /usr/lib/libxkbcommon.so.0.13.2
7f2960e1b000-7f2960e2b000 r--p 00000000 00:22 8971165                    /usr/lib/libtinysparql-3.0.so.0.1101.0
7f2960e2b000-7f2960eaa000 r-xp 00010000 00:22 8971165                    /usr/lib/libtinysparql-3.0.so.0.1101.0
7f2960eaa000-7f2960edf000 r--p 0008f000 00:22 8971165                    /usr/lib/libtinysparql-3.0.so.0.1101.0
7f2960edf000-7f2960eee000 r--p 000c3000 00:22 8971165                    /usr/lib/libtinysparql-3.0.so.0.1101.0
7f2960eee000-7f2960eef000 rw-p 000d2000 00:22 8971165                    /usr/lib/libtinysparql-3.0.so.0.1101.0
7f2960eef000-7f2960efa000 r--p 00000000 00:22 10094195                   /usr/lib/libatk-bridge-2.0.so.0.0.0
7f2960efa000-7f2960f13000 r-xp 0000b000 00:22 10094195                   /usr/lib/libatk-bridge-2.0.so.0.0.0
7f2960f13000-7f2960f27000 r--p 00024000 00:22 10094195                   /usr/lib/libatk-bridge-2.0.so.0.0.0
7f2960f27000-7f2960f29000 r--p 00037000 00:22 10094195                   /usr/lib/libatk-bridge-2.0.so.0.0.0
7f2960f29000-7f2960f2b000 rw-p 00039000 00:22 10094195                   /usr/lib/libatk-bridge-2.0.so.0.0.0
7f2960f2b000-7f2960f75000 r--p 00000000 00:22 117087                     /usr/lib/libepoxy.so.0.0.0
7f2960f75000-7f2960fdb000 r-xp 0004a000 00:22 117087                     /usr/lib/libepoxy.so.0.0.0
7f2960fdb000-7f2961029000 r--p 000b0000 00:22 117087                     /usr/lib/libepoxy.so.0.0.0
7f2961029000-7f2961031000 r--p 000fd000 00:22 117087                     /usr/lib/libepoxy.so.0.0.0
7f2961031000-7f2961038000 rw-p 00105000 00:22 117087                     /usr/lib/libepoxy.so.0.0.0
7f2961038000-7f2961045000 r--p 00000000 00:22 9624374                    /usr/lib/libharfbuzz.so.0.61421.0
7f2961045000-7f296113b000 r-xp 0000d000 00:22 9624374                    /usr/lib/libharfbuzz.so.0.61421.0
7f296113b000-7f296116f000 r--p 00103000 00:22 9624374                    /usr/lib/libharfbuzz.so.0.61421.0
7f296116f000-7f2961171000 r--p 00136000 00:22 9624374                    /usr/lib/libharfbuzz.so.0.61421.0
7f2961171000-7f2961172000 rw-p 00138000 00:22 9624374                    /usr/lib/libharfbuzz.so.0.61421.0
7f2961172000-7f2961180000 r--p 00000000 00:22 288015                     /usr/lib/libcairo.so.2.11804.4
7f2961180000-7f2961273000 r-xp 0000e000 00:22 288015                     /usr/lib/libcairo.so.2.11804.4
7f2961273000-7f29612a8000 r--p 00101000 00:22 288015                     /usr/lib/libcairo.so.2.11804.4
7f29612a8000-7f29612ac000 r--p 00136000 00:22 288015                     /usr/lib/libcairo.so.2.11804.4
7f29612ac000-7f29612ae000 rw-p 0013a000 00:22 288015                     /usr/lib/libcairo.so.2.11804.4
7f29612ae000-7f29612af000 rw-p 00000000 00:00 0 
7f29612af000-7f29612e1000 r--p 00000000 00:22 10089022                   /usr/lib/libgio-2.0.so.0.8800.2
7f29612e1000-7f2961410000 r-xp 00032000 00:22 10089022                   /usr/lib/libgio-2.0.so.0.8800.2
7f2961410000-7f2961491000 r--p 00161000 00:22 10089022                   /usr/lib/libgio-2.0.so.0.8800.2
7f2961491000-7f296149a000 r--p 001e1000 00:22 10089022                   /usr/lib/libgio-2.0.so.0.8800.2
7f296149a000-7f296149b000 rw-p 001ea000 00:22 10089022                   /usr/lib/libgio-2.0.so.0.8800.2
7f296149b000-7f296149d000 rw-p 00000000 00:00 0 
7f296149d000-7f29614bb000 r--p 00000000 00:22 10089030                   /usr/lib/libglib-2.0.so.0.8800.2
7f29614bb000-7f2961569000 r-xp 0001e000 00:22 10089030                   /usr/lib/libglib-2.0.so.0.8800.2
7f2961569000-7f29615fd000 r--p 000cc000 00:22 10089030                   /usr/lib/libglib-2.0.so.0.8800.2
7f29615fd000-7f29615fe000 r--p 00160000 00:22 10089030                   /usr/lib/libglib-2.0.so.0.8800.2
7f29615fe000-7f29615ff000 rw-p 00161000 00:22 10089030                   /usr/lib/libglib-2.0.so.0.8800.2
7f29615ff000-7f2961600000 rw-p 00000000 00:00 0 
7f2961600000-7f2961670000 r--p 00000000 00:22 6931863                    /usr/lib/libgtk-3.so.0.2420.32
7f2961670000-7f2961a27000 r-xp 00070000 00:22 6931863                    /usr/lib/libgtk-3.so.0.2420.32
7f2961a27000-7f2961ce5000 r--p 00427000 00:22 6931863                    /usr/lib/libgtk-3.so.0.2420.32
7f2961ce5000-7f2961cf7000 r--p 006e5000 00:22 6931863                    /usr/lib/libgtk-3.so.0.2420.32
7f2961cf7000-7f2961cf9000 rw-p 006f7000 00:22 6931863                    /usr/lib/libgtk-3.so.0.2420.32
7f2961cf9000-7f2961cfe000 rw-p 00000000 00:00 0 
7f2961d01000-7f2961d05000 r--p 00000000 00:22 10406369                   /usr/lib/libgcc_s.so.1
7f2961d05000-7f2961d28000 r-xp 00004000 00:22 10406369                   /usr/lib/libgcc_s.so.1
7f2961d28000-7f2961d2c000 r--p 00027000 00:22 10406369                   /usr/lib/libgcc_s.so.1
7f2961d2c000-7f2961d2d000 r--p 0002b000 00:22 10406369                   /usr/lib/libgcc_s.so.1
7f2961d2d000-7f2961d2e000 rw-p 0002c000 00:22 10406369                   /usr/lib/libgcc_s.so.1
7f2961d2e000-7f2961d3c000 r--p 00000000 00:22 10096090                   /usr/lib/libpango-1.0.so.0.5800.0
7f2961d3c000-7f2961d7c000 r-xp 0000e000 00:22 10096090                   /usr/lib/libpango-1.0.so.0.5800.0
7f2961d7c000-7f2961d98000 r--p 0004e000 00:22 10096090                   /usr/lib/libpango-1.0.so.0.5800.0
7f2961d98000-7f2961d9c000 r--p 00069000 00:22 10096090                   /usr/lib/libpango-1.0.so.0.5800.0
7f2961d9c000-7f2961d9d000 rw-p 0006d000 00:22 10096090                   /usr/lib/libpango-1.0.so.0.5800.0
7f2961d9d000-7f2961da9000 r--p 00000000 00:22 10089038                   /usr/lib/libgobject-2.0.so.0.8800.2
7f2961da9000-7f2961de2000 r-xp 0000c000 00:22 10089038                   /usr/lib/libgobject-2.0.so.0.8800.2
7f2961de2000-7f2961dfc000 r--p 00045000 00:22 10089038                   /usr/lib/libgobject-2.0.so.0.8800.2
7f2961dfc000-7f2961dff000 r--p 0005e000 00:22 10089038                   /usr/lib/libgobject-2.0.so.0.8800.2
7f2961dff000-7f2961e00000 rw-p 00061000 00:22 10089038                   /usr/lib/libgobject-2.0.so.0.8800.2
7f2961e00000-7f29637d8000 r-xp 00000000 00:22 10691528                   /opt/simplex/lib/app/libskiko-linux-x64.so
7f29637d8000-7f29639d8000 ---p 019d8000 00:22 10691528                   /opt/simplex/lib/app/libskiko-linux-x64.so
7f29639d8000-7f2963a16000 r--p 019d8000 00:22 10691528                   /opt/simplex/lib/app/libskiko-linux-x64.so
7f2963a16000-7f2963a19000 rw-p 01a16000 00:22 10691528                   /opt/simplex/lib/app/libskiko-linux-x64.so
7f2963a19000-7f2963a25000 rw-p 00000000 00:00 0 
7f2963a28000-7f2963a2b000 r--p 00000000 00:22 333741                     /usr/lib/libcanberra.so.0.2.5
7f2963a2b000-7f2963a35000 r-xp 00003000 00:22 333741                     /usr/lib/libcanberra.so.0.2.5
7f2963a35000-7f2963a38000 r--p 0000d000 00:22 333741                     /usr/lib/libcanberra.so.0.2.5
7f2963a38000-7f2963a39000 r--p 00010000 00:22 333741                     /usr/lib/libcanberra.so.0.2.5
7f2963a39000-7f2963a3a000 rw-p 00011000 00:22 333741                     /usr/lib/libcanberra.so.0.2.5
7f2963a3a000-7f2963a3b000 r--p 00000000 00:22 10089042                   /usr/lib/libgthread-2.0.so.0.8800.2
7f2963a3b000-7f2963a3c000 r-xp 00001000 00:22 10089042                   /usr/lib/libgthread-2.0.so.0.8800.2
7f2963a3c000-7f2963a3d000 r--p 00002000 00:22 10089042                   /usr/lib/libgthread-2.0.so.0.8800.2
7f2963a3d000-7f2963a3e000 r--p 00002000 00:22 10089042                   /usr/lib/libgthread-2.0.so.0.8800.2
7f2963a3e000-7f2963a3f000 rw-p 00003000 00:22 10089042                   /usr/lib/libgthread-2.0.so.0.8800.2
7f2963a3f000-7f2963a5c000 r--p 00000000 00:22 6931860                    /usr/lib/libgdk-3.so.0.2420.32
7f2963a5c000-7f2963ade000 r-xp 0001d000 00:22 6931860                    /usr/lib/libgdk-3.so.0.2420.32
7f2963ade000-7f2963b20000 r--p 0009f000 00:22 6931860                    /usr/lib/libgdk-3.so.0.2420.32
7f2963b20000-7f2963b2a000 r--p 000e0000 00:22 6931860                    /usr/lib/libgdk-3.so.0.2420.32
7f2963b2a000-7f2963b2c000 rw-p 000ea000 00:22 6931860                    /usr/lib/libgdk-3.so.0.2420.32
7f2963b2c000-7f2963b32000 r--p 00000000 00:22 6923027                    /usr/lib/libfreetype.so.6.20.6
7f2963b32000-7f2963bca000 r-xp 00006000 00:22 6923027                    /usr/lib/libfreetype.so.6.20.6
7f2963bca000-7f2963bf3000 r--p 0009e000 00:22 6923027                    /usr/lib/libfreetype.so.6.20.6
7f2963bf3000-7f2963bfb000 r--p 000c6000 00:22 6923027                    /usr/lib/libfreetype.so.6.20.6
7f2963bfb000-7f2963bfc000 rw-p 000ce000 00:22 6923027                    /usr/lib/libfreetype.so.6.20.6
7f2963bfc000-7f2963bfd000 rw-p 00000000 00:00 0 
7f2963bfd000-7f2963c01000 ---p 00000000 00:00 0 
7f2963c01000-7f2963cfe000 rw-p 00000000 00:00 0 
7f2963cfe000-7f2963d02000 ---p 00000000 00:00 0 
7f2963d02000-7f2963dff000 rw-p 00000000 00:00 0 
7f2963dff000-7f2963e03000 ---p 00000000 00:00 0 
7f2963e03000-7f2963f00000 rw-p 00000000 00:00 0 
7f2963f00000-7f2963f04000 ---p 00000000 00:00 0 
7f2963f04000-7f2964000000 rw-p 00000000 00:00 0 
7f2964000000-7f2964021000 rw-p 00000000 00:00 0 
7f2964021000-7f2968000000 ---p 00000000 00:00 0 
7f2968000000-7f2968021000 rw-p 00000000 00:00 0 
7f2968021000-7f296c000000 ---p 00000000 00:00 0 
7f296c000000-7f296c021000 rw-p 00000000 00:00 0 
7f296c021000-7f2970000000 ---p 00000000 00:00 0 
7f2970000000-7f2970021000 rw-p 00000000 00:00 0 
7f2970021000-7f2974000000 ---p 00000000 00:00 0 
7f2974000000-7f2974021000 rw-p 00000000 00:00 0 
7f2974021000-7f2978000000 ---p 00000000 00:00 0 
7f2978000000-7f2978021000 rw-p 00000000 00:00 0 
7f2978021000-7f297c000000 ---p 00000000 00:00 0 
7f297c000000-7f297c021000 rw-p 00000000 00:00 0 
7f297c021000-7f2980000000 ---p 00000000 00:00 0 
7f2980000000-7f2980a16000 rw-p 00000000 00:00 0 
7f2980a16000-7f2984000000 ---p 00000000 00:00 0 
7f2984000000-7f2984021000 rw-p 00000000 00:00 0 
7f2984021000-7f2988000000 ---p 00000000 00:00 0 
7f2988000000-7f2988021000 rw-p 00000000 00:00 0 
7f2988021000-7f298c000000 ---p 00000000 00:00 0 
7f298c000000-7f298c021000 rw-p 00000000 00:00 0 
7f298c021000-7f2990000000 ---p 00000000 00:00 0 
7f2990000000-7f2990021000 rw-p 00000000 00:00 0 
7f2990021000-7f2994000000 ---p 00000000 00:00 0 
7f2994000000-7f2994021000 rw-p 00000000 00:00 0 
7f2994021000-7f2998000000 ---p 00000000 00:00 0 
7f2998000000-7f2998021000 rw-p 00000000 00:00 0 
7f2998021000-7f299c000000 ---p 00000000 00:00 0 
7f299c000000-7f299c021000 rw-p 00000000 00:00 0 
7f299c021000-7f29a0000000 ---p 00000000 00:00 0 
7f29a0000000-7f29a01e6000 rw-p 00000000 00:00 0 
7f29a01e6000-7f29a4000000 ---p 00000000 00:00 0 
7f29a4004000-7f29a4006000 r--p 00000000 00:22 9624303                    /usr/lib/libgraphite2.so.3.3.1
7f29a4006000-7f29a401f000 r-xp 00002000 00:22 9624303                    /usr/lib/libgraphite2.so.3.3.1
7f29a401f000-7f29a4024000 r--p 0001b000 00:22 9624303                    /usr/lib/libgraphite2.so.3.3.1
7f29a4024000-7f29a4026000 r--p 0001f000 00:22 9624303                    /usr/lib/libgraphite2.so.3.3.1
7f29a4026000-7f29a4027000 rw-p 00021000 00:22 9624303                    /usr/lib/libgraphite2.so.3.3.1
7f29a4027000-7f29a4029000 r--p 00000000 00:22 309333                     /usr/lib/libGLdispatch.so.0.0.0
7f29a4029000-7f29a4068000 r-xp 00002000 00:22 309333                     /usr/lib/libGLdispatch.so.0.0.0
7f29a4068000-7f29a407b000 r--p 00041000 00:22 309333                     /usr/lib/libGLdispatch.so.0.0.0
7f29a407b000-7f29a4097000 r--p 00054000 00:22 309333                     /usr/lib/libGLdispatch.so.0.0.0
7f29a4097000-7f29a4098000 rw-p 00070000 00:22 309333                     /usr/lib/libGLdispatch.so.0.0.0
7f29a4098000-7f29a40a0000 rw-p 00000000 00:00 0 
7f29a40a0000-7f29a40a6000 r--p 00000000 00:22 9623971                    /usr/lib/libfontconfig.so.1.17.0
7f29a40a6000-7f29a40da000 r-xp 00006000 00:22 9623971                    /usr/lib/libfontconfig.so.1.17.0
7f29a40da000-7f29a40f3000 r--p 0003a000 00:22 9623971                    /usr/lib/libfontconfig.so.1.17.0
7f29a40f3000-7f29a40fc000 r--p 00053000 00:22 9623971                    /usr/lib/libfontconfig.so.1.17.0
7f29a40fc000-7f29a40fd000 rw-p 0005c000 00:22 9623971                    /usr/lib/libfontconfig.so.1.17.0
7f29a40fd000-7f29a4400000 rw-p 00000000 00:00 0 
7f29a4400000-7f29a44af000 r-xp 00000000 00:22 10692558                   /opt/simplex/lib/runtime/lib/libfreetype.so
7f29a44af000-7f29a46af000 ---p 000af000 00:22 10692558                   /opt/simplex/lib/runtime/lib/libfreetype.so
7f29a46af000-7f29a46b5000 r--p 000af000 00:22 10692558                   /opt/simplex/lib/runtime/lib/libfreetype.so
7f29a46b5000-7f29a46b6000 rw-p 00000000 00:00 0 
7f29a46b6000-7f29a46bc000 r--p 00000000 00:22 10252                      /usr/lib/libxcb-render.so.0.0.0
7f29a46bc000-7f29a46c1000 r-xp 00006000 00:22 10252                      /usr/lib/libxcb-render.so.0.0.0
7f29a46c1000-7f29a46c3000 r--p 0000b000 00:22 10252                      /usr/lib/libxcb-render.so.0.0.0
7f29a46c3000-7f29a46c4000 r--p 0000d000 00:22 10252                      /usr/lib/libxcb-render.so.0.0.0
7f29a46c4000-7f29a46c5000 rw-p 0000e000 00:22 10252                      /usr/lib/libxcb-render.so.0.0.0
7f29a46c5000-7f29a46cc000 r--p 00000000 00:22 10096258                   /usr/lib/libgdk_pixbuf-2.0.so.0.4400.7
7f29a46cc000-7f29a46ee000 r-xp 00007000 00:22 10096258                   /usr/lib/libgdk_pixbuf-2.0.so.0.4400.7
7f29a46ee000-7f29a46fc000 r--p 00029000 00:22 10096258                   /usr/lib/libgdk_pixbuf-2.0.so.0.4400.7
7f29a46fc000-7f29a46fe000 r--p 00036000 00:22 10096258                   /usr/lib/libgdk_pixbuf-2.0.so.0.4400.7
7f29a46fe000-7f29a46ff000 rw-p 00038000 00:22 10096258                   /usr/lib/libgdk_pixbuf-2.0.so.0.4400.7
7f29a46ff000-7f29a4800000 rw-p 00000000 00:00 0 
7f29a4800000-7f29a49c9000 r-xp 00000000 00:22 10692557                   /opt/simplex/lib/runtime/lib/libfontmanager.so
7f29a49c9000-7f29a4bc8000 ---p 001c9000 00:22 10692557                   /opt/simplex/lib/runtime/lib/libfontmanager.so
7f29a4bc8000-7f29a4bca000 r--p 001c8000 00:22 10692557                   /opt/simplex/lib/runtime/lib/libfontmanager.so
7f29a4bca000-7f29a4bcb000 rw-p 001ca000 00:22 10692557                   /opt/simplex/lib/runtime/lib/libfontmanager.so
7f29a4bcb000-7f29a4bcc000 rw-p 00000000 00:00 0 
7f29a4bcc000-7f29a4bce000 r--p 00000000 00:22 1663735                    /usr/lib/libXrandr.so.2.2.0
7f29a4bce000-7f29a4bd5000 r-xp 00002000 00:22 1663735                    /usr/lib/libXrandr.so.2.2.0
7f29a4bd5000-7f29a4bd7000 r--p 00009000 00:22 1663735                    /usr/lib/libXrandr.so.2.2.0
7f29a4bd7000-7f29a4bd8000 r--p 0000a000 00:22 1663735                    /usr/lib/libXrandr.so.2.2.0
7f29a4bd8000-7f29a4bd9000 rw-p 0000b000 00:22 1663735                    /usr/lib/libXrandr.so.2.2.0
7f29a4bd9000-7f29a4be1000 r--p 00000000 00:22 10094192                   /usr/lib/libatk-1.0.so.0.26014.1
7f29a4be1000-7f29a4bf1000 r-xp 00008000 00:22 10094192                   /usr/lib/libatk-1.0.so.0.26014.1
7f29a4bf1000-7f29a4bfc000 r--p 00018000 00:22 10094192                   /usr/lib/libatk-1.0.so.0.26014.1
7f29a4bfc000-7f29a4bff000 r--p 00023000 00:22 10094192                   /usr/lib/libatk-1.0.so.0.26014.1
7f29a4bff000-7f29a4c00000 rw-p 00026000 00:22 10094192                   /usr/lib/libatk-1.0.so.0.26014.1
7f29a4c00000-7f29a4c71000 r-xp 00000000 00:22 10692556                   /opt/simplex/lib/runtime/lib/libawt_xawt.so
7f29a4c71000-7f29a4e70000 ---p 00071000 00:22 10692556                   /opt/simplex/lib/runtime/lib/libawt_xawt.so
7f29a4e70000-7f29a4e76000 r--p 00070000 00:22 10692556                   /opt/simplex/lib/runtime/lib/libawt_xawt.so
7f29a4e76000-7f29a4e78000 rw-p 00076000 00:22 10692556                   /opt/simplex/lib/runtime/lib/libawt_xawt.so
7f29a4e78000-7f29a4e7a000 rw-p 00000000 00:00 0 
7f29a4e7b000-7f29a4e7c000 r--p 00000000 00:22 10119                      /usr/lib/libnss_mdns_minimal.so.2
7f29a4e7c000-7f29a4e7e000 r-xp 00001000 00:22 10119                      /usr/lib/libnss_mdns_minimal.so.2
7f29a4e7e000-7f29a4e7f000 r--p 00003000 00:22 10119                      /usr/lib/libnss_mdns_minimal.so.2
7f29a4e7f000-7f29a4e80000 r--p 00003000 00:22 10119                      /usr/lib/libnss_mdns_minimal.so.2
7f29a4e80000-7f29a4e81000 rw-p 00004000 00:22 10119                      /usr/lib/libnss_mdns_minimal.so.2
7f29a4e81000-7f29a4e87000 r--p 00000000 00:22 10093585                   /usr/lib/libpng16.so.16.58.0
7f29a4e87000-7f29a4eb2000 r-xp 00006000 00:22 10093585                   /usr/lib/libpng16.so.16.58.0
7f29a4eb2000-7f29a4ebc000 r--p 00031000 00:22 10093585                   /usr/lib/libpng16.so.16.58.0
7f29a4ebc000-7f29a4ebd000 r--p 0003a000 00:22 10093585                   /usr/lib/libpng16.so.16.58.0
7f29a4ebd000-7f29a4ebe000 rw-p 0003b000 00:22 10093585                   /usr/lib/libpng16.so.16.58.0
7f29a4ebe000-7f29a4ed5000 r--p 00000000 00:22 5529102                    /usr/lib/libX11.so.6.4.0
7f29a4ed5000-7f29a4f6a000 r-xp 00017000 00:22 5529102                    /usr/lib/libX11.so.6.4.0
7f29a4f6a000-7f29a4ff9000 r--p 000ac000 00:22 5529102                    /usr/lib/libX11.so.6.4.0
7f29a4ff9000-7f29a4ffc000 r--p 0013a000 00:22 5529102                    /usr/lib/libX11.so.6.4.0
7f29a4ffc000-7f29a5000000 rw-p 0013d000 00:22 5529102                    /usr/lib/libX11.so.6.4.0
7f29a5000000-7f29a50bc000 r-xp 00000000 00:22 10692554                   /opt/simplex/lib/runtime/lib/libawt.so
7f29a50bc000-7f29a52bc000 ---p 000bc000 00:22 10692554                   /opt/simplex/lib/runtime/lib/libawt.so
7f29a52bc000-7f29a52bd000 r--p 000bc000 00:22 10692554                   /opt/simplex/lib/runtime/lib/libawt.so
7f29a52bd000-7f29a52c8000 rw-p 000bd000 00:22 10692554                   /opt/simplex/lib/runtime/lib/libawt.so
7f29a52c8000-7f29a52ed000 rw-p 00000000 00:00 0 
7f29a52ed000-7f29a52ef000 r--p 00000000 00:22 288663                     /usr/lib/libdatrie.so.1.4.1
7f29a52ef000-7f29a52f3000 r-xp 00002000 00:22 288663                     /usr/lib/libdatrie.so.1.4.1
7f29a52f3000-7f29a52f4000 r--p 00006000 00:22 288663                     /usr/lib/libdatrie.so.1.4.1
7f29a52f4000-7f29a52f5000 r--p 00006000 00:22 288663                     /usr/lib/libdatrie.so.1.4.1
7f29a52f5000-7f29a52f6000 rw-p 00007000 00:22 288663                     /usr/lib/libdatrie.so.1.4.1
7f29a52f6000-7f29a52f7000 rw-p 00000000 00:00 0 
7f29a52f7000-7f29a52fb000 ---p 00000000 00:00 0 
7f29a52fb000-7f29a5bf9000 rw-p 00000000 00:00 0 
7f29a5bf9000-7f29a5bfd000 ---p 00000000 00:00 0 
7f29a5bfd000-7f29a8000000 rw-p 00000000 00:00 0 
7f29a8000000-7f29a80b4000 rw-p 00000000 00:00 0 
7f29a80b4000-7f29ac000000 ---p 00000000 00:00 0 
7f29ac001000-7f29ac003000 r--p 00000000 00:22 288717                     /usr/lib/libthai.so.0.3.2
7f29ac003000-7f29ac007000 r-xp 00002000 00:22 288717                     /usr/lib/libthai.so.0.3.2
7f29ac007000-7f29ac00a000 r--p 00006000 00:22 288717                     /usr/lib/libthai.so.0.3.2
7f29ac00a000-7f29ac00b000 r--p 00008000 00:22 288717                     /usr/lib/libthai.so.0.3.2
7f29ac00b000-7f29ac00c000 rw-p 00009000 00:22 288717                     /usr/lib/libthai.so.0.3.2
7f29ac00c000-7f29ac00f000 r--p 00000000 00:22 8971013                    /usr/lib/libwayland-client.so.0.25.0
7f29ac00f000-7f29ac016000 r-xp 00003000 00:22 8971013                    /usr/lib/libwayland-client.so.0.25.0
7f29ac016000-7f29ac019000 r--p 0000a000 00:22 8971013                    /usr/lib/libwayland-client.so.0.25.0
7f29ac019000-7f29ac01b000 r--p 0000c000 00:22 8971013                    /usr/lib/libwayland-client.so.0.25.0
7f29ac01b000-7f29ac01c000 rw-p 0000e000 00:22 8971013                    /usr/lib/libwayland-client.so.0.25.0
7f29ac01c000-7f29ac01e000 r--p 00000000 00:22 288618                     /usr/lib/libfribidi.so.0.4.0
7f29ac01e000-7f29ac023000 r-xp 00002000 00:22 288618                     /usr/lib/libfribidi.so.0.4.0
7f29ac023000-7f29ac03a000 r--p 00007000 00:22 288618                     /usr/lib/libfribidi.so.0.4.0
7f29ac03a000-7f29ac03b000 r--p 0001d000 00:22 288618                     /usr/lib/libfribidi.so.0.4.0
7f29ac03b000-7f29ac03c000 rw-p 0001e000 00:22 288618                     /usr/lib/libfribidi.so.0.4.0
7f29ac03c000-7f29ac06b000 r--p 00000000 00:22 309324                     /usr/lib/libGL.so.1.7.0
7f29ac06b000-7f29ac08a000 r-xp 0002f000 00:22 309324                     /usr/lib/libGL.so.1.7.0
7f29ac08a000-7f29ac09e000 r--p 0004e000 00:22 309324                     /usr/lib/libGL.so.1.7.0
7f29ac09e000-7f29ac0ac000 r--p 00062000 00:22 309324                     /usr/lib/libGL.so.1.7.0
7f29ac0ac000-7f29ac0ad000 rw-p 00070000 00:22 309324                     /usr/lib/libGL.so.1.7.0
7f29ac0ad000-7f29ac0ae000 rw-p 00000000 00:00 0 
7f29ac0ae000-7f29ac1af000 rw-p 00000000 00:00 0 
7f29ac1af000-7f29ac5b1000 rw-p 00000000 00:00 0 
7f29ac5b1000-7f29ac5b2000 rw-p 00000000 00:00 0 
7f29ac5b2000-7f29ac5b6000 ---p 00000000 00:00 0 
7f29ac5b6000-7f29ac6b3000 rw-p 00000000 00:00 0 
7f29ac6b3000-7f29ac6b7000 ---p 00000000 00:00 0 
7f29ac6b7000-7f29ac7b3000 rw-p 00000000 00:00 0 
7f29ac7b3000-7f29ac7bf000 r--p 00000000 00:22 5932547                    /usr/lib/libzstd.so.1.5.7
7f29ac7bf000-7f29ac886000 r-xp 0000c000 00:22 5932547                    /usr/lib/libzstd.so.1.5.7
7f29ac886000-7f29ac897000 r--p 000d3000 00:22 5932547                    /usr/lib/libzstd.so.1.5.7
7f29ac897000-7f29ac898000 r--p 000e4000 00:22 5932547                    /usr/lib/libzstd.so.1.5.7
7f29ac898000-7f29ac899000 rw-p 000e5000 00:22 5932547                    /usr/lib/libzstd.so.1.5.7
7f29ac899000-7f29ac89a000 r--p 00000000 00:22 268364                     /usr/lib/libbrotlienc.so.1.2.0
7f29ac89a000-7f29ac907000 r-xp 00001000 00:22 268364                     /usr/lib/libbrotlienc.so.1.2.0
7f29ac907000-7f29ac957000 r--p 0006e000 00:22 268364                     /usr/lib/libbrotlienc.so.1.2.0
7f29ac957000-7f29ac958000 r--p 000bd000 00:22 268364                     /usr/lib/libbrotlienc.so.1.2.0
7f29ac958000-7f29ac959000 rw-p 000be000 00:22 268364                     /usr/lib/libbrotlienc.so.1.2.0
7f29ac959000-7f29ac96a000 r--p 00000000 00:22 5932587                    /usr/lib/libgmp.so.10.5.0
7f29ac96a000-7f29ac9e8000 r-xp 00011000 00:22 5932587                    /usr/lib/libgmp.so.10.5.0
7f29ac9e8000-7f29ac9fd000 r--p 0008f000 00:22 5932587                    /usr/lib/libgmp.so.10.5.0
7f29ac9fd000-7f29ac9ff000 r--p 000a3000 00:22 5932587                    /usr/lib/libgmp.so.10.5.0
7f29ac9ff000-7f29aca00000 rw-p 000a5000 00:22 5932587                    /usr/lib/libgmp.so.10.5.0
7f29aca00000-7f29aca53000 r--p 00000000 00:22 9605042                    /usr/lib/libcrypto.so.3
7f29aca53000-7f29acdff000 r-xp 00053000 00:22 9605042                    /usr/lib/libcrypto.so.3
7f29acdff000-7f29acf25000 r--p 003ff000 00:22 9605042                    /usr/lib/libcrypto.so.3
7f29acf25000-7f29acfa3000 r--p 00525000 00:22 9605042                    /usr/lib/libcrypto.so.3
7f29acfa3000-7f29acfa6000 rw-p 005a3000 00:22 9605042                    /usr/lib/libcrypto.so.3
7f29acfa6000-7f29acfa9000 rw-p 00000000 00:00 0 
7f29acfaa000-7f29acfab000 r--p 00000000 00:22 10256                      /usr/lib/libxcb-shm.so.0.0.0
7f29acfab000-7f29acfac000 r-xp 00001000 00:22 10256                      /usr/lib/libxcb-shm.so.0.0.0
7f29acfac000-7f29acfad000 r--p 00002000 00:22 10256                      /usr/lib/libxcb-shm.so.0.0.0
7f29acfad000-7f29acfae000 r--p 00002000 00:22 10256                      /usr/lib/libxcb-shm.so.0.0.0
7f29acfae000-7f29acfaf000 rw-p 00003000 00:22 10256                      /usr/lib/libxcb-shm.so.0.0.0
7f29acfaf000-7f29acfb0000 r--p 00000000 00:22 1663760                    /usr/lib/libXcomposite.so.1.0.0
7f29acfb0000-7f29acfb1000 r-xp 00001000 00:22 1663760                    /usr/lib/libXcomposite.so.1.0.0
7f29acfb1000-7f29acfb2000 r--p 00002000 00:22 1663760                    /usr/lib/libXcomposite.so.1.0.0
7f29acfb2000-7f29acfb3000 r--p 00002000 00:22 1663760                    /usr/lib/libXcomposite.so.1.0.0
7f29acfb3000-7f29acfb4000 rw-p 00003000 00:22 1663760                    /usr/lib/libXcomposite.so.1.0.0
7f29acfb4000-7f29acfbc000 r--p 00000000 00:22 10096096                   /usr/lib/libpangoft2-1.0.so.0.5800.0
7f29acfbc000-7f29acfcb000 r-xp 00008000 00:22 10096096                   /usr/lib/libpangoft2-1.0.so.0.5800.0
7f29acfcb000-7f29acfd0000 r--p 00017000 00:22 10096096                   /usr/lib/libpangoft2-1.0.so.0.5800.0
7f29acfd0000-7f29acfd1000 r--p 0001c000 00:22 10096096                   /usr/lib/libpangoft2-1.0.so.0.5800.0
7f29acfd1000-7f29acfd2000 rw-p 0001d000 00:22 10096096                   /usr/lib/libpangoft2-1.0.so.0.5800.0
7f29acfd2000-7f29acfd4000 r--p 00000000 00:22 10090289                   /usr/lib/libexpat.so.1.12.2
7f29acfd4000-7f29acff4000 r-xp 00002000 00:22 10090289                   /usr/lib/libexpat.so.1.12.2
7f29acff4000-7f29acffd000 r--p 00022000 00:22 10090289                   /usr/lib/libexpat.so.1.12.2
7f29acffd000-7f29acfff000 r--p 0002a000 00:22 10090289                   /usr/lib/libexpat.so.1.12.2
7f29acfff000-7f29ad000000 rw-p 0002c000 00:22 10090289                   /usr/lib/libexpat.so.1.12.2
7f29ad000000-7f29ad416000 r-xp 00000000 00:22 10691621                   /opt/simplex/lib/app/resources/libHSghc-prim-0.10.0-ghc9.6.3.so
7f29ad416000-7f29ad417000 ---p 00416000 00:22 10691621                   /opt/simplex/lib/app/resources/libHSghc-prim-0.10.0-ghc9.6.3.so
7f29ad417000-7f29ad418000 r--p 00416000 00:22 10691621                   /opt/simplex/lib/app/resources/libHSghc-prim-0.10.0-ghc9.6.3.so
7f29ad418000-7f29ad4f7000 rw-p 00417000 00:22 10691621                   /opt/simplex/lib/app/resources/libHSghc-prim-0.10.0-ghc9.6.3.so
7f29ad4f7000-7f29ad4fe000 r--p 00000000 00:22 308910                     /usr/lib/libcloudproviders.so.0.4.0
7f29ad4fe000-7f29ad508000 r-xp 00007000 00:22 308910                     /usr/lib/libcloudproviders.so.0.4.0
7f29ad508000-7f29ad50d000 r--p 00011000 00:22 308910                     /usr/lib/libcloudproviders.so.0.4.0
7f29ad50d000-7f29ad50e000 r--p 00016000 00:22 308910                     /usr/lib/libcloudproviders.so.0.4.0
7f29ad50e000-7f29ad50f000 rw-p 00017000 00:22 308910                     /usr/lib/libcloudproviders.so.0.4.0
7f29ad50f000-7f29ad514000 r--p 00000000 00:22 10096093                   /usr/lib/libpangocairo-1.0.so.0.5800.0
7f29ad514000-7f29ad51d000 r-xp 00005000 00:22 10096093                   /usr/lib/libpangocairo-1.0.so.0.5800.0
7f29ad51d000-7f29ad51f000 r--p 0000e000 00:22 10096093                   /usr/lib/libpangocairo-1.0.so.0.5800.0
7f29ad51f000-7f29ad520000 r--p 00010000 00:22 10096093                   /usr/lib/libpangocairo-1.0.so.0.5800.0
7f29ad520000-7f29ad521000 rw-p 00011000 00:22 10096093                   /usr/lib/libpangocairo-1.0.so.0.5800.0
7f29ad521000-7f29ad523000 r--p 00000000 00:22 309330                     /usr/lib/libGLX.so.0.0.0
7f29ad523000-7f29ad53d000 r-xp 00002000 00:22 309330                     /usr/lib/libGLX.so.0.0.0
7f29ad53d000-7f29ad540000 r--p 0001c000 00:22 309330                     /usr/lib/libGLX.so.0.0.0
7f29ad540000-7f29ad541000 r--p 0001f000 00:22 309330                     /usr/lib/libGLX.so.0.0.0
7f29ad541000-7f29ad542000 rw-p 00020000 00:22 309330                     /usr/lib/libGLX.so.0.0.0
7f29ad542000-7f29ad552000 rw-p 00000000 00:00 0 
7f29ad552000-7f29ad5f3000 r-xp 00000000 00:22 10691660                   /opt/simplex/lib/app/resources/libHSrts-1.0.2_thr-ghc9.6.3.so
7f29ad5f3000-7f29ad5f4000 ---p 000a1000 00:22 10691660                   /opt/simplex/lib/app/resources/libHSrts-1.0.2_thr-ghc9.6.3.so
7f29ad5f4000-7f29ad5f5000 r--p 000a1000 00:22 10691660                   /opt/simplex/lib/app/resources/libHSrts-1.0.2_thr-ghc9.6.3.so
7f29ad5f5000-7f29ad5fd000 rw-p 000a2000 00:22 10691660                   /opt/simplex/lib/app/resources/libHSrts-1.0.2_thr-ghc9.6.3.so
7f29ad5fd000-7f29ad600000 rw-p 00000000 00:00 0 
7f29ad600000-7f29ae119000 r-xp 00000000 00:22 10691571                   /opt/simplex/lib/app/resources/libHSbase-4.18.1.0-ghc9.6.3.so
7f29ae119000-7f29ae11a000 ---p 00b19000 00:22 10691571                   /opt/simplex/lib/app/resources/libHSbase-4.18.1.0-ghc9.6.3.so
7f29ae11a000-7f29ae11c000 r--p 00b19000 00:22 10691571                   /opt/simplex/lib/app/resources/libHSbase-4.18.1.0-ghc9.6.3.so
7f29ae11c000-7f29ae1c7000 rw-p 00b1b000 00:22 10691571                   /opt/simplex/lib/app/resources/libHSbase-4.18.1.0-ghc9.6.3.so
7f29ae1c7000-7f29ae1c8000 r--p 00000000 00:22 1663709                    /usr/lib/libXdamage.so.1.1.0
7f29ae1c8000-7f29ae1c9000 r-xp 00001000 00:22 1663709                    /usr/lib/libXdamage.so.1.1.0
7f29ae1c9000-7f29ae1ca000 r--p 00002000 00:22 1663709                    /usr/lib/libXdamage.so.1.1.0
7f29ae1ca000-7f29ae1cb000 r--p 00002000 00:22 1663709                    /usr/lib/libXdamage.so.1.1.0
7f29ae1cb000-7f29ae1cc000 rw-p 00003000 00:22 1663709                    /usr/lib/libXdamage.so.1.1.0
7f29ae1cc000-7f29ae1cd000 r--p 00000000 00:22 8971016                    /usr/lib/libwayland-cursor.so.0.25.0
7f29ae1cd000-7f29ae1cf000 r-xp 00001000 00:22 8971016                    /usr/lib/libwayland-cursor.so.0.25.0
7f29ae1cf000-7f29ae1d0000 r--p 00003000 00:22 8971016                    /usr/lib/libwayland-cursor.so.0.25.0
7f29ae1d0000-7f29ae1d1000 r--p 00003000 00:22 8971016                    /usr/lib/libwayland-cursor.so.0.25.0
7f29ae1d1000-7f29ae1d5000 rw-p 00004000 00:22 8971016                    /usr/lib/libwayland-cursor.so.0.25.0
7f29ae1d5000-7f29ae1e1000 r--p 00000000 00:22 10266                      /usr/lib/libxcb.so.1.1.0
7f29ae1e1000-7f29ae1f5000 r-xp 0000c000 00:22 10266                      /usr/lib/libxcb.so.1.1.0
7f29ae1f5000-7f29ae1fe000 r--p 00020000 00:22 10266                      /usr/lib/libxcb.so.1.1.0
7f29ae1fe000-7f29ae1ff000 r--p 00028000 00:22 10266                      /usr/lib/libxcb.so.1.1.0
7f29ae1ff000-7f29ae200000 rw-p 00029000 00:22 10266                      /usr/lib/libxcb.so.1.1.0
7f29ae200000-7f29ae571000 r-xp 00000000 00:22 10691676                   /opt/simplex/lib/app/resources/libHStemplate-haskell-2.20.0.0-ghc9.6.3.so
7f29ae571000-7f29ae572000 ---p 00371000 00:22 10691676                   /opt/simplex/lib/app/resources/libHStemplate-haskell-2.20.0.0-ghc9.6.3.so
7f29ae572000-7f29ae573000 r--p 00371000 00:22 10691676                   /opt/simplex/lib/app/resources/libHStemplate-haskell-2.20.0.0-ghc9.6.3.so
7f29ae573000-7f29ae5a9000 rw-p 00372000 00:22 10691676                   /opt/simplex/lib/app/resources/libHStemplate-haskell-2.20.0.0-ghc9.6.3.so
7f29ae5a9000-7f29ae5aa000 r--p 00000000 00:22 8971019                    /usr/lib/libwayland-egl.so.1.25.0
7f29ae5aa000-7f29ae5ab000 r-xp 00001000 00:22 8971019                    /usr/lib/libwayland-egl.so.1.25.0
7f29ae5ab000-7f29ae5ac000 r--p 00002000 00:22 8971019                    /usr/lib/libwayland-egl.so.1.25.0
7f29ae5ac000-7f29ae5ad000 r--p 00002000 00:22 8971019                    /usr/lib/libwayland-egl.so.1.25.0
7f29ae5ad000-7f29ae5ae000 rw-p 00003000 00:22 8971019                    /usr/lib/libwayland-egl.so.1.25.0
7f29ae5ae000-7f29ae5b0000 r--p 00000000 00:22 9884                       /usr/lib/libbz2.so.1.0.8
7f29ae5b0000-7f29ae5bd000 r-xp 00002000 00:22 9884                       /usr/lib/libbz2.so.1.0.8
7f29ae5bd000-7f29ae5bf000 r--p 0000f000 00:22 9884                       /usr/lib/libbz2.so.1.0.8
7f29ae5bf000-7f29ae5c0000 r--p 00010000 00:22 9884                       /usr/lib/libbz2.so.1.0.8
7f29ae5c0000-7f29ae5c1000 rw-p 00011000 00:22 9884                       /usr/lib/libbz2.so.1.0.8
7f29ae5c2000-7f29ae5c4000 r--p 00000000 00:22 117521                     /usr/lib/libvorbisfile.so.3.3.8
7f29ae5c4000-7f29ae5c9000 r-xp 00002000 00:22 117521                     /usr/lib/libvorbisfile.so.3.3.8
7f29ae5c9000-7f29ae5ca000 r--p 00007000 00:22 117521                     /usr/lib/libvorbisfile.so.3.3.8
7f29ae5ca000-7f29ae5cb000 r--p 00007000 00:22 117521                     /usr/lib/libvorbisfile.so.3.3.8
7f29ae5cb000-7f29ae5cc000 rw-p 00008000 00:22 117521                     /usr/lib/libvorbisfile.so.3.3.8
7f29ae5cc000-7f29ae5ce000 r--p 00000000 00:22 333738                     /usr/lib/libcanberra-gtk3.so.0.1.9
7f29ae5ce000-7f29ae5d0000 r-xp 00002000 00:22 333738                     /usr/lib/libcanberra-gtk3.so.0.1.9
7f29ae5d0000-7f29ae5d1000 r--p 00004000 00:22 333738                     /usr/lib/libcanberra-gtk3.so.0.1.9
7f29ae5d1000-7f29ae5d2000 r--p 00004000 00:22 333738                     /usr/lib/libcanberra-gtk3.so.0.1.9
7f29ae5d2000-7f29ae5d3000 rw-p 00005000 00:22 333738                     /usr/lib/libcanberra-gtk3.so.0.1.9
7f29ae5d3000-7f29ae5d5000 r--p 00000000 00:22 333727                     /usr/lib/gtk-3.0/modules/libcanberra-gtk3-module.so
7f29ae5d5000-7f29ae5d8000 r-xp 00002000 00:22 333727                     /usr/lib/gtk-3.0/modules/libcanberra-gtk3-module.so
7f29ae5d8000-7f29ae5d9000 r--p 00005000 00:22 333727                     /usr/lib/gtk-3.0/modules/libcanberra-gtk3-module.so
7f29ae5d9000-7f29ae5da000 r--p 00005000 00:22 333727                     /usr/lib/gtk-3.0/modules/libcanberra-gtk3-module.so
7f29ae5da000-7f29ae5db000 rw-p 00006000 00:22 333727                     /usr/lib/gtk-3.0/modules/libcanberra-gtk3-module.so
7f29ae5db000-7f29ae5de000 r--p 00000000 00:22 1675018                    /usr/lib/libgnomekbd.so.8.0.0
7f29ae5de000-7f29ae5e1000 r-xp 00003000 00:22 1675018                    /usr/lib/libgnomekbd.so.8.0.0
7f29ae5e1000-7f29ae5e2000 r--p 00006000 00:22 1675018                    /usr/lib/libgnomekbd.so.8.0.0
7f29ae5e2000-7f29ae5e3000 r--p 00007000 00:22 1675018                    /usr/lib/libgnomekbd.so.8.0.0
7f29ae5e3000-7f29ae5e4000 rw-p 00008000 00:22 1675018                    /usr/lib/libgnomekbd.so.8.0.0
7f29ae5e4000-7f29ae5ec000 r--p 00000000 00:22 1675021                    /usr/lib/libgnomekbdui.so.8.0.0
7f29ae5ec000-7f29ae5f5000 r-xp 00008000 00:22 1675021                    /usr/lib/libgnomekbdui.so.8.0.0
7f29ae5f5000-7f29ae5f9000 r--p 00011000 00:22 1675021                    /usr/lib/libgnomekbdui.so.8.0.0
7f29ae5f9000-7f29ae5fa000 r--p 00015000 00:22 1675021                    /usr/lib/libgnomekbdui.so.8.0.0
7f29ae5fa000-7f29ae5fb000 rw-p 00016000 00:22 1675021                    /usr/lib/libgnomekbdui.so.8.0.0
7f29ae5fb000-7f29ae5fc000 r--p 00000000 00:22 336433                     /usr/lib/gtk-3.0/modules/libxapp-gtk3-module.so
7f29ae5fc000-7f29ae5fd000 r-xp 00001000 00:22 336433                     /usr/lib/gtk-3.0/modules/libxapp-gtk3-module.so
7f29ae5fd000-7f29ae5fe000 r--p 00002000 00:22 336433                     /usr/lib/gtk-3.0/modules/libxapp-gtk3-module.so
7f29ae5fe000-7f29ae5ff000 r--p 00002000 00:22 336433                     /usr/lib/gtk-3.0/modules/libxapp-gtk3-module.so
7f29ae5ff000-7f29ae600000 rw-p 00003000 00:22 336433                     /usr/lib/gtk-3.0/modules/libxapp-gtk3-module.so
7f29ae600000-7f29ae97b000 r-xp 00000000 00:22 10691590                   /opt/simplex/lib/app/resources/libHScontainers-0.6.7-ghc9.6.3.so
7f29ae97b000-7f29ae97c000 r--p 0037a000 00:22 10691590                   /opt/simplex/lib/app/resources/libHScontainers-0.6.7-ghc9.6.3.so
7f29ae97c000-7f29ae998000 rw-p 0037b000 00:22 10691590                   /opt/simplex/lib/app/resources/libHScontainers-0.6.7-ghc9.6.3.so
7f29ae998000-7f29ae99a000 r--p 00000000 00:22 288009                     /usr/lib/libcairo-gobject.so.2.11804.4
7f29ae99a000-7f29ae99c000 r-xp 00002000 00:22 288009                     /usr/lib/libcairo-gobject.so.2.11804.4
7f29ae99c000-7f29ae99e000 r--p 00004000 00:22 288009                     /usr/lib/libcairo-gobject.so.2.11804.4
7f29ae99e000-7f29ae9a0000 r--p 00006000 00:22 288009                     /usr/lib/libcairo-gobject.so.2.11804.4
7f29ae9a0000-7f29ae9a1000 rw-p 00008000 00:22 288009                     /usr/lib/libcairo-gobject.so.2.11804.4
7f29ae9a1000-7f29ae9a3000 r--p 00000000 00:22 290724                     /usr/lib/libXfixes.so.3.1.0
7f29ae9a3000-7f29ae9a6000 r-xp 00002000 00:22 290724                     /usr/lib/libXfixes.so.3.1.0
7f29ae9a6000-7f29ae9a7000 r--p 00005000 00:22 290724                     /usr/lib/libXfixes.so.3.1.0
7f29ae9a7000-7f29ae9a8000 r--p 00005000 00:22 290724                     /usr/lib/libXfixes.so.3.1.0
7f29ae9a8000-7f29ae9a9000 rw-p 00006000 00:22 290724                     /usr/lib/libXfixes.so.3.1.0
7f29ae9a9000-7f29ae9ac000 r--p 00000000 00:22 116796                     /usr/lib/libXcursor.so.1.0.2
7f29ae9ac000-7f29ae9b2000 r-xp 00003000 00:22 116796                     /usr/lib/libXcursor.so.1.0.2
7f29ae9b2000-7f29ae9b4000 r--p 00009000 00:22 116796                     /usr/lib/libXcursor.so.1.0.2
7f29ae9b4000-7f29ae9b5000 r--p 0000a000 00:22 116796                     /usr/lib/libXcursor.so.1.0.2
7f29ae9b5000-7f29ae9b6000 rw-p 0000b000 00:22 116796                     /usr/lib/libXcursor.so.1.0.2
7f29ae9b6000-7f29ae9b8000 r--p 00000000 00:22 7067331                    /usr/lib/libXdmcp.so.6.0.0
7f29ae9b8000-7f29ae9ba000 r-xp 00002000 00:22 7067331                    /usr/lib/libXdmcp.so.6.0.0
7f29ae9ba000-7f29ae9bc000 r--p 00004000 00:22 7067331                    /usr/lib/libXdmcp.so.6.0.0
7f29ae9bc000-7f29ae9bd000 r--p 00005000 00:22 7067331                    /usr/lib/libXdmcp.so.6.0.0
7f29ae9bd000-7f29ae9be000 rw-p 00006000 00:22 7067331                    /usr/lib/libXdmcp.so.6.0.0
7f29ae9be000-7f29ae9bf000 r--p 00000000 00:22 268358                     /usr/lib/libbrotlicommon.so.1.2.0
7f29ae9bf000-7f29ae9c0000 r-xp 00001000 00:22 268358                     /usr/lib/libbrotlicommon.so.1.2.0
7f29ae9c0000-7f29ae9df000 r--p 00002000 00:22 268358                     /usr/lib/libbrotlicommon.so.1.2.0
7f29ae9df000-7f29ae9e0000 r--p 00021000 00:22 268358                     /usr/lib/libbrotlicommon.so.1.2.0
7f29ae9e0000-7f29ae9e1000 rw-p 00022000 00:22 268358                     /usr/lib/libbrotlicommon.so.1.2.0
7f29ae9e1000-7f29ae9e3000 r--p 00000000 00:22 10089034                   /usr/lib/libgmodule-2.0.so.0.8800.2
7f29ae9e3000-7f29ae9e5000 r-xp 00002000 00:22 10089034                   /usr/lib/libgmodule-2.0.so.0.8800.2
7f29ae9e5000-7f29ae9e6000 r--p 00004000 00:22 10089034                   /usr/lib/libgmodule-2.0.so.0.8800.2
7f29ae9e6000-7f29ae9e7000 r--p 00004000 00:22 10089034                   /usr/lib/libgmodule-2.0.so.0.8800.2
7f29ae9e7000-7f29ae9e8000 rw-p 00005000 00:22 10089034                   /usr/lib/libgmodule-2.0.so.0.8800.2
7f29ae9e8000-7f29ae9eb000 r--p 00000000 00:22 9262718                    /usr/lib/libXi.so.6.1.0
7f29ae9eb000-7f29ae9f8000 r-xp 00003000 00:22 9262718                    /usr/lib/libXi.so.6.1.0
7f29ae9f8000-7f29ae9fb000 r--p 00010000 00:22 9262718                    /usr/lib/libXi.so.6.1.0
7f29ae9fb000-7f29ae9fc000 r--p 00012000 00:22 9262718                    /usr/lib/libXi.so.6.1.0
7f29ae9fc000-7f29ae9fd000 rw-p 00013000 00:22 9262718                    /usr/lib/libXi.so.6.1.0
7f29ae9fd000-7f29ae9fe000 rw-p 00000000 00:00 0 
7f29ae9fe000-7f29aea02000 ---p 00000000 00:00 0 
7f29aea02000-7f29aea20000 rw-p 00000000 00:00 0 
7f29aea20000-7f29aea22000 r--p 00000000 00:22 10691713                   /opt/simplex/lib/app/resources/libffi.so.8
7f29aea22000-7f29aea31000 r-xp 00002000 00:22 10691713                   /opt/simplex/lib/app/resources/libffi.so.8
7f29aea31000-7f29aea33000 r--p 00011000 00:22 10691713                   /opt/simplex/lib/app/resources/libffi.so.8
7f29aea33000-7f29aea34000 r--p 00012000 00:22 10691713                   /opt/simplex/lib/app/resources/libffi.so.8
7f29aea34000-7f29aea35000 rw-p 00013000 00:22 10691713                   /opt/simplex/lib/app/resources/libffi.so.8
7f29aea35000-7f29aea84000 r-xp 00000000 00:22 10691619                   /opt/simplex/lib/app/resources/libHSghc-bignum-1.3-ghc9.6.3.so
7f29aea84000-7f29aea85000 r--p 0004e000 00:22 10691619                   /opt/simplex/lib/app/resources/libHSghc-bignum-1.3-ghc9.6.3.so
7f29aea85000-7f29aea89000 rw-p 0004f000 00:22 10691619                   /opt/simplex/lib/app/resources/libHSghc-bignum-1.3-ghc9.6.3.so
7f29aea89000-7f29aeb04000 r-xp 00000000 00:22 10691562                   /opt/simplex/lib/app/resources/libHSarray-0.5.5.0-ghc9.6.3.so
7f29aeb04000-7f29aeb05000 ---p 0007b000 00:22 10691562                   /opt/simplex/lib/app/resources/libHSarray-0.5.5.0-ghc9.6.3.so
7f29aeb05000-7f29aeb06000 r--p 0007b000 00:22 10691562                   /opt/simplex/lib/app/resources/libHSarray-0.5.5.0-ghc9.6.3.so
7f29aeb06000-7f29aeb0b000 rw-p 0007c000 00:22 10691562                   /opt/simplex/lib/app/resources/libHSarray-0.5.5.0-ghc9.6.3.so
7f29aeb0b000-7f29aeb74000 r-xp 00000000 00:22 10691652                   /opt/simplex/lib/app/resources/libHSpretty-1.1.3.6-ghc9.6.3.so
7f29aeb74000-7f29aeb75000 ---p 00069000 00:22 10691652                   /opt/simplex/lib/app/resources/libHSpretty-1.1.3.6-ghc9.6.3.so
7f29aeb75000-7f29aeb76000 r--p 00069000 00:22 10691652                   /opt/simplex/lib/app/resources/libHSpretty-1.1.3.6-ghc9.6.3.so
7f29aeb76000-7f29aeb7e000 rw-p 0006a000 00:22 10691652                   /opt/simplex/lib/app/resources/libHSpretty-1.1.3.6-ghc9.6.3.so
7f29aeb7e000-7f29aecd0000 r-xp 00000000 00:22 10691581                   /opt/simplex/lib/app/resources/libHSbytestring-0.11.5.2-ghc9.6.3.so
7f29aecd0000-7f29aecd1000 r--p 00151000 00:22 10691581                   /opt/simplex/lib/app/resources/libHSbytestring-0.11.5.2-ghc9.6.3.so
7f29aecd1000-7f29aece3000 rw-p 00152000 00:22 10691581                   /opt/simplex/lib/app/resources/libHSbytestring-0.11.5.2-ghc9.6.3.so
7f29aece3000-7f29aedf4000 r-xp 00000000 00:22 10691690                   /opt/simplex/lib/app/resources/libHStransformers-0.6.1.0-ghc9.6.3.so
7f29aedf4000-7f29aedf5000 r--p 00110000 00:22 10691690                   /opt/simplex/lib/app/resources/libHStransformers-0.6.1.0-ghc9.6.3.so
7f29aedf5000-7f29aee00000 rw-p 00111000 00:22 10691690                   /opt/simplex/lib/app/resources/libHStransformers-0.6.1.0-ghc9.6.3.so
7f29aee00000-7f29aef13000 r--p 00000000 00:22 10691555                   /opt/simplex/lib/app/resources/libHSQuickCheck-2.14.3-42e7b27f0bb2b87c0930816285f53ba2bdf063e20fd76cc59871d58e800a849e-ghc9.6.3.so
7f29aef13000-7f29aeffb000 r-xp 00113000 00:22 10691555                   /opt/simplex/lib/app/resources/libHSQuickCheck-2.14.3-42e7b27f0bb2b87c0930816285f53ba2bdf063e20fd76cc59871d58e800a849e-ghc9.6.3.so
7f29aeffb000-7f29aeffe000 r--p 001fb000 00:22 10691555                   /opt/simplex/lib/app/resources/libHSQuickCheck-2.14.3-42e7b27f0bb2b87c0930816285f53ba2bdf063e20fd76cc59871d58e800a849e-ghc9.6.3.so
7f29aeffe000-7f29af000000 r--p 001fd000 00:22 10691555                   /opt/simplex/lib/app/resources/libHSQuickCheck-2.14.3-42e7b27f0bb2b87c0930816285f53ba2bdf063e20fd76cc59871d58e800a849e-ghc9.6.3.so
7f29af000000-7f29af016000 rw-p 001ff000 00:22 10691555                   /opt/simplex/lib/app/resources/libHSQuickCheck-2.14.3-42e7b27f0bb2b87c0930816285f53ba2bdf063e20fd76cc59871d58e800a849e-ghc9.6.3.so
7f29af018000-7f29af019000 r--p 00000000 00:22 1663720                    /usr/lib/libXinerama.so.1.0.0
7f29af019000-7f29af01a000 r-xp 00001000 00:22 1663720                    /usr/lib/libXinerama.so.1.0.0
7f29af01a000-7f29af01b000 r--p 00002000 00:22 1663720                    /usr/lib/libXinerama.so.1.0.0
7f29af01b000-7f29af01c000 r--p 00002000 00:22 1663720                    /usr/lib/libXinerama.so.1.0.0
7f29af01c000-7f29af01d000 rw-p 00003000 00:22 1663720                    /usr/lib/libXinerama.so.1.0.0
7f29af01d000-7f29af01e000 r--p 00000000 00:22 9847                       /usr/lib/libXau.so.6.0.0
7f29af01e000-7f29af01f000 r-xp 00001000 00:22 9847                       /usr/lib/libXau.so.6.0.0
7f29af01f000-7f29af020000 r--p 00002000 00:22 9847                       /usr/lib/libXau.so.6.0.0
7f29af020000-7f29af021000 r--p 00002000 00:22 9847                       /usr/lib/libXau.so.6.0.0
7f29af021000-7f29af022000 rw-p 00003000 00:22 9847                       /usr/lib/libXau.so.6.0.0
7f29af022000-7f29af058000 r-xp 00000000 00:22 10691620                   /opt/simplex/lib/app/resources/libHSghc-boot-th-9.6.3-ghc9.6.3.so
7f29af058000-7f29af059000 ---p 00036000 00:22 10691620                   /opt/simplex/lib/app/resources/libHSghc-boot-th-9.6.3-ghc9.6.3.so
7f29af059000-7f29af05a000 r--p 00036000 00:22 10691620                   /opt/simplex/lib/app/resources/libHSghc-boot-th-9.6.3-ghc9.6.3.so
7f29af05a000-7f29af063000 rw-p 00037000 00:22 10691620                   /opt/simplex/lib/app/resources/libHSghc-boot-th-9.6.3-ghc9.6.3.so
7f29af063000-7f29af07f000 r-xp 00000000 00:22 10691605                   /opt/simplex/lib/app/resources/libHSdeepseq-1.4.8.1-ghc9.6.3.so
7f29af07f000-7f29af080000 ---p 0001c000 00:22 10691605                   /opt/simplex/lib/app/resources/libHSdeepseq-1.4.8.1-ghc9.6.3.so
7f29af080000-7f29af081000 r--p 0001c000 00:22 10691605                   /opt/simplex/lib/app/resources/libHSdeepseq-1.4.8.1-ghc9.6.3.so
7f29af081000-7f29af082000 rw-p 0001d000 00:22 10691605                   /opt/simplex/lib/app/resources/libHSdeepseq-1.4.8.1-ghc9.6.3.so
7f29af082000-7f29af0ce000 r-xp 00000000 00:22 10691640                   /opt/simplex/lib/app/resources/libHSmtl-2.3.1-ghc9.6.3.so
7f29af0ce000-7f29af0cf000 ---p 0004c000 00:22 10691640                   /opt/simplex/lib/app/resources/libHSmtl-2.3.1-ghc9.6.3.so
7f29af0cf000-7f29af0d0000 r--p 0004c000 00:22 10691640                   /opt/simplex/lib/app/resources/libHSmtl-2.3.1-ghc9.6.3.so
7f29af0d0000-7f29af0d3000 rw-p 0004d000 00:22 10691640                   /opt/simplex/lib/app/resources/libHSmtl-2.3.1-ghc9.6.3.so
7f29af0d3000-7f29af0e3000 r--p 00000000 00:22 10691669                   /opt/simplex/lib/app/resources/libHSsplitmix-0.1.0.5-4d43824a2aa15437e433f1a344653af933edf881ad9f72fc820c1c827832bfcb-ghc9.6.3.so
7f29af0e3000-7f29af0ec000 r-xp 00010000 00:22 10691669                   /opt/simplex/lib/app/resources/libHSsplitmix-0.1.0.5-4d43824a2aa15437e433f1a344653af933edf881ad9f72fc820c1c827832bfcb-ghc9.6.3.so
7f29af0ec000-7f29af0ed000 r--p 00019000 00:22 10691669                   /opt/simplex/lib/app/resources/libHSsplitmix-0.1.0.5-4d43824a2aa15437e433f1a344653af933edf881ad9f72fc820c1c827832bfcb-ghc9.6.3.so
7f29af0ed000-7f29af0ee000 r--p 00019000 00:22 10691669                   /opt/simplex/lib/app/resources/libHSsplitmix-0.1.0.5-4d43824a2aa15437e433f1a344653af933edf881ad9f72fc820c1c827832bfcb-ghc9.6.3.so
7f29af0ee000-7f29af0f0000 rw-p 0001a000 00:22 10691669                   /opt/simplex/lib/app/resources/libHSsplitmix-0.1.0.5-4d43824a2aa15437e433f1a344653af933edf881ad9f72fc820c1c827832bfcb-ghc9.6.3.so
7f29af0f0000-7f29af149000 r--p 00000000 00:22 10691657                   /opt/simplex/lib/app/resources/libHSrandom-1.2.1.1-f75323201d1b45182ed9370fb261ee029c5dbe1b59bf181cffc1aadffc6d66a4-ghc9.6.3.so
7f29af149000-7f29af1d4000 r-xp 00059000 00:22 10691657                   /opt/simplex/lib/app/resources/libHSrandom-1.2.1.1-f75323201d1b45182ed9370fb261ee029c5dbe1b59bf181cffc1aadffc6d66a4-ghc9.6.3.so
7f29af1d4000-7f29af1d5000 r--p 000e4000 00:22 10691657                   /opt/simplex/lib/app/resources/libHSrandom-1.2.1.1-f75323201d1b45182ed9370fb261ee029c5dbe1b59bf181cffc1aadffc6d66a4-ghc9.6.3.so
7f29af1d5000-7f29af1d6000 ---p 000e5000 00:22 10691657                   /opt/simplex/lib/app/resources/libHSrandom-1.2.1.1-f75323201d1b45182ed9370fb261ee029c5dbe1b59bf181cffc1aadffc6d66a4-ghc9.6.3.so
7f29af1d6000-7f29af1d7000 r--p 000e5000 00:22 10691657                   /opt/simplex/lib/app/resources/libHSrandom-1.2.1.1-f75323201d1b45182ed9370fb261ee029c5dbe1b59bf181cffc1aadffc6d66a4-ghc9.6.3.so
7f29af1d7000-7f29af1de000 rw-p 000e6000 00:22 10691657                   /opt/simplex/lib/app/resources/libHSrandom-1.2.1.1-f75323201d1b45182ed9370fb261ee029c5dbe1b59bf181cffc1aadffc6d66a4-ghc9.6.3.so
7f29af1de000-7f29af1fb000 r-xp 00000000 00:22 10691671                   /opt/simplex/lib/app/resources/libHSstm-2.5.1.0-ghc9.6.3.so
7f29af1fb000-7f29af1fc000 ---p 0001d000 00:22 10691671                   /opt/simplex/lib/app/resources/libHSstm-2.5.1.0-ghc9.6.3.so
7f29af1fc000-7f29af1fd000 r--p 0001d000 00:22 10691671                   /opt/simplex/lib/app/resources/libHSstm-2.5.1.0-ghc9.6.3.so
7f29af1fd000-7f29af200000 rw-p 0001e000 00:22 10691671                   /opt/simplex/lib/app/resources/libHSstm-2.5.1.0-ghc9.6.3.so
7f29af200000-7f29af4ef000 r-xp 00000000 00:22 10691678                   /opt/simplex/lib/app/resources/libHStext-2.0.2-ghc9.6.3.so
7f29af4ef000-7f29af4f0000 r--p 002ee000 00:22 10691678                   /opt/simplex/lib/app/resources/libHStext-2.0.2-ghc9.6.3.so
7f29af4f0000-7f29af508000 rw-p 002ef000 00:22 10691678                   /opt/simplex/lib/app/resources/libHStext-2.0.2-ghc9.6.3.so
7f29af508000-7f29af50c000 r--p 00000000 00:22 1663633                    /usr/lib/libXext.so.6.4.0
7f29af50c000-7f29af517000 r-xp 00004000 00:22 1663633                    /usr/lib/libXext.so.6.4.0
7f29af517000-7f29af51a000 r--p 0000f000 00:22 1663633                    /usr/lib/libXext.so.6.4.0
7f29af51a000-7f29af51b000 r--p 00011000 00:22 1663633                    /usr/lib/libXext.so.6.4.0
7f29af51b000-7f29af51c000 rw-p 00012000 00:22 1663633                    /usr/lib/libXext.so.6.4.0
7f29af51c000-7f29af55b000 r-xp 00000000 00:22 10691614                   /opt/simplex/lib/app/resources/libHSexceptions-0.10.7-ghc9.6.3.so
7f29af55b000-7f29af55c000 r--p 0003e000 00:22 10691614                   /opt/simplex/lib/app/resources/libHSexceptions-0.10.7-ghc9.6.3.so
7f29af55c000-7f29af560000 rw-p 0003f000 00:22 10691614                   /opt/simplex/lib/app/resources/libHSexceptions-0.10.7-ghc9.6.3.so
7f29af560000-7f29af617000 r-xp 00000000 00:22 10691617                   /opt/simplex/lib/app/resources/libHSfilepath-1.4.100.4-ghc9.6.3.so
7f29af617000-7f29af618000 r--p 000b6000 00:22 10691617                   /opt/simplex/lib/app/resources/libHSfilepath-1.4.100.4-ghc9.6.3.so
7f29af618000-7f29af624000 rw-p 000b7000 00:22 10691617                   /opt/simplex/lib/app/resources/libHSfilepath-1.4.100.4-ghc9.6.3.so
7f29af624000-7f29af6ea000 r-xp 00000000 00:22 10691576                   /opt/simplex/lib/app/resources/libHSbinary-0.8.9.1-ghc9.6.3.so
7f29af6ea000-7f29af6eb000 ---p 000c6000 00:22 10691576                   /opt/simplex/lib/app/resources/libHSbinary-0.8.9.1-ghc9.6.3.so
7f29af6eb000-7f29af6ec000 r--p 000c6000 00:22 10691576                   /opt/simplex/lib/app/resources/libHSbinary-0.8.9.1-ghc9.6.3.so
7f29af6ec000-7f29af6f2000 rw-p 000c7000 00:22 10691576                   /opt/simplex/lib/app/resources/libHSbinary-0.8.9.1-ghc9.6.3.so
7f29af6f2000-7f29af726000 r--p 00000000 00:22 10691622                   /opt/simplex/lib/app/resources/libHShashable-1.4.3.0-98acfc8d400a5c987d553ee7033a1f0d4393f505a0071034b204862e7038d80e-ghc9.6.3.so
7f29af726000-7f29af745000 r-xp 00034000 00:22 10691622                   /opt/simplex/lib/app/resources/libHShashable-1.4.3.0-98acfc8d400a5c987d553ee7033a1f0d4393f505a0071034b204862e7038d80e-ghc9.6.3.so
7f29af745000-7f29af746000 r--p 00053000 00:22 10691622                   /opt/simplex/lib/app/resources/libHShashable-1.4.3.0-98acfc8d400a5c987d553ee7033a1f0d4393f505a0071034b204862e7038d80e-ghc9.6.3.so
7f29af746000-7f29af747000 r--p 00053000 00:22 10691622                   /opt/simplex/lib/app/resources/libHShashable-1.4.3.0-98acfc8d400a5c987d553ee7033a1f0d4393f505a0071034b204862e7038d80e-ghc9.6.3.so
7f29af747000-7f29af74a000 rw-p 00054000 00:22 10691622                   /opt/simplex/lib/app/resources/libHShashable-1.4.3.0-98acfc8d400a5c987d553ee7033a1f0d4393f505a0071034b204862e7038d80e-ghc9.6.3.so
7f29af74a000-7f29af759000 r--p 00000000 00:22 10691604                   /opt/simplex/lib/app/resources/libHSdata-fix-0.3.2-4404532ec4620d7c25dfbde142be7414df2f51c7512f2c63e2cf5ae3482c5071-ghc9.6.3.so
7f29af759000-7f29af763000 r-xp 0000f000 00:22 10691604                   /opt/simplex/lib/app/resources/libHSdata-fix-0.3.2-4404532ec4620d7c25dfbde142be7414df2f51c7512f2c63e2cf5ae3482c5071-ghc9.6.3.so
7f29af763000-7f29af764000 r--p 00019000 00:22 10691604                   /opt/simplex/lib/app/resources/libHSdata-fix-0.3.2-4404532ec4620d7c25dfbde142be7414df2f51c7512f2c63e2cf5ae3482c5071-ghc9.6.3.so
7f29af764000-7f29af765000 r--p 00019000 00:22 10691604                   /opt/simplex/lib/app/resources/libHSdata-fix-0.3.2-4404532ec4620d7c25dfbde142be7414df2f51c7512f2c63e2cf5ae3482c5071-ghc9.6.3.so
7f29af765000-7f29af766000 rw-p 0001a000 00:22 10691604                   /opt/simplex/lib/app/resources/libHSdata-fix-0.3.2-4404532ec4620d7c25dfbde142be7414df2f51c7512f2c63e2cf5ae3482c5071-ghc9.6.3.so
7f29af766000-7f29af77b000 r--p 00000000 00:22 10691610                   /opt/simplex/lib/app/resources/libHSdlist-1.0-19350425ea16e193b94f3155032af71150aa52f121d0da6d2b4a052ebe8b472e-ghc9.6.3.so
7f29af77b000-7f29af789000 r-xp 00015000 00:22 10691610                   /opt/simplex/lib/app/resources/libHSdlist-1.0-19350425ea16e193b94f3155032af71150aa52f121d0da6d2b4a052ebe8b472e-ghc9.6.3.so
7f29af789000-7f29af78a000 r--p 00023000 00:22 10691610                   /opt/simplex/lib/app/resources/libHSdlist-1.0-19350425ea16e193b94f3155032af71150aa52f121d0da6d2b4a052ebe8b472e-ghc9.6.3.so
7f29af78a000-7f29af78b000 r--p 00023000 00:22 10691610                   /opt/simplex/lib/app/resources/libHSdlist-1.0-19350425ea16e193b94f3155032af71150aa52f121d0da6d2b4a052ebe8b472e-ghc9.6.3.so
7f29af78b000-7f29af78d000 rw-p 00024000 00:22 10691610                   /opt/simplex/lib/app/resources/libHSdlist-1.0-19350425ea16e193b94f3155032af71150aa52f121d0da6d2b4a052ebe8b472e-ghc9.6.3.so
7f29af78d000-7f29af7c5000 r--p 00000000 00:22 10691626                   /opt/simplex/lib/app/resources/libHSindexed-traversable-0.1.3-5c151c51a16fe848251abf60409384564a48ba07895ffcc7c55051ccad6ef1c8-ghc9.6.3.so
7f29af7c5000-7f29af7ee000 r-xp 00038000 00:22 10691626                   /opt/simplex/lib/app/resources/libHSindexed-traversable-0.1.3-5c151c51a16fe848251abf60409384564a48ba07895ffcc7c55051ccad6ef1c8-ghc9.6.3.so
7f29af7ee000-7f29af7ef000 r--p 00061000 00:22 10691626                   /opt/simplex/lib/app/resources/libHSindexed-traversable-0.1.3-5c151c51a16fe848251abf60409384564a48ba07895ffcc7c55051ccad6ef1c8-ghc9.6.3.so
7f29af7ef000-7f29af7f0000 r--p 00061000 00:22 10691626                   /opt/simplex/lib/app/resources/libHSindexed-traversable-0.1.3-5c151c51a16fe848251abf60409384564a48ba07895ffcc7c55051ccad6ef1c8-ghc9.6.3.so
7f29af7f0000-7f29af7f3000 rw-p 00062000 00:22 10691626                   /opt/simplex/lib/app/resources/libHSindexed-traversable-0.1.3-5c151c51a16fe848251abf60409384564a48ba07895ffcc7c55051ccad6ef1c8-ghc9.6.3.so
7f29af7f3000-7f29af875000 r--p 00000000 00:22 10691654                   /opt/simplex/lib/app/resources/libHSprimitive-0.8.0.0-1668d91881d295d36b48f2796497f2026070412919828ab5bdf883bdf10dfdf1-ghc9.6.3.so
7f29af875000-7f29af8c6000 r-xp 00082000 00:22 10691654                   /opt/simplex/lib/app/resources/libHSprimitive-0.8.0.0-1668d91881d295d36b48f2796497f2026070412919828ab5bdf883bdf10dfdf1-ghc9.6.3.so
7f29af8c6000-7f29af8c8000 r--p 000d3000 00:22 10691654                   /opt/simplex/lib/app/resources/libHSprimitive-0.8.0.0-1668d91881d295d36b48f2796497f2026070412919828ab5bdf883bdf10dfdf1-ghc9.6.3.so
7f29af8c8000-7f29af8c9000 r--p 000d4000 00:22 10691654                   /opt/simplex/lib/app/resources/libHSprimitive-0.8.0.0-1668d91881d295d36b48f2796497f2026070412919828ab5bdf883bdf10dfdf1-ghc9.6.3.so
7f29af8c9000-7f29af8d6000 rw-p 000d5000 00:22 10691654                   /opt/simplex/lib/app/resources/libHSprimitive-0.8.0.0-1668d91881d295d36b48f2796497f2026070412919828ab5bdf883bdf10dfdf1-ghc9.6.3.so
7f29af8d6000-7f29af8e1000 r--p 00000000 00:22 10691630                   /opt/simplex/lib/app/resources/libHSinteger-logarithms-1.0.3.1-967596eee7d227357a19cc7ecdd12c181b8bbc7a88c7e90578ac5595d559b732-ghc9.6.3.so
7f29af8e1000-7f29af8f2000 r-xp 0000b000 00:22 10691630                   /opt/simplex/lib/app/resources/libHSinteger-logarithms-1.0.3.1-967596eee7d227357a19cc7ecdd12c181b8bbc7a88c7e90578ac5595d559b732-ghc9.6.3.so
7f29af8f2000-7f29af8f3000 r--p 0001c000 00:22 10691630                   /opt/simplex/lib/app/resources/libHSinteger-logarithms-1.0.3.1-967596eee7d227357a19cc7ecdd12c181b8bbc7a88c7e90578ac5595d559b732-ghc9.6.3.so
7f29af8f3000-7f29af8f4000 r--p 0001c000 00:22 10691630                   /opt/simplex/lib/app/resources/libHSinteger-logarithms-1.0.3.1-967596eee7d227357a19cc7ecdd12c181b8bbc7a88c7e90578ac5595d559b732-ghc9.6.3.so
7f29af8f4000-7f29af8f7000 rw-p 0001d000 00:22 10691630                   /opt/simplex/lib/app/resources/libHSinteger-logarithms-1.0.3.1-967596eee7d227357a19cc7ecdd12c181b8bbc7a88c7e90578ac5595d559b732-ghc9.6.3.so
7f29af8f7000-7f29af9e9000 r-xp 00000000 00:22 10691650                   /opt/simplex/lib/app/resources/libHSparsec-3.1.16.1-ghc9.6.3.so
7f29af9e9000-7f29af9ea000 ---p 000f2000 00:22 10691650                   /opt/simplex/lib/app/resources/libHSparsec-3.1.16.1-ghc9.6.3.so
7f29af9ea000-7f29af9eb000 r--p 000f2000 00:22 10691650                   /opt/simplex/lib/app/resources/libHSparsec-3.1.16.1-ghc9.6.3.so
7f29af9eb000-7f29af9f7000 rw-p 000f3000 00:22 10691650                   /opt/simplex/lib/app/resources/libHSparsec-3.1.16.1-ghc9.6.3.so
7f29af9f7000-7f29afa19000 r--p 00000000 00:22 10691646                   /opt/simplex/lib/app/resources/libHSnetwork-uri-2.6.4.2-1b28555ec16212e9f20752fce0460b0baff485858922e9bd4f037e02858e9015-ghc9.6.3.so
7f29afa19000-7f29afa7b000 r-xp 00022000 00:22 10691646                   /opt/simplex/lib/app/resources/libHSnetwork-uri-2.6.4.2-1b28555ec16212e9f20752fce0460b0baff485858922e9bd4f037e02858e9015-ghc9.6.3.so
7f29afa7b000-7f29afa7c000 r--p 00084000 00:22 10691646                   /opt/simplex/lib/app/resources/libHSnetwork-uri-2.6.4.2-1b28555ec16212e9f20752fce0460b0baff485858922e9bd4f037e02858e9015-ghc9.6.3.so
7f29afa7c000-7f29afa7d000 r--p 00084000 00:22 10691646                   /opt/simplex/lib/app/resources/libHSnetwork-uri-2.6.4.2-1b28555ec16212e9f20752fce0460b0baff485858922e9bd4f037e02858e9015-ghc9.6.3.so
7f29afa7d000-7f29afa81000 rw-p 00085000 00:22 10691646                   /opt/simplex/lib/app/resources/libHSnetwork-uri-2.6.4.2-1b28555ec16212e9f20752fce0460b0baff485858922e9bd4f037e02858e9015-ghc9.6.3.so
7f29afa81000-7f29afaa5000 r--p 00000000 00:22 10691662                   /opt/simplex/lib/app/resources/libHSscientific-0.3.7.0-7a07b5ac361675a639efba043eabeed19b465966ead7cf70752d089759ceb598-ghc9.6.3.so
7f29afaa5000-7f29afadb000 r-xp 00024000 00:22 10691662                   /opt/simplex/lib/app/resources/libHSscientific-0.3.7.0-7a07b5ac361675a639efba043eabeed19b465966ead7cf70752d089759ceb598-ghc9.6.3.so
7f29afadb000-7f29afadc000 r--p 0005a000 00:22 10691662                   /opt/simplex/lib/app/resources/libHSscientific-0.3.7.0-7a07b5ac361675a639efba043eabeed19b465966ead7cf70752d089759ceb598-ghc9.6.3.so
7f29afadc000-7f29afadd000 ---p 0005b000 00:22 10691662                   /opt/simplex/lib/app/resources/libHSscientific-0.3.7.0-7a07b5ac361675a639efba043eabeed19b465966ead7cf70752d089759ceb598-ghc9.6.3.so
7f29afadd000-7f29afade000 r--p 0005b000 00:22 10691662                   /opt/simplex/lib/app/resources/libHSscientific-0.3.7.0-7a07b5ac361675a639efba043eabeed19b465966ead7cf70752d089759ceb598-ghc9.6.3.so
7f29afade000-7f29afae3000 rw-p 0005c000 00:22 10691662                   /opt/simplex/lib/app/resources/libHSscientific-0.3.7.0-7a07b5ac361675a639efba043eabeed19b465966ead7cf70752d089759ceb598-ghc9.6.3.so
7f29afae3000-7f29afb22000 r--p 00000000 00:22 10691700                   /opt/simplex/lib/app/resources/libHSunordered-containers-0.2.19.1-fe823f0c4c35e091e52d2033a63fb26d634c96f699768c5240411cca0b2d0108-ghc9.6.3.so
7f29afb22000-7f29afba2000 r-xp 0003f000 00:22 10691700                   /opt/simplex/lib/app/resources/libHSunordered-containers-0.2.19.1-fe823f0c4c35e091e52d2033a63fb26d634c96f699768c5240411cca0b2d0108-ghc9.6.3.so
7f29afba2000-7f29afba3000 r--p 000bf000 00:22 10691700                   /opt/simplex/lib/app/resources/libHSunordered-containers-0.2.19.1-fe823f0c4c35e091e52d2033a63fb26d634c96f699768c5240411cca0b2d0108-ghc9.6.3.so
7f29afba3000-7f29afba4000 ---p 000c0000 00:22 10691700                   /opt/simplex/lib/app/resources/libHSunordered-containers-0.2.19.1-fe823f0c4c35e091e52d2033a63fb26d634c96f699768c5240411cca0b2d0108-ghc9.6.3.so
7f29afba4000-7f29afba5000 r--p 000c0000 00:22 10691700                   /opt/simplex/lib/app/resources/libHSunordered-containers-0.2.19.1-fe823f0c4c35e091e52d2033a63fb26d634c96f699768c5240411cca0b2d0108-ghc9.6.3.so
7f29afba5000-7f29afbaa000 rw-p 000c1000 00:22 10691700                   /opt/simplex/lib/app/resources/libHSunordered-containers-0.2.19.1-fe823f0c4c35e091e52d2033a63fb26d634c96f699768c5240411cca0b2d0108-ghc9.6.3.so
7f29afbaa000-7f29afbbe000 r--p 00000000 00:22 10691706                   /opt/simplex/lib/app/resources/libHSvector-stream-0.1.0.0-cd544f2a524119b745a23e3409aa3f38b5d18471174a3ec15e48fdb0b32df517-ghc9.6.3.so
7f29afbbe000-7f29afbfc000 r-xp 00014000 00:22 10691706                   /opt/simplex/lib/app/resources/libHSvector-stream-0.1.0.0-cd544f2a524119b745a23e3409aa3f38b5d18471174a3ec15e48fdb0b32df517-ghc9.6.3.so
7f29afbfc000-7f29afbfd000 r--p 00052000 00:22 10691706                   /opt/simplex/lib/app/resources/libHSvector-stream-0.1.0.0-cd544f2a524119b745a23e3409aa3f38b5d18471174a3ec15e48fdb0b32df517-ghc9.6.3.so
7f29afbfd000-7f29afbfe000 r--p 00052000 00:22 10691706                   /opt/simplex/lib/app/resources/libHSvector-stream-0.1.0.0-cd544f2a524119b745a23e3409aa3f38b5d18471174a3ec15e48fdb0b32df517-ghc9.6.3.so
7f29afbfe000-7f29afc00000 rw-p 00053000 00:22 10691706                   /opt/simplex/lib/app/resources/libHSvector-stream-0.1.0.0-cd544f2a524119b745a23e3409aa3f38b5d18471174a3ec15e48fdb0b32df517-ghc9.6.3.so
7f29afc00000-7f29afd86000 r--p 00000000 00:22 10691704                   /opt/simplex/lib/app/resources/libHSvector-0.13.1.0-cf8a0ecaaaf2c3a8a67fd3a90b4673e394789ff172620844d9169dac0c285184-ghc9.6.3.so
7f29afd86000-7f29b0118000 r-xp 00186000 00:22 10691704                   /opt/simplex/lib/app/resources/libHSvector-0.13.1.0-cf8a0ecaaaf2c3a8a67fd3a90b4673e394789ff172620844d9169dac0c285184-ghc9.6.3.so
7f29b0118000-7f29b011a000 r--p 00518000 00:22 10691704                   /opt/simplex/lib/app/resources/libHSvector-0.13.1.0-cf8a0ecaaaf2c3a8a67fd3a90b4673e394789ff172620844d9169dac0c285184-ghc9.6.3.so
7f29b011a000-7f29b011b000 ---p 0051a000 00:22 10691704                   /opt/simplex/lib/app/resources/libHSvector-0.13.1.0-cf8a0ecaaaf2c3a8a67fd3a90b4673e394789ff172620844d9169dac0c285184-ghc9.6.3.so
7f29b011b000-7f29b011c000 r--p 0051a000 00:22 10691704                   /opt/simplex/lib/app/resources/libHSvector-0.13.1.0-cf8a0ecaaaf2c3a8a67fd3a90b4673e394789ff172620844d9169dac0c285184-ghc9.6.3.so
7f29b011c000-7f29b014a000 rw-p 0051b000 00:22 10691704                   /opt/simplex/lib/app/resources/libHSvector-0.13.1.0-cf8a0ecaaaf2c3a8a67fd3a90b4673e394789ff172620844d9169dac0c285184-ghc9.6.3.so
7f29b014d000-7f29b014f000 r--p 00000000 00:22 116812                     /usr/lib/libXtst.so.6.1.0
7f29b014f000-7f29b0152000 r-xp 00002000 00:22 116812                     /usr/lib/libXtst.so.6.1.0
7f29b0152000-7f29b0153000 r--p 00005000 00:22 116812                     /usr/lib/libXtst.so.6.1.0
7f29b0153000-7f29b0154000 r--p 00005000 00:22 116812                     /usr/lib/libXtst.so.6.1.0
7f29b0154000-7f29b0155000 rw-p 00006000 00:22 116812                     /usr/lib/libXtst.so.6.1.0
7f29b0155000-7f29b0171000 r--p 00000000 00:22 10691675                   /opt/simplex/lib/app/resources/libHStagged-0.8.8-245207977ddabd2449b4b7811802701130827478b7f71185ea9f91ae936b7797-ghc9.6.3.so
7f29b0171000-7f29b0180000 r-xp 0001c000 00:22 10691675                   /opt/simplex/lib/app/resources/libHStagged-0.8.8-245207977ddabd2449b4b7811802701130827478b7f71185ea9f91ae936b7797-ghc9.6.3.so
7f29b0180000-7f29b0181000 r--p 0002b000 00:22 10691675                   /opt/simplex/lib/app/resources/libHStagged-0.8.8-245207977ddabd2449b4b7811802701130827478b7f71185ea9f91ae936b7797-ghc9.6.3.so
7f29b0181000-7f29b0182000 r--p 0002b000 00:22 10691675                   /opt/simplex/lib/app/resources/libHStagged-0.8.8-245207977ddabd2449b4b7811802701130827478b7f71185ea9f91ae936b7797-ghc9.6.3.so
7f29b0182000-7f29b0184000 rw-p 0002c000 00:22 10691675                   /opt/simplex/lib/app/resources/libHStagged-0.8.8-245207977ddabd2449b4b7811802701130827478b7f71185ea9f91ae936b7797-ghc9.6.3.so
7f29b0184000-7f29b01c6000 r--p 00000000 00:22 10691692                   /opt/simplex/lib/app/resources/libHStransformers-compat-0.7.2-25923a9ee3488abd71a022b0310fa410647c6ac733dd896576b6e366ef80fd82-ghc9.6.3.so
7f29b01c6000-7f29b01df000 r-xp 00042000 00:22 10691692                   /opt/simplex/lib/app/resources/libHStransformers-compat-0.7.2-25923a9ee3488abd71a022b0310fa410647c6ac733dd896576b6e366ef80fd82-ghc9.6.3.so
7f29b01df000-7f29b01e1000 r--p 0005b000 00:22 10691692                   /opt/simplex/lib/app/resources/libHStransformers-compat-0.7.2-25923a9ee3488abd71a022b0310fa410647c6ac733dd896576b6e366ef80fd82-ghc9.6.3.so
7f29b01e1000-7f29b01e2000 r--p 0005c000 00:22 10691692                   /opt/simplex/lib/app/resources/libHStransformers-compat-0.7.2-25923a9ee3488abd71a022b0310fa410647c6ac733dd896576b6e366ef80fd82-ghc9.6.3.so
7f29b01e2000-7f29b01e7000 rw-p 0005d000 00:22 10691692                   /opt/simplex/lib/app/resources/libHStransformers-compat-0.7.2-25923a9ee3488abd71a022b0310fa410647c6ac733dd896576b6e366ef80fd82-ghc9.6.3.so
7f29b01e7000-7f29b0216000 r--p 00000000 00:22 10691585                   /opt/simplex/lib/app/resources/libHScomonad-5.0.8-db6fdc8475375a8088bde8f5f0a18ec7839b5f7135bfd4a1b039ae844bb9f9f7-ghc9.6.3.so
7f29b0216000-7f29b0232000 r-xp 0002f000 00:22 10691585                   /opt/simplex/lib/app/resources/libHScomonad-5.0.8-db6fdc8475375a8088bde8f5f0a18ec7839b5f7135bfd4a1b039ae844bb9f9f7-ghc9.6.3.so
7f29b0232000-7f29b0233000 r--p 0004b000 00:22 10691585                   /opt/simplex/lib/app/resources/libHScomonad-5.0.8-db6fdc8475375a8088bde8f5f0a18ec7839b5f7135bfd4a1b039ae844bb9f9f7-ghc9.6.3.so
7f29b0233000-7f29b0234000 r--p 0004b000 00:22 10691585                   /opt/simplex/lib/app/resources/libHScomonad-5.0.8-db6fdc8475375a8088bde8f5f0a18ec7839b5f7135bfd4a1b039ae844bb9f9f7-ghc9.6.3.so
7f29b0234000-7f29b0237000 rw-p 0004c000 00:22 10691585                   /opt/simplex/lib/app/resources/libHScomonad-5.0.8-db6fdc8475375a8088bde8f5f0a18ec7839b5f7135bfd4a1b039ae844bb9f9f7-ghc9.6.3.so
7f29b0237000-7f29b0283000 r--p 00000000 00:22 10691681                   /opt/simplex/lib/app/resources/libHSth-abstraction-0.6.0.0-4b7fd6ddae43ee14f43798c73010233dd357bc47de41458d8a4e4c8fc084082b-ghc9.6.3.so
7f29b0283000-7f29b02ca000 r-xp 0004c000 00:22 10691681                   /opt/simplex/lib/app/resources/libHSth-abstraction-0.6.0.0-4b7fd6ddae43ee14f43798c73010233dd357bc47de41458d8a4e4c8fc084082b-ghc9.6.3.so
7f29b02ca000-7f29b02cc000 r--p 00093000 00:22 10691681                   /opt/simplex/lib/app/resources/libHSth-abstraction-0.6.0.0-4b7fd6ddae43ee14f43798c73010233dd357bc47de41458d8a4e4c8fc084082b-ghc9.6.3.so
7f29b02cc000-7f29b02cd000 ---p 00095000 00:22 10691681                   /opt/simplex/lib/app/resources/libHSth-abstraction-0.6.0.0-4b7fd6ddae43ee14f43798c73010233dd357bc47de41458d8a4e4c8fc084082b-ghc9.6.3.so
7f29b02cd000-7f29b02ce000 r--p 00095000 00:22 10691681                   /opt/simplex/lib/app/resources/libHSth-abstraction-0.6.0.0-4b7fd6ddae43ee14f43798c73010233dd357bc47de41458d8a4e4c8fc084082b-ghc9.6.3.so
7f29b02ce000-7f29b02d5000 rw-p 00096000 00:22 10691681                   /opt/simplex/lib/app/resources/libHSth-abstraction-0.6.0.0-4b7fd6ddae43ee14f43798c73010233dd357bc47de41458d8a4e4c8fc084082b-ghc9.6.3.so
7f29b02d5000-7f29b039b000 r--p 00000000 00:22 10691575                   /opt/simplex/lib/app/resources/libHSbifunctors-5.6.1-821163cc03fae21b74f29dca370e811f63a65f46c62cfe96d1425caa200f3c5c-ghc9.6.3.so
7f29b039b000-7f29b043c000 r-xp 000c6000 00:22 10691575                   /opt/simplex/lib/app/resources/libHSbifunctors-5.6.1-821163cc03fae21b74f29dca370e811f63a65f46c62cfe96d1425caa200f3c5c-ghc9.6.3.so
7f29b043c000-7f29b043e000 r--p 00167000 00:22 10691575                   /opt/simplex/lib/app/resources/libHSbifunctors-5.6.1-821163cc03fae21b74f29dca370e811f63a65f46c62cfe96d1425caa200f3c5c-ghc9.6.3.so
7f29b043e000-7f29b043f000 ---p 00169000 00:22 10691575                   /opt/simplex/lib/app/resources/libHSbifunctors-5.6.1-821163cc03fae21b74f29dca370e811f63a65f46c62cfe96d1425caa200f3c5c-ghc9.6.3.so
7f29b043f000-7f29b0440000 r--p 00169000 00:22 10691575                   /opt/simplex/lib/app/resources/libHSbifunctors-5.6.1-821163cc03fae21b74f29dca370e811f63a65f46c62cfe96d1425caa200f3c5c-ghc9.6.3.so
7f29b0440000-7f29b044f000 rw-p 0016a000 00:22 10691575                   /opt/simplex/lib/app/resources/libHSbifunctors-5.6.1-821163cc03fae21b74f29dca370e811f63a65f46c62cfe96d1425caa200f3c5c-ghc9.6.3.so
7f29b044f000-7f29b0471000 r--p 00000000 00:22 10691591                   /opt/simplex/lib/app/resources/libHScontravariant-1.5.5-70d7f156408038e9752dcbba632c9c365900dde64d1872b1b3f3370b60d23395-ghc9.6.3.so
7f29b0471000-7f29b0480000 r-xp 00022000 00:22 10691591                   /opt/simplex/lib/app/resources/libHScontravariant-1.5.5-70d7f156408038e9752dcbba632c9c365900dde64d1872b1b3f3370b60d23395-ghc9.6.3.so
7f29b0480000-7f29b0481000 r--p 00031000 00:22 10691591                   /opt/simplex/lib/app/resources/libHScontravariant-1.5.5-70d7f156408038e9752dcbba632c9c365900dde64d1872b1b3f3370b60d23395-ghc9.6.3.so
7f29b0481000-7f29b0482000 r--p 00031000 00:22 10691591                   /opt/simplex/lib/app/resources/libHScontravariant-1.5.5-70d7f156408038e9752dcbba632c9c365900dde64d1872b1b3f3370b60d23395-ghc9.6.3.so
7f29b0482000-7f29b0484000 rw-p 00032000 00:22 10691591                   /opt/simplex/lib/app/resources/libHScontravariant-1.5.5-70d7f156408038e9752dcbba632c9c365900dde64d1872b1b3f3370b60d23395-ghc9.6.3.so
7f29b0484000-7f29b053a000 r--p 00000000 00:22 10691664                   /opt/simplex/lib/app/resources/libHSsemigroupoids-6.0.0.1-d56f88db2e1891ee087502046796957cae68c5b2ce657ace8f34eccdd8b0241a-ghc9.6.3.so
7f29b053a000-7f29b05a6000 r-xp 000b6000 00:22 10691664                   /opt/simplex/lib/app/resources/libHSsemigroupoids-6.0.0.1-d56f88db2e1891ee087502046796957cae68c5b2ce657ace8f34eccdd8b0241a-ghc9.6.3.so
7f29b05a6000-7f29b05a7000 r--p 00122000 00:22 10691664                   /opt/simplex/lib/app/resources/libHSsemigroupoids-6.0.0.1-d56f88db2e1891ee087502046796957cae68c5b2ce657ace8f34eccdd8b0241a-ghc9.6.3.so
7f29b05a7000-7f29b05a8000 ---p 00123000 00:22 10691664                   /opt/simplex/lib/app/resources/libHSsemigroupoids-6.0.0.1-d56f88db2e1891ee087502046796957cae68c5b2ce657ace8f34eccdd8b0241a-ghc9.6.3.so
7f29b05a8000-7f29b05a9000 r--p 00123000 00:22 10691664                   /opt/simplex/lib/app/resources/libHSsemigroupoids-6.0.0.1-d56f88db2e1891ee087502046796957cae68c5b2ce657ace8f34eccdd8b0241a-ghc9.6.3.so
7f29b05a9000-7f29b05b1000 rw-p 00124000 00:22 10691664                   /opt/simplex/lib/app/resources/libHSsemigroupoids-6.0.0.1-d56f88db2e1891ee087502046796957cae68c5b2ce657ace8f34eccdd8b0241a-ghc9.6.3.so
7f29b05b1000-7f29b05d9000 r--p 00000000 00:22 10691685                   /opt/simplex/lib/app/resources/libHSthese-1.2-3b1f6a11eac936dc57ccf3a6f07e8171cab1162bd8998b3ed3f34a6961b31092-ghc9.6.3.so
7f29b05d9000-7f29b05fe000 r-xp 00028000 00:22 10691685                   /opt/simplex/lib/app/resources/libHSthese-1.2-3b1f6a11eac936dc57ccf3a6f07e8171cab1162bd8998b3ed3f34a6961b31092-ghc9.6.3.so
7f29b05fe000-7f29b05ff000 r--p 0004d000 00:22 10691685                   /opt/simplex/lib/app/resources/libHSthese-1.2-3b1f6a11eac936dc57ccf3a6f07e8171cab1162bd8998b3ed3f34a6961b31092-ghc9.6.3.so
7f29b05ff000-7f29b0600000 r--p 0004d000 00:22 10691685                   /opt/simplex/lib/app/resources/libHSthese-1.2-3b1f6a11eac936dc57ccf3a6f07e8171cab1162bd8998b3ed3f34a6961b31092-ghc9.6.3.so
7f29b0600000-7f29b0603000 rw-p 0004e000 00:22 10691685                   /opt/simplex/lib/app/resources/libHSthese-1.2-3b1f6a11eac936dc57ccf3a6f07e8171cab1162bd8998b3ed3f34a6961b31092-ghc9.6.3.so
7f29b0603000-7f29b063c000 r--p 00000000 00:22 10691663                   /opt/simplex/lib/app/resources/libHSsemialign-1.3-99ac2e818d746a6df401718f0e74d0c6627f6b1f9a710e172a601f5dd48242ec-ghc9.6.3.so
7f29b063c000-7f29b066c000 r-xp 00039000 00:22 10691663                   /opt/simplex/lib/app/resources/libHSsemialign-1.3-99ac2e818d746a6df401718f0e74d0c6627f6b1f9a710e172a601f5dd48242ec-ghc9.6.3.so
7f29b066c000-7f29b066d000 r--p 00069000 00:22 10691663                   /opt/simplex/lib/app/resources/libHSsemialign-1.3-99ac2e818d746a6df401718f0e74d0c6627f6b1f9a710e172a601f5dd48242ec-ghc9.6.3.so
7f29b066d000-7f29b066e000 ---p 0006a000 00:22 10691663                   /opt/simplex/lib/app/resources/libHSsemialign-1.3-99ac2e818d746a6df401718f0e74d0c6627f6b1f9a710e172a601f5dd48242ec-ghc9.6.3.so
7f29b066e000-7f29b066f000 r--p 0006a000 00:22 10691663                   /opt/simplex/lib/app/resources/libHSsemialign-1.3-99ac2e818d746a6df401718f0e74d0c6627f6b1f9a710e172a601f5dd48242ec-ghc9.6.3.so
7f29b066f000-7f29b0673000 rw-p 0006b000 00:22 10691663                   /opt/simplex/lib/app/resources/libHSsemialign-1.3-99ac2e818d746a6df401718f0e74d0c6627f6b1f9a710e172a601f5dd48242ec-ghc9.6.3.so
7f29b0673000-7f29b07e2000 r-xp 00000000 00:22 10691686                   /opt/simplex/lib/app/resources/libHStime-1.12.2-ghc9.6.3.so
7f29b07e2000-7f29b07e3000 ---p 0016f000 00:22 10691686                   /opt/simplex/lib/app/resources/libHStime-1.12.2-ghc9.6.3.so
7f29b07e3000-7f29b07e4000 r--p 0016f000 00:22 10691686                   /opt/simplex/lib/app/resources/libHStime-1.12.2-ghc9.6.3.so
7f29b07e4000-7f29b0800000 rw-p 00170000 00:22 10691686                   /opt/simplex/lib/app/resources/libHStime-1.12.2-ghc9.6.3.so
7f29b0800000-7f29b0a2c000 r--p 00000000 00:22 10691557                   /opt/simplex/lib/app/resources/libHSaeson-2.2.1.0-cf52746d31b8346dfd448c16593c61264a0cdb15506adcbb2603cfff8af08098-ghc9.6.3.so
7f29b0a2c000-7f29b0d1b000 r-xp 0022c000 00:22 10691557                   /opt/simplex/lib/app/resources/libHSaeson-2.2.1.0-cf52746d31b8346dfd448c16593c61264a0cdb15506adcbb2603cfff8af08098-ghc9.6.3.so
7f29b0d1b000-7f29b0d22000 r--p 0051b000 00:22 10691557                   /opt/simplex/lib/app/resources/libHSaeson-2.2.1.0-cf52746d31b8346dfd448c16593c61264a0cdb15506adcbb2603cfff8af08098-ghc9.6.3.so
7f29b0d22000-7f29b0d23000 ---p 00522000 00:22 10691557                   /opt/simplex/lib/app/resources/libHSaeson-2.2.1.0-cf52746d31b8346dfd448c16593c61264a0cdb15506adcbb2603cfff8af08098-ghc9.6.3.so
7f29b0d23000-7f29b0d25000 r--p 00522000 00:22 10691557                   /opt/simplex/lib/app/resources/libHSaeson-2.2.1.0-cf52746d31b8346dfd448c16593c61264a0cdb15506adcbb2603cfff8af08098-ghc9.6.3.so
7f29b0d25000-7f29b0d56000 rw-p 00524000 00:22 10691557                   /opt/simplex/lib/app/resources/libHSaeson-2.2.1.0-cf52746d31b8346dfd448c16593c61264a0cdb15506adcbb2603cfff8af08098-ghc9.6.3.so
7f29b0d58000-7f29b0d5a000 r--p 00000000 00:22 116809                     /usr/lib/libXrender.so.1.3.0
7f29b0d5a000-7f29b0d61000 r-xp 00002000 00:22 116809                     /usr/lib/libXrender.so.1.3.0
7f29b0d61000-7f29b0d62000 r--p 00009000 00:22 116809                     /usr/lib/libXrender.so.1.3.0
7f29b0d62000-7f29b0d63000 r--p 00009000 00:22 116809                     /usr/lib/libXrender.so.1.3.0
7f29b0d63000-7f29b0d64000 rw-p 0000a000 00:22 116809                     /usr/lib/libXrender.so.1.3.0
7f29b0d64000-7f29b0d6f000 r--p 00000000 00:22 10691682                   /opt/simplex/lib/app/resources/libHSth-compat-0.1.4-0067826cccf2ecd73fb3b4a3646f25bf76c4c0471063cc62f191ddab844b4926-ghc9.6.3.so
7f29b0d6f000-7f29b0d71000 r-xp 0000b000 00:22 10691682                   /opt/simplex/lib/app/resources/libHSth-compat-0.1.4-0067826cccf2ecd73fb3b4a3646f25bf76c4c0471063cc62f191ddab844b4926-ghc9.6.3.so
7f29b0d71000-7f29b0d72000 r--p 0000d000 00:22 10691682                   /opt/simplex/lib/app/resources/libHSth-compat-0.1.4-0067826cccf2ecd73fb3b4a3646f25bf76c4c0471063cc62f191ddab844b4926-ghc9.6.3.so
7f29b0d72000-7f29b0d73000 r--p 0000d000 00:22 10691682                   /opt/simplex/lib/app/resources/libHSth-compat-0.1.4-0067826cccf2ecd73fb3b4a3646f25bf76c4c0471063cc62f191ddab844b4926-ghc9.6.3.so
7f29b0d73000-7f29b0d75000 rw-p 0000e000 00:22 10691682                   /opt/simplex/lib/app/resources/libHSth-compat-0.1.4-0067826cccf2ecd73fb3b4a3646f25bf76c4c0471063cc62f191ddab844b4926-ghc9.6.3.so
7f29b0d75000-7f29b0dbf000 r--p 00000000 00:22 10691674                   /opt/simplex/lib/app/resources/libHSstrict-0.5-1a0c8f31aff2b2f1a8ae2f87d1569e7d08ca311d4a6f56f8f2ee0b62023ef159-ghc9.6.3.so
7f29b0dbf000-7f29b0df8000 r-xp 0004a000 00:22 10691674                   /opt/simplex/lib/app/resources/libHSstrict-0.5-1a0c8f31aff2b2f1a8ae2f87d1569e7d08ca311d4a6f56f8f2ee0b62023ef159-ghc9.6.3.so
7f29b0df8000-7f29b0df9000 r--p 00083000 00:22 10691674                   /opt/simplex/lib/app/resources/libHSstrict-0.5-1a0c8f31aff2b2f1a8ae2f87d1569e7d08ca311d4a6f56f8f2ee0b62023ef159-ghc9.6.3.so
7f29b0df9000-7f29b0dfa000 r--p 00083000 00:22 10691674                   /opt/simplex/lib/app/resources/libHSstrict-0.5-1a0c8f31aff2b2f1a8ae2f87d1569e7d08ca311d4a6f56f8f2ee0b62023ef159-ghc9.6.3.so
7f29b0dfa000-7f29b0e00000 rw-p 00084000 00:22 10691674                   /opt/simplex/lib/app/resources/libHSstrict-0.5-1a0c8f31aff2b2f1a8ae2f87d1569e7d08ca311d4a6f56f8f2ee0b62023ef159-ghc9.6.3.so
7f29b0e00000-7f29b0e58000 r--p 00000000 00:22 10691568                   /opt/simplex/lib/app/resources/libHSattoparsec-0.14.4-4f4ea7336683751fc7ddafd5d6b7f267d5cd03d53ffa54f447c4d22956ac93d0-ghc9.6.3.so
7f29b0e58000-7f29b1018000 r-xp 00058000 00:22 10691568                   /opt/simplex/lib/app/resources/libHSattoparsec-0.14.4-4f4ea7336683751fc7ddafd5d6b7f267d5cd03d53ffa54f447c4d22956ac93d0-ghc9.6.3.so
7f29b1018000-7f29b1019000 r--p 00218000 00:22 10691568                   /opt/simplex/lib/app/resources/libHSattoparsec-0.14.4-4f4ea7336683751fc7ddafd5d6b7f267d5cd03d53ffa54f447c4d22956ac93d0-ghc9.6.3.so
7f29b1019000-7f29b101a000 ---p 00219000 00:22 10691568                   /opt/simplex/lib/app/resources/libHSattoparsec-0.14.4-4f4ea7336683751fc7ddafd5d6b7f267d5cd03d53ffa54f447c4d22956ac93d0-ghc9.6.3.so
7f29b101a000-7f29b101b000 r--p 00219000 00:22 10691568                   /opt/simplex/lib/app/resources/libHSattoparsec-0.14.4-4f4ea7336683751fc7ddafd5d6b7f267d5cd03d53ffa54f447c4d22956ac93d0-ghc9.6.3.so
7f29b101b000-7f29b1025000 rw-p 0021a000 00:22 10691568                   /opt/simplex/lib/app/resources/libHSattoparsec-0.14.4-4f4ea7336683751fc7ddafd5d6b7f267d5cd03d53ffa54f447c4d22956ac93d0-ghc9.6.3.so
7f29b1025000-7f29b1026000 r--p 00000000 00:22 268361                     /usr/lib/libbrotlidec.so.1.2.0
7f29b1026000-7f29b102f000 r-xp 00001000 00:22 268361                     /usr/lib/libbrotlidec.so.1.2.0
7f29b102f000-7f29b1032000 r--p 0000a000 00:22 268361                     /usr/lib/libbrotlidec.so.1.2.0
7f29b1032000-7f29b1033000 r--p 0000c000 00:22 268361                     /usr/lib/libbrotlidec.so.1.2.0
7f29b1033000-7f29b1034000 rw-p 0000d000 00:22 268361                     /usr/lib/libbrotlidec.so.1.2.0
7f29b1034000-7f29b1050000 r--p 00000000 00:22 10691687                   /opt/simplex/lib/app/resources/libHStime-compat-1.9.6.1-d15b6a338416dabcd597571a5e582e7c8fcc7d68279f99ccd7cd20e024900e44-ghc9.6.3.so
7f29b1050000-7f29b105d000 r-xp 0001c000 00:22 10691687                   /opt/simplex/lib/app/resources/libHStime-compat-1.9.6.1-d15b6a338416dabcd597571a5e582e7c8fcc7d68279f99ccd7cd20e024900e44-ghc9.6.3.so
7f29b105d000-7f29b105e000 r--p 00029000 00:22 10691687                   /opt/simplex/lib/app/resources/libHStime-compat-1.9.6.1-d15b6a338416dabcd597571a5e582e7c8fcc7d68279f99ccd7cd20e024900e44-ghc9.6.3.so
7f29b105e000-7f29b105f000 r--p 00029000 00:22 10691687                   /opt/simplex/lib/app/resources/libHStime-compat-1.9.6.1-d15b6a338416dabcd597571a5e582e7c8fcc7d68279f99ccd7cd20e024900e44-ghc9.6.3.so
7f29b105f000-7f29b1061000 rw-p 0002a000 00:22 10691687                   /opt/simplex/lib/app/resources/libHStime-compat-1.9.6.1-d15b6a338416dabcd597571a5e582e7c8fcc7d68279f99ccd7cd20e024900e44-ghc9.6.3.so
7f29b1061000-7f29b1070000 r--p 00000000 00:22 10691679                   /opt/simplex/lib/app/resources/libHStext-iso8601-0.1-55382b463885bb513191a122ae0f82efcc92d62419c514170d7c421c5a196612-ghc9.6.3.so
7f29b1070000-7f29b10b6000 r-xp 0000f000 00:22 10691679                   /opt/simplex/lib/app/resources/libHStext-iso8601-0.1-55382b463885bb513191a122ae0f82efcc92d62419c514170d7c421c5a196612-ghc9.6.3.so
7f29b10b6000-7f29b10b7000 r--p 00055000 00:22 10691679                   /opt/simplex/lib/app/resources/libHStext-iso8601-0.1-55382b463885bb513191a122ae0f82efcc92d62419c514170d7c421c5a196612-ghc9.6.3.so
7f29b10b7000-7f29b10b8000 r--p 00055000 00:22 10691679                   /opt/simplex/lib/app/resources/libHStext-iso8601-0.1-55382b463885bb513191a122ae0f82efcc92d62419c514170d7c421c5a196612-ghc9.6.3.so
7f29b10b8000-7f29b10bb000 rw-p 00056000 00:22 10691679                   /opt/simplex/lib/app/resources/libHStext-iso8601-0.1-55382b463885bb513191a122ae0f82efcc92d62419c514170d7c421c5a196612-ghc9.6.3.so
7f29b10bb000-7f29b10d7000 r--p 00000000 00:22 10691680                   /opt/simplex/lib/app/resources/libHStext-short-0.1.5-94b1ede93059468211e0353054f11cad674c09aa84b5716555f3f5b4564c6195-ghc9.6.3.so
7f29b10d7000-7f29b10ea000 r-xp 0001c000 00:22 10691680                   /opt/simplex/lib/app/resources/libHStext-short-0.1.5-94b1ede93059468211e0353054f11cad674c09aa84b5716555f3f5b4564c6195-ghc9.6.3.so
7f29b10ea000-7f29b10eb000 r--p 0002f000 00:22 10691680                   /opt/simplex/lib/app/resources/libHStext-short-0.1.5-94b1ede93059468211e0353054f11cad674c09aa84b5716555f3f5b4564c6195-ghc9.6.3.so
7f29b10eb000-7f29b10ec000 r--p 0002f000 00:22 10691680                   /opt/simplex/lib/app/resources/libHStext-short-0.1.5-94b1ede93059468211e0353054f11cad674c09aa84b5716555f3f5b4564c6195-ghc9.6.3.so
7f29b10ec000-7f29b10ef000 rw-p 00030000 00:22 10691680                   /opt/simplex/lib/app/resources/libHStext-short-0.1.5-94b1ede93059468211e0353054f11cad674c09aa84b5716555f3f5b4564c6195-ghc9.6.3.so
7f29b10ef000-7f29b1128000 r--p 00000000 00:22 10691707                   /opt/simplex/lib/app/resources/libHSwitherable-0.4.2-8d7489e64c055b44e3c3ece47851fb23685c037eaadda9898ec23ce12482c663-ghc9.6.3.so
7f29b1128000-7f29b115f000 r-xp 00039000 00:22 10691707                   /opt/simplex/lib/app/resources/libHSwitherable-0.4.2-8d7489e64c055b44e3c3ece47851fb23685c037eaadda9898ec23ce12482c663-ghc9.6.3.so
7f29b115f000-7f29b1160000 r--p 00070000 00:22 10691707                   /opt/simplex/lib/app/resources/libHSwitherable-0.4.2-8d7489e64c055b44e3c3ece47851fb23685c037eaadda9898ec23ce12482c663-ghc9.6.3.so
7f29b1160000-7f29b1161000 r--p 00070000 00:22 10691707                   /opt/simplex/lib/app/resources/libHSwitherable-0.4.2-8d7489e64c055b44e3c3ece47851fb23685c037eaadda9898ec23ce12482c663-ghc9.6.3.so
7f29b1161000-7f29b1164000 rw-p 00071000 00:22 10691707                   /opt/simplex/lib/app/resources/libHSwitherable-0.4.2-8d7489e64c055b44e3c3ece47851fb23685c037eaadda9898ec23ce12482c663-ghc9.6.3.so
7f29b1164000-7f29b11ab000 r--p 00000000 00:22 10691584                   /opt/simplex/lib/app/resources/libHScolour-2.3.6-8ea7c1420185239be8ef23631a149d777e07d29385b36df7ab60fb829c47b836-ghc9.6.3.so
7f29b11ab000-7f29b11f5000 r-xp 00047000 00:22 10691584                   /opt/simplex/lib/app/resources/libHScolour-2.3.6-8ea7c1420185239be8ef23631a149d777e07d29385b36df7ab60fb829c47b836-ghc9.6.3.so
7f29b11f5000-7f29b11f6000 r--p 00091000 00:22 10691584                   /opt/simplex/lib/app/resources/libHScolour-2.3.6-8ea7c1420185239be8ef23631a149d777e07d29385b36df7ab60fb829c47b836-ghc9.6.3.so
7f29b11f6000-7f29b11f7000 ---p 00092000 00:22 10691584                   /opt/simplex/lib/app/resources/libHScolour-2.3.6-8ea7c1420185239be8ef23631a149d777e07d29385b36df7ab60fb829c47b836-ghc9.6.3.so
7f29b11f7000-7f29b11f8000 r--p 00092000 00:22 10691584                   /opt/simplex/lib/app/resources/libHScolour-2.3.6-8ea7c1420185239be8ef23631a149d777e07d29385b36df7ab60fb829c47b836-ghc9.6.3.so
7f29b11f8000-7f29b1200000 rw-p 00093000 00:22 10691584                   /opt/simplex/lib/app/resources/libHScolour-2.3.6-8ea7c1420185239be8ef23631a149d777e07d29385b36df7ab60fb829c47b836-ghc9.6.3.so
7f29b1200000-7f29b13ba000 r--p 00000000 00:22 10691574                   /opt/simplex/lib/app/resources/libHSbasement-0.0.16-7f05c347fcfef1382c7a2079f658dc2b01997ca155fed4ad49b55f2f5fcdf0cf-ghc9.6.3.so
7f29b13ba000-7f29b14f0000 r-xp 001ba000 00:22 10691574                   /opt/simplex/lib/app/resources/libHSbasement-0.0.16-7f05c347fcfef1382c7a2079f658dc2b01997ca155fed4ad49b55f2f5fcdf0cf-ghc9.6.3.so
7f29b14f0000-7f29b14f9000 r--p 002f0000 00:22 10691574                   /opt/simplex/lib/app/resources/libHSbasement-0.0.16-7f05c347fcfef1382c7a2079f658dc2b01997ca155fed4ad49b55f2f5fcdf0cf-ghc9.6.3.so
7f29b14f9000-7f29b14fa000 ---p 002f9000 00:22 10691574                   /opt/simplex/lib/app/resources/libHSbasement-0.0.16-7f05c347fcfef1382c7a2079f658dc2b01997ca155fed4ad49b55f2f5fcdf0cf-ghc9.6.3.so
7f29b14fa000-7f29b14fb000 r--p 002f9000 00:22 10691574                   /opt/simplex/lib/app/resources/libHSbasement-0.0.16-7f05c347fcfef1382c7a2079f658dc2b01997ca155fed4ad49b55f2f5fcdf0cf-ghc9.6.3.so
7f29b14fb000-7f29b151c000 rw-p 002fa000 00:22 10691574                   /opt/simplex/lib/app/resources/libHSbasement-0.0.16-7f05c347fcfef1382c7a2079f658dc2b01997ca155fed4ad49b55f2f5fcdf0cf-ghc9.6.3.so
7f29b151d000-7f29b151e000 r--p 00000000 00:22 10087922                   /usr/lib/libutil.so.1
7f29b151e000-7f29b151f000 r-xp 00001000 00:22 10087922                   /usr/lib/libutil.so.1
7f29b151f000-7f29b1520000 r--p 00002000 00:22 10087922                   /usr/lib/libutil.so.1
7f29b1520000-7f29b1521000 r--p 00002000 00:22 10087922                   /usr/lib/libutil.so.1
7f29b1521000-7f29b1522000 rw-p 00003000 00:22 10087922                   /usr/lib/libutil.so.1
7f29b1522000-7f29b1534000 r--p 00000000 00:22 10691609                   /opt/simplex/lib/app/resources/libHSdistributive-0.6.2.1-424d6f2381d9c9b4606d8ef373e84068158bda1024a3a03ef04f8b94e363236b-ghc9.6.3.so
7f29b1534000-7f29b1540000 r-xp 00012000 00:22 10691609                   /opt/simplex/lib/app/resources/libHSdistributive-0.6.2.1-424d6f2381d9c9b4606d8ef373e84068158bda1024a3a03ef04f8b94e363236b-ghc9.6.3.so
7f29b1540000-7f29b1541000 r--p 0001e000 00:22 10691609                   /opt/simplex/lib/app/resources/libHSdistributive-0.6.2.1-424d6f2381d9c9b4606d8ef373e84068158bda1024a3a03ef04f8b94e363236b-ghc9.6.3.so
7f29b1541000-7f29b1542000 r--p 0001e000 00:22 10691609                   /opt/simplex/lib/app/resources/libHSdistributive-0.6.2.1-424d6f2381d9c9b4606d8ef373e84068158bda1024a3a03ef04f8b94e363236b-ghc9.6.3.so
7f29b1542000-7f29b1543000 rw-p 0001f000 00:22 10691609                   /opt/simplex/lib/app/resources/libHSdistributive-0.6.2.1-424d6f2381d9c9b4606d8ef373e84068158bda1024a3a03ef04f8b94e363236b-ghc9.6.3.so
7f29b1543000-7f29b155d000 r--p 00000000 00:22 10691703                   /opt/simplex/lib/app/resources/libHSuuid-types-1.0.5.1-865f4cc89d0ca4f6a3f59698789a19e889c9c7269183681c34c38a1ec3a0c155-ghc9.6.3.so
7f29b155d000-7f29b1572000 r-xp 0001a000 00:22 10691703                   /opt/simplex/lib/app/resources/libHSuuid-types-1.0.5.1-865f4cc89d0ca4f6a3f59698789a19e889c9c7269183681c34c38a1ec3a0c155-ghc9.6.3.so
7f29b1572000-7f29b1573000 r--p 0002f000 00:22 10691703                   /opt/simplex/lib/app/resources/libHSuuid-types-1.0.5.1-865f4cc89d0ca4f6a3f59698789a19e889c9c7269183681c34c38a1ec3a0c155-ghc9.6.3.so
7f29b1573000-7f29b1574000 r--p 0002f000 00:22 10691703                   /opt/simplex/lib/app/resources/libHSuuid-types-1.0.5.1-865f4cc89d0ca4f6a3f59698789a19e889c9c7269183681c34c38a1ec3a0c155-ghc9.6.3.so
7f29b1574000-7f29b1576000 rw-p 00030000 00:22 10691703                   /opt/simplex/lib/app/resources/libHSuuid-types-1.0.5.1-865f4cc89d0ca4f6a3f59698789a19e889c9c7269183681c34c38a1ec3a0c155-ghc9.6.3.so
7f29b1576000-7f29b15ac000 r--p 00000000 00:22 10691559                   /opt/simplex/lib/app/resources/libHSansi-terminal-types-0.11.5-4ee3a76fe47abcaa37b7bdb9a45b814da28b7b793448bc9f72187556bbf30827-ghc9.6.3.so
7f29b15ac000-7f29b15cb000 r-xp 00036000 00:22 10691559                   /opt/simplex/lib/app/resources/libHSansi-terminal-types-0.11.5-4ee3a76fe47abcaa37b7bdb9a45b814da28b7b793448bc9f72187556bbf30827-ghc9.6.3.so
7f29b15cb000-7f29b15cd000 r--p 00055000 00:22 10691559                   /opt/simplex/lib/app/resources/libHSansi-terminal-types-0.11.5-4ee3a76fe47abcaa37b7bdb9a45b814da28b7b793448bc9f72187556bbf30827-ghc9.6.3.so
7f29b15cd000-7f29b15ce000 r--p 00056000 00:22 10691559                   /opt/simplex/lib/app/resources/libHSansi-terminal-types-0.11.5-4ee3a76fe47abcaa37b7bdb9a45b814da28b7b793448bc9f72187556bbf30827-ghc9.6.3.so
7f29b15ce000-7f29b15d3000 rw-p 00057000 00:22 10691559                   /opt/simplex/lib/app/resources/libHSansi-terminal-types-0.11.5-4ee3a76fe47abcaa37b7bdb9a45b814da28b7b793448bc9f72187556bbf30827-ghc9.6.3.so
7f29b15d3000-7f29b15f0000 r--p 00000000 00:22 10691558                   /opt/simplex/lib/app/resources/libHSansi-terminal-0.11.5-6a9402a4880013edc495bbed56c88d36a8b264c1157297c88c41965b09fc017c-ghc9.6.3.so
7f29b15f0000-7f29b15fb000 r-xp 0001d000 00:22 10691558                   /opt/simplex/lib/app/resources/libHSansi-terminal-0.11.5-6a9402a4880013edc495bbed56c88d36a8b264c1157297c88c41965b09fc017c-ghc9.6.3.so
7f29b15fb000-7f29b15fc000 r--p 00028000 00:22 10691558                   /opt/simplex/lib/app/resources/libHSansi-terminal-0.11.5-6a9402a4880013edc495bbed56c88d36a8b264c1157297c88c41965b09fc017c-ghc9.6.3.so
7f29b15fc000-7f29b15fd000 r--p 00028000 00:22 10691558                   /opt/simplex/lib/app/resources/libHSansi-terminal-0.11.5-6a9402a4880013edc495bbed56c88d36a8b264c1157297c88c41965b09fc017c-ghc9.6.3.so
7f29b15fd000-7f29b1600000 rw-p 00029000 00:22 10691558                   /opt/simplex/lib/app/resources/libHSansi-terminal-0.11.5-6a9402a4880013edc495bbed56c88d36a8b264c1157297c88c41965b09fc017c-ghc9.6.3.so
7f29b1600000-7f29b19cb000 r--p 00000000 00:22 10691594                   /opt/simplex/lib/app/resources/libHScrypton-0.34-b2399ccbd1993e3b036c7a317962fb65ffa85a86b669ebe78d5cb7ba52c2fa2b-ghc9.6.3.so
7f29b19cb000-7f29b1c0d000 r-xp 003cb000 00:22 10691594                   /opt/simplex/lib/app/resources/libHScrypton-0.34-b2399ccbd1993e3b036c7a317962fb65ffa85a86b669ebe78d5cb7ba52c2fa2b-ghc9.6.3.so
7f29b1c0d000-7f29b1c38000 r--p 0060d000 00:22 10691594                   /opt/simplex/lib/app/resources/libHScrypton-0.34-b2399ccbd1993e3b036c7a317962fb65ffa85a86b669ebe78d5cb7ba52c2fa2b-ghc9.6.3.so
7f29b1c38000-7f29b1c3a000 r--p 00637000 00:22 10691594                   /opt/simplex/lib/app/resources/libHScrypton-0.34-b2399ccbd1993e3b036c7a317962fb65ffa85a86b669ebe78d5cb7ba52c2fa2b-ghc9.6.3.so
7f29b1c3a000-7f29b1ca2000 rw-p 00639000 00:22 10691594                   /opt/simplex/lib/app/resources/libHScrypton-0.34-b2399ccbd1993e3b036c7a317962fb65ffa85a86b669ebe78d5cb7ba52c2fa2b-ghc9.6.3.so
7f29b1ca6000-7f29b1caa000 r--p 00000000 00:22 10691628                   /opt/simplex/lib/app/resources/libHSinteger-conversion-0.1.0.1-2601c7292b651aa00336b33dba37461eb02d4288e078d53e9050188c4a03e67f-ghc9.6.3.so
7f29b1caa000-7f29b1cad000 r-xp 00004000 00:22 10691628                   /opt/simplex/lib/app/resources/libHSinteger-conversion-0.1.0.1-2601c7292b651aa00336b33dba37461eb02d4288e078d53e9050188c4a03e67f-ghc9.6.3.so
7f29b1cad000-7f29b1cae000 r--p 00007000 00:22 10691628                   /opt/simplex/lib/app/resources/libHSinteger-conversion-0.1.0.1-2601c7292b651aa00336b33dba37461eb02d4288e078d53e9050188c4a03e67f-ghc9.6.3.so
7f29b1cae000-7f29b1caf000 r--p 00007000 00:22 10691628                   /opt/simplex/lib/app/resources/libHSinteger-conversion-0.1.0.1-2601c7292b651aa00336b33dba37461eb02d4288e078d53e9050188c4a03e67f-ghc9.6.3.so
7f29b1caf000-7f29b1cb0000 rw-p 00008000 00:22 10691628                   /opt/simplex/lib/app/resources/libHSinteger-conversion-0.1.0.1-2601c7292b651aa00336b33dba37461eb02d4288e078d53e9050188c4a03e67f-ghc9.6.3.so
7f29b1cb0000-7f29b1ccc000 r--p 00000000 00:22 10691567                   /opt/simplex/lib/app/resources/libHSasync-2.2.5-f240644c06d60420051c45977a93932ce6ee3ff3009f928ccb9f2acf95c571dd-ghc9.6.3.so
7f29b1ccc000-7f29b1ce4000 r-xp 0001c000 00:22 10691567                   /opt/simplex/lib/app/resources/libHSasync-2.2.5-f240644c06d60420051c45977a93932ce6ee3ff3009f928ccb9f2acf95c571dd-ghc9.6.3.so
7f29b1ce4000-7f29b1ce5000 r--p 00034000 00:22 10691567                   /opt/simplex/lib/app/resources/libHSasync-2.2.5-f240644c06d60420051c45977a93932ce6ee3ff3009f928ccb9f2acf95c571dd-ghc9.6.3.so
7f29b1ce5000-7f29b1ce6000 r--p 00034000 00:22 10691567                   /opt/simplex/lib/app/resources/libHSasync-2.2.5-f240644c06d60420051c45977a93932ce6ee3ff3009f928ccb9f2acf95c571dd-ghc9.6.3.so
7f29b1ce6000-7f29b1ce8000 rw-p 00035000 00:22 10691567                   /opt/simplex/lib/app/resources/libHSasync-2.2.5-f240644c06d60420051c45977a93932ce6ee3ff3009f928ccb9f2acf95c571dd-ghc9.6.3.so
7f29b1ce8000-7f29b1d8a000 r--p 00000000 00:22 10691589                   /opt/simplex/lib/app/resources/libHSconstraints-0.13.4-51395134fd9d2fb4ac419e99718fc4d2fa1bca3d7018f1ba7a849169d0aefc3f-ghc9.6.3.so
7f29b1d8a000-7f29b1daa000 r-xp 000a2000 00:22 10691589                   /opt/simplex/lib/app/resources/libHSconstraints-0.13.4-51395134fd9d2fb4ac419e99718fc4d2fa1bca3d7018f1ba7a849169d0aefc3f-ghc9.6.3.so
7f29b1daa000-7f29b1dab000 r--p 000c2000 00:22 10691589                   /opt/simplex/lib/app/resources/libHSconstraints-0.13.4-51395134fd9d2fb4ac419e99718fc4d2fa1bca3d7018f1ba7a849169d0aefc3f-ghc9.6.3.so
7f29b1dab000-7f29b1dad000 r--p 000c2000 00:22 10691589                   /opt/simplex/lib/app/resources/libHSconstraints-0.13.4-51395134fd9d2fb4ac419e99718fc4d2fa1bca3d7018f1ba7a849169d0aefc3f-ghc9.6.3.so
7f29b1dad000-7f29b1db4000 rw-p 000c4000 00:22 10691589                   /opt/simplex/lib/app/resources/libHSconstraints-0.13.4-51395134fd9d2fb4ac419e99718fc4d2fa1bca3d7018f1ba7a849169d0aefc3f-ghc9.6.3.so
7f29b1db4000-7f29b1e5a000 r--p 00000000 00:22 10691623                   /opt/simplex/lib/app/resources/libHShourglass-0.2.12-f636396f2d46bc10697cc675793b72a77a91d145e2ab377dfdb4cc7920021f54-ghc9.6.3.so
7f29b1e5a000-7f29b1ebe000 r-xp 000a6000 00:22 10691623                   /opt/simplex/lib/app/resources/libHShourglass-0.2.12-f636396f2d46bc10697cc675793b72a77a91d145e2ab377dfdb4cc7920021f54-ghc9.6.3.so
7f29b1ebe000-7f29b1ec2000 r--p 0010a000 00:22 10691623                   /opt/simplex/lib/app/resources/libHShourglass-0.2.12-f636396f2d46bc10697cc675793b72a77a91d145e2ab377dfdb4cc7920021f54-ghc9.6.3.so
7f29b1ec2000-7f29b1ec3000 r--p 0010d000 00:22 10691623                   /opt/simplex/lib/app/resources/libHShourglass-0.2.12-f636396f2d46bc10697cc675793b72a77a91d145e2ab377dfdb4cc7920021f54-ghc9.6.3.so
7f29b1ec3000-7f29b1ed4000 rw-p 0010e000 00:22 10691623                   /opt/simplex/lib/app/resources/libHShourglass-0.2.12-f636396f2d46bc10697cc675793b72a77a91d145e2ab377dfdb4cc7920021f54-ghc9.6.3.so
7f29b1ed4000-7f29b1f89000 r--p 00000000 00:22 10691595                   /opt/simplex/lib/app/resources/libHScrypton-x509-1.7.6-998bb4ca6b85e4b9e331aa23ce277793a0beb37932d7c40b81027f8c9c5501bd-ghc9.6.3.so
7f29b1f89000-7f29b1fe5000 r-xp 000b5000 00:22 10691595                   /opt/simplex/lib/app/resources/libHScrypton-x509-1.7.6-998bb4ca6b85e4b9e331aa23ce277793a0beb37932d7c40b81027f8c9c5501bd-ghc9.6.3.so
7f29b1fe5000-7f29b1feb000 r--p 00111000 00:22 10691595                   /opt/simplex/lib/app/resources/libHScrypton-x509-1.7.6-998bb4ca6b85e4b9e331aa23ce277793a0beb37932d7c40b81027f8c9c5501bd-ghc9.6.3.so
7f29b1feb000-7f29b1fec000 ---p 00117000 00:22 10691595                   /opt/simplex/lib/app/resources/libHScrypton-x509-1.7.6-998bb4ca6b85e4b9e331aa23ce277793a0beb37932d7c40b81027f8c9c5501bd-ghc9.6.3.so
7f29b1fec000-7f29b1fed000 r--p 00117000 00:22 10691595                   /opt/simplex/lib/app/resources/libHScrypton-x509-1.7.6-998bb4ca6b85e4b9e331aa23ce277793a0beb37932d7c40b81027f8c9c5501bd-ghc9.6.3.so
7f29b1fed000-7f29b2000000 rw-p 00118000 00:22 10691595                   /opt/simplex/lib/app/resources/libHScrypton-x509-1.7.6-998bb4ca6b85e4b9e331aa23ce277793a0beb37932d7c40b81027f8c9c5501bd-ghc9.6.3.so
7f29b2000000-7f29b20a0000 r--p 00000000 00:22 10691607                   /opt/simplex/lib/app/resources/libHSdirect-sqlcipher-2.3.28-92796d593dc7316c0ba77b962f19966a70cc5062c89c4754e5696179c5c7b680-ghc9.6.3.so
7f29b20a0000-7f29b21d0000 r-xp 000a0000 00:22 10691607                   /opt/simplex/lib/app/resources/libHSdirect-sqlcipher-2.3.28-92796d593dc7316c0ba77b962f19966a70cc5062c89c4754e5696179c5c7b680-ghc9.6.3.so
7f29b21d0000-7f29b220f000 r--p 001d0000 00:22 10691607                   /opt/simplex/lib/app/resources/libHSdirect-sqlcipher-2.3.28-92796d593dc7316c0ba77b962f19966a70cc5062c89c4754e5696179c5c7b680-ghc9.6.3.so
7f29b220f000-7f29b2213000 r--p 0020e000 00:22 10691607                   /opt/simplex/lib/app/resources/libHSdirect-sqlcipher-2.3.28-92796d593dc7316c0ba77b962f19966a70cc5062c89c4754e5696179c5c7b680-ghc9.6.3.so
7f29b2213000-7f29b2226000 rw-p 00212000 00:22 10691607                   /opt/simplex/lib/app/resources/libHSdirect-sqlcipher-2.3.28-92796d593dc7316c0ba77b962f19966a70cc5062c89c4754e5696179c5c7b680-ghc9.6.3.so
7f29b2226000-7f29b2227000 rw-p 00000000 00:00 0 
7f29b222a000-7f29b2231000 r--p 00000000 00:22 10691627                   /opt/simplex/lib/app/resources/libHSindexed-traversable-instances-0.1.1.2-e658ac3e748a41c0cc81fb89dc42bd36a8d5b56479ebba7f4257689b2a550fd3-ghc9.6.3.so
7f29b2231000-7f29b2235000 r-xp 00007000 00:22 10691627                   /opt/simplex/lib/app/resources/libHSindexed-traversable-instances-0.1.1.2-e658ac3e748a41c0cc81fb89dc42bd36a8d5b56479ebba7f4257689b2a550fd3-ghc9.6.3.so
7f29b2235000-7f29b2236000 r--p 0000b000 00:22 10691627                   /opt/simplex/lib/app/resources/libHSindexed-traversable-instances-0.1.1.2-e658ac3e748a41c0cc81fb89dc42bd36a8d5b56479ebba7f4257689b2a550fd3-ghc9.6.3.so
7f29b2236000-7f29b2237000 r--p 0000b000 00:22 10691627                   /opt/simplex/lib/app/resources/libHSindexed-traversable-instances-0.1.1.2-e658ac3e748a41c0cc81fb89dc42bd36a8d5b56479ebba7f4257689b2a550fd3-ghc9.6.3.so
7f29b2237000-7f29b2238000 rw-p 0000c000 00:22 10691627                   /opt/simplex/lib/app/resources/libHSindexed-traversable-instances-0.1.1.2-e658ac3e748a41c0cc81fb89dc42bd36a8d5b56479ebba7f4257689b2a550fd3-ghc9.6.3.so
7f29b2238000-7f29b2298000 r--p 00000000 00:22 10691635                   /opt/simplex/lib/app/resources/libHSmemory-0.18.0-86df06eca77fa38fe27d9ccf54ec9e5bdd4cf7adfe9cca5b11aa4b3fd5ae2fa1-ghc9.6.3.so
7f29b2298000-7f29b22cb000 r-xp 00060000 00:22 10691635                   /opt/simplex/lib/app/resources/libHSmemory-0.18.0-86df06eca77fa38fe27d9ccf54ec9e5bdd4cf7adfe9cca5b11aa4b3fd5ae2fa1-ghc9.6.3.so
7f29b22cb000-7f29b22ce000 r--p 00093000 00:22 10691635                   /opt/simplex/lib/app/resources/libHSmemory-0.18.0-86df06eca77fa38fe27d9ccf54ec9e5bdd4cf7adfe9cca5b11aa4b3fd5ae2fa1-ghc9.6.3.so
7f29b22ce000-7f29b22cf000 r--p 00095000 00:22 10691635                   /opt/simplex/lib/app/resources/libHSmemory-0.18.0-86df06eca77fa38fe27d9ccf54ec9e5bdd4cf7adfe9cca5b11aa4b3fd5ae2fa1-ghc9.6.3.so
7f29b22cf000-7f29b22d6000 rw-p 00096000 00:22 10691635                   /opt/simplex/lib/app/resources/libHSmemory-0.18.0-86df06eca77fa38fe27d9ccf54ec9e5bdd4cf7adfe9cca5b11aa4b3fd5ae2fa1-ghc9.6.3.so
7f29b22d6000-7f29b23e9000 r-xp 00000000 00:22 10691695                   /opt/simplex/lib/app/resources/libHSunix-2.8.1.0-ghc9.6.3.so
7f29b23e9000-7f29b23ea000 ---p 00113000 00:22 10691695                   /opt/simplex/lib/app/resources/libHSunix-2.8.1.0-ghc9.6.3.so
7f29b23ea000-7f29b23eb000 r--p 00113000 00:22 10691695                   /opt/simplex/lib/app/resources/libHSunix-2.8.1.0-ghc9.6.3.so
7f29b23eb000-7f29b2400000 rw-p 00114000 00:22 10691695                   /opt/simplex/lib/app/resources/libHSunix-2.8.1.0-ghc9.6.3.so
7f29b2400000-7f29b2580000 r--p 00000000 00:22 10691625                   /opt/simplex/lib/app/resources/libHShttp2-4.2.2-279e9f93a2a789f5c64f9764f7bd3769d90a8545611b3427359c36d57278b0f6-ghc9.6.3.so
7f29b2580000-7f29b2635000 r-xp 00180000 00:22 10691625                   /opt/simplex/lib/app/resources/libHShttp2-4.2.2-279e9f93a2a789f5c64f9764f7bd3769d90a8545611b3427359c36d57278b0f6-ghc9.6.3.so
7f29b2635000-7f29b263c000 r--p 00235000 00:22 10691625                   /opt/simplex/lib/app/resources/libHShttp2-4.2.2-279e9f93a2a789f5c64f9764f7bd3769d90a8545611b3427359c36d57278b0f6-ghc9.6.3.so
7f29b263c000-7f29b263d000 ---p 0023c000 00:22 10691625                   /opt/simplex/lib/app/resources/libHShttp2-4.2.2-279e9f93a2a789f5c64f9764f7bd3769d90a8545611b3427359c36d57278b0f6-ghc9.6.3.so
7f29b263d000-7f29b263e000 r--p 0023c000 00:22 10691625                   /opt/simplex/lib/app/resources/libHShttp2-4.2.2-279e9f93a2a789f5c64f9764f7bd3769d90a8545611b3427359c36d57278b0f6-ghc9.6.3.so
7f29b263e000-7f29b2670000 rw-p 0023d000 00:22 10691625                   /opt/simplex/lib/app/resources/libHShttp2-4.2.2-279e9f93a2a789f5c64f9764f7bd3769d90a8545611b3427359c36d57278b0f6-ghc9.6.3.so
7f29b2673000-7f29b2675000 r--p 00000000 00:22 10691553                   /opt/simplex/lib/app/resources/libHSOneTuple-0.4.1.1-25a6728f7eaaed6f25c0c84b9d23c563689aba5664fafb9d25de1e8b6e93e436-ghc9.6.3.so
7f29b2675000-7f29b2676000 r-xp 00002000 00:22 10691553                   /opt/simplex/lib/app/resources/libHSOneTuple-0.4.1.1-25a6728f7eaaed6f25c0c84b9d23c563689aba5664fafb9d25de1e8b6e93e436-ghc9.6.3.so
7f29b2676000-7f29b2677000 r--p 00003000 00:22 10691553                   /opt/simplex/lib/app/resources/libHSOneTuple-0.4.1.1-25a6728f7eaaed6f25c0c84b9d23c563689aba5664fafb9d25de1e8b6e93e436-ghc9.6.3.so
7f29b2677000-7f29b2678000 r--p 00003000 00:22 10691553                   /opt/simplex/lib/app/resources/libHSOneTuple-0.4.1.1-25a6728f7eaaed6f25c0c84b9d23c563689aba5664fafb9d25de1e8b6e93e436-ghc9.6.3.so
7f29b2678000-7f29b2679000 rw-p 00004000 00:22 10691553                   /opt/simplex/lib/app/resources/libHSOneTuple-0.4.1.1-25a6728f7eaaed6f25c0c84b9d23c563689aba5664fafb9d25de1e8b6e93e436-ghc9.6.3.so
7f29b2679000-7f29b2681000 r--p 00000000 00:22 10691556                   /opt/simplex/lib/app/resources/libHSStateVar-1.2.2-a828c4fffd0a9f376bdf1d2a0630fdc0e11764f2810422e01054ef1e5ae7a0d9-ghc9.6.3.so
7f29b2681000-7f29b2684000 r-xp 00008000 00:22 10691556                   /opt/simplex/lib/app/resources/libHSStateVar-1.2.2-a828c4fffd0a9f376bdf1d2a0630fdc0e11764f2810422e01054ef1e5ae7a0d9-ghc9.6.3.so
7f29b2684000-7f29b2685000 r--p 0000b000 00:22 10691556                   /opt/simplex/lib/app/resources/libHSStateVar-1.2.2-a828c4fffd0a9f376bdf1d2a0630fdc0e11764f2810422e01054ef1e5ae7a0d9-ghc9.6.3.so
7f29b2685000-7f29b2686000 r--p 0000b000 00:22 10691556                   /opt/simplex/lib/app/resources/libHSStateVar-1.2.2-a828c4fffd0a9f376bdf1d2a0630fdc0e11764f2810422e01054ef1e5ae7a0d9-ghc9.6.3.so
7f29b2686000-7f29b2687000 rw-p 0000c000 00:22 10691556                   /opt/simplex/lib/app/resources/libHSStateVar-1.2.2-a828c4fffd0a9f376bdf1d2a0630fdc0e11764f2810422e01054ef1e5ae7a0d9-ghc9.6.3.so
7f29b2687000-7f29b269c000 r--p 00000000 00:22 10691569                   /opt/simplex/lib/app/resources/libHSattoparsec-0.14.4-l-attoparsec-internal-e9490ddaea4841a79fc251813223287bd9e65e0510180febd5e98a6907758746-ghc9.6.3.so
7f29b269c000-7f29b26a7000 r-xp 00015000 00:22 10691569                   /opt/simplex/lib/app/resources/libHSattoparsec-0.14.4-l-attoparsec-internal-e9490ddaea4841a79fc251813223287bd9e65e0510180febd5e98a6907758746-ghc9.6.3.so
7f29b26a7000-7f29b26a8000 r--p 00020000 00:22 10691569                   /opt/simplex/lib/app/resources/libHSattoparsec-0.14.4-l-attoparsec-internal-e9490ddaea4841a79fc251813223287bd9e65e0510180febd5e98a6907758746-ghc9.6.3.so
7f29b26a8000-7f29b26a9000 r--p 00020000 00:22 10691569                   /opt/simplex/lib/app/resources/libHSattoparsec-0.14.4-l-attoparsec-internal-e9490ddaea4841a79fc251813223287bd9e65e0510180febd5e98a6907758746-ghc9.6.3.so
7f29b26a9000-7f29b26ab000 rw-p 00021000 00:22 10691569                   /opt/simplex/lib/app/resources/libHSattoparsec-0.14.4-l-attoparsec-internal-e9490ddaea4841a79fc251813223287bd9e65e0510180febd5e98a6907758746-ghc9.6.3.so
7f29b26ab000-7f29b26b8000 r--p 00000000 00:22 10691573                   /opt/simplex/lib/app/resources/libHSbase64-bytestring-1.2.1.0-49cd5e3a01c30b8823595cd1048fbeedf7d533d7f39e6c22a14019c54fec245b-ghc9.6.3.so
7f29b26b8000-7f29b26c2000 r-xp 0000d000 00:22 10691573                   /opt/simplex/lib/app/resources/libHSbase64-bytestring-1.2.1.0-49cd5e3a01c30b8823595cd1048fbeedf7d533d7f39e6c22a14019c54fec245b-ghc9.6.3.so
7f29b26c2000-7f29b26c3000 r--p 00017000 00:22 10691573                   /opt/simplex/lib/app/resources/libHSbase64-bytestring-1.2.1.0-49cd5e3a01c30b8823595cd1048fbeedf7d533d7f39e6c22a14019c54fec245b-ghc9.6.3.so
7f29b26c3000-7f29b26c4000 r--p 00017000 00:22 10691573                   /opt/simplex/lib/app/resources/libHSbase64-bytestring-1.2.1.0-49cd5e3a01c30b8823595cd1048fbeedf7d533d7f39e6c22a14019c54fec245b-ghc9.6.3.so
7f29b26c4000-7f29b26c6000 rw-p 00018000 00:22 10691573                   /opt/simplex/lib/app/resources/libHSbase64-bytestring-1.2.1.0-49cd5e3a01c30b8823595cd1048fbeedf7d533d7f39e6c22a14019c54fec245b-ghc9.6.3.so
7f29b26c6000-7f29b26d2000 r-xp 00000000 00:22 10691629                   /opt/simplex/lib/app/resources/libHSinteger-gmp-1.1-ghc9.6.3.so
7f29b26d2000-7f29b26d3000 r--p 0000b000 00:22 10691629                   /opt/simplex/lib/app/resources/libHSinteger-gmp-1.1-ghc9.6.3.so
7f29b26d3000-7f29b26d4000 rw-p 0000c000 00:22 10691629                   /opt/simplex/lib/app/resources/libHSinteger-gmp-1.1-ghc9.6.3.so
7f29b26d4000-7f29b2704000 r--p 00000000 00:22 10691565                   /opt/simplex/lib/app/resources/libHSasn1-types-0.3.4-52ab490310e9cb8ba1462a6195d007877c2fc9dcfb589a53e3803b95b1e1307d-ghc9.6.3.so
7f29b2704000-7f29b271e000 r-xp 00030000 00:22 10691565                   /opt/simplex/lib/app/resources/libHSasn1-types-0.3.4-52ab490310e9cb8ba1462a6195d007877c2fc9dcfb589a53e3803b95b1e1307d-ghc9.6.3.so
7f29b271e000-7f29b2721000 r--p 0004a000 00:22 10691565                   /opt/simplex/lib/app/resources/libHSasn1-types-0.3.4-52ab490310e9cb8ba1462a6195d007877c2fc9dcfb589a53e3803b95b1e1307d-ghc9.6.3.so
7f29b2721000-7f29b2722000 r--p 0004c000 00:22 10691565                   /opt/simplex/lib/app/resources/libHSasn1-types-0.3.4-52ab490310e9cb8ba1462a6195d007877c2fc9dcfb589a53e3803b95b1e1307d-ghc9.6.3.so
7f29b2722000-7f29b2728000 rw-p 0004d000 00:22 10691565                   /opt/simplex/lib/app/resources/libHSasn1-types-0.3.4-52ab490310e9cb8ba1462a6195d007877c2fc9dcfb589a53e3803b95b1e1307d-ghc9.6.3.so
7f29b2728000-7f29b2755000 r--p 00000000 00:22 10691563                   /opt/simplex/lib/app/resources/libHSasn1-encoding-0.9.6-7a9728b8adee899eed9bb97cf06c9589da9228bd00263511eb8e7834935a11f6-ghc9.6.3.so
7f29b2755000-7f29b2774000 r-xp 0002d000 00:22 10691563                   /opt/simplex/lib/app/resources/libHSasn1-encoding-0.9.6-7a9728b8adee899eed9bb97cf06c9589da9228bd00263511eb8e7834935a11f6-ghc9.6.3.so
7f29b2774000-7f29b2776000 r--p 0004c000 00:22 10691563                   /opt/simplex/lib/app/resources/libHSasn1-encoding-0.9.6-7a9728b8adee899eed9bb97cf06c9589da9228bd00263511eb8e7834935a11f6-ghc9.6.3.so
7f29b2776000-7f29b2777000 ---p 0004e000 00:22 10691563                   /opt/simplex/lib/app/resources/libHSasn1-encoding-0.9.6-7a9728b8adee899eed9bb97cf06c9589da9228bd00263511eb8e7834935a11f6-ghc9.6.3.so
7f29b2777000-7f29b2778000 r--p 0004e000 00:22 10691563                   /opt/simplex/lib/app/resources/libHSasn1-encoding-0.9.6-7a9728b8adee899eed9bb97cf06c9589da9228bd00263511eb8e7834935a11f6-ghc9.6.3.so
7f29b2778000-7f29b277e000 rw-p 0004f000 00:22 10691563                   /opt/simplex/lib/app/resources/libHSasn1-encoding-0.9.6-7a9728b8adee899eed9bb97cf06c9589da9228bd00263511eb8e7834935a11f6-ghc9.6.3.so
7f29b277e000-7f29b27f7000 r-xp 00000000 00:22 10691608                   /opt/simplex/lib/app/resources/libHSdirectory-1.3.8.1-ghc9.6.3.so
7f29b27f7000-7f29b27f8000 r--p 00078000 00:22 10691608                   /opt/simplex/lib/app/resources/libHSdirectory-1.3.8.1-ghc9.6.3.so
7f29b27f8000-7f29b2800000 rw-p 00079000 00:22 10691608                   /opt/simplex/lib/app/resources/libHSdirectory-1.3.8.1-ghc9.6.3.so
7f29b2800000-7f29b31b4000 r--p 00000000 00:22 10691666                   /opt/simplex/lib/app/resources/libHSsimplexmq-7.0.0.2-a733aaed631efca984070e90e51f6d9fb6aec3669ac2b067d5f64551d4fee449-ghc9.6.3.so
7f29b31b4000-7f29b3c97000 r-xp 009b4000 00:22 10691666                   /opt/simplex/lib/app/resources/libHSsimplexmq-7.0.0.2-a733aaed631efca984070e90e51f6d9fb6aec3669ac2b067d5f64551d4fee449-ghc9.6.3.so
7f29b3c97000-7f29b3cf3000 r--p 01497000 00:22 10691666                   /opt/simplex/lib/app/resources/libHSsimplexmq-7.0.0.2-a733aaed631efca984070e90e51f6d9fb6aec3669ac2b067d5f64551d4fee449-ghc9.6.3.so
7f29b3cf3000-7f29b3cf4000 ---p 014f3000 00:22 10691666                   /opt/simplex/lib/app/resources/libHSsimplexmq-7.0.0.2-a733aaed631efca984070e90e51f6d9fb6aec3669ac2b067d5f64551d4fee449-ghc9.6.3.so
7f29b3cf4000-7f29b3cf8000 r--p 014f3000 00:22 10691666                   /opt/simplex/lib/app/resources/libHSsimplexmq-7.0.0.2-a733aaed631efca984070e90e51f6d9fb6aec3669ac2b067d5f64551d4fee449-ghc9.6.3.so
7f29b3cf8000-7f29b3e05000 rw-p 014f7000 00:22 10691666                   /opt/simplex/lib/app/resources/libHSsimplexmq-7.0.0.2-a733aaed631efca984070e90e51f6d9fb6aec3669ac2b067d5f64551d4fee449-ghc9.6.3.so
7f29b3e06000-7f29b3e0b000 r--p 00000000 00:22 10691572                   /opt/simplex/lib/app/resources/libHSbase-orphans-0.9.1-264c535ac11fa2bb1dc61e9601fa533869cc15baf045a8637949e684cef27141-ghc9.6.3.so
7f29b3e0b000-7f29b3e0d000 r-xp 00005000 00:22 10691572                   /opt/simplex/lib/app/resources/libHSbase-orphans-0.9.1-264c535ac11fa2bb1dc61e9601fa533869cc15baf045a8637949e684cef27141-ghc9.6.3.so
7f29b3e0d000-7f29b3e0e000 r--p 00007000 00:22 10691572                   /opt/simplex/lib/app/resources/libHSbase-orphans-0.9.1-264c535ac11fa2bb1dc61e9601fa533869cc15baf045a8637949e684cef27141-ghc9.6.3.so
7f29b3e0e000-7f29b3e0f000 r--p 00007000 00:22 10691572                   /opt/simplex/lib/app/resources/libHSbase-orphans-0.9.1-264c535ac11fa2bb1dc61e9601fa533869cc15baf045a8637949e684cef27141-ghc9.6.3.so
7f29b3e0f000-7f29b3e10000 rw-p 00008000 00:22 10691572                   /opt/simplex/lib/app/resources/libHSbase-orphans-0.9.1-264c535ac11fa2bb1dc61e9601fa533869cc15baf045a8637949e684cef27141-ghc9.6.3.so
7f29b3e10000-7f29b3e18000 r--p 00000000 00:22 10691564                   /opt/simplex/lib/app/resources/libHSasn1-parse-0.9.5-388a8b57b8e521bbc599a749d1894177c5d08ec8998c0db0c8a3c6e56f135e02-ghc9.6.3.so
7f29b3e18000-7f29b3e1b000 r-xp 00008000 00:22 10691564                   /opt/simplex/lib/app/resources/libHSasn1-parse-0.9.5-388a8b57b8e521bbc599a749d1894177c5d08ec8998c0db0c8a3c6e56f135e02-ghc9.6.3.so
7f29b3e1b000-7f29b3e1c000 r--p 0000b000 00:22 10691564                   /opt/simplex/lib/app/resources/libHSasn1-parse-0.9.5-388a8b57b8e521bbc599a749d1894177c5d08ec8998c0db0c8a3c6e56f135e02-ghc9.6.3.so
7f29b3e1c000-7f29b3e1d000 r--p 0000b000 00:22 10691564                   /opt/simplex/lib/app/resources/libHSasn1-parse-0.9.5-388a8b57b8e521bbc599a749d1894177c5d08ec8998c0db0c8a3c6e56f135e02-ghc9.6.3.so
7f29b3e1d000-7f29b3e1e000 rw-p 0000c000 00:22 10691564                   /opt/simplex/lib/app/resources/libHSasn1-parse-0.9.5-388a8b57b8e521bbc599a749d1894177c5d08ec8998c0db0c8a3c6e56f135e02-ghc9.6.3.so
7f29b3e1e000-7f29b3e27000 r--p 00000000 00:22 10691651                   /opt/simplex/lib/app/resources/libHSpem-0.2.4-f906496cff163a500cd65e64adb820577bcc6db48a8415f3199036f58c5276a6-ghc9.6.3.so
7f29b3e27000-7f29b3e2b000 r-xp 00009000 00:22 10691651                   /opt/simplex/lib/app/resources/libHSpem-0.2.4-f906496cff163a500cd65e64adb820577bcc6db48a8415f3199036f58c5276a6-ghc9.6.3.so
7f29b3e2b000-7f29b3e2c000 r--p 0000d000 00:22 10691651                   /opt/simplex/lib/app/resources/libHSpem-0.2.4-f906496cff163a500cd65e64adb820577bcc6db48a8415f3199036f58c5276a6-ghc9.6.3.so
7f29b3e2c000-7f29b3e2d000 r--p 0000d000 00:22 10691651                   /opt/simplex/lib/app/resources/libHSpem-0.2.4-f906496cff163a500cd65e64adb820577bcc6db48a8415f3199036f58c5276a6-ghc9.6.3.so
7f29b3e2d000-7f29b3e2e000 rw-p 0000e000 00:22 10691651                   /opt/simplex/lib/app/resources/libHSpem-0.2.4-f906496cff163a500cd65e64adb820577bcc6db48a8415f3199036f58c5276a6-ghc9.6.3.so
7f29b3e2e000-7f29b3e3c000 r--p 00000000 00:22 10691647                   /opt/simplex/lib/app/resources/libHSold-locale-1.0.0.7-2fc41634d130ad577f30ae220a366c50aded85663753062bcd06dee8a22a28ee-ghc9.6.3.so
7f29b3e3c000-7f29b3e40000 r-xp 0000e000 00:22 10691647                   /opt/simplex/lib/app/resources/libHSold-locale-1.0.0.7-2fc41634d130ad577f30ae220a366c50aded85663753062bcd06dee8a22a28ee-ghc9.6.3.so
7f29b3e40000-7f29b3e41000 r--p 00012000 00:22 10691647                   /opt/simplex/lib/app/resources/libHSold-locale-1.0.0.7-2fc41634d130ad577f30ae220a366c50aded85663753062bcd06dee8a22a28ee-ghc9.6.3.so
7f29b3e41000-7f29b3e42000 r--p 00012000 00:22 10691647                   /opt/simplex/lib/app/resources/libHSold-locale-1.0.0.7-2fc41634d130ad577f30ae220a366c50aded85663753062bcd06dee8a22a28ee-ghc9.6.3.so
7f29b3e42000-7f29b3e44000 rw-p 00013000 00:22 10691647                   /opt/simplex/lib/app/resources/libHSold-locale-1.0.0.7-2fc41634d130ad577f30ae220a366c50aded85663753062bcd06dee8a22a28ee-ghc9.6.3.so
7f29b3e44000-7f29b3e55000 r--p 00000000 00:22 10691612                   /opt/simplex/lib/app/resources/libHSemail-validate-2.3.2.19-8e093d39175bc833333d170127e683e34f7c13447809285b558be894a69a8107-ghc9.6.3.so
7f29b3e55000-7f29b3e6a000 r-xp 00011000 00:22 10691612                   /opt/simplex/lib/app/resources/libHSemail-validate-2.3.2.19-8e093d39175bc833333d170127e683e34f7c13447809285b558be894a69a8107-ghc9.6.3.so
7f29b3e6a000-7f29b3e6b000 r--p 00026000 00:22 10691612                   /opt/simplex/lib/app/resources/libHSemail-validate-2.3.2.19-8e093d39175bc833333d170127e683e34f7c13447809285b558be894a69a8107-ghc9.6.3.so
7f29b3e6b000-7f29b3e6c000 r--p 00026000 00:22 10691612                   /opt/simplex/lib/app/resources/libHSemail-validate-2.3.2.19-8e093d39175bc833333d170127e683e34f7c13447809285b558be894a69a8107-ghc9.6.3.so
7f29b3e6c000-7f29b3e6f000 rw-p 00027000 00:22 10691612                   /opt/simplex/lib/app/resources/libHSemail-validate-2.3.2.19-8e093d39175bc833333d170127e683e34f7c13447809285b558be894a69a8107-ghc9.6.3.so
7f29b3e6f000-7f29b3e7c000 r--p 00000000 00:22 10691616                   /opt/simplex/lib/app/resources/libHSfile-embed-0.0.15.0-858d0ef424fd92d742d20e68b7596e642557183aba03df51abd86155233a5a95-ghc9.6.3.so
7f29b3e7c000-7f29b3e86000 r-xp 0000d000 00:22 10691616                   /opt/simplex/lib/app/resources/libHSfile-embed-0.0.15.0-858d0ef424fd92d742d20e68b7596e642557183aba03df51abd86155233a5a95-ghc9.6.3.so
7f29b3e86000-7f29b3e87000 r--p 00017000 00:22 10691616                   /opt/simplex/lib/app/resources/libHSfile-embed-0.0.15.0-858d0ef424fd92d742d20e68b7596e642557183aba03df51abd86155233a5a95-ghc9.6.3.so
7f29b3e87000-7f29b3e88000 r--p 00017000 00:22 10691616                   /opt/simplex/lib/app/resources/libHSfile-embed-0.0.15.0-858d0ef424fd92d742d20e68b7596e642557183aba03df51abd86155233a5a95-ghc9.6.3.so
7f29b3e88000-7f29b3e8a000 rw-p 00018000 00:22 10691616                   /opt/simplex/lib/app/resources/libHSfile-embed-0.0.15.0-858d0ef424fd92d742d20e68b7596e642557183aba03df51abd86155233a5a95-ghc9.6.3.so
7f29b3e8a000-7f29b3ed8000 r--p 00000000 00:22 10691624                   /opt/simplex/lib/app/resources/libHShttp-types-0.12.4-04b79bbaa320685b0d9adb7fa02616087e75618cb90fa0923146d636c6dc5c73-ghc9.6.3.so
7f29b3ed8000-7f29b3f01000 r-xp 0004e000 00:22 10691624                   /opt/simplex/lib/app/resources/libHShttp-types-0.12.4-04b79bbaa320685b0d9adb7fa02616087e75618cb90fa0923146d636c6dc5c73-ghc9.6.3.so
7f29b3f01000-7f29b3f04000 r--p 00077000 00:22 10691624                   /opt/simplex/lib/app/resources/libHShttp-types-0.12.4-04b79bbaa320685b0d9adb7fa02616087e75618cb90fa0923146d636c6dc5c73-ghc9.6.3.so
7f29b3f04000-7f29b3f05000 ---p 0007a000 00:22 10691624                   /opt/simplex/lib/app/resources/libHShttp-types-0.12.4-04b79bbaa320685b0d9adb7fa02616087e75618cb90fa0923146d636c6dc5c73-ghc9.6.3.so
7f29b3f05000-7f29b3f06000 r--p 0007a000 00:22 10691624                   /opt/simplex/lib/app/resources/libHShttp-types-0.12.4-04b79bbaa320685b0d9adb7fa02616087e75618cb90fa0923146d636c6dc5c73-ghc9.6.3.so
7f29b3f06000-7f29b3f0d000 rw-p 0007b000 00:22 10691624                   /opt/simplex/lib/app/resources/libHShttp-types-0.12.4-04b79bbaa320685b0d9adb7fa02616087e75618cb90fa0923146d636c6dc5c73-ghc9.6.3.so
7f29b3f0d000-7f29b3faf000 r--p 00000000 00:22 10691641                   /opt/simplex/lib/app/resources/libHSnetwork-3.1.4.0-d7a34d14b13a117592434557be9626c3e970a42510042af7c7f787b50c31f140-ghc9.6.3.so
7f29b3faf000-7f29b3fee000 r-xp 000a2000 00:22 10691641                   /opt/simplex/lib/app/resources/libHSnetwork-3.1.4.0-d7a34d14b13a117592434557be9626c3e970a42510042af7c7f787b50c31f140-ghc9.6.3.so
7f29b3fee000-7f29b3ff1000 r--p 000e1000 00:22 10691641                   /opt/simplex/lib/app/resources/libHSnetwork-3.1.4.0-d7a34d14b13a117592434557be9626c3e970a42510042af7c7f787b50c31f140-ghc9.6.3.so
7f29b3ff1000-7f29b3ff2000 r--p 000e3000 00:22 10691641                   /opt/simplex/lib/app/resources/libHSnetwork-3.1.4.0-d7a34d14b13a117592434557be9626c3e970a42510042af7c7f787b50c31f140-ghc9.6.3.so
7f29b3ff2000-7f29b4000000 rw-p 000e4000 00:22 10691641                   /opt/simplex/lib/app/resources/libHSnetwork-3.1.4.0-d7a34d14b13a117592434557be9626c3e970a42510042af7c7f787b50c31f140-ghc9.6.3.so
7f29b4000000-7f29b4021000 rw-p 00000000 00:00 0 
7f29b4021000-7f29b8000000 ---p 00000000 00:00 0 
7f29b8003000-7f29b8008000 r--p 00000000 00:22 10691566                   /opt/simplex/lib/app/resources/libHSassoc-1.1-833fe934934ac287ee0125e0f70630bbf79db58c094cac008fb300c306b45c2c-ghc9.6.3.so
7f29b8008000-7f29b8009000 r-xp 00005000 00:22 10691566                   /opt/simplex/lib/app/resources/libHSassoc-1.1-833fe934934ac287ee0125e0f70630bbf79db58c094cac008fb300c306b45c2c-ghc9.6.3.so
7f29b8009000-7f29b800a000 r--p 00006000 00:22 10691566                   /opt/simplex/lib/app/resources/libHSassoc-1.1-833fe934934ac287ee0125e0f70630bbf79db58c094cac008fb300c306b45c2c-ghc9.6.3.so
7f29b800a000-7f29b800b000 r--p 00006000 00:22 10691566                   /opt/simplex/lib/app/resources/libHSassoc-1.1-833fe934934ac287ee0125e0f70630bbf79db58c094cac008fb300c306b45c2c-ghc9.6.3.so
7f29b800b000-7f29b800c000 rw-p 00007000 00:22 10691566                   /opt/simplex/lib/app/resources/libHSassoc-1.1-833fe934934ac287ee0125e0f70630bbf79db58c094cac008fb300c306b45c2c-ghc9.6.3.so
7f29b800c000-7f29b801b000 r--p 00000000 00:22 10691582                   /opt/simplex/lib/app/resources/libHScase-insensitive-1.2.1.0-911f138ed8f1a51c290f3661c35a231fca5751b2e6d93cb8b08b793c28d333f8-ghc9.6.3.so
7f29b801b000-7f29b8027000 r-xp 0000f000 00:22 10691582                   /opt/simplex/lib/app/resources/libHScase-insensitive-1.2.1.0-911f138ed8f1a51c290f3661c35a231fca5751b2e6d93cb8b08b793c28d333f8-ghc9.6.3.so
7f29b8027000-7f29b8028000 r--p 0001b000 00:22 10691582                   /opt/simplex/lib/app/resources/libHScase-insensitive-1.2.1.0-911f138ed8f1a51c290f3661c35a231fca5751b2e6d93cb8b08b793c28d333f8-ghc9.6.3.so
7f29b8028000-7f29b8029000 r--p 0001b000 00:22 10691582                   /opt/simplex/lib/app/resources/libHScase-insensitive-1.2.1.0-911f138ed8f1a51c290f3661c35a231fca5751b2e6d93cb8b08b793c28d333f8-ghc9.6.3.so
7f29b8029000-7f29b802a000 rw-p 0001c000 00:22 10691582                   /opt/simplex/lib/app/resources/libHScase-insensitive-1.2.1.0-911f138ed8f1a51c290f3661c35a231fca5751b2e6d93cb8b08b793c28d333f8-ghc9.6.3.so
7f29b802a000-7f29b805a000 r--p 00000000 00:22 10691656                   /opt/simplex/lib/app/resources/libHSpsqueues-0.2.8.0-cf18912fd284bc3c4ca8133b791460e95c2ce18855d35dbe15128d1b9b901f99-ghc9.6.3.so
7f29b805a000-7f29b80a9000 r-xp 00030000 00:22 10691656                   /opt/simplex/lib/app/resources/libHSpsqueues-0.2.8.0-cf18912fd284bc3c4ca8133b791460e95c2ce18855d35dbe15128d1b9b901f99-ghc9.6.3.so
7f29b80a9000-7f29b80aa000 r--p 0007f000 00:22 10691656                   /opt/simplex/lib/app/resources/libHSpsqueues-0.2.8.0-cf18912fd284bc3c4ca8133b791460e95c2ce18855d35dbe15128d1b9b901f99-ghc9.6.3.so
7f29b80aa000-7f29b80ab000 r--p 0007f000 00:22 10691656                   /opt/simplex/lib/app/resources/libHSpsqueues-0.2.8.0-cf18912fd284bc3c4ca8133b791460e95c2ce18855d35dbe15128d1b9b901f99-ghc9.6.3.so
7f29b80ab000-7f29b80af000 rw-p 00080000 00:22 10691656                   /opt/simplex/lib/app/resources/libHSpsqueues-0.2.8.0-cf18912fd284bc3c4ca8133b791460e95c2ce18855d35dbe15128d1b9b901f99-ghc9.6.3.so
7f29b80af000-7f29b8112000 r--p 00000000 00:22 10691698                   /opt/simplex/lib/app/resources/libHSunliftio-0.2.25.0-e49039a2da3a9a3368bfeaf21760d33880319bcb69605951ea8183d181cc2a0c-ghc9.6.3.so
7f29b8112000-7f29b8152000 r-xp 00063000 00:22 10691698                   /opt/simplex/lib/app/resources/libHSunliftio-0.2.25.0-e49039a2da3a9a3368bfeaf21760d33880319bcb69605951ea8183d181cc2a0c-ghc9.6.3.so
7f29b8152000-7f29b8154000 r--p 000a3000 00:22 10691698                   /opt/simplex/lib/app/resources/libHSunliftio-0.2.25.0-e49039a2da3a9a3368bfeaf21760d33880319bcb69605951ea8183d181cc2a0c-ghc9.6.3.so
7f29b8154000-7f29b8156000 r--p 000a4000 00:22 10691698                   /opt/simplex/lib/app/resources/libHSunliftio-0.2.25.0-e49039a2da3a9a3368bfeaf21760d33880319bcb69605951ea8183d181cc2a0c-ghc9.6.3.so
7f29b8156000-7f29b815f000 rw-p 000a6000 00:22 10691698                   /opt/simplex/lib/app/resources/libHSunliftio-0.2.25.0-e49039a2da3a9a3368bfeaf21760d33880319bcb69605951ea8183d181cc2a0c-ghc9.6.3.so
7f29b815f000-7f29b8186000 r--p 00000000 00:22 10691648                   /opt/simplex/lib/app/resources/libHSold-time-1.1.0.4-1176cf9d27ce76ea666f65838dedc69cf85e21dda79241ecb77ebc9da74206df-ghc9.6.3.so
7f29b8186000-7f29b81a6000 r-xp 00027000 00:22 10691648                   /opt/simplex/lib/app/resources/libHSold-time-1.1.0.4-1176cf9d27ce76ea666f65838dedc69cf85e21dda79241ecb77ebc9da74206df-ghc9.6.3.so
7f29b81a6000-7f29b81a8000 r--p 00047000 00:22 10691648                   /opt/simplex/lib/app/resources/libHSold-time-1.1.0.4-1176cf9d27ce76ea666f65838dedc69cf85e21dda79241ecb77ebc9da74206df-ghc9.6.3.so
7f29b81a8000-7f29b81a9000 r--p 00048000 00:22 10691648                   /opt/simplex/lib/app/resources/libHSold-time-1.1.0.4-1176cf9d27ce76ea666f65838dedc69cf85e21dda79241ecb77ebc9da74206df-ghc9.6.3.so
7f29b81a9000-7f29b81ae000 rw-p 00049000 00:22 10691648                   /opt/simplex/lib/app/resources/libHSold-time-1.1.0.4-1176cf9d27ce76ea666f65838dedc69cf85e21dda79241ecb77ebc9da74206df-ghc9.6.3.so
7f29b81ae000-7f29b81e1000 r--p 00000000 00:22 10691644                   /opt/simplex/lib/app/resources/libHSnetwork-transport-0.5.6-a598784797da0e5cd837bb152982a8134dbeea490ef4781a1161ebd03ad61e22-ghc9.6.3.so
7f29b81e1000-7f29b81f8000 r-xp 00033000 00:22 10691644                   /opt/simplex/lib/app/resources/libHSnetwork-transport-0.5.6-a598784797da0e5cd837bb152982a8134dbeea490ef4781a1161ebd03ad61e22-ghc9.6.3.so
7f29b81f8000-7f29b81fa000 r--p 0004a000 00:22 10691644                   /opt/simplex/lib/app/resources/libHSnetwork-transport-0.5.6-a598784797da0e5cd837bb152982a8134dbeea490ef4781a1161ebd03ad61e22-ghc9.6.3.so
7f29b81fa000-7f29b81fb000 r--p 0004b000 00:22 10691644                   /opt/simplex/lib/app/resources/libHSnetwork-transport-0.5.6-a598784797da0e5cd837bb152982a8134dbeea490ef4781a1161ebd03ad61e22-ghc9.6.3.so
7f29b81fb000-7f29b8200000 rw-p 0004c000 00:22 10691644                   /opt/simplex/lib/app/resources/libHSnetwork-transport-0.5.6-a598784797da0e5cd837bb152982a8134dbeea490ef4781a1161ebd03ad61e22-ghc9.6.3.so
7f29b8200000-7f29b8222000 r--p 00000000 00:22 10691705                   /opt/simplex/lib/app/resources/libHSvector-algorithms-0.9.0.1-622db70b7c3b579b7fe0b3e87dc9b73bdd25f7c197595d6188f4ff6c97ca3a03-ghc9.6.3.so
7f29b8222000-7f29b8473000 r-xp 00022000 00:22 10691705                   /opt/simplex/lib/app/resources/libHSvector-algorithms-0.9.0.1-622db70b7c3b579b7fe0b3e87dc9b73bdd25f7c197595d6188f4ff6c97ca3a03-ghc9.6.3.so
7f29b8473000-7f29b8474000 r--p 00273000 00:22 10691705                   /opt/simplex/lib/app/resources/libHSvector-algorithms-0.9.0.1-622db70b7c3b579b7fe0b3e87dc9b73bdd25f7c197595d6188f4ff6c97ca3a03-ghc9.6.3.so
7f29b8474000-7f29b8475000 ---p 00274000 00:22 10691705                   /opt/simplex/lib/app/resources/libHSvector-algorithms-0.9.0.1-622db70b7c3b579b7fe0b3e87dc9b73bdd25f7c197595d6188f4ff6c97ca3a03-ghc9.6.3.so
7f29b8475000-7f29b8476000 r--p 00274000 00:22 10691705                   /opt/simplex/lib/app/resources/libHSvector-algorithms-0.9.0.1-622db70b7c3b579b7fe0b3e87dc9b73bdd25f7c197595d6188f4ff6c97ca3a03-ghc9.6.3.so
7f29b8476000-7f29b847a000 rw-p 00275000 00:22 10691705                   /opt/simplex/lib/app/resources/libHSvector-algorithms-0.9.0.1-622db70b7c3b579b7fe0b3e87dc9b73bdd25f7c197595d6188f4ff6c97ca3a03-ghc9.6.3.so
7f29b847a000-7f29b8482000 r--p 00000000 00:22 10691600                   /opt/simplex/lib/app/resources/libHSdata-default-class-0.1.2.0-d6478233bb84b60567a3dfc7c3c78e8e26df20c2f16a39369f2fe564b42c4bc8-ghc9.6.3.so
7f29b8482000-7f29b8483000 r-xp 00008000 00:22 10691600                   /opt/simplex/lib/app/resources/libHSdata-default-class-0.1.2.0-d6478233bb84b60567a3dfc7c3c78e8e26df20c2f16a39369f2fe564b42c4bc8-ghc9.6.3.so
7f29b8483000-7f29b8484000 r--p 00009000 00:22 10691600                   /opt/simplex/lib/app/resources/libHSdata-default-class-0.1.2.0-d6478233bb84b60567a3dfc7c3c78e8e26df20c2f16a39369f2fe564b42c4bc8-ghc9.6.3.so
7f29b8484000-7f29b8485000 r--p 00009000 00:22 10691600                   /opt/simplex/lib/app/resources/libHSdata-default-class-0.1.2.0-d6478233bb84b60567a3dfc7c3c78e8e26df20c2f16a39369f2fe564b42c4bc8-ghc9.6.3.so
7f29b8485000-7f29b8486000 rw-p 0000a000 00:22 10691600                   /opt/simplex/lib/app/resources/libHSdata-default-class-0.1.2.0-d6478233bb84b60567a3dfc7c3c78e8e26df20c2f16a39369f2fe564b42c4bc8-ghc9.6.3.so
7f29b8486000-7f29b84c1000 r-xp 00000000 00:22 10691655                   /opt/simplex/lib/app/resources/libHSprocess-1.6.17.0-ghc9.6.3.so
7f29b84c1000-7f29b84c2000 ---p 0003b000 00:22 10691655                   /opt/simplex/lib/app/resources/libHSprocess-1.6.17.0-ghc9.6.3.so
7f29b84c2000-7f29b84c3000 r--p 0003b000 00:22 10691655                   /opt/simplex/lib/app/resources/libHSprocess-1.6.17.0-ghc9.6.3.so
7f29b84c3000-7f29b84c7000 rw-p 0003c000 00:22 10691655                   /opt/simplex/lib/app/resources/libHSprocess-1.6.17.0-ghc9.6.3.so
7f29b84c7000-7f29b8557000 r--p 00000000 00:22 10691649                   /opt/simplex/lib/app/resources/libHSoptparse-applicative-0.16.1.0-3ce9aafbd1a55a039ca95f58edb9a59055e5a44025a363ef7164a17f4f233cd8-ghc9.6.3.so
7f29b8557000-7f29b85a1000 r-xp 00090000 00:22 10691649                   /opt/simplex/lib/app/resources/libHSoptparse-applicative-0.16.1.0-3ce9aafbd1a55a039ca95f58edb9a59055e5a44025a363ef7164a17f4f233cd8-ghc9.6.3.so
7f29b85a1000-7f29b85a5000 r--p 000da000 00:22 10691649                   /opt/simplex/lib/app/resources/libHSoptparse-applicative-0.16.1.0-3ce9aafbd1a55a039ca95f58edb9a59055e5a44025a363ef7164a17f4f233cd8-ghc9.6.3.so
7f29b85a5000-7f29b85a6000 r--p 000dd000 00:22 10691649                   /opt/simplex/lib/app/resources/libHSoptparse-applicative-0.16.1.0-3ce9aafbd1a55a039ca95f58edb9a59055e5a44025a363ef7164a17f4f233cd8-ghc9.6.3.so
7f29b85a6000-7f29b85b3000 rw-p 000de000 00:22 10691649                   /opt/simplex/lib/app/resources/libHSoptparse-applicative-0.16.1.0-3ce9aafbd1a55a039ca95f58edb9a59055e5a44025a363ef7164a17f4f233cd8-ghc9.6.3.so
7f29b85b3000-7f29b85dc000 r--p 00000000 00:22 10691615                   /opt/simplex/lib/app/resources/libHSfast-logger-3.2.2-b996f2a9213a68adbcb76c2cd120cca89f66fffcc9f58aa29e344f14c7372a28-ghc9.6.3.so
7f29b85dc000-7f29b85f9000 r-xp 00029000 00:22 10691615                   /opt/simplex/lib/app/resources/libHSfast-logger-3.2.2-b996f2a9213a68adbcb76c2cd120cca89f66fffcc9f58aa29e344f14c7372a28-ghc9.6.3.so
7f29b85f9000-7f29b85fa000 r--p 00046000 00:22 10691615                   /opt/simplex/lib/app/resources/libHSfast-logger-3.2.2-b996f2a9213a68adbcb76c2cd120cca89f66fffcc9f58aa29e344f14c7372a28-ghc9.6.3.so
7f29b85fa000-7f29b85fb000 ---p 00047000 00:22 10691615                   /opt/simplex/lib/app/resources/libHSfast-logger-3.2.2-b996f2a9213a68adbcb76c2cd120cca89f66fffcc9f58aa29e344f14c7372a28-ghc9.6.3.so
7f29b85fb000-7f29b85fc000 r--p 00047000 00:22 10691615                   /opt/simplex/lib/app/resources/libHSfast-logger-3.2.2-b996f2a9213a68adbcb76c2cd120cca89f66fffcc9f58aa29e344f14c7372a28-ghc9.6.3.so
7f29b85fc000-7f29b8600000 rw-p 00048000 00:22 10691615                   /opt/simplex/lib/app/resources/libHSfast-logger-3.2.2-b996f2a9213a68adbcb76c2cd120cca89f66fffcc9f58aa29e344f14c7372a28-ghc9.6.3.so
7f29b8600000-7f29b86e9000 r--p 00000000 00:22 10691639                   /opt/simplex/lib/app/resources/libHSmono-traversable-1.0.15.3-702fbc586e2e3e3ba85606e4705af5b51dedb7602b3236f1217afbfba0777dbc-ghc9.6.3.so
7f29b86e9000-7f29b8822000 r-xp 000e9000 00:22 10691639                   /opt/simplex/lib/app/resources/libHSmono-traversable-1.0.15.3-702fbc586e2e3e3ba85606e4705af5b51dedb7602b3236f1217afbfba0777dbc-ghc9.6.3.so
7f29b8822000-7f29b8824000 r--p 00222000 00:22 10691639                   /opt/simplex/lib/app/resources/libHSmono-traversable-1.0.15.3-702fbc586e2e3e3ba85606e4705af5b51dedb7602b3236f1217afbfba0777dbc-ghc9.6.3.so
7f29b8824000-7f29b8825000 ---p 00224000 00:22 10691639                   /opt/simplex/lib/app/resources/libHSmono-traversable-1.0.15.3-702fbc586e2e3e3ba85606e4705af5b51dedb7602b3236f1217afbfba0777dbc-ghc9.6.3.so
7f29b8825000-7f29b8827000 r--p 00224000 00:22 10691639                   /opt/simplex/lib/app/resources/libHSmono-traversable-1.0.15.3-702fbc586e2e3e3ba85606e4705af5b51dedb7602b3236f1217afbfba0777dbc-ghc9.6.3.so
7f29b8827000-7f29b883c000 rw-p 00226000 00:22 10691639                   /opt/simplex/lib/app/resources/libHSmono-traversable-1.0.15.3-702fbc586e2e3e3ba85606e4705af5b51dedb7602b3236f1217afbfba0777dbc-ghc9.6.3.so
7f29b8840000-7f29b884e000 r--p 00000000 00:22 10691642                   /opt/simplex/lib/app/resources/libHSnetwork-byte-order-0.1.7-9300eb9d93376c7451b714e77dbee63d69827bfd45154453c5e009f245628c5f-ghc9.6.3.so
7f29b884e000-7f29b8857000 r-xp 0000e000 00:22 10691642                   /opt/simplex/lib/app/resources/libHSnetwork-byte-order-0.1.7-9300eb9d93376c7451b714e77dbee63d69827bfd45154453c5e009f245628c5f-ghc9.6.3.so
7f29b8857000-7f29b8858000 r--p 00017000 00:22 10691642                   /opt/simplex/lib/app/resources/libHSnetwork-byte-order-0.1.7-9300eb9d93376c7451b714e77dbee63d69827bfd45154453c5e009f245628c5f-ghc9.6.3.so
7f29b8858000-7f29b8859000 r--p 00017000 00:22 10691642                   /opt/simplex/lib/app/resources/libHSnetwork-byte-order-0.1.7-9300eb9d93376c7451b714e77dbee63d69827bfd45154453c5e009f245628c5f-ghc9.6.3.so
7f29b8859000-7f29b885a000 rw-p 00018000 00:22 10691642                   /opt/simplex/lib/app/resources/libHSnetwork-byte-order-0.1.7-9300eb9d93376c7451b714e77dbee63d69827bfd45154453c5e009f245628c5f-ghc9.6.3.so
7f29b885a000-7f29b8868000 r--p 00000000 00:22 10691570                   /opt/simplex/lib/app/resources/libHSauto-update-0.1.6-ecb80428f0d9edc16907d305ff237d25cbe29e71e601ffa03b04627282304912-ghc9.6.3.so
7f29b8868000-7f29b886e000 r-xp 0000e000 00:22 10691570                   /opt/simplex/lib/app/resources/libHSauto-update-0.1.6-ecb80428f0d9edc16907d305ff237d25cbe29e71e601ffa03b04627282304912-ghc9.6.3.so
7f29b886e000-7f29b886f000 r--p 00014000 00:22 10691570                   /opt/simplex/lib/app/resources/libHSauto-update-0.1.6-ecb80428f0d9edc16907d305ff237d25cbe29e71e601ffa03b04627282304912-ghc9.6.3.so
7f29b886f000-7f29b8870000 r--p 00014000 00:22 10691570                   /opt/simplex/lib/app/resources/libHSauto-update-0.1.6-ecb80428f0d9edc16907d305ff237d25cbe29e71e601ffa03b04627282304912-ghc9.6.3.so
7f29b8870000-7f29b8872000 rw-p 00015000 00:22 10691570                   /opt/simplex/lib/app/resources/libHSauto-update-0.1.6-ecb80428f0d9edc16907d305ff237d25cbe29e71e601ffa03b04627282304912-ghc9.6.3.so
7f29b8872000-7f29b88bf000 r--p 00000000 00:22 10691577                   /opt/simplex/lib/app/resources/libHSbitvec-1.1.5.0-f7812fb545e860bcf25db099a0f86418cb8b521ac6c734b90394edb5f29dcc64-ghc9.6.3.so
7f29b88bf000-7f29b89f4000 r-xp 0004d000 00:22 10691577                   /opt/simplex/lib/app/resources/libHSbitvec-1.1.5.0-f7812fb545e860bcf25db099a0f86418cb8b521ac6c734b90394edb5f29dcc64-ghc9.6.3.so
7f29b89f4000-7f29b89f5000 r--p 00182000 00:22 10691577                   /opt/simplex/lib/app/resources/libHSbitvec-1.1.5.0-f7812fb545e860bcf25db099a0f86418cb8b521ac6c734b90394edb5f29dcc64-ghc9.6.3.so
7f29b89f5000-7f29b89f6000 ---p 00183000 00:22 10691577                   /opt/simplex/lib/app/resources/libHSbitvec-1.1.5.0-f7812fb545e860bcf25db099a0f86418cb8b521ac6c734b90394edb5f29dcc64-ghc9.6.3.so
7f29b89f6000-7f29b89f7000 r--p 00183000 00:22 10691577                   /opt/simplex/lib/app/resources/libHSbitvec-1.1.5.0-f7812fb545e860bcf25db099a0f86418cb8b521ac6c734b90394edb5f29dcc64-ghc9.6.3.so
7f29b89f7000-7f29b8a00000 rw-p 00184000 00:22 10691577                   /opt/simplex/lib/app/resources/libHSbitvec-1.1.5.0-f7812fb545e860bcf25db099a0f86418cb8b521ac6c734b90394edb5f29dcc64-ghc9.6.3.so
7f29b8a00000-7f29b8c33000 r--p 00000000 00:22 10691598                   /opt/simplex/lib/app/resources/libHScryptostore-0.3.0.1-44f7a30de8c5f27df2f4c61613d8f76fda72b1cf7b8d867e2fe8ff99f77f43b4-ghc9.6.3.so
7f29b8c33000-7f29b8d63000 r-xp 00233000 00:22 10691598                   /opt/simplex/lib/app/resources/libHScryptostore-0.3.0.1-44f7a30de8c5f27df2f4c61613d8f76fda72b1cf7b8d867e2fe8ff99f77f43b4-ghc9.6.3.so
7f29b8d63000-7f29b8d73000 r--p 00363000 00:22 10691598                   /opt/simplex/lib/app/resources/libHScryptostore-0.3.0.1-44f7a30de8c5f27df2f4c61613d8f76fda72b1cf7b8d867e2fe8ff99f77f43b4-ghc9.6.3.so
7f29b8d73000-7f29b8d74000 ---p 00373000 00:22 10691598                   /opt/simplex/lib/app/resources/libHScryptostore-0.3.0.1-44f7a30de8c5f27df2f4c61613d8f76fda72b1cf7b8d867e2fe8ff99f77f43b4-ghc9.6.3.so
7f29b8d74000-7f29b8d76000 r--p 00373000 00:22 10691598                   /opt/simplex/lib/app/resources/libHScryptostore-0.3.0.1-44f7a30de8c5f27df2f4c61613d8f76fda72b1cf7b8d867e2fe8ff99f77f43b4-ghc9.6.3.so
7f29b8d76000-7f29b8db4000 rw-p 00375000 00:22 10691598                   /opt/simplex/lib/app/resources/libHScryptostore-0.3.0.1-44f7a30de8c5f27df2f4c61613d8f76fda72b1cf7b8d867e2fe8ff99f77f43b4-ghc9.6.3.so
7f29b8db7000-7f29b8dca000 r--p 00000000 00:22 10691661                   /opt/simplex/lib/app/resources/libHSsafe-exceptions-0.1.7.4-fa39710bdd0613170da182466a4d5f7d7e1ca3350d0d4a062ea9d3f2a3dbbb31-ghc9.6.3.so
7f29b8dca000-7f29b8dd2000 r-xp 00013000 00:22 10691661                   /opt/simplex/lib/app/resources/libHSsafe-exceptions-0.1.7.4-fa39710bdd0613170da182466a4d5f7d7e1ca3350d0d4a062ea9d3f2a3dbbb31-ghc9.6.3.so
7f29b8dd2000-7f29b8dd3000 r--p 0001b000 00:22 10691661                   /opt/simplex/lib/app/resources/libHSsafe-exceptions-0.1.7.4-fa39710bdd0613170da182466a4d5f7d7e1ca3350d0d4a062ea9d3f2a3dbbb31-ghc9.6.3.so
7f29b8dd3000-7f29b8dd4000 r--p 0001b000 00:22 10691661                   /opt/simplex/lib/app/resources/libHSsafe-exceptions-0.1.7.4-fa39710bdd0613170da182466a4d5f7d7e1ca3350d0d4a062ea9d3f2a3dbbb31-ghc9.6.3.so
7f29b8dd4000-7f29b8dd6000 rw-p 0001c000 00:22 10691661                   /opt/simplex/lib/app/resources/libHSsafe-exceptions-0.1.7.4-fa39710bdd0613170da182466a4d5f7d7e1ca3350d0d4a062ea9d3f2a3dbbb31-ghc9.6.3.so
7f29b8dd6000-7f29b8ddf000 r--p 00000000 00:22 10691699                   /opt/simplex/lib/app/resources/libHSunliftio-core-0.2.1.0-fe08e519f2101e0d6af5c7436f21f4fe398f2538422b74fd8852415fb9c17a59-ghc9.6.3.so
7f29b8ddf000-7f29b8de1000 r-xp 00009000 00:22 10691699                   /opt/simplex/lib/app/resources/libHSunliftio-core-0.2.1.0-fe08e519f2101e0d6af5c7436f21f4fe398f2538422b74fd8852415fb9c17a59-ghc9.6.3.so
7f29b8de1000-7f29b8de2000 r--p 0000b000 00:22 10691699                   /opt/simplex/lib/app/resources/libHSunliftio-core-0.2.1.0-fe08e519f2101e0d6af5c7436f21f4fe398f2538422b74fd8852415fb9c17a59-ghc9.6.3.so
7f29b8de2000-7f29b8de3000 r--p 0000b000 00:22 10691699                   /opt/simplex/lib/app/resources/libHSunliftio-core-0.2.1.0-fe08e519f2101e0d6af5c7436f21f4fe398f2538422b74fd8852415fb9c17a59-ghc9.6.3.so
7f29b8de3000-7f29b8de4000 rw-p 0000c000 00:22 10691699                   /opt/simplex/lib/app/resources/libHSunliftio-core-0.2.1.0-fe08e519f2101e0d6af5c7436f21f4fe398f2538422b74fd8852415fb9c17a59-ghc9.6.3.so
7f29b8de4000-7f29b8df4000 r--p 00000000 00:22 10691697                   /opt/simplex/lib/app/resources/libHSunix-time-0.4.11-9189a02348ca6152b40e2de4217054859bd40e33c0e5eeb1369921a564b5cf30-ghc9.6.3.so
7f29b8df4000-7f29b8dfd000 r-xp 00010000 00:22 10691697                   /opt/simplex/lib/app/resources/libHSunix-time-0.4.11-9189a02348ca6152b40e2de4217054859bd40e33c0e5eeb1369921a564b5cf30-ghc9.6.3.so
7f29b8dfd000-7f29b8dfe000 r--p 00019000 00:22 10691697                   /opt/simplex/lib/app/resources/libHSunix-time-0.4.11-9189a02348ca6152b40e2de4217054859bd40e33c0e5eeb1369921a564b5cf30-ghc9.6.3.so
7f29b8dfe000-7f29b8dff000 r--p 00019000 00:22 10691697                   /opt/simplex/lib/app/resources/libHSunix-time-0.4.11-9189a02348ca6152b40e2de4217054859bd40e33c0e5eeb1369921a564b5cf30-ghc9.6.3.so
7f29b8dff000-7f29b8e00000 rw-p 0001a000 00:22 10691697                   /opt/simplex/lib/app/resources/libHSunix-time-0.4.11-9189a02348ca6152b40e2de4217054859bd40e33c0e5eeb1369921a564b5cf30-ghc9.6.3.so
7f29b8e00000-7f29b903c000 r--p 00000000 00:22 10691689                   /opt/simplex/lib/app/resources/libHStls-1.9.0-6788cf450613a953599cb80c84cd483fafc4caa194ade4412ea440d544ee19ba-ghc9.6.3.so
7f29b903c000-7f29b91c5000 r-xp 0023c000 00:22 10691689                   /opt/simplex/lib/app/resources/libHStls-1.9.0-6788cf450613a953599cb80c84cd483fafc4caa194ade4412ea440d544ee19ba-ghc9.6.3.so
7f29b91c5000-7f29b91d9000 r--p 003c5000 00:22 10691689                   /opt/simplex/lib/app/resources/libHStls-1.9.0-6788cf450613a953599cb80c84cd483fafc4caa194ade4412ea440d544ee19ba-ghc9.6.3.so
7f29b91d9000-7f29b91da000 ---p 003d9000 00:22 10691689                   /opt/simplex/lib/app/resources/libHStls-1.9.0-6788cf450613a953599cb80c84cd483fafc4caa194ade4412ea440d544ee19ba-ghc9.6.3.so
7f29b91da000-7f29b91dc000 r--p 003d9000 00:22 10691689                   /opt/simplex/lib/app/resources/libHStls-1.9.0-6788cf450613a953599cb80c84cd483fafc4caa194ade4412ea440d544ee19ba-ghc9.6.3.so
7f29b91dc000-7f29b921f000 rw-p 003db000 00:22 10691689                   /opt/simplex/lib/app/resources/libHStls-1.9.0-6788cf450613a953599cb80c84cd483fafc4caa194ade4412ea440d544ee19ba-ghc9.6.3.so
7f29b921f000-7f29b9222000 r--p 00000000 00:22 10691586                   /opt/simplex/lib/app/resources/libHScomposition-1.0.2.2-237b8704d6b2659dedca5654b4896de04c10bdbb3672d164e018047bd34b458b-ghc9.6.3.so
7f29b9222000-7f29b9224000 r-xp 00003000 00:22 10691586                   /opt/simplex/lib/app/resources/libHScomposition-1.0.2.2-237b8704d6b2659dedca5654b4896de04c10bdbb3672d164e018047bd34b458b-ghc9.6.3.so
7f29b9224000-7f29b9225000 r--p 00005000 00:22 10691586                   /opt/simplex/lib/app/resources/libHScomposition-1.0.2.2-237b8704d6b2659dedca5654b4896de04c10bdbb3672d164e018047bd34b458b-ghc9.6.3.so
7f29b9225000-7f29b9226000 r--p 00005000 00:22 10691586                   /opt/simplex/lib/app/resources/libHScomposition-1.0.2.2-237b8704d6b2659dedca5654b4896de04c10bdbb3672d164e018047bd34b458b-ghc9.6.3.so
7f29b9226000-7f29b9227000 rw-p 00006000 00:22 10691586                   /opt/simplex/lib/app/resources/libHScomposition-1.0.2.2-237b8704d6b2659dedca5654b4896de04c10bdbb3672d164e018047bd34b458b-ghc9.6.3.so
7f29b9227000-7f29b924b000 r--p 00000000 00:22 10691560                   /opt/simplex/lib/app/resources/libHSansi-wl-pprint-0.6.9-740e11c23a4b1fdd05b947ad8c991cbe710e732c7aa74fd140113a8437bcb88a-ghc9.6.3.so
7f29b924b000-7f29b9259000 r-xp 00024000 00:22 10691560                   /opt/simplex/lib/app/resources/libHSansi-wl-pprint-0.6.9-740e11c23a4b1fdd05b947ad8c991cbe710e732c7aa74fd140113a8437bcb88a-ghc9.6.3.so
7f29b9259000-7f29b925b000 r--p 00032000 00:22 10691560                   /opt/simplex/lib/app/resources/libHSansi-wl-pprint-0.6.9-740e11c23a4b1fdd05b947ad8c991cbe710e732c7aa74fd140113a8437bcb88a-ghc9.6.3.so
7f29b925b000-7f29b925c000 r--p 00033000 00:22 10691560                   /opt/simplex/lib/app/resources/libHSansi-wl-pprint-0.6.9-740e11c23a4b1fdd05b947ad8c991cbe710e732c7aa74fd140113a8437bcb88a-ghc9.6.3.so
7f29b925c000-7f29b925f000 rw-p 00034000 00:22 10691560                   /opt/simplex/lib/app/resources/libHSansi-wl-pprint-0.6.9-740e11c23a4b1fdd05b947ad8c991cbe710e732c7aa74fd140113a8437bcb88a-ghc9.6.3.so
7f29b925f000-7f29b92d5000 r--p 00000000 00:22 10691587                   /opt/simplex/lib/app/resources/libHSconduit-1.3.5-f7cd0af4bd2712f81767a07893f463374305fbd51a1ccbf7dde3d722fad38078-ghc9.6.3.so
7f29b92d5000-7f29b9374000 r-xp 00076000 00:22 10691587                   /opt/simplex/lib/app/resources/libHSconduit-1.3.5-f7cd0af4bd2712f81767a07893f463374305fbd51a1ccbf7dde3d722fad38078-ghc9.6.3.so
7f29b9374000-7f29b9376000 r--p 00115000 00:22 10691587                   /opt/simplex/lib/app/resources/libHSconduit-1.3.5-f7cd0af4bd2712f81767a07893f463374305fbd51a1ccbf7dde3d722fad38078-ghc9.6.3.so
7f29b9376000-7f29b9377000 ---p 00117000 00:22 10691587                   /opt/simplex/lib/app/resources/libHSconduit-1.3.5-f7cd0af4bd2712f81767a07893f463374305fbd51a1ccbf7dde3d722fad38078-ghc9.6.3.so
7f29b9377000-7f29b9378000 r--p 00117000 00:22 10691587                   /opt/simplex/lib/app/resources/libHSconduit-1.3.5-f7cd0af4bd2712f81767a07893f463374305fbd51a1ccbf7dde3d722fad38078-ghc9.6.3.so
7f29b9378000-7f29b9381000 rw-p 00118000 00:22 10691587                   /opt/simplex/lib/app/resources/libHSconduit-1.3.5-f7cd0af4bd2712f81767a07893f463374305fbd51a1ccbf7dde3d722fad38078-ghc9.6.3.so
7f29b9381000-7f29b93c4000 r--p 00000000 00:22 10691710                   /opt/simplex/lib/app/resources/libHSzlib-0.6.3.0-a39aae8f67ff3eaace9ad2f1a8075252dfa05207ee067004481e4d1b253aa7f7-ghc9.6.3.so
7f29b93c4000-7f29b93f5000 r-xp 00043000 00:22 10691710                   /opt/simplex/lib/app/resources/libHSzlib-0.6.3.0-a39aae8f67ff3eaace9ad2f1a8075252dfa05207ee067004481e4d1b253aa7f7-ghc9.6.3.so
7f29b93f5000-7f29b93f8000 r--p 00074000 00:22 10691710                   /opt/simplex/lib/app/resources/libHSzlib-0.6.3.0-a39aae8f67ff3eaace9ad2f1a8075252dfa05207ee067004481e4d1b253aa7f7-ghc9.6.3.so
7f29b93f8000-7f29b93f9000 r--p 00076000 00:22 10691710                   /opt/simplex/lib/app/resources/libHSzlib-0.6.3.0-a39aae8f67ff3eaace9ad2f1a8075252dfa05207ee067004481e4d1b253aa7f7-ghc9.6.3.so
7f29b93f9000-7f29b9400000 rw-p 00077000 00:22 10691710                   /opt/simplex/lib/app/resources/libHSzlib-0.6.3.0-a39aae8f67ff3eaace9ad2f1a8075252dfa05207ee067004481e4d1b253aa7f7-ghc9.6.3.so
7f29b9400000-7f29ba276000 r--p 00000000 00:22 10691714                   /opt/simplex/lib/app/resources/libsimplex.so
7f29ba276000-7f29bbbc6000 r-xp 00e76000 00:22 10691714                   /opt/simplex/lib/app/resources/libsimplex.so
7f29bbbc6000-7f29bbc93000 r--p 027c6000 00:22 10691714                   /opt/simplex/lib/app/resources/libsimplex.so
7f29bbc93000-7f29bbc94000 ---p 02893000 00:22 10691714                   /opt/simplex/lib/app/resources/libsimplex.so
7f29bbc94000-7f29bbc99000 r--p 02893000 00:22 10691714                   /opt/simplex/lib/app/resources/libsimplex.so
7f29bbc99000-7f29bbefa000 rw-p 02898000 00:22 10691714                   /opt/simplex/lib/app/resources/libsimplex.so
7f29bbefa000-7f29bbf03000 r--p 00000000 00:22 10691688                   /opt/simplex/lib/app/resources/libHStime-manager-0.0.1-77828802fbee26aec7c30a924eb863902e639ee260505a667e17333384754050-ghc9.6.3.so
7f29bbf03000-7f29bbf05000 r-xp 00009000 00:22 10691688                   /opt/simplex/lib/app/resources/libHStime-manager-0.0.1-77828802fbee26aec7c30a924eb863902e639ee260505a667e17333384754050-ghc9.6.3.so
7f29bbf05000-7f29bbf06000 r--p 0000b000 00:22 10691688                   /opt/simplex/lib/app/resources/libHStime-manager-0.0.1-77828802fbee26aec7c30a924eb863902e639ee260505a667e17333384754050-ghc9.6.3.so
7f29bbf06000-7f29bbf07000 r--p 0000b000 00:22 10691688                   /opt/simplex/lib/app/resources/libHStime-manager-0.0.1-77828802fbee26aec7c30a924eb863902e639ee260505a667e17333384754050-ghc9.6.3.so
7f29bbf07000-7f29bbf08000 rw-p 0000c000 00:22 10691688                   /opt/simplex/lib/app/resources/libHStime-manager-0.0.1-77828802fbee26aec7c30a924eb863902e639ee260505a667e17333384754050-ghc9.6.3.so
7f29bbf08000-7f29bbf17000 r--p 00000000 00:22 10691611                   /opt/simplex/lib/app/resources/libHSeasy-file-0.2.5-993791674239f71f3d5c5348a4742b33b35a11f259b010653481c060821ceac2-ghc9.6.3.so
7f29bbf17000-7f29bbf1f000 r-xp 0000f000 00:22 10691611                   /opt/simplex/lib/app/resources/libHSeasy-file-0.2.5-993791674239f71f3d5c5348a4742b33b35a11f259b010653481c060821ceac2-ghc9.6.3.so
7f29bbf1f000-7f29bbf20000 r--p 00017000 00:22 10691611                   /opt/simplex/lib/app/resources/libHSeasy-file-0.2.5-993791674239f71f3d5c5348a4742b33b35a11f259b010653481c060821ceac2-ghc9.6.3.so
7f29bbf20000-7f29bbf21000 r--p 00017000 00:22 10691611                   /opt/simplex/lib/app/resources/libHSeasy-file-0.2.5-993791674239f71f3d5c5348a4742b33b35a11f259b010653481c060821ceac2-ghc9.6.3.so
7f29bbf21000-7f29bbf23000 rw-p 00018000 00:22 10691611                   /opt/simplex/lib/app/resources/libHSeasy-file-0.2.5-993791674239f71f3d5c5348a4742b33b35a11f259b010653481c060821ceac2-ghc9.6.3.so
7f29bbf23000-7f29bbf4a000 r--p 00000000 00:22 10691659                   /opt/simplex/lib/app/resources/libHSresourcet-1.3.0-7bc4c5832125cb21a657e1e52c7d15ade8946d90d44a4aeef2da03d323cfdcfc-ghc9.6.3.so
7f29bbf4a000-7f29bbf5d000 r-xp 00027000 00:22 10691659                   /opt/simplex/lib/app/resources/libHSresourcet-1.3.0-7bc4c5832125cb21a657e1e52c7d15ade8946d90d44a4aeef2da03d323cfdcfc-ghc9.6.3.so
7f29bbf5d000-7f29bbf5e000 r--p 0003a000 00:22 10691659                   /opt/simplex/lib/app/resources/libHSresourcet-1.3.0-7bc4c5832125cb21a657e1e52c7d15ade8946d90d44a4aeef2da03d323cfdcfc-ghc9.6.3.so
7f29bbf5e000-7f29bbf5f000 ---p 0003b000 00:22 10691659                   /opt/simplex/lib/app/resources/libHSresourcet-1.3.0-7bc4c5832125cb21a657e1e52c7d15ade8946d90d44a4aeef2da03d323cfdcfc-ghc9.6.3.so
7f29bbf5f000-7f29bbf60000 r--p 0003b000 00:22 10691659                   /opt/simplex/lib/app/resources/libHSresourcet-1.3.0-7bc4c5832125cb21a657e1e52c7d15ade8946d90d44a4aeef2da03d323cfdcfc-ghc9.6.3.so
7f29bbf60000-7f29bbf63000 rw-p 0003c000 00:22 10691659                   /opt/simplex/lib/app/resources/libHSresourcet-1.3.0-7bc4c5832125cb21a657e1e52c7d15ade8946d90d44a4aeef2da03d323cfdcfc-ghc9.6.3.so
7f29bbf63000-7f29bbfbc000 r--p 00000000 00:22 10691673                   /opt/simplex/lib/app/resources/libHSstreaming-commons-0.2.2.6-c2a64f34d630d423cfe81f4f5f013ab2aa9c88fe829a5b8fb1558030225c68fe-ghc9.6.3.so
7f29bbfbc000-7f29bbff4000 r-xp 00059000 00:22 10691673                   /opt/simplex/lib/app/resources/libHSstreaming-commons-0.2.2.6-c2a64f34d630d423cfe81f4f5f013ab2aa9c88fe829a5b8fb1558030225c68fe-ghc9.6.3.so
7f29bbff4000-7f29bbff7000 r--p 00091000 00:22 10691673                   /opt/simplex/lib/app/resources/libHSstreaming-commons-0.2.2.6-c2a64f34d630d423cfe81f4f5f013ab2aa9c88fe829a5b8fb1558030225c68fe-ghc9.6.3.so
7f29bbff7000-7f29bbff8000 r--p 00093000 00:22 10691673                   /opt/simplex/lib/app/resources/libHSstreaming-commons-0.2.2.6-c2a64f34d630d423cfe81f4f5f013ab2aa9c88fe829a5b8fb1558030225c68fe-ghc9.6.3.so
7f29bbff8000-7f29bc000000 rw-p 00094000 00:22 10691673                   /opt/simplex/lib/app/resources/libHSstreaming-commons-0.2.2.6-c2a64f34d630d423cfe81f4f5f013ab2aa9c88fe829a5b8fb1558030225c68fe-ghc9.6.3.so
7f29bc000000-7f29bc021000 rw-p 00000000 00:00 0 
7f29bc021000-7f29c0000000 ---p 00000000 00:00 0 
7f29c0000000-7f29c0021000 rw-p 00000000 00:00 0 
7f29c0021000-7f29c4000000 ---p 00000000 00:00 0 
7f29c4000000-7f29c4021000 rw-p 00000000 00:00 0 
7f29c4021000-7f29c8000000 ---p 00000000 00:00 0 
7f29c8000000-7f29c8021000 rw-p 00000000 00:00 0 
7f29c8021000-7f29cc000000 ---p 00000000 00:00 0 
7f29cc000000-7f29cc620000 rw-p 00000000 00:00 0 
7f29cc620000-7f29d0000000 ---p 00000000 00:00 0 
7f29d0000000-7f29d0021000 rw-p 00000000 00:00 0 
7f29d0021000-7f29d4000000 ---p 00000000 00:00 0 
7f29d4000000-7f29d4021000 rw-p 00000000 00:00 0 
7f29d4021000-7f29d8000000 ---p 00000000 00:00 0 
7f29d8000000-7f29d906d000 rw-p 00000000 00:00 0 
7f29d906d000-7f29dc000000 ---p 00000000 00:00 0 
7f29dc000000-7f29dc021000 rw-p 00000000 00:00 0 
7f29dc021000-7f29e0000000 ---p 00000000 00:00 0 
7f29e0000000-7f29e0021000 rw-p 00000000 00:00 0 
7f29e0021000-7f29e4000000 ---p 00000000 00:00 0 
7f29e4000000-7f29e4021000 rw-p 00000000 00:00 0 
7f29e4021000-7f29e8000000 ---p 00000000 00:00 0 
7f29e8000000-7f29e8021000 rw-p 00000000 00:00 0 
7f29e8021000-7f29ec000000 ---p 00000000 00:00 0 
7f29ec000000-7f29ec400000 rw-p 00000000 00:00 0 
7f29ec400000-7f29ec500000 rw-p 00000000 00:00 0 
7f29ec500000-7f29ec900000 rw-p 00000000 00:00 0 
7f29ec900000-7f29eca00000 rw-p 00000000 00:00 0 
7f29eca00000-7f29ecb00000 rw-p 00000000 00:00 0 
7f29ecb00000-7f29ecc00000 rw-p 00000000 00:00 0 
7f29ecc00000-7f29ecd80000 rw-p 00000000 00:00 0 
7f29ecd80000-7f29ece00000 rw-p 00000000 00:00 0 
7f29ece00000-7f29ecf80000 rw-p 00000000 00:00 0 
7f29ecf80000-7f29ed000000 rw-p 00000000 00:00 0 
7f29ed000000-7f29ed080000 rw-p 00000000 00:00 0 
7f29ed080000-7f29ed100000 rw-p 00000000 00:00 0 
7f29ed100000-7f29ed300000 rw-p 00000000 00:00 0 
7f29ed300000-7f29ed360000 rw-p 00000000 00:00 0 
7f29ed360000-7f29ed380000 rw-p 00000000 00:00 0 
7f29ed380000-7f29ed600000 rw-p 00000000 00:00 0 
7f29ed600000-7f29ed6a0000 rw-p 00000000 00:00 0 
7f29ed6a0000-7f29ed6c0000 rw-p 00000000 00:00 0 
7f29ed6c0000-7f29ed700000 rw-p 00000000 00:00 0 
7f29ed700000-7f29ed900000 rw-p 00000000 00:00 0 
7f29ed900000-7f29ed940000 rw-p 00000000 00:00 0 
7f29ed940000-7f29ed980000 rw-p 00000000 00:00 0 
7f29ed980000-7f29edb00000 rw-p 00000000 00:00 0 
7f29edb00000-7f29edf00000 rw-p 00000000 00:00 0 
7f29edf00000-7f29edfa0000 rw-p 00000000 00:00 0 
7f29edfa0000-7f29ee000000 ---p 00000000 00:00 0 
7f29ee000000-7f29ee540000 rw-p 00000000 00:00 0 
7f29ee540000-7f29f0000000 ---p 00000000 00:00 0 
7f29f0000000-7f29f0021000 rw-p 00000000 00:00 0 
7f29f0021000-7f29f4000000 ---p 00000000 00:00 0 
7f29f4000000-7f29f4021000 rw-p 00000000 00:00 0 
7f29f4021000-7f29f8000000 ---p 00000000 00:00 0 
7f29f8000000-7f29f8021000 rw-p 00000000 00:00 0 
7f29f8021000-7f29fc000000 ---p 00000000 00:00 0 
7f29fc004000-7f29fc015000 r--p 00000000 00:22 10691668                   /opt/simplex/lib/app/resources/libHSsplit-0.2.4-fe41ecd5cdbc55441ea0d9f6b9c0a5fa60d53be08482d4617078dba8531c5ff7-ghc9.6.3.so
7f29fc015000-7f29fc01e000 r-xp 00011000 00:22 10691668                   /opt/simplex/lib/app/resources/libHSsplit-0.2.4-fe41ecd5cdbc55441ea0d9f6b9c0a5fa60d53be08482d4617078dba8531c5ff7-ghc9.6.3.so
7f29fc01e000-7f29fc01f000 r--p 0001a000 00:22 10691668                   /opt/simplex/lib/app/resources/libHSsplit-0.2.4-fe41ecd5cdbc55441ea0d9f6b9c0a5fa60d53be08482d4617078dba8531c5ff7-ghc9.6.3.so
7f29fc01f000-7f29fc020000 r--p 0001a000 00:22 10691668                   /opt/simplex/lib/app/resources/libHSsplit-0.2.4-fe41ecd5cdbc55441ea0d9f6b9c0a5fa60d53be08482d4617078dba8531c5ff7-ghc9.6.3.so
7f29fc020000-7f29fc022000 rw-p 0001b000 00:22 10691668                   /opt/simplex/lib/app/resources/libHSsplit-0.2.4-fe41ecd5cdbc55441ea0d9f6b9c0a5fa60d53be08482d4617078dba8531c5ff7-ghc9.6.3.so
7f29fc022000-7f29fc046000 r--p 00000000 00:22 10691694                   /opt/simplex/lib/app/resources/libHStyped-process-0.2.11.1-62f137b38f036ac21804c99685e715e16a8eae2414705926bc32627e2e3746b7-ghc9.6.3.so
7f29fc046000-7f29fc05d000 r-xp 00024000 00:22 10691694                   /opt/simplex/lib/app/resources/libHStyped-process-0.2.11.1-62f137b38f036ac21804c99685e715e16a8eae2414705926bc32627e2e3746b7-ghc9.6.3.so
7f29fc05d000-7f29fc05e000 r--p 0003b000 00:22 10691694                   /opt/simplex/lib/app/resources/libHStyped-process-0.2.11.1-62f137b38f036ac21804c99685e715e16a8eae2414705926bc32627e2e3746b7-ghc9.6.3.so
7f29fc05e000-7f29fc05f000 ---p 0003c000 00:22 10691694                   /opt/simplex/lib/app/resources/libHStyped-process-0.2.11.1-62f137b38f036ac21804c99685e715e16a8eae2414705926bc32627e2e3746b7-ghc9.6.3.so
7f29fc05f000-7f29fc060000 r--p 0003c000 00:22 10691694                   /opt/simplex/lib/app/resources/libHStyped-process-0.2.11.1-62f137b38f036ac21804c99685e715e16a8eae2414705926bc32627e2e3746b7-ghc9.6.3.so
7f29fc060000-7f29fc063000 rw-p 0003d000 00:22 10691694                   /opt/simplex/lib/app/resources/libHStyped-process-0.2.11.1-62f137b38f036ac21804c99685e715e16a8eae2414705926bc32627e2e3746b7-ghc9.6.3.so
7f29fc063000-7f29fc0a2000 r--p 00000000 00:22 10691588                   /opt/simplex/lib/app/resources/libHSconduit-extra-1.3.6-46fa6ccb0368471fb2eb4319e2a291d4351d9beb99b9d3dc2b80ef3c18ff6a8d-ghc9.6.3.so
7f29fc0a2000-7f29fc0ea000 r-xp 0003f000 00:22 10691588                   /opt/simplex/lib/app/resources/libHSconduit-extra-1.3.6-46fa6ccb0368471fb2eb4319e2a291d4351d9beb99b9d3dc2b80ef3c18ff6a8d-ghc9.6.3.so
7f29fc0ea000-7f29fc0eb000 r--p 00087000 00:22 10691588                   /opt/simplex/lib/app/resources/libHSconduit-extra-1.3.6-46fa6ccb0368471fb2eb4319e2a291d4351d9beb99b9d3dc2b80ef3c18ff6a8d-ghc9.6.3.so
7f29fc0eb000-7f29fc0ec000 ---p 00088000 00:22 10691588                   /opt/simplex/lib/app/resources/libHSconduit-extra-1.3.6-46fa6ccb0368471fb2eb4319e2a291d4351d9beb99b9d3dc2b80ef3c18ff6a8d-ghc9.6.3.so
7f29fc0ec000-7f29fc0ed000 r--p 00088000 00:22 10691588                   /opt/simplex/lib/app/resources/libHSconduit-extra-1.3.6-46fa6ccb0368471fb2eb4319e2a291d4351d9beb99b9d3dc2b80ef3c18ff6a8d-ghc9.6.3.so
7f29fc0ed000-7f29fc0f3000 rw-p 00089000 00:22 10691588                   /opt/simplex/lib/app/resources/libHSconduit-extra-1.3.6-46fa6ccb0368471fb2eb4319e2a291d4351d9beb99b9d3dc2b80ef3c18ff6a8d-ghc9.6.3.so
7f29fc0f3000-7f29fc13a000 r--p 00000000 00:22 10691637                   /opt/simplex/lib/app/resources/libHSmonad-logger-0.3.40-bd2c86f117c7a9e15efe0e94bf63ea4ba9acb1a3cd6ae109d16580e3e144a39f-ghc9.6.3.so
7f29fc13a000-7f29fc16a000 r-xp 00047000 00:22 10691637                   /opt/simplex/lib/app/resources/libHSmonad-logger-0.3.40-bd2c86f117c7a9e15efe0e94bf63ea4ba9acb1a3cd6ae109d16580e3e144a39f-ghc9.6.3.so
7f29fc16a000-7f29fc16b000 r--p 00077000 00:22 10691637                   /opt/simplex/lib/app/resources/libHSmonad-logger-0.3.40-bd2c86f117c7a9e15efe0e94bf63ea4ba9acb1a3cd6ae109d16580e3e144a39f-ghc9.6.3.so
7f29fc16b000-7f29fc16c000 ---p 00078000 00:22 10691637                   /opt/simplex/lib/app/resources/libHSmonad-logger-0.3.40-bd2c86f117c7a9e15efe0e94bf63ea4ba9acb1a3cd6ae109d16580e3e144a39f-ghc9.6.3.so
7f29fc16c000-7f29fc16d000 r--p 00078000 00:22 10691637                   /opt/simplex/lib/app/resources/libHSmonad-logger-0.3.40-bd2c86f117c7a9e15efe0e94bf63ea4ba9acb1a3cd6ae109d16580e3e144a39f-ghc9.6.3.so
7f29fc16d000-7f29fc172000 rw-p 00079000 00:22 10691637                   /opt/simplex/lib/app/resources/libHSmonad-logger-0.3.40-bd2c86f117c7a9e15efe0e94bf63ea4ba9acb1a3cd6ae109d16580e3e144a39f-ghc9.6.3.so
7f29fc172000-7f29fc1c1000 r--p 00000000 00:22 10691631                   /opt/simplex/lib/app/resources/libHSiproute-1.7.12-f2697155f8d196d730c7a4356a213a14569fb9fe169e659aee4a75a1b1e3d28d-ghc9.6.3.so
7f29fc1c1000-7f29fc204000 r-xp 0004f000 00:22 10691631                   /opt/simplex/lib/app/resources/libHSiproute-1.7.12-f2697155f8d196d730c7a4356a213a14569fb9fe169e659aee4a75a1b1e3d28d-ghc9.6.3.so
7f29fc204000-7f29fc205000 r--p 00092000 00:22 10691631                   /opt/simplex/lib/app/resources/libHSiproute-1.7.12-f2697155f8d196d730c7a4356a213a14569fb9fe169e659aee4a75a1b1e3d28d-ghc9.6.3.so
7f29fc205000-7f29fc206000 ---p 00093000 00:22 10691631                   /opt/simplex/lib/app/resources/libHSiproute-1.7.12-f2697155f8d196d730c7a4356a213a14569fb9fe169e659aee4a75a1b1e3d28d-ghc9.6.3.so
7f29fc206000-7f29fc207000 r--p 00093000 00:22 10691631                   /opt/simplex/lib/app/resources/libHSiproute-1.7.12-f2697155f8d196d730c7a4356a213a14569fb9fe169e659aee4a75a1b1e3d28d-ghc9.6.3.so
7f29fc207000-7f29fc20f000 rw-p 00094000 00:22 10691631                   /opt/simplex/lib/app/resources/libHSiproute-1.7.12-f2697155f8d196d730c7a4356a213a14569fb9fe169e659aee4a75a1b1e3d28d-ghc9.6.3.so
7f29fc20f000-7f29fc24a000 r--p 00000000 00:22 10691583                   /opt/simplex/lib/app/resources/libHScereal-0.5.8.3-1dc9d2e442647ca716729f0956fdcf61c80cd8a0e0593a7c3ffd6dec6fd90897-ghc9.6.3.so
7f29fc24a000-7f29fc29e000 r-xp 0003b000 00:22 10691583                   /opt/simplex/lib/app/resources/libHScereal-0.5.8.3-1dc9d2e442647ca716729f0956fdcf61c80cd8a0e0593a7c3ffd6dec6fd90897-ghc9.6.3.so
7f29fc29e000-7f29fc29f000 r--p 0008f000 00:22 10691583                   /opt/simplex/lib/app/resources/libHScereal-0.5.8.3-1dc9d2e442647ca716729f0956fdcf61c80cd8a0e0593a7c3ffd6dec6fd90897-ghc9.6.3.so
7f29fc29f000-7f29fc2a0000 r--p 0008f000 00:22 10691583                   /opt/simplex/lib/app/resources/libHScereal-0.5.8.3-1dc9d2e442647ca716729f0956fdcf61c80cd8a0e0593a7c3ffd6dec6fd90897-ghc9.6.3.so
7f29fc2a0000-7f29fc2a4000 rw-p 00090000 00:22 10691583                   /opt/simplex/lib/app/resources/libHScereal-0.5.8.3-1dc9d2e442647ca716729f0956fdcf61c80cd8a0e0593a7c3ffd6dec6fd90897-ghc9.6.3.so
7f29fc2a4000-7f29fc2f2000 r--p 00000000 00:22 10691667                   /opt/simplex/lib/app/resources/libHSsocks-0.6.1-321a4ad83486b2eab3dbdbbd43e942eb6e8e886281d9cd99264913eda3e51659-ghc9.6.3.so
7f29fc2f2000-7f29fc336000 r-xp 0004e000 00:22 10691667                   /opt/simplex/lib/app/resources/libHSsocks-0.6.1-321a4ad83486b2eab3dbdbbd43e942eb6e8e886281d9cd99264913eda3e51659-ghc9.6.3.so
7f29fc336000-7f29fc33a000 r--p 00092000 00:22 10691667                   /opt/simplex/lib/app/resources/libHSsocks-0.6.1-321a4ad83486b2eab3dbdbbd43e942eb6e8e886281d9cd99264913eda3e51659-ghc9.6.3.so
7f29fc33a000-7f29fc33b000 ---p 00096000 00:22 10691667                   /opt/simplex/lib/app/resources/libHSsocks-0.6.1-321a4ad83486b2eab3dbdbbd43e942eb6e8e886281d9cd99264913eda3e51659-ghc9.6.3.so
7f29fc33b000-7f29fc33c000 r--p 00096000 00:22 10691667                   /opt/simplex/lib/app/resources/libHSsocks-0.6.1-321a4ad83486b2eab3dbdbbd43e942eb6e8e886281d9cd99264913eda3e51659-ghc9.6.3.so
7f29fc33c000-7f29fc344000 rw-p 00097000 00:22 10691667                   /opt/simplex/lib/app/resources/libHSsocks-0.6.1-321a4ad83486b2eab3dbdbbd43e942eb6e8e886281d9cd99264913eda3e51659-ghc9.6.3.so
7f29fc344000-7f29fc3a7000 r--p 00000000 00:22 10691670                   /opt/simplex/lib/app/resources/libHSsqlcipher-simple-0.4.18.1-10c21f8b76877ac291d7cd5bb401353f25996f3b172b661e6e356c860fae6224-ghc9.6.3.so
7f29fc3a7000-7f29fc3ef000 r-xp 00063000 00:22 10691670                   /opt/simplex/lib/app/resources/libHSsqlcipher-simple-0.4.18.1-10c21f8b76877ac291d7cd5bb401353f25996f3b172b661e6e356c860fae6224-ghc9.6.3.so
7f29fc3ef000-7f29fc3f1000 r--p 000ab000 00:22 10691670                   /opt/simplex/lib/app/resources/libHSsqlcipher-simple-0.4.18.1-10c21f8b76877ac291d7cd5bb401353f25996f3b172b661e6e356c860fae6224-ghc9.6.3.so
7f29fc3f1000-7f29fc3f2000 ---p 000ad000 00:22 10691670                   /opt/simplex/lib/app/resources/libHSsqlcipher-simple-0.4.18.1-10c21f8b76877ac291d7cd5bb401353f25996f3b172b661e6e356c860fae6224-ghc9.6.3.so
7f29fc3f2000-7f29fc3f3000 r--p 000ad000 00:22 10691670                   /opt/simplex/lib/app/resources/libHSsqlcipher-simple-0.4.18.1-10c21f8b76877ac291d7cd5bb401353f25996f3b172b661e6e356c860fae6224-ghc9.6.3.so
7f29fc3f3000-7f29fc3fc000 rw-p 000ae000 00:22 10691670                   /opt/simplex/lib/app/resources/libHSsqlcipher-simple-0.4.18.1-10c21f8b76877ac291d7cd5bb401353f25996f3b172b661e6e356c860fae6224-ghc9.6.3.so
7f29fc3fc000-7f29fc42c000 r--p 00000000 00:22 10691711                   /opt/simplex/lib/app/resources/libHSzstd-0.1.3.0-203b259d81b55151fd2c9ecb432bfa701dfd8529080fb68640d12b8cbccbb2c4-ghc9.6.3.so
7f29fc42c000-7f29fc4e9000 r-xp 00030000 00:22 10691711                   /opt/simplex/lib/app/resources/libHSzstd-0.1.3.0-203b259d81b55151fd2c9ecb432bfa701dfd8529080fb68640d12b8cbccbb2c4-ghc9.6.3.so
7f29fc4e9000-7f29fc4f8000 r--p 000ed000 00:22 10691711                   /opt/simplex/lib/app/resources/libHSzstd-0.1.3.0-203b259d81b55151fd2c9ecb432bfa701dfd8529080fb68640d12b8cbccbb2c4-ghc9.6.3.so
7f29fc4f8000-7f29fc4f9000 ---p 000fc000 00:22 10691711                   /opt/simplex/lib/app/resources/libHSzstd-0.1.3.0-203b259d81b55151fd2c9ecb432bfa701dfd8529080fb68640d12b8cbccbb2c4-ghc9.6.3.so
7f29fc4f9000-7f29fc4fa000 r--p 000fc000 00:22 10691711                   /opt/simplex/lib/app/resources/libHSzstd-0.1.3.0-203b259d81b55151fd2c9ecb432bfa701dfd8529080fb68640d12b8cbccbb2c4-ghc9.6.3.so
7f29fc4fa000-7f29fc4fe000 rw-p 000fd000 00:22 10691711                   /opt/simplex/lib/app/resources/libHSzstd-0.1.3.0-203b259d81b55151fd2c9ecb432bfa701dfd8529080fb68640d12b8cbccbb2c4-ghc9.6.3.so
7f29fc4fe000-7f29fc563000 r--p 00000000 00:22 10691653                   /opt/simplex/lib/app/resources/libHSprettyprinter-1.7.1-287da2e036de31e4a5b0a697b58ed34063c3a4b99d58100d6d6202cad6e659d0-ghc9.6.3.so
7f29fc563000-7f29fc5f1000 r-xp 00065000 00:22 10691653                   /opt/simplex/lib/app/resources/libHSprettyprinter-1.7.1-287da2e036de31e4a5b0a697b58ed34063c3a4b99d58100d6d6202cad6e659d0-ghc9.6.3.so
7f29fc5f1000-7f29fc5f6000 r--p 000f3000 00:22 10691653                   /opt/simplex/lib/app/resources/libHSprettyprinter-1.7.1-287da2e036de31e4a5b0a697b58ed34063c3a4b99d58100d6d6202cad6e659d0-ghc9.6.3.so
7f29fc5f6000-7f29fc5f7000 r--p 000f7000 00:22 10691653                   /opt/simplex/lib/app/resources/libHSprettyprinter-1.7.1-287da2e036de31e4a5b0a697b58ed34063c3a4b99d58100d6d6202cad6e659d0-ghc9.6.3.so
7f29fc5f7000-7f29fc600000 rw-p 000f8000 00:22 10691653                   /opt/simplex/lib/app/resources/libHSprettyprinter-1.7.1-287da2e036de31e4a5b0a697b58ed34063c3a4b99d58100d6d6202cad6e659d0-ghc9.6.3.so
7f29fc600000-7f29fc607000 r-xp 00000000 00:22 10692573                   /opt/simplex/lib/runtime/lib/libzip.so
7f29fc607000-7f29fc807000 ---p 00007000 00:22 10692573                   /opt/simplex/lib/runtime/lib/libzip.so
7f29fc807000-7f29fc808000 r--p 00007000 00:22 10692573                   /opt/simplex/lib/runtime/lib/libzip.so
7f29fc808000-7f29fc809000 rw-p 00000000 00:00 0 
7f29fc80a000-7f29fc80b000 r--p 00000000 00:22 10691618                   /opt/simplex/lib/app/resources/libHSgenerically-0.1.1-2834f311c967983e0bc61b2c2991e5f1889ec4efc87b9657d666962213309952-ghc9.6.3.so
7f29fc80b000-7f29fc80c000 r-xp 00001000 00:22 10691618                   /opt/simplex/lib/app/resources/libHSgenerically-0.1.1-2834f311c967983e0bc61b2c2991e5f1889ec4efc87b9657d666962213309952-ghc9.6.3.so
7f29fc80c000-7f29fc80d000 r--p 00002000 00:22 10691618                   /opt/simplex/lib/app/resources/libHSgenerically-0.1.1-2834f311c967983e0bc61b2c2991e5f1889ec4efc87b9657d666962213309952-ghc9.6.3.so
7f29fc80d000-7f29fc80e000 r--p 00002000 00:22 10691618                   /opt/simplex/lib/app/resources/libHSgenerically-0.1.1-2834f311c967983e0bc61b2c2991e5f1889ec4efc87b9657d666962213309952-ghc9.6.3.so
7f29fc80e000-7f29fc80f000 rw-p 00003000 00:22 10691618                   /opt/simplex/lib/app/resources/libHSgenerically-0.1.1-2834f311c967983e0bc61b2c2991e5f1889ec4efc87b9657d666962213309952-ghc9.6.3.so
7f29fc80f000-7f29fc816000 r--p 00000000 00:22 10691658                   /opt/simplex/lib/app/resources/libHSrecord-hasfield-1.0-d6cb5024fc4032d99d6944fd59d32266d746ed207dd5c5f8d3ffdca859062686-ghc9.6.3.so
7f29fc816000-7f29fc819000 r-xp 00007000 00:22 10691658                   /opt/simplex/lib/app/resources/libHSrecord-hasfield-1.0-d6cb5024fc4032d99d6944fd59d32266d746ed207dd5c5f8d3ffdca859062686-ghc9.6.3.so
7f29fc819000-7f29fc81a000 r--p 0000a000 00:22 10691658                   /opt/simplex/lib/app/resources/libHSrecord-hasfield-1.0-d6cb5024fc4032d99d6944fd59d32266d746ed207dd5c5f8d3ffdca859062686-ghc9.6.3.so
7f29fc81a000-7f29fc81b000 r--p 0000a000 00:22 10691658                   /opt/simplex/lib/app/resources/libHSrecord-hasfield-1.0-d6cb5024fc4032d99d6944fd59d32266d746ed207dd5c5f8d3ffdca859062686-ghc9.6.3.so
7f29fc81b000-7f29fc81c000 rw-p 0000b000 00:22 10691658                   /opt/simplex/lib/app/resources/libHSrecord-hasfield-1.0-d6cb5024fc4032d99d6944fd59d32266d746ed207dd5c5f8d3ffdca859062686-ghc9.6.3.so
7f29fc81c000-7f29fc826000 r--p 00000000 00:22 10691691                   /opt/simplex/lib/app/resources/libHStransformers-base-0.4.6-7c5a8ca4b546fee71e383ab67aa6d04821890ff83d9df8fa9270fd287319cc2f-ghc9.6.3.so
7f29fc826000-7f29fc82c000 r-xp 0000a000 00:22 10691691                   /opt/simplex/lib/app/resources/libHStransformers-base-0.4.6-7c5a8ca4b546fee71e383ab67aa6d04821890ff83d9df8fa9270fd287319cc2f-ghc9.6.3.so
7f29fc82c000-7f29fc82d000 r--p 00010000 00:22 10691691                   /opt/simplex/lib/app/resources/libHStransformers-base-0.4.6-7c5a8ca4b546fee71e383ab67aa6d04821890ff83d9df8fa9270fd287319cc2f-ghc9.6.3.so
7f29fc82d000-7f29fc82e000 r--p 00010000 00:22 10691691                   /opt/simplex/lib/app/resources/libHStransformers-base-0.4.6-7c5a8ca4b546fee71e383ab67aa6d04821890ff83d9df8fa9270fd287319cc2f-ghc9.6.3.so
7f29fc82e000-7f29fc82f000 rw-p 00011000 00:22 10691691                   /opt/simplex/lib/app/resources/libHStransformers-base-0.4.6-7c5a8ca4b546fee71e383ab67aa6d04821890ff83d9df8fa9270fd287319cc2f-ghc9.6.3.so
7f29fc82f000-7f29fc83d000 r--p 00000000 00:22 10691634                   /opt/simplex/lib/app/resources/libHSlifted-base-0.2.3.12-6bb680b275575f77f23a400002cab0d5c5392afc5c95837c034d35d6f4d761c8-ghc9.6.3.so
7f29fc83d000-7f29fc849000 r-xp 0000e000 00:22 10691634                   /opt/simplex/lib/app/resources/libHSlifted-base-0.2.3.12-6bb680b275575f77f23a400002cab0d5c5392afc5c95837c034d35d6f4d761c8-ghc9.6.3.so
7f29fc849000-7f29fc84a000 r--p 0001a000 00:22 10691634                   /opt/simplex/lib/app/resources/libHSlifted-base-0.2.3.12-6bb680b275575f77f23a400002cab0d5c5392afc5c95837c034d35d6f4d761c8-ghc9.6.3.so
7f29fc84a000-7f29fc84b000 r--p 0001a000 00:22 10691634                   /opt/simplex/lib/app/resources/libHSlifted-base-0.2.3.12-6bb680b275575f77f23a400002cab0d5c5392afc5c95837c034d35d6f4d761c8-ghc9.6.3.so
7f29fc84b000-7f29fc84c000 rw-p 0001b000 00:22 10691634                   /opt/simplex/lib/app/resources/libHSlifted-base-0.2.3.12-6bb680b275575f77f23a400002cab0d5c5392afc5c95837c034d35d6f4d761c8-ghc9.6.3.so
7f29fc84c000-7f29fc862000 r--p 00000000 00:22 10691672                   /opt/simplex/lib/app/resources/libHSstm-chans-3.0.0.9-27ac3a1df633cbdc2c71a28c9eeacd8c9b232a2a752f54f84e55418ba8d206e4-ghc9.6.3.so
7f29fc862000-7f29fc86d000 r-xp 00016000 00:22 10691672                   /opt/simplex/lib/app/resources/libHSstm-chans-3.0.0.9-27ac3a1df633cbdc2c71a28c9eeacd8c9b232a2a752f54f84e55418ba8d206e4-ghc9.6.3.so
7f29fc86d000-7f29fc86e000 r--p 00021000 00:22 10691672                   /opt/simplex/lib/app/resources/libHSstm-chans-3.0.0.9-27ac3a1df633cbdc2c71a28c9eeacd8c9b232a2a752f54f84e55418ba8d206e4-ghc9.6.3.so
7f29fc86e000-7f29fc86f000 r--p 00021000 00:22 10691672                   /opt/simplex/lib/app/resources/libHSstm-chans-3.0.0.9-27ac3a1df633cbdc2c71a28c9eeacd8c9b232a2a752f54f84e55418ba8d206e4-ghc9.6.3.so
7f29fc86f000-7f29fc871000 rw-p 00022000 00:22 10691672                   /opt/simplex/lib/app/resources/libHSstm-chans-3.0.0.9-27ac3a1df633cbdc2c71a28c9eeacd8c9b232a2a752f54f84e55418ba8d206e4-ghc9.6.3.so
7f29fc871000-7f29fc8b4000 r--p 00000000 00:22 10691633                   /opt/simplex/lib/app/resources/libHSlibyaml-0.1.2-de0acb1e923516f14fa49958b60d7cc3a140a82067b24afd52ce940c2f0441f1-ghc9.6.3.so
7f29fc8b4000-7f29fc8ef000 r-xp 00043000 00:22 10691633                   /opt/simplex/lib/app/resources/libHSlibyaml-0.1.2-de0acb1e923516f14fa49958b60d7cc3a140a82067b24afd52ce940c2f0441f1-ghc9.6.3.so
7f29fc8ef000-7f29fc8f6000 r--p 0007e000 00:22 10691633                   /opt/simplex/lib/app/resources/libHSlibyaml-0.1.2-de0acb1e923516f14fa49958b60d7cc3a140a82067b24afd52ce940c2f0441f1-ghc9.6.3.so
7f29fc8f6000-7f29fc8f7000 ---p 00085000 00:22 10691633                   /opt/simplex/lib/app/resources/libHSlibyaml-0.1.2-de0acb1e923516f14fa49958b60d7cc3a140a82067b24afd52ce940c2f0441f1-ghc9.6.3.so
7f29fc8f7000-7f29fc8f8000 r--p 00085000 00:22 10691633                   /opt/simplex/lib/app/resources/libHSlibyaml-0.1.2-de0acb1e923516f14fa49958b60d7cc3a140a82067b24afd52ce940c2f0441f1-ghc9.6.3.so
7f29fc8f8000-7f29fc8ff000 rw-p 00086000 00:22 10691633                   /opt/simplex/lib/app/resources/libHSlibyaml-0.1.2-de0acb1e923516f14fa49958b60d7cc3a140a82067b24afd52ce940c2f0441f1-ghc9.6.3.so
7f29fc8ff000-7f29fc900000 rw-p 00000000 00:00 0 
7f29fc900000-7f29fc904000 ---p 00000000 00:00 0 
7f29fc904000-7f29fca00000 rw-p 00000000 00:00 0 
7f29fca00000-7f29fca15000 r-xp 00000000 00:22 10692568                   /opt/simplex/lib/runtime/lib/libnet.so
7f29fca15000-7f29fcc14000 ---p 00015000 00:22 10692568                   /opt/simplex/lib/runtime/lib/libnet.so
7f29fcc14000-7f29fcc15000 r--p 00014000 00:22 10692568                   /opt/simplex/lib/runtime/lib/libnet.so
7f29fcc15000-7f29fcc16000 rw-p 00015000 00:22 10692568                   /opt/simplex/lib/runtime/lib/libnet.so
7f29fcc17000-7f29fcc18000 r--p 00000000 00:22 10691693                   /opt/simplex/lib/app/resources/libHStype-equality-1-c6a98cb4eb3e5594096ad0805c75d62364c4e94bc328d1703756f1c4f2bcddcf-ghc9.6.3.so
7f29fcc18000-7f29fcc19000 r-xp 00001000 00:22 10691693                   /opt/simplex/lib/app/resources/libHStype-equality-1-c6a98cb4eb3e5594096ad0805c75d62364c4e94bc328d1703756f1c4f2bcddcf-ghc9.6.3.so
7f29fcc19000-7f29fcc1a000 r--p 00002000 00:22 10691693                   /opt/simplex/lib/app/resources/libHStype-equality-1-c6a98cb4eb3e5594096ad0805c75d62364c4e94bc328d1703756f1c4f2bcddcf-ghc9.6.3.so
7f29fcc1a000-7f29fcc1b000 r--p 00002000 00:22 10691693                   /opt/simplex/lib/app/resources/libHStype-equality-1-c6a98cb4eb3e5594096ad0805c75d62364c4e94bc328d1703756f1c4f2bcddcf-ghc9.6.3.so
7f29fcc1b000-7f29fcc1c000 rw-p 00003000 00:22 10691693                   /opt/simplex/lib/app/resources/libHStype-equality-1-c6a98cb4eb3e5594096ad0805c75d62364c4e94bc328d1703756f1c4f2bcddcf-ghc9.6.3.so
7f29fcc1c000-7f29fcc24000 r--p 00000000 00:22 10691638                   /opt/simplex/lib/app/resources/libHSmonad-loops-0.4.3-98feff43df6edc7df39efe98002b1cc9407b070d698d434ec670f5726dc88e5b-ghc9.6.3.so
7f29fcc24000-7f29fcc32000 r-xp 00008000 00:22 10691638                   /opt/simplex/lib/app/resources/libHSmonad-loops-0.4.3-98feff43df6edc7df39efe98002b1cc9407b070d698d434ec670f5726dc88e5b-ghc9.6.3.so
7f29fcc32000-7f29fcc33000 r--p 00016000 00:22 10691638                   /opt/simplex/lib/app/resources/libHSmonad-loops-0.4.3-98feff43df6edc7df39efe98002b1cc9407b070d698d434ec670f5726dc88e5b-ghc9.6.3.so
7f29fcc33000-7f29fcc34000 r--p 00016000 00:22 10691638                   /opt/simplex/lib/app/resources/libHSmonad-loops-0.4.3-98feff43df6edc7df39efe98002b1cc9407b070d698d434ec670f5726dc88e5b-ghc9.6.3.so
7f29fcc34000-7f29fcc35000 rw-p 00017000 00:22 10691638                   /opt/simplex/lib/app/resources/libHSmonad-loops-0.4.3-98feff43df6edc7df39efe98002b1cc9407b070d698d434ec670f5726dc88e5b-ghc9.6.3.so
7f29fcc35000-7f29fcc4d000 r--p 00000000 00:22 10691665                   /opt/simplex/lib/app/resources/libHSsimple-logger-0.1.1-74a5a24b5c9c137579e4e7136fe51f6f3d021f9d392f41e966f82eb3aced465f-ghc9.6.3.so
7f29fcc4d000-7f29fcc5c000 r-xp 00018000 00:22 10691665                   /opt/simplex/lib/app/resources/libHSsimple-logger-0.1.1-74a5a24b5c9c137579e4e7136fe51f6f3d021f9d392f41e966f82eb3aced465f-ghc9.6.3.so
7f29fcc5c000-7f29fcc5d000 r--p 00027000 00:22 10691665                   /opt/simplex/lib/app/resources/libHSsimple-logger-0.1.1-74a5a24b5c9c137579e4e7136fe51f6f3d021f9d392f41e966f82eb3aced465f-ghc9.6.3.so
7f29fcc5d000-7f29fcc5e000 ---p 00028000 00:22 10691665                   /opt/simplex/lib/app/resources/libHSsimple-logger-0.1.1-74a5a24b5c9c137579e4e7136fe51f6f3d021f9d392f41e966f82eb3aced465f-ghc9.6.3.so
7f29fcc5e000-7f29fcc5f000 r--p 00028000 00:22 10691665                   /opt/simplex/lib/app/resources/libHSsimple-logger-0.1.1-74a5a24b5c9c137579e4e7136fe51f6f3d021f9d392f41e966f82eb3aced465f-ghc9.6.3.so
7f29fcc5f000-7f29fcc62000 rw-p 00029000 00:22 10691665                   /opt/simplex/lib/app/resources/libHSsimple-logger-0.1.1-74a5a24b5c9c137579e4e7136fe51f6f3d021f9d392f41e966f82eb3aced465f-ghc9.6.3.so
7f29fcc62000-7f29fccae000 r--p 00000000 00:22 10691708                   /opt/simplex/lib/app/resources/libHSyaml-0.11.11.2-2c247ec5eab9916942fb606ad20d3e2bde3e7b572227f2797341c26ecc997bca-ghc9.6.3.so
7f29fccae000-7f29fccf3000 r-xp 0004c000 00:22 10691708                   /opt/simplex/lib/app/resources/libHSyaml-0.11.11.2-2c247ec5eab9916942fb606ad20d3e2bde3e7b572227f2797341c26ecc997bca-ghc9.6.3.so
7f29fccf3000-7f29fccf5000 r--p 00091000 00:22 10691708                   /opt/simplex/lib/app/resources/libHSyaml-0.11.11.2-2c247ec5eab9916942fb606ad20d3e2bde3e7b572227f2797341c26ecc997bca-ghc9.6.3.so
7f29fccf5000-7f29fccf7000 r--p 00092000 00:22 10691708                   /opt/simplex/lib/app/resources/libHSyaml-0.11.11.2-2c247ec5eab9916942fb606ad20d3e2bde3e7b572227f2797341c26ecc997bca-ghc9.6.3.so
7f29fccf7000-7f29fccff000 rw-p 00094000 00:22 10691708                   /opt/simplex/lib/app/resources/libHSyaml-0.11.11.2-2c247ec5eab9916942fb606ad20d3e2bde3e7b572227f2797341c26ecc997bca-ghc9.6.3.so
7f29fccff000-7f29fcd00000 rw-p 00000000 00:00 0 
7f29fcd00000-7f29fcd04000 ---p 00000000 00:00 0 
7f29fcd04000-7f29fce00000 rw-p 00000000 00:00 0 
7f29fce00000-7f29fce12000 r-xp 00000000 00:22 10692569                   /opt/simplex/lib/runtime/lib/libnio.so
7f29fce12000-7f29fd012000 ---p 00012000 00:22 10692569                   /opt/simplex/lib/runtime/lib/libnio.so
7f29fd012000-7f29fd013000 r--p 00012000 00:22 10692569                   /opt/simplex/lib/runtime/lib/libnio.so
7f29fd013000-7f29fd014000 rw-p 00013000 00:22 10692569                   /opt/simplex/lib/runtime/lib/libnio.so
7f29fd015000-7f29fd017000 r--p 00000000 00:22 10691601                   /opt/simplex/lib/app/resources/libHSdata-default-instances-containers-0.0.1-e07d6bd680e8b4edd6ca2b303e8e36905ca27003d2c3d92ef0670ee9c04aa2cd-ghc9.6.3.so
7f29fd017000-7f29fd018000 r-xp 00002000 00:22 10691601                   /opt/simplex/lib/app/resources/libHSdata-default-instances-containers-0.0.1-e07d6bd680e8b4edd6ca2b303e8e36905ca27003d2c3d92ef0670ee9c04aa2cd-ghc9.6.3.so
7f29fd018000-7f29fd019000 r--p 00003000 00:22 10691601                   /opt/simplex/lib/app/resources/libHSdata-default-instances-containers-0.0.1-e07d6bd680e8b4edd6ca2b303e8e36905ca27003d2c3d92ef0670ee9c04aa2cd-ghc9.6.3.so
7f29fd019000-7f29fd01a000 r--p 00003000 00:22 10691601                   /opt/simplex/lib/app/resources/libHSdata-default-instances-containers-0.0.1-e07d6bd680e8b4edd6ca2b303e8e36905ca27003d2c3d92ef0670ee9c04aa2cd-ghc9.6.3.so
7f29fd01a000-7f29fd01b000 rw-p 00004000 00:22 10691601                   /opt/simplex/lib/app/resources/libHSdata-default-instances-containers-0.0.1-e07d6bd680e8b4edd6ca2b303e8e36905ca27003d2c3d92ef0670ee9c04aa2cd-ghc9.6.3.so
7f29fd01b000-7f29fd097000 r--p 00000000 00:22 10691677                   /opt/simplex/lib/app/resources/libHSterminal-0.2.0.0-fbbb10e30fe4fdf009d551e793d8e5d9e09aca9300ff8302cfe6b9700ff7f048-ghc9.6.3.so
7f29fd097000-7f29fd0e3000 r-xp 0007c000 00:22 10691677                   /opt/simplex/lib/app/resources/libHSterminal-0.2.0.0-fbbb10e30fe4fdf009d551e793d8e5d9e09aca9300ff8302cfe6b9700ff7f048-ghc9.6.3.so
7f29fd0e3000-7f29fd0e8000 r--p 000c8000 00:22 10691677                   /opt/simplex/lib/app/resources/libHSterminal-0.2.0.0-fbbb10e30fe4fdf009d551e793d8e5d9e09aca9300ff8302cfe6b9700ff7f048-ghc9.6.3.so
7f29fd0e8000-7f29fd0e9000 ---p 000cd000 00:22 10691677                   /opt/simplex/lib/app/resources/libHSterminal-0.2.0.0-fbbb10e30fe4fdf009d551e793d8e5d9e09aca9300ff8302cfe6b9700ff7f048-ghc9.6.3.so
7f29fd0e9000-7f29fd0ea000 r--p 000cd000 00:22 10691677                   /opt/simplex/lib/app/resources/libHSterminal-0.2.0.0-fbbb10e30fe4fdf009d551e793d8e5d9e09aca9300ff8302cfe6b9700ff7f048-ghc9.6.3.so
7f29fd0ea000-7f29fd0f7000 rw-p 000ce000 00:22 10691677                   /opt/simplex/lib/app/resources/libHSterminal-0.2.0.0-fbbb10e30fe4fdf009d551e793d8e5d9e09aca9300ff8302cfe6b9700ff7f048-ghc9.6.3.so
7f29fd0f7000-7f29fd0f8000 rw-p 00000000 00:00 0 
7f29fd0f8000-7f29fd0fc000 ---p 00000000 00:00 0 
7f29fd0fc000-7f29fd2fa000 rw-p 00000000 00:00 0 
7f29fd2fa000-7f29fd2fe000 ---p 00000000 00:00 0 
7f29fd2fe000-7f29fd3fb000 rw-p 00000000 00:00 0 
7f29fd3fb000-7f29fd3ff000 ---p 00000000 00:00 0 
7f29fd3ff000-7f29fd4fc000 rw-p 00000000 00:00 0 
7f29fd4fc000-7f29fd500000 ---p 00000000 00:00 0 
7f29fd500000-7f29fd5fd000 rw-p 00000000 00:00 0 
7f29fd5fd000-7f29fd601000 ---p 00000000 00:00 0 
7f29fd601000-7f29fd6fe000 rw-p 00000000 00:00 0 
7f29fd6fe000-7f29fd702000 ---p 00000000 00:00 0 
7f29fd702000-7f29fd7ff000 rw-p 00000000 00:00 0 
7f29fd7ff000-7f29fd803000 ---p 00000000 00:00 0 
7f29fd803000-7f29fd900000 rw-p 00000000 00:00 0 
7f29fd900000-7f29fd904000 ---p 00000000 00:00 0 
7f29fd904000-7f29fda00000 rw-p 00000000 00:00 0 
7f29fda00000-7f29fdfc1000 r--p 00000000 00:22 10357571                   /usr/lib/locale/locale-archive
7f29fdfc5000-7f29fdfe9000 r--p 00000000 00:22 10691597                   /opt/simplex/lib/app/resources/libHScrypton-x509-validation-1.6.12-6c2492e39358fa3eb290c04e6d2e26ea294b9142355075e952d607428999798b-ghc9.6.3.so
7f29fdfe9000-7f29fdffa000 r-xp 00024000 00:22 10691597                   /opt/simplex/lib/app/resources/libHScrypton-x509-validation-1.6.12-6c2492e39358fa3eb290c04e6d2e26ea294b9142355075e952d607428999798b-ghc9.6.3.so
7f29fdffa000-7f29fdffc000 r--p 00035000 00:22 10691597                   /opt/simplex/lib/app/resources/libHScrypton-x509-validation-1.6.12-6c2492e39358fa3eb290c04e6d2e26ea294b9142355075e952d607428999798b-ghc9.6.3.so
7f29fdffc000-7f29fdffd000 r--p 00036000 00:22 10691597                   /opt/simplex/lib/app/resources/libHScrypton-x509-validation-1.6.12-6c2492e39358fa3eb290c04e6d2e26ea294b9142355075e952d607428999798b-ghc9.6.3.so
7f29fdffd000-7f29fe000000 rw-p 00037000 00:22 10691597                   /opt/simplex/lib/app/resources/libHScrypton-x509-validation-1.6.12-6c2492e39358fa3eb290c04e6d2e26ea294b9142355075e952d607428999798b-ghc9.6.3.so
7f29fe000000-7f2a00021000 rw-p 00000000 00:00 0 
7f2a00021000-7f2a04000000 ---p 00000000 00:00 0 
7f2a04000000-7f2a04021000 rw-p 00000000 00:00 0 
7f2a04021000-7f2a08000000 ---p 00000000 00:00 0 
7f2a08000000-7f2a08021000 rw-p 00000000 00:00 0 
7f2a08021000-7f2a0c000000 ---p 00000000 00:00 0 
7f2a0c001000-7f2a0c00e000 r--p 00000000 00:22 10691636                   /opt/simplex/lib/app/resources/libHSmonad-control-1.0.3.1-6f6ba806d7cf991812bc234b52c30f48282db4f291e3d32cab0696752b0c8a6b-ghc9.6.3.so
7f2a0c00e000-7f2a0c014000 r-xp 0000d000 00:22 10691636                   /opt/simplex/lib/app/resources/libHSmonad-control-1.0.3.1-6f6ba806d7cf991812bc234b52c30f48282db4f291e3d32cab0696752b0c8a6b-ghc9.6.3.so
7f2a0c014000-7f2a0c015000 r--p 00013000 00:22 10691636                   /opt/simplex/lib/app/resources/libHSmonad-control-1.0.3.1-6f6ba806d7cf991812bc234b52c30f48282db4f291e3d32cab0696752b0c8a6b-ghc9.6.3.so
7f2a0c015000-7f2a0c016000 r--p 00013000 00:22 10691636                   /opt/simplex/lib/app/resources/libHSmonad-control-1.0.3.1-6f6ba806d7cf991812bc234b52c30f48282db4f291e3d32cab0696752b0c8a6b-ghc9.6.3.so
7f2a0c016000-7f2a0c017000 rw-p 00014000 00:22 10691636                   /opt/simplex/lib/app/resources/libHSmonad-control-1.0.3.1-6f6ba806d7cf991812bc234b52c30f48282db4f291e3d32cab0696752b0c8a6b-ghc9.6.3.so
7f2a0c017000-7f2a0c024000 r--p 00000000 00:22 10691596                   /opt/simplex/lib/app/resources/libHScrypton-x509-store-1.6.9-64fdad60030d495614a07f5b56043ee9ff853e07d06be0e999faf50e57e3c974-ghc9.6.3.so
7f2a0c024000-7f2a0c02e000 r-xp 0000d000 00:22 10691596                   /opt/simplex/lib/app/resources/libHScrypton-x509-store-1.6.9-64fdad60030d495614a07f5b56043ee9ff853e07d06be0e999faf50e57e3c974-ghc9.6.3.so
7f2a0c02e000-7f2a0c02f000 r--p 00017000 00:22 10691596                   /opt/simplex/lib/app/resources/libHScrypton-x509-store-1.6.9-64fdad60030d495614a07f5b56043ee9ff853e07d06be0e999faf50e57e3c974-ghc9.6.3.so
7f2a0c02f000-7f2a0c030000 r--p 00017000 00:22 10691596                   /opt/simplex/lib/app/resources/libHScrypton-x509-store-1.6.9-64fdad60030d495614a07f5b56043ee9ff853e07d06be0e999faf50e57e3c974-ghc9.6.3.so
7f2a0c030000-7f2a0c032000 rw-p 00018000 00:22 10691596                   /opt/simplex/lib/app/resources/libHScrypton-x509-store-1.6.9-64fdad60030d495614a07f5b56043ee9ff853e07d06be0e999faf50e57e3c974-ghc9.6.3.so
7f2a0c032000-7f2a0c03e000 r--p 00000000 00:22 10691561                   /opt/simplex/lib/app/resources/libHSappar-0.1.8-bd63ed1040fe7d92a0e7cc92684637afe09f278adaac8b4a583b27a1abb41d6f-ghc9.6.3.so
7f2a0c03e000-7f2a0c043000 r-xp 0000c000 00:22 10691561                   /opt/simplex/lib/app/resources/libHSappar-0.1.8-bd63ed1040fe7d92a0e7cc92684637afe09f278adaac8b4a583b27a1abb41d6f-ghc9.6.3.so
7f2a0c043000-7f2a0c044000 r--p 00011000 00:22 10691561                   /opt/simplex/lib/app/resources/libHSappar-0.1.8-bd63ed1040fe7d92a0e7cc92684637afe09f278adaac8b4a583b27a1abb41d6f-ghc9.6.3.so
7f2a0c044000-7f2a0c045000 r--p 00011000 00:22 10691561                   /opt/simplex/lib/app/resources/libHSappar-0.1.8-bd63ed1040fe7d92a0e7cc92684637afe09f278adaac8b4a583b27a1abb41d6f-ghc9.6.3.so
7f2a0c045000-7f2a0c047000 rw-p 00012000 00:22 10691561                   /opt/simplex/lib/app/resources/libHSappar-0.1.8-bd63ed1040fe7d92a0e7cc92684637afe09f278adaac8b4a583b27a1abb41d6f-ghc9.6.3.so
7f2a0c047000-7f2a0c057000 r--p 00000000 00:22 10691643                   /opt/simplex/lib/app/resources/libHSnetwork-info-0.2.1-49a3d4e9c6a555a4c6b765f873d00374b22e229f03394a07154790970cb7ff97-ghc9.6.3.so
7f2a0c057000-7f2a0c05f000 r-xp 00010000 00:22 10691643                   /opt/simplex/lib/app/resources/libHSnetwork-info-0.2.1-49a3d4e9c6a555a4c6b765f873d00374b22e229f03394a07154790970cb7ff97-ghc9.6.3.so
7f2a0c05f000-7f2a0c060000 r--p 00018000 00:22 10691643                   /opt/simplex/lib/app/resources/libHSnetwork-info-0.2.1-49a3d4e9c6a555a4c6b765f873d00374b22e229f03394a07154790970cb7ff97-ghc9.6.3.so
7f2a0c060000-7f2a0c061000 r--p 00018000 00:22 10691643                   /opt/simplex/lib/app/resources/libHSnetwork-info-0.2.1-49a3d4e9c6a555a4c6b765f873d00374b22e229f03394a07154790970cb7ff97-ghc9.6.3.so
7f2a0c061000-7f2a0c063000 rw-p 00019000 00:22 10691643                   /opt/simplex/lib/app/resources/libHSnetwork-info-0.2.1-49a3d4e9c6a555a4c6b765f873d00374b22e229f03394a07154790970cb7ff97-ghc9.6.3.so
7f2a0c063000-7f2a0c064000 rw-p 00000000 00:00 0 
7f2a0c064000-7f2a0c068000 ---p 00000000 00:00 0 
7f2a0c068000-7f2a0c165000 rw-p 00000000 00:00 0 
7f2a0c165000-7f2a0c169000 ---p 00000000 00:00 0 
7f2a0c169000-7f2a0c568000 rw-p 00000000 00:00 0 
7f2a0c568000-7f2a0cd70000 rw-p 00000000 00:00 0 
7f2a0cd70000-7f2a0d073000 rw-p 00000000 00:00 0 
7f2a0d073000-7f2a0d133000 rw-p 00000000 00:00 0 
7f2a0d133000-7f2a0d3b3000 ---p 00000000 00:00 0 
7f2a0d3b3000-7f2a0d3c3000 rw-p 00000000 00:00 0 
7f2a0d3c3000-7f2a0d42b000 ---p 00000000 00:00 0 
7f2a0d42b000-7f2a0d433000 rw-p 00000000 00:00 0 
7f2a0d433000-7f2a10c0b000 ---p 00000000 00:00 0 
7f2a10c0b000-7f2a10ccb000 rw-p 00000000 00:00 0 
7f2a10ccb000-7f2a10f4b000 ---p 00000000 00:00 0 
7f2a10f4b000-7f2a10f5b000 rw-p 00000000 00:00 0 
7f2a10f5b000-7f2a10fc3000 ---p 00000000 00:00 0 
7f2a10fc3000-7f2a10fcb000 rw-p 00000000 00:00 0 
7f2a10fcb000-7f2a147a3000 ---p 00000000 00:00 0 
7f2a147a3000-7f2a147bb000 rw-p 00000000 00:00 0 
7f2a147bb000-7f2a1480b000 ---p 00000000 00:00 0 
7f2a1480b000-7f2a1480d000 rw-p 00000000 00:00 0 
7f2a1480d000-7f2a1481a000 ---p 00000000 00:00 0 
7f2a1481a000-7f2a1481b000 rw-p 00000000 00:00 0 
7f2a1481b000-7f2a14f16000 ---p 00000000 00:00 0 
7f2a14f16000-7f2a14f2e000 rw-p 00000000 00:00 0 
7f2a14f2e000-7f2a14f7e000 ---p 00000000 00:00 0 
7f2a14f7e000-7f2a14f80000 rw-p 00000000 00:00 0 
7f2a14f80000-7f2a14f8d000 ---p 00000000 00:00 0 
7f2a14f8d000-7f2a14f8e000 rw-p 00000000 00:00 0 
7f2a14f8e000-7f2a15689000 ---p 00000000 00:00 0 
7f2a15689000-7f2a156a1000 rw-p 00000000 00:00 0 
7f2a156a1000-7f2a156f1000 ---p 00000000 00:00 0 
7f2a156f1000-7f2a156f3000 rw-p 00000000 00:00 0 
7f2a156f3000-7f2a15700000 ---p 00000000 00:00 0 
7f2a15700000-7f2a15701000 rw-p 00000000 00:00 0 
7f2a15701000-7f2a15dfc000 ---p 00000000 00:00 0 
7f2a15dfc000-7f2a16200000 rw-p 00000000 00:00 0 
7f2a16200000-7f2a16700000 rwxp 00000000 00:00 0 
7f2a16700000-7f2a1d737000 ---p 00000000 00:00 0 
7f2a1d737000-7f2a1d9a7000 rwxp 00000000 00:00 0 
7f2a1d9a7000-7f2a1dcc9000 ---p 00000000 00:00 0 
7f2a1dcc9000-7f2a1df39000 rwxp 00000000 00:00 0 
7f2a1df39000-7f2a25200000 ---p 00000000 00:00 0 
7f2a25200000-7f2a27f00000 r--s 00000000 00:22 10692574                   /opt/simplex/lib/runtime/lib/modules
7f2a27f00000-7f2a27f01000 rw-s 00000000 00:01 138032                     /memfd:xshmfence (deleted)
7f2a27f01000-7f2a27f04000 r--s 00000000 00:22 19815                      /var/cache/fontconfig/1876b2dcf508980ebba421dbe8e808d3-le64.cache-11
7f2a27f04000-7f2a27f05000 r--p 00000000 00:22 10691602                   /opt/simplex/lib/app/resources/libHSdata-default-instances-dlist-0.0.1-38b1acfbec2ad8ad85a0928dba90ca3c87c03c627c255d665ba59997ed6a1e7d-ghc9.6.3.so
7f2a27f05000-7f2a27f06000 r-xp 00001000 00:22 10691602                   /opt/simplex/lib/app/resources/libHSdata-default-instances-dlist-0.0.1-38b1acfbec2ad8ad85a0928dba90ca3c87c03c627c255d665ba59997ed6a1e7d-ghc9.6.3.so
7f2a27f06000-7f2a27f07000 r--p 00002000 00:22 10691602                   /opt/simplex/lib/app/resources/libHSdata-default-instances-dlist-0.0.1-38b1acfbec2ad8ad85a0928dba90ca3c87c03c627c255d665ba59997ed6a1e7d-ghc9.6.3.so
7f2a27f07000-7f2a27f08000 r--p 00002000 00:22 10691602                   /opt/simplex/lib/app/resources/libHSdata-default-instances-dlist-0.0.1-38b1acfbec2ad8ad85a0928dba90ca3c87c03c627c255d665ba59997ed6a1e7d-ghc9.6.3.so
7f2a27f08000-7f2a27f09000 rw-p 00003000 00:22 10691602                   /opt/simplex/lib/app/resources/libHSdata-default-instances-dlist-0.0.1-38b1acfbec2ad8ad85a0928dba90ca3c87c03c627c255d665ba59997ed6a1e7d-ghc9.6.3.so
7f2a27f09000-7f2a27f10000 r--p 00000000 00:22 10691580                   /opt/simplex/lib/app/resources/libHSbyteorder-1.0.4-ed17d207852397b4b016f73775ae7e4a811a9c27f8222c19d558bd92a259ee1d-ghc9.6.3.so
7f2a27f10000-7f2a27f13000 r-xp 00007000 00:22 10691580                   /opt/simplex/lib/app/resources/libHSbyteorder-1.0.4-ed17d207852397b4b016f73775ae7e4a811a9c27f8222c19d558bd92a259ee1d-ghc9.6.3.so
7f2a27f13000-7f2a27f14000 r--p 0000a000 00:22 10691580                   /opt/simplex/lib/app/resources/libHSbyteorder-1.0.4-ed17d207852397b4b016f73775ae7e4a811a9c27f8222c19d558bd92a259ee1d-ghc9.6.3.so
7f2a27f14000-7f2a27f15000 r--p 0000a000 00:22 10691580                   /opt/simplex/lib/app/resources/libHSbyteorder-1.0.4-ed17d207852397b4b016f73775ae7e4a811a9c27f8222c19d558bd92a259ee1d-ghc9.6.3.so
7f2a27f15000-7f2a27f16000 rw-p 0000b000 00:22 10691580                   /opt/simplex/lib/app/resources/libHSbyteorder-1.0.4-ed17d207852397b4b016f73775ae7e4a811a9c27f8222c19d558bd92a259ee1d-ghc9.6.3.so
7f2a27f16000-7f2a27f27000 r--p 00000000 00:22 10691645                   /opt/simplex/lib/app/resources/libHSnetwork-udp-0.0.0-530084fb15fcec5f08fc3bee6044237bcec27bdd9896cea52bf3bf54ae880d2d-ghc9.6.3.so
7f2a27f27000-7f2a27f33000 r-xp 00011000 00:22 10691645                   /opt/simplex/lib/app/resources/libHSnetwork-udp-0.0.0-530084fb15fcec5f08fc3bee6044237bcec27bdd9896cea52bf3bf54ae880d2d-ghc9.6.3.so
7f2a27f33000-7f2a27f34000 r--p 0001d000 00:22 10691645                   /opt/simplex/lib/app/resources/libHSnetwork-udp-0.0.0-530084fb15fcec5f08fc3bee6044237bcec27bdd9896cea52bf3bf54ae880d2d-ghc9.6.3.so
7f2a27f34000-7f2a27f35000 r--p 0001d000 00:22 10691645                   /opt/simplex/lib/app/resources/libHSnetwork-udp-0.0.0-530084fb15fcec5f08fc3bee6044237bcec27bdd9896cea52bf3bf54ae880d2d-ghc9.6.3.so
7f2a27f35000-7f2a27f37000 rw-p 0001e000 00:22 10691645                   /opt/simplex/lib/app/resources/libHSnetwork-udp-0.0.0-530084fb15fcec5f08fc3bee6044237bcec27bdd9896cea52bf3bf54ae880d2d-ghc9.6.3.so
7f2a27f37000-7f2a27f4f000 r--p 00000000 00:22 10691578                   /opt/simplex/lib/app/resources/libHSblaze-builder-0.4.2.3-cfba547b28f9002387e922228aa358ccf0b616be9b75b595c36c70c86441d563-ghc9.6.3.so
7f2a27f4f000-7f2a27f5f000 r-xp 00018000 00:22 10691578                   /opt/simplex/lib/app/resources/libHSblaze-builder-0.4.2.3-cfba547b28f9002387e922228aa358ccf0b616be9b75b595c36c70c86441d563-ghc9.6.3.so
7f2a27f5f000-7f2a27f60000 r--p 00028000 00:22 10691578                   /opt/simplex/lib/app/resources/libHSblaze-builder-0.4.2.3-cfba547b28f9002387e922228aa358ccf0b616be9b75b595c36c70c86441d563-ghc9.6.3.so
7f2a27f60000-7f2a27f61000 r--p 00028000 00:22 10691578                   /opt/simplex/lib/app/resources/libHSblaze-builder-0.4.2.3-cfba547b28f9002387e922228aa358ccf0b616be9b75b595c36c70c86441d563-ghc9.6.3.so
7f2a27f61000-7f2a27f63000 rw-p 00029000 00:22 10691578                   /opt/simplex/lib/app/resources/libHSblaze-builder-0.4.2.3-cfba547b28f9002387e922228aa358ccf0b616be9b75b595c36c70c86441d563-ghc9.6.3.so
7f2a27f63000-7f2a27fb2000 r--p 00000000 00:22 10691701                   /opt/simplex/lib/app/resources/libHSuri-bytestring-0.3.3.1-4d719fc60e6ca5f4f72051b1f43399c95eb51b1d320c3943ade8d35848396c46-ghc9.6.3.so
7f2a27fb2000-7f2a27ff5000 r-xp 0004f000 00:22 10691701                   /opt/simplex/lib/app/resources/libHSuri-bytestring-0.3.3.1-4d719fc60e6ca5f4f72051b1f43399c95eb51b1d320c3943ade8d35848396c46-ghc9.6.3.so
7f2a27ff5000-7f2a27ff7000 r--p 00092000 00:22 10691701                   /opt/simplex/lib/app/resources/libHSuri-bytestring-0.3.3.1-4d719fc60e6ca5f4f72051b1f43399c95eb51b1d320c3943ade8d35848396c46-ghc9.6.3.so
7f2a27ff7000-7f2a27ff8000 r--p 00093000 00:22 10691701                   /opt/simplex/lib/app/resources/libHSuri-bytestring-0.3.3.1-4d719fc60e6ca5f4f72051b1f43399c95eb51b1d320c3943ade8d35848396c46-ghc9.6.3.so
7f2a27ff8000-7f2a28000000 rw-p 00094000 00:22 10691701                   /opt/simplex/lib/app/resources/libHSuri-bytestring-0.3.3.1-4d719fc60e6ca5f4f72051b1f43399c95eb51b1d320c3943ade8d35848396c46-ghc9.6.3.so
7f2a28000000-7f2a29aa3000 rw-p 00000000 00:00 0 
7f2a29aa3000-7f2a2c000000 ---p 00000000 00:00 0 
7f2a2c001000-7f2a2c004000 r--s 00000000 00:22 19797                      /var/cache/fontconfig/6ba42ae0000f58711b5caaf10d690066-le64.cache-11
7f2a2c004000-7f2a2c006000 r--p 00000000 00:22 10691599                   /opt/simplex/lib/app/resources/libHSdata-default-0.7.1.1-0dc1fc6930f802543ff7577d89a20f1a17f8631c8f8cd7fd967230ca6a8e107a-ghc9.6.3.so
7f2a2c006000-7f2a2c007000 r-xp 00002000 00:22 10691599                   /opt/simplex/lib/app/resources/libHSdata-default-0.7.1.1-0dc1fc6930f802543ff7577d89a20f1a17f8631c8f8cd7fd967230ca6a8e107a-ghc9.6.3.so
7f2a2c007000-7f2a2c008000 r--p 00003000 00:22 10691599                   /opt/simplex/lib/app/resources/libHSdata-default-0.7.1.1-0dc1fc6930f802543ff7577d89a20f1a17f8631c8f8cd7fd967230ca6a8e107a-ghc9.6.3.so
7f2a2c008000-7f2a2c009000 r--p 00003000 00:22 10691599                   /opt/simplex/lib/app/resources/libHSdata-default-0.7.1.1-0dc1fc6930f802543ff7577d89a20f1a17f8631c8f8cd7fd967230ca6a8e107a-ghc9.6.3.so
7f2a2c009000-7f2a2c00a000 rw-p 00004000 00:22 10691599                   /opt/simplex/lib/app/resources/libHSdata-default-0.7.1.1-0dc1fc6930f802543ff7577d89a20f1a17f8631c8f8cd7fd967230ca6a8e107a-ghc9.6.3.so
7f2a2c00a000-7f2a2c016000 r--p 00000000 00:22 10691579                   /opt/simplex/lib/app/resources/libHSblaze-textual-0.2.3.1-df8b5224c67a2ff9b4ea9f1217d8696cbece59157a1b11f3edb6e543f74102d0-ghc9.6.3.so
7f2a2c016000-7f2a2c027000 r-xp 0000c000 00:22 10691579                   /opt/simplex/lib/app/resources/libHSblaze-textual-0.2.3.1-df8b5224c67a2ff9b4ea9f1217d8696cbece59157a1b11f3edb6e543f74102d0-ghc9.6.3.so
7f2a2c027000-7f2a2c028000 r--p 0001d000 00:22 10691579                   /opt/simplex/lib/app/resources/libHSblaze-textual-0.2.3.1-df8b5224c67a2ff9b4ea9f1217d8696cbece59157a1b11f3edb6e543f74102d0-ghc9.6.3.so
7f2a2c028000-7f2a2c029000 r--p 0001d000 00:22 10691579                   /opt/simplex/lib/app/resources/libHSblaze-textual-0.2.3.1-df8b5224c67a2ff9b4ea9f1217d8696cbece59157a1b11f3edb6e543f74102d0-ghc9.6.3.so
7f2a2c029000-7f2a2c02b000 rw-p 0001e000 00:22 10691579                   /opt/simplex/lib/app/resources/libHSblaze-textual-0.2.3.1-df8b5224c67a2ff9b4ea9f1217d8696cbece59157a1b11f3edb6e543f74102d0-ghc9.6.3.so
7f2a2c02b000-7f2a2c08b000 r--p 00000000 00:22 10691709                   /opt/simplex/lib/app/resources/libHSzip-2.2.1-c84529db08699b8940be8253f32c450005f695e7c889e6b7a63f112a12d4453f-ghc9.6.3.so
7f2a2c08b000-7f2a2c0ef000 r-xp 00060000 00:22 10691709                   /opt/simplex/lib/app/resources/libHSzip-2.2.1-c84529db08699b8940be8253f32c450005f695e7c889e6b7a63f112a12d4453f-ghc9.6.3.so
7f2a2c0ef000-7f2a2c0f1000 r--p 000c4000 00:22 10691709                   /opt/simplex/lib/app/resources/libHSzip-2.2.1-c84529db08699b8940be8253f32c450005f695e7c889e6b7a63f112a12d4453f-ghc9.6.3.so
7f2a2c0f1000-7f2a2c0f2000 ---p 000c6000 00:22 10691709                   /opt/simplex/lib/app/resources/libHSzip-2.2.1-c84529db08699b8940be8253f32c450005f695e7c889e6b7a63f112a12d4453f-ghc9.6.3.so
7f2a2c0f2000-7f2a2c0f4000 r--p 000c6000 00:22 10691709                   /opt/simplex/lib/app/resources/libHSzip-2.2.1-c84529db08699b8940be8253f32c450005f695e7c889e6b7a63f112a12d4453f-ghc9.6.3.so
7f2a2c0f4000-7f2a2c0ff000 rw-p 000c8000 00:22 10691709                   /opt/simplex/lib/app/resources/libHSzip-2.2.1-c84529db08699b8940be8253f32c450005f695e7c889e6b7a63f112a12d4453f-ghc9.6.3.so
7f2a2c0ff000-7f2a2c200000 rw-p 00000000 00:00 0 
7f2a2c200000-7f2a2c224000 r-xp 00000000 00:22 10692559                   /opt/simplex/lib/runtime/lib/libjava.so
7f2a2c224000-7f2a2c424000 ---p 00024000 00:22 10692559                   /opt/simplex/lib/runtime/lib/libjava.so
7f2a2c424000-7f2a2c425000 r--p 00024000 00:22 10692559                   /opt/simplex/lib/runtime/lib/libjava.so
7f2a2c425000-7f2a2c426000 rw-p 00025000 00:22 10692559                   /opt/simplex/lib/runtime/lib/libjava.so
7f2a2c426000-7f2a2c427000 rw-p 00000000 00:00 0 
7f2a2c427000-7f2a2c428000 rw-s 121ff1000 00:07 806                       /dev/dri/renderD128
7f2a2c428000-7f2a2c42c000 r--p 00000000 00:22 10691696                   /opt/simplex/lib/app/resources/libHSunix-compat-0.7.1-04755f57844c9ce72e8a2cab1ebd7288024e6fb7aa9baab3dee08a636e74f2d8-ghc9.6.3.so
7f2a2c42c000-7f2a2c42d000 r-xp 00004000 00:22 10691696                   /opt/simplex/lib/app/resources/libHSunix-compat-0.7.1-04755f57844c9ce72e8a2cab1ebd7288024e6fb7aa9baab3dee08a636e74f2d8-ghc9.6.3.so
7f2a2c42d000-7f2a2c42e000 r--p 00005000 00:22 10691696                   /opt/simplex/lib/app/resources/libHSunix-compat-0.7.1-04755f57844c9ce72e8a2cab1ebd7288024e6fb7aa9baab3dee08a636e74f2d8-ghc9.6.3.so
7f2a2c42e000-7f2a2c42f000 r--p 00005000 00:22 10691696                   /opt/simplex/lib/app/resources/libHSunix-compat-0.7.1-04755f57844c9ce72e8a2cab1ebd7288024e6fb7aa9baab3dee08a636e74f2d8-ghc9.6.3.so
7f2a2c42f000-7f2a2c430000 rw-p 00006000 00:22 10691696                   /opt/simplex/lib/app/resources/libHSunix-compat-0.7.1-04755f57844c9ce72e8a2cab1ebd7288024e6fb7aa9baab3dee08a636e74f2d8-ghc9.6.3.so
7f2a2c430000-7f2a2c437000 r--p 00000000 00:22 10691554                   /opt/simplex/lib/app/resources/libHSOnly-0.1-d2bf20dfe5467325a687dcb3fde37a1178e357c9b6ec5a5420e432ad07a7bbb4-ghc9.6.3.so
7f2a2c437000-7f2a2c43b000 r-xp 00007000 00:22 10691554                   /opt/simplex/lib/app/resources/libHSOnly-0.1-d2bf20dfe5467325a687dcb3fde37a1178e357c9b6ec5a5420e432ad07a7bbb4-ghc9.6.3.so
7f2a2c43b000-7f2a2c43c000 r--p 0000b000 00:22 10691554                   /opt/simplex/lib/app/resources/libHSOnly-0.1-d2bf20dfe5467325a687dcb3fde37a1178e357c9b6ec5a5420e432ad07a7bbb4-ghc9.6.3.so
7f2a2c43c000-7f2a2c43d000 r--p 0000b000 00:22 10691554                   /opt/simplex/lib/app/resources/libHSOnly-0.1-d2bf20dfe5467325a687dcb3fde37a1178e357c9b6ec5a5420e432ad07a7bbb4-ghc9.6.3.so
7f2a2c43d000-7f2a2c43e000 rw-p 0000c000 00:22 10691554                   /opt/simplex/lib/app/resources/libHSOnly-0.1-d2bf20dfe5467325a687dcb3fde37a1178e357c9b6ec5a5420e432ad07a7bbb4-ghc9.6.3.so
7f2a2c43e000-7f2a2c44b000 r--p 00000000 00:22 10691683                   /opt/simplex/lib/app/resources/libHSth-lift-0.8.4-1c91f8c5d8bf435aa4ba27eac4f6358b3d7ba8c4445440d023bc46f9e92e47d6-ghc9.6.3.so
7f2a2c44b000-7f2a2c45a000 r-xp 0000d000 00:22 10691683                   /opt/simplex/lib/app/resources/libHSth-lift-0.8.4-1c91f8c5d8bf435aa4ba27eac4f6358b3d7ba8c4445440d023bc46f9e92e47d6-ghc9.6.3.so
7f2a2c45a000-7f2a2c45b000 r--p 0001c000 00:22 10691683                   /opt/simplex/lib/app/resources/libHSth-lift-0.8.4-1c91f8c5d8bf435aa4ba27eac4f6358b3d7ba8c4445440d023bc46f9e92e47d6-ghc9.6.3.so
7f2a2c45b000-7f2a2c45c000 r--p 0001c000 00:22 10691683                   /opt/simplex/lib/app/resources/libHSth-lift-0.8.4-1c91f8c5d8bf435aa4ba27eac4f6358b3d7ba8c4445440d023bc46f9e92e47d6-ghc9.6.3.so
7f2a2c45c000-7f2a2c45f000 rw-p 0001d000 00:22 10691683                   /opt/simplex/lib/app/resources/libHSth-lift-0.8.4-1c91f8c5d8bf435aa4ba27eac4f6358b3d7ba8c4445440d023bc46f9e92e47d6-ghc9.6.3.so
7f2a2c45f000-7f2a2c465000 r--p 00000000 00:22 10691684                   /opt/simplex/lib/app/resources/libHSth-lift-instances-0.1.20-cd99be9ab1bc86675c598032f14d52b773b0e5dee01ec40e583b58e7b99e5d81-ghc9.6.3.so
7f2a2c465000-7f2a2c469000 r-xp 00006000 00:22 10691684                   /opt/simplex/lib/app/resources/libHSth-lift-instances-0.1.20-cd99be9ab1bc86675c598032f14d52b773b0e5dee01ec40e583b58e7b99e5d81-ghc9.6.3.so
7f2a2c469000-7f2a2c46a000 r--p 0000a000 00:22 10691684                   /opt/simplex/lib/app/resources/libHSth-lift-instances-0.1.20-cd99be9ab1bc86675c598032f14d52b773b0e5dee01ec40e583b58e7b99e5d81-ghc9.6.3.so
7f2a2c46a000-7f2a2c46b000 r--p 0000a000 00:22 10691684                   /opt/simplex/lib/app/resources/libHSth-lift-instances-0.1.20-cd99be9ab1bc86675c598032f14d52b773b0e5dee01ec40e583b58e7b99e5d81-ghc9.6.3.so
7f2a2c46b000-7f2a2c46c000 rw-p 0000b000 00:22 10691684                   /opt/simplex/lib/app/resources/libHSth-lift-instances-0.1.20-cd99be9ab1bc86675c598032f14d52b773b0e5dee01ec40e583b58e7b99e5d81-ghc9.6.3.so
7f2a2c46c000-7f2a2c473000 r--p 00000000 00:22 10691592                   /opt/simplex/lib/app/resources/libHScryptohash-md5-0.11.101.0-3e5428d235f9533ab23c9db75abdfb80b57c54f4269b0769f87f5b37c728be6f-ghc9.6.3.so
7f2a2c473000-7f2a2c47b000 r-xp 00007000 00:22 10691592                   /opt/simplex/lib/app/resources/libHScryptohash-md5-0.11.101.0-3e5428d235f9533ab23c9db75abdfb80b57c54f4269b0769f87f5b37c728be6f-ghc9.6.3.so
7f2a2c47b000-7f2a2c47c000 r--p 0000f000 00:22 10691592                   /opt/simplex/lib/app/resources/libHScryptohash-md5-0.11.101.0-3e5428d235f9533ab23c9db75abdfb80b57c54f4269b0769f87f5b37c728be6f-ghc9.6.3.so
7f2a2c47c000-7f2a2c47d000 r--p 0000f000 00:22 10691592                   /opt/simplex/lib/app/resources/libHScryptohash-md5-0.11.101.0-3e5428d235f9533ab23c9db75abdfb80b57c54f4269b0769f87f5b37c728be6f-ghc9.6.3.so
7f2a2c47d000-7f2a2c47e000 rw-p 00010000 00:22 10691592                   /opt/simplex/lib/app/resources/libHScryptohash-md5-0.11.101.0-3e5428d235f9533ab23c9db75abdfb80b57c54f4269b0769f87f5b37c728be6f-ghc9.6.3.so
7f2a2c47e000-7f2a2c600000 rw-p 00000000 00:00 0 
7f2a2c600000-7f2a2c61b000 r-xp 00000000 00:22 10692562                   /opt/simplex/lib/runtime/lib/libjimage.so
7f2a2c61b000-7f2a2c81a000 ---p 0001b000 00:22 10692562                   /opt/simplex/lib/runtime/lib/libjimage.so
7f2a2c81a000-7f2a2c81c000 r--p 0001a000 00:22 10692562                   /opt/simplex/lib/runtime/lib/libjimage.so
7f2a2c81c000-7f2a2c81d000 rw-p 0001c000 00:22 10692562                   /opt/simplex/lib/runtime/lib/libjimage.so
7f2a2c81d000-7f2a2c824000 r--p 00000000 00:22 10691593                   /opt/simplex/lib/app/resources/libHScryptohash-sha1-0.11.101.0-f9f5afd4e14b2941ce9d06239c42f864d8d670b8d70cc4005a54e7e3270c528d-ghc9.6.3.so
7f2a2c824000-7f2a2c82f000 r-xp 00007000 00:22 10691593                   /opt/simplex/lib/app/resources/libHScryptohash-sha1-0.11.101.0-f9f5afd4e14b2941ce9d06239c42f864d8d670b8d70cc4005a54e7e3270c528d-ghc9.6.3.so
7f2a2c82f000-7f2a2c830000 r--p 00012000 00:22 10691593                   /opt/simplex/lib/app/resources/libHScryptohash-sha1-0.11.101.0-f9f5afd4e14b2941ce9d06239c42f864d8d670b8d70cc4005a54e7e3270c528d-ghc9.6.3.so
7f2a2c830000-7f2a2c831000 r--p 00012000 00:22 10691593                   /opt/simplex/lib/app/resources/libHScryptohash-sha1-0.11.101.0-f9f5afd4e14b2941ce9d06239c42f864d8d670b8d70cc4005a54e7e3270c528d-ghc9.6.3.so
7f2a2c831000-7f2a2c832000 rw-p 00013000 00:22 10691593                   /opt/simplex/lib/app/resources/libHScryptohash-sha1-0.11.101.0-f9f5afd4e14b2941ce9d06239c42f864d8d670b8d70cc4005a54e7e3270c528d-ghc9.6.3.so
7f2a2c832000-7f2a2ca00000 rw-p 00000000 00:00 0 
7f2a2ca00000-7f2a2dccb000 r-xp 00000000 00:22 10692582                   /opt/simplex/lib/runtime/lib/server/libjvm.so
7f2a2dccb000-7f2a2deca000 ---p 012cb000 00:22 10692582                   /opt/simplex/lib/runtime/lib/server/libjvm.so
7f2a2deca000-7f2a2df83000 r--p 012ca000 00:22 10692582                   /opt/simplex/lib/runtime/lib/server/libjvm.so
7f2a2df83000-7f2a2dfb8000 rw-p 01383000 00:22 10692582                   /opt/simplex/lib/runtime/lib/server/libjvm.so
7f2a2dfb8000-7f2a2e013000 rw-p 00000000 00:00 0 
7f2a2e013000-7f2a2e014000 rw-s 121ff0000 00:07 806                       /dev/dri/renderD128
7f2a2e014000-7f2a2e11a000 rw-p 00000000 00:00 0 
7f2a2e11a000-7f2a2e200000 ---p 00000000 00:00 0 
7f2a2e200000-7f2a2e20f000 r-xp 00000000 00:22 10692563                   /opt/simplex/lib/runtime/lib/libjli.so
7f2a2e20f000-7f2a2e40e000 ---p 0000f000 00:22 10692563                   /opt/simplex/lib/runtime/lib/libjli.so
7f2a2e40e000-7f2a2e40f000 r--p 0000e000 00:22 10692563                   /opt/simplex/lib/runtime/lib/libjli.so
7f2a2e40f000-7f2a2e410000 rw-p 0000f000 00:22 10692563                   /opt/simplex/lib/runtime/lib/libjli.so
7f2a2e410000-7f2a2e411000 r--p 00000000 00:22 10691603                   /opt/simplex/lib/app/resources/libHSdata-default-instances-old-locale-0.0.1-e85d0ded954c9ef0f874779c89b261bd7dce2b130c748c5ff301aa13a813ebd2-ghc9.6.3.so
7f2a2e411000-7f2a2e412000 r-xp 00001000 00:22 10691603                   /opt/simplex/lib/app/resources/libHSdata-default-instances-old-locale-0.0.1-e85d0ded954c9ef0f874779c89b261bd7dce2b130c748c5ff301aa13a813ebd2-ghc9.6.3.so
7f2a2e412000-7f2a2e413000 r--p 00002000 00:22 10691603                   /opt/simplex/lib/app/resources/libHSdata-default-instances-old-locale-0.0.1-e85d0ded954c9ef0f874779c89b261bd7dce2b130c748c5ff301aa13a813ebd2-ghc9.6.3.so
7f2a2e413000-7f2a2e414000 r--p 00002000 00:22 10691603                   /opt/simplex/lib/app/resources/libHSdata-default-instances-old-locale-0.0.1-e85d0ded954c9ef0f874779c89b261bd7dce2b130c748c5ff301aa13a813ebd2-ghc9.6.3.so
7f2a2e414000-7f2a2e415000 rw-p 00003000 00:22 10691603                   /opt/simplex/lib/app/resources/libHSdata-default-instances-old-locale-0.0.1-e85d0ded954c9ef0f874779c89b261bd7dce2b130c748c5ff301aa13a813ebd2-ghc9.6.3.so
7f2a2e415000-7f2a2e41f000 rw-p 00000000 00:00 0 
7f2a2e41f000-7f2a2e500000 ---p 00000000 00:00 0 
7f2a2e500000-7f2a2e504000 ---p 00000000 00:00 0 
7f2a2e504000-7f2a2e600000 rw-p 00000000 00:00 0 
7f2a2e600000-7f2a2e624000 r--p 00000000 00:22 10087886                   /usr/lib/libc.so.6
7f2a2e624000-7f2a2e799000 r-xp 00024000 00:22 10087886                   /usr/lib/libc.so.6
7f2a2e799000-7f2a2e80e000 r--p 00199000 00:22 10087886                   /usr/lib/libc.so.6
7f2a2e80e000-7f2a2e812000 r--p 0020d000 00:22 10087886                   /usr/lib/libc.so.6
7f2a2e812000-7f2a2e814000 rw-p 00211000 00:22 10087886                   /usr/lib/libc.so.6
7f2a2e814000-7f2a2e81c000 rw-p 00000000 00:00 0 
7f2a2e81c000-7f2a2e81d000 rw-s 1050bc000 00:07 806                       /dev/dri/renderD128
7f2a2e81d000-7f2a2e81e000 rw-s 1050bb000 00:07 806                       /dev/dri/renderD128
7f2a2e81e000-7f2a2e81f000 rw-p 00000000 00:00 0 
7f2a2e81f000-7f2a2e82b000 r--p 00000000 00:22 10691702                   /opt/simplex/lib/app/resources/libHSuuid-1.3.15-4828f16f2b77b79ea8b795753bd98503215dea0d6fddf19a95ffe8c7a59f1ea7-ghc9.6.3.so
7f2a2e82b000-7f2a2e833000 r-xp 0000c000 00:22 10691702                   /opt/simplex/lib/app/resources/libHSuuid-1.3.15-4828f16f2b77b79ea8b795753bd98503215dea0d6fddf19a95ffe8c7a59f1ea7-ghc9.6.3.so
7f2a2e833000-7f2a2e834000 r--p 00014000 00:22 10691702                   /opt/simplex/lib/app/resources/libHSuuid-1.3.15-4828f16f2b77b79ea8b795753bd98503215dea0d6fddf19a95ffe8c7a59f1ea7-ghc9.6.3.so
7f2a2e834000-7f2a2e835000 r--p 00014000 00:22 10691702                   /opt/simplex/lib/app/resources/libHSuuid-1.3.15-4828f16f2b77b79ea8b795753bd98503215dea0d6fddf19a95ffe8c7a59f1ea7-ghc9.6.3.so
7f2a2e835000-7f2a2e836000 rw-p 00015000 00:22 10691702                   /opt/simplex/lib/app/resources/libHSuuid-1.3.15-4828f16f2b77b79ea8b795753bd98503215dea0d6fddf19a95ffe8c7a59f1ea7-ghc9.6.3.so
7f2a2e836000-7f2a2e8b1000 rw-p 00000000 00:00 0 
7f2a2e8b1000-7f2a2e8c1000 r--p 00000000 00:22 10087896                   /usr/lib/libm.so.6
7f2a2e8c1000-7f2a2e95a000 r-xp 00010000 00:22 10087896                   /usr/lib/libm.so.6
7f2a2e95a000-7f2a2e9e2000 r--p 000a9000 00:22 10087896                   /usr/lib/libm.so.6
7f2a2e9e2000-7f2a2e9e3000 r--p 00130000 00:22 10087896                   /usr/lib/libm.so.6
7f2a2e9e3000-7f2a2e9e4000 rw-p 00131000 00:22 10087896                   /usr/lib/libm.so.6
7f2a2e9e4000-7f2a2e9e5000 r--p 00000000 00:22 10087918                   /usr/lib/librt.so.1
7f2a2e9e5000-7f2a2e9e6000 r-xp 00001000 00:22 10087918                   /usr/lib/librt.so.1
7f2a2e9e6000-7f2a2e9e7000 r--p 00002000 00:22 10087918                   /usr/lib/librt.so.1
7f2a2e9e7000-7f2a2e9e8000 r--p 00002000 00:22 10087918                   /usr/lib/librt.so.1
7f2a2e9e8000-7f2a2e9e9000 rw-p 00003000 00:22 10087918                   /usr/lib/librt.so.1
7f2a2e9e9000-7f2a2e9ea000 r--p 00000000 00:22 10087913                   /usr/lib/libpthread.so.0
7f2a2e9ea000-7f2a2e9eb000 r-xp 00001000 00:22 10087913                   /usr/lib/libpthread.so.0
7f2a2e9eb000-7f2a2e9ec000 r--p 00002000 00:22 10087913                   /usr/lib/libpthread.so.0
7f2a2e9ec000-7f2a2e9ed000 r--p 00002000 00:22 10087913                   /usr/lib/libpthread.so.0
7f2a2e9ed000-7f2a2e9ee000 rw-p 00003000 00:22 10087913                   /usr/lib/libpthread.so.0
7f2a2e9ee000-7f2a2e9f1000 r--p 00000000 00:22 6740239                    /usr/lib/libz.so.1.3.2
7f2a2e9f1000-7f2a2ea01000 r-xp 00003000 00:22 6740239                    /usr/lib/libz.so.1.3.2
7f2a2ea01000-7f2a2ea07000 r--p 00013000 00:22 6740239                    /usr/lib/libz.so.1.3.2
7f2a2ea07000-7f2a2ea08000 r--p 00018000 00:22 6740239                    /usr/lib/libz.so.1.3.2
7f2a2ea08000-7f2a2ea09000 rw-p 00019000 00:22 6740239                    /usr/lib/libz.so.1.3.2
7f2a2ea09000-7f2a2ea0c000 rw-p 00000000 00:00 0 
7f2a2ea0c000-7f2a2ea0d000 r--p 00000000 00:22 10087891                   /usr/lib/libdl.so.2
7f2a2ea0d000-7f2a2ea0e000 r-xp 00001000 00:22 10087891                   /usr/lib/libdl.so.2
7f2a2ea0e000-7f2a2ea0f000 r--p 00002000 00:22 10087891                   /usr/lib/libdl.so.2
7f2a2ea0f000-7f2a2ea10000 r--p 00002000 00:22 10087891                   /usr/lib/libdl.so.2
7f2a2ea10000-7f2a2ea11000 rw-p 00003000 00:22 10087891                   /usr/lib/libdl.so.2
7f2a2ea11000-7f2a2ea13000 rw-p 00000000 00:00 0 
7f2a2ea13000-7f2a2ea14000 rw-p 00000000 00:00 0 
7f2a2ea14000-7f2a2ea15000 r--p 00000000 00:22 6931965                    /usr/share/locale/en/LC_MESSAGES/gtk30-properties.mo
7f2a2ea15000-7f2a2ea16000 r--p 00000000 00:22 6931966                    /usr/share/locale/en/LC_MESSAGES/gtk30.mo
7f2a2ea16000-7f2a2ea19000 r--p 00000000 00:22 10691632                   /opt/simplex/lib/app/resources/libHSiso8601-time-0.1.5-7f565c978c2ccda76ebfa53eadc50025f93857add83f2dded45add1b6358a9db-ghc9.6.3.so
7f2a2ea19000-7f2a2ea1a000 r-xp 00003000 00:22 10691632                   /opt/simplex/lib/app/resources/libHSiso8601-time-0.1.5-7f565c978c2ccda76ebfa53eadc50025f93857add83f2dded45add1b6358a9db-ghc9.6.3.so
7f2a2ea1a000-7f2a2ea1b000 r--p 00004000 00:22 10691632                   /opt/simplex/lib/app/resources/libHSiso8601-time-0.1.5-7f565c978c2ccda76ebfa53eadc50025f93857add83f2dded45add1b6358a9db-ghc9.6.3.so
7f2a2ea1b000-7f2a2ea1c000 r--p 00004000 00:22 10691632                   /opt/simplex/lib/app/resources/libHSiso8601-time-0.1.5-7f565c978c2ccda76ebfa53eadc50025f93857add83f2dded45add1b6358a9db-ghc9.6.3.so
7f2a2ea1c000-7f2a2ea1d000 rw-p 00005000 00:22 10691632                   /opt/simplex/lib/app/resources/libHSiso8601-time-0.1.5-7f565c978c2ccda76ebfa53eadc50025f93857add83f2dded45add1b6358a9db-ghc9.6.3.so
7f2a2ea1d000-7f2a2ea23000 r--p 00000000 00:22 10691613                   /opt/simplex/lib/app/resources/libHSentropy-0.4.1.10-d4a847724a3b6d10e83808146b77b36d07bb854fcaa1dece416caea1c022f5c6-ghc9.6.3.so
7f2a2ea23000-7f2a2ea26000 r-xp 00006000 00:22 10691613                   /opt/simplex/lib/app/resources/libHSentropy-0.4.1.10-d4a847724a3b6d10e83808146b77b36d07bb854fcaa1dece416caea1c022f5c6-ghc9.6.3.so
7f2a2ea26000-7f2a2ea27000 r--p 00009000 00:22 10691613                   /opt/simplex/lib/app/resources/libHSentropy-0.4.1.10-d4a847724a3b6d10e83808146b77b36d07bb854fcaa1dece416caea1c022f5c6-ghc9.6.3.so
7f2a2ea27000-7f2a2ea28000 r--p 00009000 00:22 10691613                   /opt/simplex/lib/app/resources/libHSentropy-0.4.1.10-d4a847724a3b6d10e83808146b77b36d07bb854fcaa1dece416caea1c022f5c6-ghc9.6.3.so
7f2a2ea28000-7f2a2ea29000 rw-p 0000a000 00:22 10691613                   /opt/simplex/lib/app/resources/libHSentropy-0.4.1.10-d4a847724a3b6d10e83808146b77b36d07bb854fcaa1dece416caea1c022f5c6-ghc9.6.3.so
7f2a2ea29000-7f2a2ea2f000 r--p 00000000 00:22 10691606                   /opt/simplex/lib/app/resources/libHSdigest-0.0.1.3-2ac287db51ccbe243b46853bfcd942cd2c9207ea2336791de9b022a1ed4dcad2-ghc9.6.3.so
7f2a2ea2f000-7f2a2ea31000 r-xp 00006000 00:22 10691606                   /opt/simplex/lib/app/resources/libHSdigest-0.0.1.3-2ac287db51ccbe243b46853bfcd942cd2c9207ea2336791de9b022a1ed4dcad2-ghc9.6.3.so
7f2a2ea31000-7f2a2ea32000 r--p 00008000 00:22 10691606                   /opt/simplex/lib/app/resources/libHSdigest-0.0.1.3-2ac287db51ccbe243b46853bfcd942cd2c9207ea2336791de9b022a1ed4dcad2-ghc9.6.3.so
7f2a2ea32000-7f2a2ea33000 r--p 00008000 00:22 10691606                   /opt/simplex/lib/app/resources/libHSdigest-0.0.1.3-2ac287db51ccbe243b46853bfcd942cd2c9207ea2336791de9b022a1ed4dcad2-ghc9.6.3.so
7f2a2ea33000-7f2a2ea34000 rw-p 00009000 00:22 10691606                   /opt/simplex/lib/app/resources/libHSdigest-0.0.1.3-2ac287db51ccbe243b46853bfcd942cd2c9207ea2336791de9b022a1ed4dcad2-ghc9.6.3.so
7f2a2ea34000-7f2a2ea36000 r--p 00000000 00:22 10691712                   /opt/simplex/lib/app/resources/libapp-lib.so
7f2a2ea36000-7f2a2ea38000 r-xp 00002000 00:22 10691712                   /opt/simplex/lib/app/resources/libapp-lib.so
7f2a2ea38000-7f2a2ea39000 r--p 00004000 00:22 10691712                   /opt/simplex/lib/app/resources/libapp-lib.so
7f2a2ea39000-7f2a2ea3a000 r--p 00004000 00:22 10691712                   /opt/simplex/lib/app/resources/libapp-lib.so
7f2a2ea3a000-7f2a2ea3b000 rw-p 00005000 00:22 10691712                   /opt/simplex/lib/app/resources/libapp-lib.so
7f2a2ea3b000-7f2a2ea40000 rw-p 00000000 00:00 0 
7f2a2ea40000-7f2a2ea47000 ---p 00000000 00:00 0 
7f2a2ea47000-7f2a2ea4f000 rw-s 00000000 00:22 10692620                   /tmp/hsperfdata_mleku/667377
7f2a2ea4f000-7f2a2ea50000 ---p 00000000 00:00 0 
7f2a2ea50000-7f2a2ea51000 r--p 00000000 00:00 0 
7f2a2ea51000-7f2a2ea52000 ---p 00000000 00:00 0 
7f2a2ea52000-7f2a2ea56000 r--p 00000000 00:00 0                          [vvar]
7f2a2ea56000-7f2a2ea58000 r--p 00000000 00:00 0                          [vvar_vclock]
7f2a2ea58000-7f2a2ea5a000 r-xp 00000000 00:00 0                          [vdso]
7f2a2ea5a000-7f2a2ea5b000 r--p 00000000 00:22 10087877                   /usr/lib/ld-linux-x86-64.so.2
7f2a2ea5b000-7f2a2ea85000 r-xp 00001000 00:22 10087877                   /usr/lib/ld-linux-x86-64.so.2
7f2a2ea85000-7f2a2ea94000 r--p 0002b000 00:22 10087877                   /usr/lib/ld-linux-x86-64.so.2
7f2a2ea94000-7f2a2ea96000 r--p 00039000 00:22 10087877                   /usr/lib/ld-linux-x86-64.so.2
7f2a2ea96000-7f2a2ea97000 rw-p 0003b000 00:22 10087877                   /usr/lib/ld-linux-x86-64.so.2
7f2a2ea97000-7f2a2ea98000 rw-p 00000000 00:00 0 
7ffe2dcb7000-7ffe2dcd9000 rw-p 00000000 00:00 0                          [stack]
ffffffffff600000-ffffffffff601000 --xp 00000000 00:00 0                  [vsyscall]


VM Arguments:
jvm_args: -Djpackage.app-version=7.0.2 -Dcompose.application.resources.dir=/opt/simplex/lib/app/resources -Dcompose.application.configure.swing.globals=true -Dskiko.library.path=/opt/simplex/lib/app -Djpackage.app-path=/opt/simplex/bin/simplex 
java_command: chat.simplex.desktop.MainKt
java_class_path (initial): /opt/simplex/lib/app/desktop-jvm-7.0.2-d2fa2f493f309515e14b2c98677deb7.jar:/opt/simplex/lib/app/animation-core-desktop-1.8.2-89882254a9c39d5b61e9ebfe58237d8.jar:/opt/simplex/lib/app/animation-desktop-1.8.2-aa361a5749a780284bf03455dbd58ba2.jar:/opt/simplex/lib/app/annotation-jvm-1.9.1-1d6a04b3b9847638d0529df8ef76a.jar:/opt/simplex/lib/app/annotations-23.0.0-8484cd17d040d837983323f760b2c660.jar:/opt/simplex/lib/app/atomicfu-jvm-0.23.2-5e4f88ed1c37222d791f5dcadf481498.jar:/opt/simplex/lib/app/batik-anim-1.16-ef2d1e77dc121a894a6da6c5028e8dc.jar:/opt/simplex/lib/app/batik-awt-util-1.16-5493fc13976389ff705f96f867f5cb8.jar:/opt/simplex/lib/app/batik-bridge-1.16-67eb64799e6d69a8d9ac19ccc5a8f2d9.jar:/opt/simplex/lib/app/batik-codec-1.16-f8139eda5bd656be3de6c68cc49667ba.jar:/opt/simplex/lib/app/batik-constants-1.16-dbb7585ab60d6fee6b42b814756023.jar:/opt/simplex/lib/app/batik-css-1.16-18b391172074464552b09acb9187e.jar:/opt/simplex/lib/app/batik-dom-1.16-3a8e777a8777513a2b80ec91d06252da.jar:/opt/simplex/lib/app/batik-ext-1.16-88db233e758febe33059f2be9f7c7fc8.jar:/opt/simplex/lib/app/batik-gvt-1.16-fe24bef455f4d68232121574ea209b.jar:/opt/simplex/lib/app/batik-i18n-1.16-b2ac749b2277fb0f46ec912da8bfdde.jar:/opt/simplex/lib/app/batik-parser-1.16-62c4e0778339752a1f6f4d53ea3aef2f.jar:/opt/simplex/lib/app/batik-rasterizer-1.16-9a4bec95395ecacaee2085945c311ad.jar:/opt/simplex/lib/app/batik-script-1.16-bfcf216f539f5718c7345322e0f060fc.jar:/opt/simplex/lib/app/batik-shared-resources-1.16-d6b1e37464c15ad7cd1a5b06d9ee1a9.jar:/opt/simplex/lib/app/batik-svg-dom-1.16-ee7f7021afdfbe71b29871159da5765.jar:/opt/simplex/lib/app/batik-svggen-1.16-48657fb48029f0427b1e34eb2a6884.jar:/opt/simplex/lib/app/batik-svgrasterizer-1.16-649f564439bc465caa6d1fa68ad24.jar:/opt/simplex/lib/app/batik-transcoder-1.16-1290ebbcaf1ebbef5e1675eb639d54c.jar:/opt/simplex/lib/app/batik-util-1.16-d8f93a889db85573d4f8c576ff2ad2f.jar:/opt/simplex/lib/app/batik-xml-1.16-3147e6cfe396df25489c8c589
Launcher Type: SUN_STANDARD

[Global flags]
     intx CICompilerCount                          = 4                                         {product} {ergonomic}
     uint ConcGCThreads                            = 2                                         {product} {ergonomic}
     uint G1ConcRefinementThreads                  = 8                                         {product} {ergonomic}
   size_t G1HeapRegionSize                         = 2097152                                   {product} {ergonomic}
    uintx GCDrainStackTargetSize                   = 64                                        {product} {ergonomic}
   size_t InitialHeapSize                          = 251658240                                 {product} {ergonomic}
   size_t MarkStackSize                            = 4194304                                   {product} {ergonomic}
   size_t MaxHeapSize                              = 3999268864                                {product} {ergonomic}
   size_t MaxNewSize                               = 2399141888                                {product} {ergonomic}
   size_t MinHeapDeltaBytes                        = 2097152                                   {product} {ergonomic}
   size_t MinHeapSize                              = 8388608                                   {product} {ergonomic}
    uintx NonNMethodCodeHeapSize                   = 5839372                                {pd product} {ergonomic}
    uintx NonProfiledCodeHeapSize                  = 122909434                              {pd product} {ergonomic}
    uintx ProfiledCodeHeapSize                     = 122909434                              {pd product} {ergonomic}
    uintx ReservedCodeCacheSize                    = 251658240                              {pd product} {ergonomic}
     bool SegmentedCodeCache                       = true                                      {product} {ergonomic}
   size_t SoftMaxHeapSize                          = 3999268864                             {manageable} {ergonomic}
     bool UseCompressedClassPointers               = true                           {product lp64_product} {ergonomic}
     bool UseCompressedOops                        = true                           {product lp64_product} {ergonomic}
     bool UseG1GC                                  = true                                      {product} {ergonomic}

Logging:
Log output configuration:
 #0: stdout all=warning uptime,level,tags
 #1: stderr all=off uptime,level,tags

Environment Variables:
PATH=/home/mleku/Android/Sdk/cmdline-tools/latest/bin:/home/mleku/Android/Sdk/platform-tools:/home/mleku/.local/bin:/home/mleku/.local/bin:/home/mleku/bin:/home/mleku/.wasmtime/bin:/home/mleku/.local/bin:/home/mleku/go/bin:/home/mleku/.local/bin:/home/mleku/go/bin:/home/mleku/.local/bin:/home/mleku/go/bin:/home/mleku/.local/bin:/home/mleku/go/bin:/home/mleku/.local/bin:/home/mleku/go/bin:/home/mleku/.local/bin:/home/mleku/go/bin:/home/mleku/go/bin:/home/mleku/.local/bin:/usr/local/go/bin:/home/mleku/.local/share/JetBrains/Toolbox/scripts:/home/mleku/.bun/bin:/home/mleku/go/bin:/home/mleku/.local/bin:/home/mleku/.local/bin:/home/mleku/.local/bin:/home/mleku/bin:/home/mleku/.wasmtime/bin:/home/mleku/.local/bin:/home/mleku/go/bin:/home/mleku/.local/bin:/home/mleku/go/bin:/home/mleku/.local/bin:/home/mleku/go/bin:/home/mleku/.local/bin:/home/mleku/go/bin:/home/mleku/.local/bin:/home/mleku/go/bin:/home/mleku/.local/bin:/home/mleku/go/bin:/bin::/usr/local/go/bin:/home/mleku/.local/share/JetBrains/Toolbox/scripts:/home/mleku/.bun/bin:/home/mleku/go/bin:/home/mleku/.local/bin:/home/mleku/.cargo/bin:/usr/local/bin:/usr/bin:/bin:/usr/local/sbin:/opt/android-sdk/platform-tools:/var/lib/flatpak/exports/bin:/usr/lib/jvm/default/bin:/usr/bin/site_perl:/usr/bin/vendor_perl:/usr/bin/core_perl:/opt/rocm/bin:/opt/android-sdk/platform-tools
LD_LIBRARY_PATH=:/opt/simplex/lib/app
SHELL=/bin/bash
DISPLAY=:0
LANG=en_AU.UTF-8
LC_NUMERIC=hr_HR.UTF-8
LC_TIME=en_AU.UTF-8
TERM=xterm-256color
TMPDIR=/home/mleku/.cache/tmp

Active Locale:
LC_ALL=LC_CTYPE=en_AU.UTF-8;LC_NUMERIC=hr_HR.UTF-8;LC_TIME=en_AU.UTF-8;LC_COLLATE=en_AU.UTF-8;LC_MONETARY=hr_HR.UTF-8;LC_MESSAGES=en_AU.UTF-8;LC_PAPER=hr_HR.UTF-8;LC_NAME=hr_HR.UTF-8;LC_ADDRESS=hr_HR.UTF-8;LC_TELEPHONE=hr_HR.UTF-8;LC_MEASUREMENT=hr_HR.UTF-8;LC_IDENTIFICATION=hr_HR.UTF-8
LC_COLLATE=en_AU.UTF-8
LC_CTYPE=en_AU.UTF-8
LC_MESSAGES=en_AU.UTF-8
LC_MONETARY=hr_HR.UTF-8
LC_NUMERIC=hr_HR.UTF-8
LC_TIME=en_AU.UTF-8

Signal Handlers:
   SIGSEGV: crash_handler in libjvm.so, mask=11100100010111111101111111111110, flags=SA_RESTART|SA_SIGINFO, unblocked
    SIGBUS: crash_handler in libjvm.so, mask=11100100010111111101111111111110, flags=SA_RESTART|SA_SIGINFO, unblocked
    SIGFPE: crash_handler in libjvm.so, mask=11100100010111111101111111111110, flags=SA_RESTART|SA_SIGINFO, unblocked
   SIGPIPE: SIG_IGN, mask=00000000000010000000000000000000, flags=SA_RESTART, blocked
  *** Handler was modified!
  *** Expected: javaSignalHandler in libjvm.so, mask=11100100110111111111111111111110, flags=SA_RESTART|SA_SIGINFO
   SIGXFSZ: javaSignalHandler in libjvm.so, mask=11100100010111111101111111111110, flags=SA_RESTART|SA_SIGINFO, blocked
    SIGILL: crash_handler in libjvm.so, mask=11100100010111111101111111111110, flags=SA_RESTART|SA_SIGINFO, unblocked
   SIGUSR2: SR_handler in libjvm.so, mask=00000000000000000000000000000000, flags=SA_RESTART|SA_SIGINFO, blocked
    SIGHUP: UserHandler in libjvm.so, mask=11100100010111111101111111111110, flags=SA_RESTART|SA_SIGINFO, blocked
    SIGINT: shutdown_handler in libHSrts-1.0.2_thr-ghc9.6.3.so, mask=00000000000000000000000000000000, flags=none, blocked
   SIGTERM: UserHandler in libjvm.so, mask=11100100010111111101111111111110, flags=SA_RESTART|SA_SIGINFO, blocked
   SIGQUIT: backtrace_handler in libHSrts-1.0.2_thr-ghc9.6.3.so, mask=00000000000000000000000000000000, flags=none, blocked
   SIGTRAP: crash_handler in libjvm.so, mask=11100100010111111101111111111110, flags=SA_RESTART|SA_SIGINFO, unblocked


Periodic native trim disabled


---------------  S Y S T E M  ---------------

OS:
DISTRIB_ID=Garuda
DISTRIB_RELEASE=Soaring
DISTRIB_DESCRIPTION="Garuda Linux Broadwing"
DISTRIB_CODENAME="Broadwing"
uname: Linux 7.1.3-zen1-2-zen #1 ZEN SMP PREEMPT_DYNAMIC Thu, 09 Jul 2026 20:39:38 +0000 x86_64
OS uptime: 3 days 20:33 hours
libc: glibc 2.43 NPTL 2.43 
rlimit (soft/hard): STACK 8192k/infinity , CORE infinity/infinity , NPROC 1048576/1048576 , NOFILE 1048576/1048576 , AS infinity/infinity , CPU infinity/infinity , DATA infinity/infinity , FSIZE infinity/infinity , MEMLOCK infinity/infinity
load average: 3,12 2,30 1,68

/proc/meminfo:
MemTotal:       15619068 kB
MemFree:          473472 kB
MemAvailable:    9073936 kB
Buffers:             400 kB
Cached:          8815944 kB
SwapCached:         6868 kB
Active:          5834480 kB
Inactive:        7333980 kB
Active(anon):    2361076 kB
Inactive(anon):  2077792 kB
Active(file):    3473404 kB
Inactive(file):  5256188 kB
Unevictable:       67968 kB
Mlocked:             152 kB
SwapTotal:      32804856 kB
SwapFree:       29226800 kB
Zswap:                 0 kB
Zswapped:              0 kB
Dirty:            741312 kB
Writeback:             0 kB
AnonPages:       4400432 kB
Mapped:           801252 kB
Shmem:             19348 kB
KReclaimable:     206464 kB
Slab:             478292 kB
SReclaimable:     206464 kB
SUnreclaim:       271828 kB
KernelStack:       29280 kB
PageTables:       103412 kB
SecPageTables:      3524 kB
NFS_Unstable:          0 kB
Bounce:                0 kB
WritebackTmp:          0 kB
CommitLimit:    40614388 kB
Committed_AS:   33586468 kB
VmallocTotal:   34359738367 kB
VmallocUsed:      165012 kB
VmallocChunk:          0 kB
Percpu:             7552 kB
HardwareCorrupted:     0 kB
AnonHugePages:    137216 kB
ShmemHugePages:        0 kB
ShmemPmdMapped:        0 kB
FileHugePages:    124928 kB
FilePmdMapped:    124928 kB
CmaTotal:              0 kB
CmaFree:               0 kB
Unaccepted:            0 kB
Balloon:               0 kB
GPUActive:        122600 kB
GPUReclaim:          296 kB
HugePages_Total:       0
HugePages_Free:        0
HugePages_Rsvd:        0
HugePages_Surp:        0
Hugepagesize:       2048 kB
Hugetlb:               0 kB
DirectMap4k:     6518784 kB
DirectMap2M:     9504768 kB
DirectMap1G:     1048576 kB

/sys/kernel/mm/transparent_hugepage/enabled: [always] madvise never
/sys/kernel/mm/transparent_hugepage/hpage_pmd_size: 2097152
/sys/kernel/mm/transparent_hugepage/defrag (defrag/compaction efforts parameter): always defer [defer+madvise] madvise never

Process Memory:
Virtual Size: 1084208948K (peak: 1084245056K)
Resident Set Size: 453844K (peak: 453844K) (anon: 208068K, file: 245772K, shmem: 4K)
Swapped out: 0K
C-Heap outstanding allocations: 93733K, retained: 19982K
glibc malloc tunables: (default)

/proc/sys/kernel/threads-max (system-wide limit on the number of threads): 121692
/proc/sys/vm/max_map_count (maximum number of memory map areas a process may have): 1048576
/proc/sys/vm/swappiness (control to define how aggressively the kernel swaps out anonymous memory): 133
/proc/sys/kernel/pid_max (system-wide limit on number of process identifiers): 4194304

container information not found.
Steal ticks since vm start: 0
Steal ticks percentage since vm start:  0,000

CPU: total 8 (initial active 8) (8 cores per cpu, 2 threads per core) family 23 model 160 stepping 0 microcode 0x8a0000b, cx8, cmov, fxsr, ht, mmx, 3dnowpref, sse, sse2, sse3, ssse3, sse4a, sse4.1, sse4.2, popcnt, lzcnt, tsc, tscinvbit, avx, avx2, aes, clmul, bmi1, bmi2, adx, sha, fma, vzeroupper, clflush, clflushopt
CPU Model and flags from /proc/cpuinfo:
model name	: AMD Ryzen 5 7520U with Radeon Graphics
flags		: fpu vme de pse tsc msr pae mce cx8 apic sep mtrr pge mca cmov pat pse36 clflush mmx fxsr sse sse2 ht syscall nx mmxext fxsr_opt pdpe1gb rdtscp lm constant_tsc rep_good nopl xtopology nonstop_tsc cpuid extd_apicid aperfmperf rapl pni pclmulqdq monitor ssse3 fma cx16 sse4_1 sse4_2 x2apic movbe popcnt aes xsave avx f16c rdrand lahf_lm cmp_legacy svm extapic cr8_legacy abm sse4a misalignsse 3dnowprefetch osvw ibs skinit wdt tce topoext perfctr_core perfctr_nb bpext perfctr_llc mwaitx cpb cat_l3 cdp_l3 hw_pstate ssbd mba ibrs ibpb stibp vmmcall fsgsbase bmi1 avx2 smep bmi2 cqm rdt_a rdseed adx smap clflushopt clwb sha_ni xsaveopt xsavec xgetbv1 cqm_llc cqm_occup_llc cqm_mbm_total cqm_mbm_local clzero irperf xsaveerptr rdpru wbnoinvd arat npt lbrv svm_lock nrip_save tsc_scale vmcb_clean flushbyasid decodeassists pausefilter pfthreshold avic v_vmsave_vmload vgif v_spec_ctrl umip rdpid overflow_recov succor smca sev sev_es

Online cpus: 0-7
Offline cpus: 
BIOS frequency limitation: <Not Available>
Frequency switch latency (ns): 0
Available cpu frequencies: <Not Available>
Current governor: powersave
Core performance/turbo boost: 1

Memory: 4k page, physical 15619068k(477980k free), swap 32804856k(29226800k free)
Page Sizes: 4k

vm_info: OpenJDK 64-Bit Server VM (17.0.17+10-LTS) for linux-amd64 JRE (17.0.17+10-LTS), built on Oct 17 2025 16:56:23 by "jenkins" with gcc 7.3.1 20180303 (Red Hat 7.3.1-5)

END.
